--
-- PostgreSQL database dump
--

SET statement_timeout = 0;
SET client_encoding = 'UTF8';
SET standard_conforming_strings = on;
SET check_function_bodies = false;
SET client_min_messages = warning;

--
-- Name: clinlims; Type: SCHEMA; Schema: -; Owner: clinlims
--

CREATE SCHEMA clinlims;


ALTER SCHEMA clinlims OWNER TO clinlims;


SET search_path = public, pg_catalog;

--
-- Name: tablefunc_crosstab_2; Type: TYPE; Schema: public; Owner: postgres
--

CREATE TYPE tablefunc_crosstab_2 AS (
	row_name text,
	category_1 text,
	category_2 text
);


ALTER TYPE public.tablefunc_crosstab_2 OWNER TO postgres;

--
-- Name: tablefunc_crosstab_3; Type: TYPE; Schema: public; Owner: postgres
--

CREATE TYPE tablefunc_crosstab_3 AS (
	row_name text,
	category_1 text,
	category_2 text,
	category_3 text
);


ALTER TYPE public.tablefunc_crosstab_3 OWNER TO postgres;

--
-- Name: tablefunc_crosstab_4; Type: TYPE; Schema: public; Owner: postgres
--

CREATE TYPE tablefunc_crosstab_4 AS (
	row_name text,
	category_1 text,
	category_2 text,
	category_3 text,
	category_4 text
);


ALTER TYPE public.tablefunc_crosstab_4 OWNER TO postgres;

--
-- Name: connectby(text, text, text, text, integer); Type: FUNCTION; Schema: public; Owner: postgres
--

CREATE FUNCTION connectby(text, text, text, text, integer) RETURNS SETOF record
    LANGUAGE c STABLE STRICT
    AS '$libdir/tablefunc', 'connectby_text';


ALTER FUNCTION public.connectby(text, text, text, text, integer) OWNER TO postgres;

--
-- Name: connectby(text, text, text, text, integer, text); Type: FUNCTION; Schema: public; Owner: postgres
--

CREATE FUNCTION connectby(text, text, text, text, integer, text) RETURNS SETOF record
    LANGUAGE c STABLE STRICT
    AS '$libdir/tablefunc', 'connectby_text';


ALTER FUNCTION public.connectby(text, text, text, text, integer, text) OWNER TO postgres;

--
-- Name: connectby(text, text, text, text, text, integer); Type: FUNCTION; Schema: public; Owner: postgres
--

CREATE FUNCTION connectby(text, text, text, text, text, integer) RETURNS SETOF record
    LANGUAGE c STABLE STRICT
    AS '$libdir/tablefunc', 'connectby_text_serial';


ALTER FUNCTION public.connectby(text, text, text, text, text, integer) OWNER TO postgres;

--
-- Name: connectby(text, text, text, text, text, integer, text); Type: FUNCTION; Schema: public; Owner: postgres
--

CREATE FUNCTION connectby(text, text, text, text, text, integer, text) RETURNS SETOF record
    LANGUAGE c STABLE STRICT
    AS '$libdir/tablefunc', 'connectby_text_serial';


ALTER FUNCTION public.connectby(text, text, text, text, text, integer, text) OWNER TO postgres;

--
-- Name: crosstab(text); Type: FUNCTION; Schema: public; Owner: postgres
--

CREATE FUNCTION crosstab(text) RETURNS SETOF record
    LANGUAGE c STABLE STRICT
    AS '$libdir/tablefunc', 'crosstab';


ALTER FUNCTION public.crosstab(text) OWNER TO postgres;

--
-- Name: crosstab(text, integer); Type: FUNCTION; Schema: public; Owner: postgres
--

CREATE FUNCTION crosstab(text, integer) RETURNS SETOF record
    LANGUAGE c STABLE STRICT
    AS '$libdir/tablefunc', 'crosstab';


ALTER FUNCTION public.crosstab(text, integer) OWNER TO postgres;

--
-- Name: crosstab(text, text); Type: FUNCTION; Schema: public; Owner: postgres
--

CREATE FUNCTION crosstab(text, text) RETURNS SETOF record
    LANGUAGE c STABLE STRICT
    AS '$libdir/tablefunc', 'crosstab_hash';


ALTER FUNCTION public.crosstab(text, text) OWNER TO postgres;

--
-- Name: crosstab2(text); Type: FUNCTION; Schema: public; Owner: postgres
--

CREATE FUNCTION crosstab2(text) RETURNS SETOF tablefunc_crosstab_2
    LANGUAGE c STABLE STRICT
    AS '$libdir/tablefunc', 'crosstab';


ALTER FUNCTION public.crosstab2(text) OWNER TO postgres;

--
-- Name: crosstab3(text); Type: FUNCTION; Schema: public; Owner: postgres
--

CREATE FUNCTION crosstab3(text) RETURNS SETOF tablefunc_crosstab_3
    LANGUAGE c STABLE STRICT
    AS '$libdir/tablefunc', 'crosstab';


ALTER FUNCTION public.crosstab3(text) OWNER TO postgres;

--
-- Name: crosstab4(text); Type: FUNCTION; Schema: public; Owner: postgres
--

CREATE FUNCTION crosstab4(text) RETURNS SETOF tablefunc_crosstab_4
    LANGUAGE c STABLE STRICT
    AS '$libdir/tablefunc', 'crosstab';


ALTER FUNCTION public.crosstab4(text) OWNER TO postgres;

--
-- Name: normal_rand(integer, double precision, double precision); Type: FUNCTION; Schema: public; Owner: postgres
--

CREATE FUNCTION normal_rand(integer, double precision, double precision) RETURNS SETOF double precision
    LANGUAGE c STRICT
    AS '$libdir/tablefunc', 'normal_rand';


ALTER FUNCTION public.normal_rand(integer, double precision, double precision) OWNER TO postgres;

SET search_path = clinlims, pg_catalog;

SET default_tablespace = '';

SET default_with_oids = false;

--
-- Name: action; Type: TABLE; Schema: clinlims; Owner: clinlims; Tablespace: 
--

CREATE TABLE action (
    id numeric(10,0) NOT NULL,
    code character varying(10) NOT NULL,
    description character varying(256) NOT NULL,
    type character varying(10) NOT NULL,
    lastupdated timestamp(6) without time zone
);


ALTER TABLE clinlims.action OWNER TO clinlims;

--
-- Name: action_seq; Type: SEQUENCE; Schema: clinlims; Owner: clinlims
--

CREATE SEQUENCE action_seq
    START WITH 45
    INCREMENT BY 1
    NO MINVALUE
    NO MAXVALUE
    CACHE 20;


ALTER TABLE clinlims.action_seq OWNER TO clinlims;

--
-- Name: address_part; Type: TABLE; Schema: clinlims; Owner: clinlims; Tablespace: 
--

CREATE TABLE address_part (
    id numeric(10,0) NOT NULL,
    part_name character varying(20) NOT NULL,
    display_order numeric(4,0),
    display_key character varying(20)
);


ALTER TABLE clinlims.address_part OWNER TO clinlims;

--
-- Name: TABLE address_part; Type: COMMENT; Schema: clinlims; Owner: clinlims
--

COMMENT ON TABLE address_part IS 'Holds the different parts of an address';


--
-- Name: COLUMN address_part.id; Type: COMMENT; Schema: clinlims; Owner: clinlims
--

COMMENT ON COLUMN address_part.id IS 'Unique id genereated from address_part seq';


--
-- Name: COLUMN address_part.part_name; Type: COMMENT; Schema: clinlims; Owner: clinlims
--

COMMENT ON COLUMN address_part.part_name IS 'What part of the address is this, street, commune state etc.';


--
-- Name: COLUMN address_part.display_order; Type: COMMENT; Schema: clinlims; Owner: clinlims
--

COMMENT ON COLUMN address_part.display_order IS 'The order in which they are listed in the standardard address format';


--
-- Name: COLUMN address_part.display_key; Type: COMMENT; Schema: clinlims; Owner: clinlims
--

COMMENT ON COLUMN address_part.display_key IS 'The display key for localization';


--
-- Name: address_part_seq; Type: SEQUENCE; Schema: clinlims; Owner: clinlims
--

CREATE SEQUENCE address_part_seq
    START WITH 1
    INCREMENT BY 1
    NO MINVALUE
    NO MAXVALUE
    CACHE 1;


ALTER TABLE clinlims.address_part_seq OWNER TO clinlims;

--
-- Name: analysis; Type: TABLE; Schema: clinlims; Owner: clinlims; Tablespace: 
--

CREATE TABLE analysis (
    id numeric(10,0) NOT NULL,
    sampitem_id numeric(10,0),
    test_sect_id numeric(10,0),
    test_id numeric(10,0),
    revision numeric,
    status character varying(1),
    started_date timestamp without time zone,
    completed_date timestamp without time zone,
    released_date timestamp without time zone,
    printed_date timestamp without time zone,
    is_reportable character varying(1),
    so_send_ready_date timestamp without time zone,
    so_client_reference character varying(240),
    so_notify_received_date timestamp without time zone,
    so_notify_send_date timestamp without time zone,
    so_send_date timestamp without time zone,
    so_send_entry_by character varying(240),
    so_send_entry_date timestamp without time zone,
    analysis_type character varying(10) NOT NULL,
    lastupdated timestamp(6) without time zone,
    parent_analysis_id numeric(10,0),
    parent_result_id numeric(10,0),
    reflex_trigger boolean DEFAULT false,
    status_id numeric(10,0),
    entry_date timestamp with time zone,
    panel_id numeric(10,0),
    referred_out boolean DEFAULT false,
    type_of_sample_name character varying(40),
    corrected boolean DEFAULT false
);


ALTER TABLE clinlims.analysis OWNER TO clinlims;

--
-- Name: COLUMN analysis.id; Type: COMMENT; Schema: clinlims; Owner: clinlims
--

COMMENT ON COLUMN analysis.id IS 'Sequential number';


--
-- Name: COLUMN analysis.sampitem_id; Type: COMMENT; Schema: clinlims; Owner: clinlims
--

COMMENT ON COLUMN analysis.sampitem_id IS 'Sample source write in if not already defined';


--
-- Name: COLUMN analysis.test_id; Type: COMMENT; Schema: clinlims; Owner: clinlims
--

COMMENT ON COLUMN analysis.test_id IS 'Sequential value assigned on insert';


--
-- Name: COLUMN analysis.revision; Type: COMMENT; Schema: clinlims; Owner: clinlims
--

COMMENT ON COLUMN analysis.revision IS 'revision number';


--
-- Name: COLUMN analysis.status; Type: COMMENT; Schema: clinlims; Owner: clinlims
--

COMMENT ON COLUMN analysis.status IS 'Analysis Status; logged in, initiated, completed, released';


--
-- Name: COLUMN analysis.started_date; Type: COMMENT; Schema: clinlims; Owner: clinlims
--

COMMENT ON COLUMN analysis.started_date IS 'Date and time analysis started';


--
-- Name: COLUMN analysis.completed_date; Type: COMMENT; Schema: clinlims; Owner: clinlims
--

COMMENT ON COLUMN analysis.completed_date IS 'Date and time analysis completed';


--
-- Name: COLUMN analysis.released_date; Type: COMMENT; Schema: clinlims; Owner: clinlims
--

COMMENT ON COLUMN analysis.released_date IS 'Date and time analysis was released; basically verified and ready to report';


--
-- Name: COLUMN analysis.printed_date; Type: COMMENT; Schema: clinlims; Owner: clinlims
--

COMMENT ON COLUMN analysis.printed_date IS 'Date and time analysis was last printed for sending out';


--
-- Name: COLUMN analysis.is_reportable; Type: COMMENT; Schema: clinlims; Owner: clinlims
--

COMMENT ON COLUMN analysis.is_reportable IS 'Indicates if this analysis should be reported';


--
-- Name: COLUMN analysis.so_send_ready_date; Type: COMMENT; Schema: clinlims; Owner: clinlims
--

COMMENT ON COLUMN analysis.so_send_ready_date IS 'Send out ready date';


--
-- Name: COLUMN analysis.so_notify_received_date; Type: COMMENT; Schema: clinlims; Owner: clinlims
--

COMMENT ON COLUMN analysis.so_notify_received_date IS 'Date that send out facility notificed MDH that they had received the specimen';


--
-- Name: COLUMN analysis.so_notify_send_date; Type: COMMENT; Schema: clinlims; Owner: clinlims
--

COMMENT ON COLUMN analysis.so_notify_send_date IS 'Date that MDH sent out the specimen to a sendout facility';


--
-- Name: COLUMN analysis.so_send_entry_by; Type: COMMENT; Schema: clinlims; Owner: clinlims
--

COMMENT ON COLUMN analysis.so_send_entry_by IS 'User name who entered sendout';


--
-- Name: COLUMN analysis.reflex_trigger; Type: COMMENT; Schema: clinlims; Owner: clinlims
--

COMMENT ON COLUMN analysis.reflex_trigger IS 'True if this analysis has triggered a reflex test';


--
-- Name: COLUMN analysis.status_id; Type: COMMENT; Schema: clinlims; Owner: clinlims
--

COMMENT ON COLUMN analysis.status_id IS 'foriegn key to status of analysis ';


--
-- Name: COLUMN analysis.entry_date; Type: COMMENT; Schema: clinlims; Owner: clinlims
--

COMMENT ON COLUMN analysis.entry_date IS 'Date on which the results for this analysis was first entered';


--
-- Name: COLUMN analysis.panel_id; Type: COMMENT; Schema: clinlims; Owner: clinlims
--

COMMENT ON COLUMN analysis.panel_id IS 'If this analysis is part of a panel then this is the id';


--
-- Name: COLUMN analysis.referred_out; Type: COMMENT; Schema: clinlims; Owner: clinlims
--

COMMENT ON COLUMN analysis.referred_out IS 'True if this analysis has been referred out, false otherwise';


--
-- Name: COLUMN analysis.type_of_sample_name; Type: COMMENT; Schema: clinlims; Owner: clinlims
--

COMMENT ON COLUMN analysis.type_of_sample_name IS 'Used to support arbitrary sample types.  Usually from type_of_sample table but may be a dictionary value or a response to ''other''';


--
-- Name: COLUMN analysis.corrected; Type: COMMENT; Schema: clinlims; Owner: clinlims
--

COMMENT ON COLUMN analysis.corrected IS 'Signifies that the result has been updated since the last patient report was generated';


--
-- Name: analysis_qaevent; Type: TABLE; Schema: clinlims; Owner: clinlims; Tablespace: 
--

CREATE TABLE analysis_qaevent (
    id numeric(10,0) NOT NULL,
    qa_event_id numeric(10,0),
    analysis_id numeric(10,0),
    lastupdated timestamp(6) without time zone,
    completed_date timestamp without time zone
);


ALTER TABLE clinlims.analysis_qaevent OWNER TO clinlims;

--
-- Name: analysis_qaevent_action; Type: TABLE; Schema: clinlims; Owner: clinlims; Tablespace: 
--

CREATE TABLE analysis_qaevent_action (
    id numeric(10,0) NOT NULL,
    analysis_qaevent_id numeric(10,0) NOT NULL,
    action_id numeric(10,0) NOT NULL,
    created_date timestamp without time zone NOT NULL,
    lastupdated timestamp(6) without time zone,
    sys_user_id numeric(10,0)
);


ALTER TABLE clinlims.analysis_qaevent_action OWNER TO clinlims;

--
-- Name: analysis_qaevent_action_seq; Type: SEQUENCE; Schema: clinlims; Owner: clinlims
--

CREATE SEQUENCE analysis_qaevent_action_seq
    START WITH 221
    INCREMENT BY 1
    NO MINVALUE
    NO MAXVALUE
    CACHE 20;


ALTER TABLE clinlims.analysis_qaevent_action_seq OWNER TO clinlims;

--
-- Name: analysis_qaevent_seq; Type: SEQUENCE; Schema: clinlims; Owner: clinlims
--

CREATE SEQUENCE analysis_qaevent_seq
    START WITH 326
    INCREMENT BY 1
    NO MINVALUE
    NO MAXVALUE
    CACHE 20;


ALTER TABLE clinlims.analysis_qaevent_seq OWNER TO clinlims;

--
-- Name: analysis_seq; Type: SEQUENCE; Schema: clinlims; Owner: clinlims
--

CREATE SEQUENCE analysis_seq
    START WITH 1
    INCREMENT BY 1
    NO MINVALUE
    NO MAXVALUE
    CACHE 1;


ALTER TABLE clinlims.analysis_seq OWNER TO clinlims;

--
-- Name: analysis_storages; Type: TABLE; Schema: clinlims; Owner: clinlims; Tablespace: 
--

CREATE TABLE analysis_storages (
    id numeric(10,0) NOT NULL,
    storage_id numeric(10,0),
    checkin timestamp without time zone,
    checkout timestamp without time zone,
    analysis_id numeric(10,0)
);


ALTER TABLE clinlims.analysis_storages OWNER TO clinlims;

--
-- Name: COLUMN analysis_storages.checkin; Type: COMMENT; Schema: clinlims; Owner: clinlims
--

COMMENT ON COLUMN analysis_storages.checkin IS 'Date and time sample was moved to this storage_location';


--
-- Name: COLUMN analysis_storages.checkout; Type: COMMENT; Schema: clinlims; Owner: clinlims
--

COMMENT ON COLUMN analysis_storages.checkout IS 'Date and time sample was removed from this storage location';


--
-- Name: analysis_users; Type: TABLE; Schema: clinlims; Owner: clinlims; Tablespace: 
--

CREATE TABLE analysis_users (
    id numeric(10,0) NOT NULL,
    action character varying(1),
    analysis_id numeric(10,0),
    system_user_id numeric(10,0)
);


ALTER TABLE clinlims.analysis_users OWNER TO clinlims;

--
-- Name: COLUMN analysis_users.action; Type: COMMENT; Schema: clinlims; Owner: clinlims
--

COMMENT ON COLUMN analysis_users.action IS 'Type of action performed such as test request, complete, release';


--
-- Name: analyte; Type: TABLE; Schema: clinlims; Owner: clinlims; Tablespace: 
--

CREATE TABLE analyte (
    id numeric(10,0) NOT NULL,
    analyte_id numeric(10,0),
    name character varying(60),
    is_active character varying(1),
    external_id character varying(20),
    lastupdated timestamp(6) without time zone,
    local_abbrev character varying(10)
);


ALTER TABLE clinlims.analyte OWNER TO clinlims;

--
-- Name: COLUMN analyte.name; Type: COMMENT; Schema: clinlims; Owner: clinlims
--

COMMENT ON COLUMN analyte.name IS 'Name of analyte';


--
-- Name: COLUMN analyte.is_active; Type: COMMENT; Schema: clinlims; Owner: clinlims
--

COMMENT ON COLUMN analyte.is_active IS 'Flag indicating if the test is active';


--
-- Name: COLUMN analyte.external_id; Type: COMMENT; Schema: clinlims; Owner: clinlims
--

COMMENT ON COLUMN analyte.external_id IS 'External ID such as CAS #';


--
-- Name: analyte_seq; Type: SEQUENCE; Schema: clinlims; Owner: clinlims
--

CREATE SEQUENCE analyte_seq
    START WITH 1
    INCREMENT BY 1
    NO MINVALUE
    NO MAXVALUE
    CACHE 1;


ALTER TABLE clinlims.analyte_seq OWNER TO clinlims;

--
-- Name: analyzer; Type: TABLE; Schema: clinlims; Owner: clinlims; Tablespace: 
--

CREATE TABLE analyzer (
    id numeric(10,0) NOT NULL,
    scrip_id numeric(10,0),
    name character varying(20),
    machine_id character varying(20),
    description character varying(60),
    analyzer_type character varying(30),
    is_active boolean,
    location character varying(60),
    lastupdated timestamp(6) without time zone
);


ALTER TABLE clinlims.analyzer OWNER TO clinlims;

--
-- Name: COLUMN analyzer.name; Type: COMMENT; Schema: clinlims; Owner: clinlims
--

COMMENT ON COLUMN analyzer.name IS 'Short name for analyzer';


--
-- Name: COLUMN analyzer.machine_id; Type: COMMENT; Schema: clinlims; Owner: clinlims
--

COMMENT ON COLUMN analyzer.machine_id IS 'id which uniquely matches a machine, descriminates between duplicate analyzers';


--
-- Name: COLUMN analyzer.description; Type: COMMENT; Schema: clinlims; Owner: clinlims
--

COMMENT ON COLUMN analyzer.description IS 'analyzer description';


--
-- Name: COLUMN analyzer.analyzer_type; Type: COMMENT; Schema: clinlims; Owner: clinlims
--

COMMENT ON COLUMN analyzer.analyzer_type IS 'Type of analyzer: Mass Spec, HPLC, etc.';


--
-- Name: COLUMN analyzer.is_active; Type: COMMENT; Schema: clinlims; Owner: clinlims
--

COMMENT ON COLUMN analyzer.is_active IS 'Flag indicating if the analyzer is active';


--
-- Name: COLUMN analyzer.location; Type: COMMENT; Schema: clinlims; Owner: clinlims
--

COMMENT ON COLUMN analyzer.location IS 'Location of analyzer';


--
-- Name: analyzer_result_status; Type: TABLE; Schema: clinlims; Owner: clinlims; Tablespace: 
--

CREATE TABLE analyzer_result_status (
    id numeric(10,0) NOT NULL,
    name character varying(30) NOT NULL,
    description character varying(60)
);


ALTER TABLE clinlims.analyzer_result_status OWNER TO clinlims;

--
-- Name: analyzer_results; Type: TABLE; Schema: clinlims; Owner: clinlims; Tablespace: 
--

CREATE TABLE analyzer_results (
    id numeric(10,0) NOT NULL,
    analyzer_id numeric(10,0) NOT NULL,
    accession_number character varying(20) NOT NULL,
    test_name character varying(20) NOT NULL,
    result character varying(20) NOT NULL,
    units character varying(10),
    status_id numeric(10,0) DEFAULT 1 NOT NULL,
    iscontrol boolean DEFAULT false NOT NULL,
    lastupdated timestamp(6) without time zone,
    read_only boolean DEFAULT false,
    test_id numeric(10,0),
    duplicate_id numeric(10,0),
    positive boolean DEFAULT false,
    complete_date timestamp with time zone,
    test_result_type character varying(1)
);


ALTER TABLE clinlims.analyzer_results OWNER TO clinlims;

--
-- Name: TABLE analyzer_results; Type: COMMENT; Schema: clinlims; Owner: clinlims
--

COMMENT ON TABLE analyzer_results IS 'A holding table for analyzer results ';


--
-- Name: COLUMN analyzer_results.analyzer_id; Type: COMMENT; Schema: clinlims; Owner: clinlims
--

COMMENT ON COLUMN analyzer_results.analyzer_id IS 'Reference to analyzer table';


--
-- Name: COLUMN analyzer_results.accession_number; Type: COMMENT; Schema: clinlims; Owner: clinlims
--

COMMENT ON COLUMN analyzer_results.accession_number IS 'The display version of the accession number.  May be either the extended or normal accession number';


--
-- Name: COLUMN analyzer_results.test_name; Type: COMMENT; Schema: clinlims; Owner: clinlims
--

COMMENT ON COLUMN analyzer_results.test_name IS 'The test name, if a mapping is found then the mapping will be used, if not then the analyzer test name will be useds';


--
-- Name: COLUMN analyzer_results.result; Type: COMMENT; Schema: clinlims; Owner: clinlims
--

COMMENT ON COLUMN analyzer_results.result IS 'The result of the test, the meaning depends on the test itself';


--
-- Name: COLUMN analyzer_results.units; Type: COMMENT; Schema: clinlims; Owner: clinlims
--

COMMENT ON COLUMN analyzer_results.units IS 'The units as sent from the analyzer';


--
-- Name: COLUMN analyzer_results.status_id; Type: COMMENT; Schema: clinlims; Owner: clinlims
--

COMMENT ON COLUMN analyzer_results.status_id IS 'The status for the this analyzer result';


--
-- Name: COLUMN analyzer_results.iscontrol; Type: COMMENT; Schema: clinlims; Owner: clinlims
--

COMMENT ON COLUMN analyzer_results.iscontrol IS 'Is this result a control';


--
-- Name: COLUMN analyzer_results.read_only; Type: COMMENT; Schema: clinlims; Owner: clinlims
--

COMMENT ON COLUMN analyzer_results.read_only IS 'Is this result read only';


--
-- Name: COLUMN analyzer_results.test_id; Type: COMMENT; Schema: clinlims; Owner: clinlims
--

COMMENT ON COLUMN analyzer_results.test_id IS 'Test this is result is mapped to';


--
-- Name: COLUMN analyzer_results.duplicate_id; Type: COMMENT; Schema: clinlims; Owner: clinlims
--

COMMENT ON COLUMN analyzer_results.duplicate_id IS 'Reference to another analyzer result with the same analyzer and analyzer test';


--
-- Name: COLUMN analyzer_results.positive; Type: COMMENT; Schema: clinlims; Owner: clinlims
--

COMMENT ON COLUMN analyzer_results.positive IS 'Is the test positive';


--
-- Name: COLUMN analyzer_results.complete_date; Type: COMMENT; Schema: clinlims; Owner: clinlims
--

COMMENT ON COLUMN analyzer_results.complete_date IS 'The time stamp for when the analyzsis was done';


--
-- Name: analyzer_results_seq; Type: SEQUENCE; Schema: clinlims; Owner: clinlims
--

CREATE SEQUENCE analyzer_results_seq
    START WITH 1
    INCREMENT BY 1
    MINVALUE 0
    NO MAXVALUE
    CACHE 1;


ALTER TABLE clinlims.analyzer_results_seq OWNER TO clinlims;

--
-- Name: analyzer_seq; Type: SEQUENCE; Schema: clinlims; Owner: clinlims
--

CREATE SEQUENCE analyzer_seq
    START WITH 0
    INCREMENT BY 1
    MINVALUE 0
    NO MAXVALUE
    CACHE 1;


ALTER TABLE clinlims.analyzer_seq OWNER TO clinlims;

--
-- Name: analyzer_test_map; Type: TABLE; Schema: clinlims; Owner: clinlims; Tablespace: 
--

CREATE TABLE analyzer_test_map (
    analyzer_id numeric(10,0) NOT NULL,
    analyzer_test_name character varying(30) NOT NULL,
    test_id numeric(10,0) NOT NULL,
    lastupdated timestamp with time zone DEFAULT '2011-12-27 23:41:40.194936+00'::timestamp with time zone
);


ALTER TABLE clinlims.analyzer_test_map OWNER TO clinlims;

--
-- Name: TABLE analyzer_test_map; Type: COMMENT; Schema: clinlims; Owner: clinlims
--

COMMENT ON TABLE analyzer_test_map IS 'Maps the analyzers names to the tests in database';


--
-- Name: COLUMN analyzer_test_map.analyzer_id; Type: COMMENT; Schema: clinlims; Owner: clinlims
--

COMMENT ON COLUMN analyzer_test_map.analyzer_id IS 'foriegn key to analyzer table';


--
-- Name: COLUMN analyzer_test_map.analyzer_test_name; Type: COMMENT; Schema: clinlims; Owner: clinlims
--

COMMENT ON COLUMN analyzer_test_map.analyzer_test_name IS 'The name the analyzer uses for the test';


--
-- Name: COLUMN analyzer_test_map.test_id; Type: COMMENT; Schema: clinlims; Owner: clinlims
--

COMMENT ON COLUMN analyzer_test_map.test_id IS 'foriegn key to test table';


--
-- Name: animal_common_name; Type: TABLE; Schema: clinlims; Owner: clinlims; Tablespace: 
--

CREATE TABLE animal_common_name (
    id numeric(10,0) NOT NULL,
    name character varying(30)
);


ALTER TABLE clinlims.animal_common_name OWNER TO clinlims;

--
-- Name: COLUMN animal_common_name.name; Type: COMMENT; Schema: clinlims; Owner: clinlims
--

COMMENT ON COLUMN animal_common_name.name IS 'Lists the animal common name';


--
-- Name: animal_scientific_name; Type: TABLE; Schema: clinlims; Owner: clinlims; Tablespace: 
--

CREATE TABLE animal_scientific_name (
    id numeric(10,0) NOT NULL,
    comm_anim_id numeric(10,0) NOT NULL,
    name character varying(30)
);


ALTER TABLE clinlims.animal_scientific_name OWNER TO clinlims;

--
-- Name: COLUMN animal_scientific_name.id; Type: COMMENT; Schema: clinlims; Owner: clinlims
--

COMMENT ON COLUMN animal_scientific_name.id IS 'Sequential Number';


--
-- Name: COLUMN animal_scientific_name.name; Type: COMMENT; Schema: clinlims; Owner: clinlims
--

COMMENT ON COLUMN animal_scientific_name.name IS 'May include Genus and Species';


--
-- Name: attachment; Type: TABLE; Schema: clinlims; Owner: clinlims; Tablespace: 
--

CREATE TABLE attachment (
    id numeric(10,0) NOT NULL,
    attach_type character varying(20),
    filename character varying(60),
    description character varying(80),
    storage_reference character varying(255)
);


ALTER TABLE clinlims.attachment OWNER TO clinlims;

--
-- Name: attachment_item; Type: TABLE; Schema: clinlims; Owner: clinlims; Tablespace: 
--

CREATE TABLE attachment_item (
    id numeric(10,0) NOT NULL,
    reference_id numeric,
    reference_table_id numeric,
    attachment_id numeric
);


ALTER TABLE clinlims.attachment_item OWNER TO clinlims;

--
-- Name: aux_data; Type: TABLE; Schema: clinlims; Owner: clinlims; Tablespace: 
--

CREATE TABLE aux_data (
    id numeric(10,0) NOT NULL,
    sort_order numeric,
    is_reportable character varying(1),
    auxdata_type character varying(1),
    value character varying(80),
    reference_id numeric,
    reference_table numeric,
    aux_field_id numeric(10,0)
);


ALTER TABLE clinlims.aux_data OWNER TO clinlims;

--
-- Name: COLUMN aux_data.sort_order; Type: COMMENT; Schema: clinlims; Owner: clinlims
--

COMMENT ON COLUMN aux_data.sort_order IS 'The order the analytes (questions) are displayed';


--
-- Name: COLUMN aux_data.is_reportable; Type: COMMENT; Schema: clinlims; Owner: clinlims
--

COMMENT ON COLUMN aux_data.is_reportable IS 'Flag indicating if this entry is reportable';


--
-- Name: COLUMN aux_data.auxdata_type; Type: COMMENT; Schema: clinlims; Owner: clinlims
--

COMMENT ON COLUMN aux_data.auxdata_type IS 'Type of value: Dictionary, Titer range, Number, Date, String';


--
-- Name: COLUMN aux_data.value; Type: COMMENT; Schema: clinlims; Owner: clinlims
--

COMMENT ON COLUMN aux_data.value IS 'Actual value';


--
-- Name: COLUMN aux_data.reference_id; Type: COMMENT; Schema: clinlims; Owner: clinlims
--

COMMENT ON COLUMN aux_data.reference_id IS 'Link to record in table to which this entry pertains';


--
-- Name: COLUMN aux_data.reference_table; Type: COMMENT; Schema: clinlims; Owner: clinlims
--

COMMENT ON COLUMN aux_data.reference_table IS 'Link to table that this entry belongs to';


--
-- Name: aux_field; Type: TABLE; Schema: clinlims; Owner: clinlims; Tablespace: 
--

CREATE TABLE aux_field (
    id numeric(10,0) NOT NULL,
    sort_order numeric,
    auxfld_type character varying(1),
    is_active character varying(1),
    is_reportable character varying(1),
    reference_table numeric,
    analyte_id numeric(10,0),
    scriptlet_id numeric(10,0)
);


ALTER TABLE clinlims.aux_field OWNER TO clinlims;

--
-- Name: COLUMN aux_field.id; Type: COMMENT; Schema: clinlims; Owner: clinlims
--

COMMENT ON COLUMN aux_field.id IS 'Sequential Identifier';


--
-- Name: COLUMN aux_field.sort_order; Type: COMMENT; Schema: clinlims; Owner: clinlims
--

COMMENT ON COLUMN aux_field.sort_order IS 'The order the analystes (questions) are displayed';


--
-- Name: COLUMN aux_field.auxfld_type; Type: COMMENT; Schema: clinlims; Owner: clinlims
--

COMMENT ON COLUMN aux_field.auxfld_type IS 'Type of field: Required...';


--
-- Name: COLUMN aux_field.is_active; Type: COMMENT; Schema: clinlims; Owner: clinlims
--

COMMENT ON COLUMN aux_field.is_active IS 'Flag indicating is this entry is active';


--
-- Name: COLUMN aux_field.is_reportable; Type: COMMENT; Schema: clinlims; Owner: clinlims
--

COMMENT ON COLUMN aux_field.is_reportable IS 'Default value to reportable flag';


--
-- Name: COLUMN aux_field.reference_table; Type: COMMENT; Schema: clinlims; Owner: clinlims
--

COMMENT ON COLUMN aux_field.reference_table IS 'Link to table in which this entity can be used.';


--
-- Name: aux_field_values; Type: TABLE; Schema: clinlims; Owner: clinlims; Tablespace: 
--

CREATE TABLE aux_field_values (
    id numeric(10,0) NOT NULL,
    auxfldval_type character varying(1),
    value character varying(80),
    aux_field_id numeric(10,0)
);


ALTER TABLE clinlims.aux_field_values OWNER TO clinlims;

--
-- Name: COLUMN aux_field_values.id; Type: COMMENT; Schema: clinlims; Owner: clinlims
--

COMMENT ON COLUMN aux_field_values.id IS 'Sequential Identifier';


--
-- Name: COLUMN aux_field_values.auxfldval_type; Type: COMMENT; Schema: clinlims; Owner: clinlims
--

COMMENT ON COLUMN aux_field_values.auxfldval_type IS 'Type of value: Dictionary, titer range, number, date, string';


--
-- Name: COLUMN aux_field_values.value; Type: COMMENT; Schema: clinlims; Owner: clinlims
--

COMMENT ON COLUMN aux_field_values.value IS 'A permissible field value';


--
-- Name: city_seq; Type: SEQUENCE; Schema: clinlims; Owner: clinlims
--

CREATE SEQUENCE city_seq
    START WITH 1
    INCREMENT BY 1
    NO MINVALUE
    NO MAXVALUE
    CACHE 1;


ALTER TABLE clinlims.city_seq OWNER TO clinlims;

--
-- Name: city_state_zip; Type: TABLE; Schema: clinlims; Owner: clinlims; Tablespace: 
--

CREATE TABLE city_state_zip (
    id numeric(10,0),
    city character varying(30),
    state character varying(2),
    zip_code character varying(10),
    county_fips numeric(3,0),
    county character varying(25),
    region_id numeric(3,0),
    region character varying(30),
    state_fips numeric(3,0),
    state_name character varying(30),
    lastupdated timestamp(6) without time zone
);


ALTER TABLE clinlims.city_state_zip OWNER TO clinlims;

--
-- Name: code_element_type; Type: TABLE; Schema: clinlims; Owner: clinlims; Tablespace: 
--

CREATE TABLE code_element_type (
    id numeric(10,0) NOT NULL,
    text character varying(60),
    lastupdated timestamp(6) without time zone,
    local_reference_table numeric(10,0)
);


ALTER TABLE clinlims.code_element_type OWNER TO clinlims;

--
-- Name: code_element_type_seq; Type: SEQUENCE; Schema: clinlims; Owner: clinlims
--

CREATE SEQUENCE code_element_type_seq
    START WITH 21
    INCREMENT BY 1
    NO MINVALUE
    NO MAXVALUE
    CACHE 20;


ALTER TABLE clinlims.code_element_type_seq OWNER TO clinlims;

--
-- Name: code_element_xref; Type: TABLE; Schema: clinlims; Owner: clinlims; Tablespace: 
--

CREATE TABLE code_element_xref (
    id numeric(10,0) NOT NULL,
    message_org_id numeric(10,0),
    code_element_type_id numeric(10,0),
    receiver_code_element_id numeric(10,0),
    local_code_element_id numeric(10,0),
    lastupdated timestamp(6) without time zone
);


ALTER TABLE clinlims.code_element_xref OWNER TO clinlims;

--
-- Name: code_element_xref_seq; Type: SEQUENCE; Schema: clinlims; Owner: clinlims
--

CREATE SEQUENCE code_element_xref_seq
    START WITH 41
    INCREMENT BY 1
    NO MINVALUE
    NO MAXVALUE
    CACHE 20;


ALTER TABLE clinlims.code_element_xref_seq OWNER TO clinlims;

--
-- Name: contact_type; Type: TABLE; Schema: clinlims; Owner: clinlims; Tablespace: 
--

CREATE TABLE contact_type (
    id numeric(10,0) NOT NULL,
    description character varying(20),
    ct_type character varying(4),
    is_unique character varying(1)
);


ALTER TABLE clinlims.contact_type OWNER TO clinlims;

--
-- Name: COLUMN contact_type.id; Type: COMMENT; Schema: clinlims; Owner: clinlims
--

COMMENT ON COLUMN contact_type.id IS 'sequential field';


--
-- Name: COLUMN contact_type.description; Type: COMMENT; Schema: clinlims; Owner: clinlims
--

COMMENT ON COLUMN contact_type.description IS 'Can include such things as "Operator", "Accounting"';


--
-- Name: COLUMN contact_type.ct_type; Type: COMMENT; Schema: clinlims; Owner: clinlims
--

COMMENT ON COLUMN contact_type.ct_type IS 'Type code';


--
-- Name: COLUMN contact_type.is_unique; Type: COMMENT; Schema: clinlims; Owner: clinlims
--

COMMENT ON COLUMN contact_type.is_unique IS 'Indicates if only 1 of this contact type is allowed per organization';


--
-- Name: county_seq; Type: SEQUENCE; Schema: clinlims; Owner: clinlims
--

CREATE SEQUENCE county_seq
    START WITH 1
    INCREMENT BY 1
    NO MINVALUE
    NO MAXVALUE
    CACHE 1;


ALTER TABLE clinlims.county_seq OWNER TO clinlims;

--
-- Name: databasechangelog; Type: TABLE; Schema: clinlims; Owner: clinlims; Tablespace: 
--

CREATE TABLE databasechangelog (
    id character varying(63) NOT NULL,
    author character varying(63) NOT NULL,
    filename character varying(200) NOT NULL,
    dateexecuted timestamp with time zone NOT NULL,
    md5sum character varying(32),
    description character varying(255),
    comments character varying(255),
    tag character varying(255),
    liquibase character varying(10)
);


ALTER TABLE clinlims.databasechangelog OWNER TO clinlims;

--
-- Name: databasechangeloglock; Type: TABLE; Schema: clinlims; Owner: clinlims; Tablespace: 
--

CREATE TABLE databasechangeloglock (
    id integer NOT NULL,
    locked boolean NOT NULL,
    lockgranted timestamp with time zone,
    lockedby character varying(255)
);


ALTER TABLE clinlims.databasechangeloglock OWNER TO clinlims;

--
-- Name: dictionary; Type: TABLE; Schema: clinlims; Owner: clinlims; Tablespace: 
--

CREATE TABLE dictionary (
    id numeric(10,0) NOT NULL,
    is_active character varying(1),
    dict_entry character varying(4000),
    lastupdated timestamp(6) without time zone,
    local_abbrev character varying(60),
    dictionary_category_id numeric(10,0),
    display_key character varying(60)
);


ALTER TABLE clinlims.dictionary OWNER TO clinlims;

--
-- Name: COLUMN dictionary.is_active; Type: COMMENT; Schema: clinlims; Owner: clinlims
--

COMMENT ON COLUMN dictionary.is_active IS 'Flag indicating if the analyte is active';


--
-- Name: COLUMN dictionary.dict_entry; Type: COMMENT; Schema: clinlims; Owner: clinlims
--

COMMENT ON COLUMN dictionary.dict_entry IS 'Finding, result, interpretation';


--
-- Name: COLUMN dictionary.display_key; Type: COMMENT; Schema: clinlims; Owner: clinlims
--

COMMENT ON COLUMN dictionary.display_key IS 'Resource file lookup key for localization of displaying the name';


--
-- Name: dictionary_category; Type: TABLE; Schema: clinlims; Owner: clinlims; Tablespace: 
--

CREATE TABLE dictionary_category (
    id numeric(10,0) NOT NULL,
    description character varying(60),
    lastupdated timestamp(6) without time zone,
    local_abbrev character varying(10),
    name character varying(50)
);


ALTER TABLE clinlims.dictionary_category OWNER TO clinlims;

--
-- Name: COLUMN dictionary_category.id; Type: COMMENT; Schema: clinlims; Owner: clinlims
--

COMMENT ON COLUMN dictionary_category.id IS 'A unique auto generated integer number assigned by database';


--
-- Name: COLUMN dictionary_category.description; Type: COMMENT; Schema: clinlims; Owner: clinlims
--

COMMENT ON COLUMN dictionary_category.description IS 'Human readable description';


--
-- Name: dictionary_category_seq; Type: SEQUENCE; Schema: clinlims; Owner: clinlims
--

CREATE SEQUENCE dictionary_category_seq
    START WITH 1
    INCREMENT BY 1
    NO MINVALUE
    NO MAXVALUE
    CACHE 20;


ALTER TABLE clinlims.dictionary_category_seq OWNER TO clinlims;

--
-- Name: dictionary_seq; Type: SEQUENCE; Schema: clinlims; Owner: clinlims
--

CREATE SEQUENCE dictionary_seq
    START WITH 1
    INCREMENT BY 1
    NO MINVALUE
    NO MAXVALUE
    CACHE 20;


ALTER TABLE clinlims.dictionary_seq OWNER TO clinlims;

--
-- Name: district; Type: TABLE; Schema: clinlims; Owner: clinlims; Tablespace: 
--

CREATE TABLE district (
    id numeric(10,0) NOT NULL,
    city_id numeric(10,0) NOT NULL,
    dist_entry character varying(300),
    lastupdated timestamp without time zone,
    description character varying(50)
);


ALTER TABLE clinlims.district OWNER TO clinlims;

--
-- Name: COLUMN district.dist_entry; Type: COMMENT; Schema: clinlims; Owner: clinlims
--

COMMENT ON COLUMN district.dist_entry IS 'Finding, result, interpretation';


--
-- Name: district_seq; Type: SEQUENCE; Schema: clinlims; Owner: clinlims
--

CREATE SEQUENCE district_seq
    START WITH 1
    INCREMENT BY 1
    NO MINVALUE
    NO MAXVALUE
    CACHE 20;


ALTER TABLE clinlims.district_seq OWNER TO clinlims;

--
-- Name: document_track; Type: TABLE; Schema: clinlims; Owner: clinlims; Tablespace: 
--

CREATE TABLE document_track (
    id numeric(10,0) NOT NULL,
    table_id numeric(10,0) NOT NULL,
    row_id numeric(10,0) NOT NULL,
    document_type_id numeric(10,0) NOT NULL,
    parent_id numeric(10,0),
    report_generation_time timestamp with time zone,
    lastupdated timestamp with time zone,
    name character varying(80)
);


ALTER TABLE clinlims.document_track OWNER TO clinlims;

--
-- Name: TABLE document_track; Type: COMMENT; Schema: clinlims; Owner: clinlims
--

COMMENT ON TABLE document_track IS 'Table to track operations on documents.  Expected use is for has a document of some been printed for a sample, qa_event etc';


--
-- Name: COLUMN document_track.table_id; Type: COMMENT; Schema: clinlims; Owner: clinlims
--

COMMENT ON COLUMN document_track.table_id IS 'The table to which the row_id references';


--
-- Name: COLUMN document_track.row_id; Type: COMMENT; Schema: clinlims; Owner: clinlims
--

COMMENT ON COLUMN document_track.row_id IS 'The particular record for which a document has been generated';


--
-- Name: COLUMN document_track.document_type_id; Type: COMMENT; Schema: clinlims; Owner: clinlims
--

COMMENT ON COLUMN document_track.document_type_id IS 'References the type of document which the record has been generated for';


--
-- Name: COLUMN document_track.parent_id; Type: COMMENT; Schema: clinlims; Owner: clinlims
--

COMMENT ON COLUMN document_track.parent_id IS 'If the document has been generated more than once for this record then this will point to the previous record';


--
-- Name: COLUMN document_track.report_generation_time; Type: COMMENT; Schema: clinlims; Owner: clinlims
--

COMMENT ON COLUMN document_track.report_generation_time IS 'When this report was generated';


--
-- Name: COLUMN document_track.lastupdated; Type: COMMENT; Schema: clinlims; Owner: clinlims
--

COMMENT ON COLUMN document_track.lastupdated IS 'Last time this record was updated';


--
-- Name: COLUMN document_track.name; Type: COMMENT; Schema: clinlims; Owner: clinlims
--

COMMENT ON COLUMN document_track.name IS 'The name of the report if there is more than one of the type';


--
-- Name: document_track_seq; Type: SEQUENCE; Schema: clinlims; Owner: clinlims
--

CREATE SEQUENCE document_track_seq
    START WITH 0
    INCREMENT BY 1
    MINVALUE 0
    NO MAXVALUE
    CACHE 1;


ALTER TABLE clinlims.document_track_seq OWNER TO clinlims;

--
-- Name: document_type; Type: TABLE; Schema: clinlims; Owner: clinlims; Tablespace: 
--

CREATE TABLE document_type (
    id numeric(10,0) NOT NULL,
    name character varying(40) NOT NULL,
    description character varying(80),
    lastupdated timestamp with time zone
);


ALTER TABLE clinlims.document_type OWNER TO clinlims;

--
-- Name: TABLE document_type; Type: COMMENT; Schema: clinlims; Owner: clinlims
--

COMMENT ON TABLE document_type IS 'Table which describes document types to be tracked by document_track table';


--
-- Name: COLUMN document_type.name; Type: COMMENT; Schema: clinlims; Owner: clinlims
--

COMMENT ON COLUMN document_type.name IS 'The name of the document';


--
-- Name: COLUMN document_type.description; Type: COMMENT; Schema: clinlims; Owner: clinlims
--

COMMENT ON COLUMN document_type.description IS 'The description of the document';


--
-- Name: COLUMN document_type.lastupdated; Type: COMMENT; Schema: clinlims; Owner: clinlims
--

COMMENT ON COLUMN document_type.lastupdated IS 'Last time this record was updated';


--
-- Name: document_type_seq; Type: SEQUENCE; Schema: clinlims; Owner: clinlims
--

CREATE SEQUENCE document_type_seq
    START WITH 0
    INCREMENT BY 1
    MINVALUE 0
    NO MAXVALUE
    CACHE 1;


ALTER TABLE clinlims.document_type_seq OWNER TO clinlims;

--
-- Name: electronic_order; Type: TABLE; Schema: clinlims; Owner: clinlims; Tablespace: 
--

CREATE TABLE electronic_order (
    id numeric(10,0) NOT NULL,
    external_id character varying(60) NOT NULL,
    patient_id numeric(10,0),
    status_id numeric(10,0) NOT NULL,
    order_timestamp timestamp without time zone NOT NULL,
    data text NOT NULL,
    lastupdated timestamp without time zone NOT NULL
);


ALTER TABLE clinlims.electronic_order OWNER TO clinlims;

--
-- Name: COLUMN electronic_order.external_id; Type: COMMENT; Schema: clinlims; Owner: clinlims
--

COMMENT ON COLUMN electronic_order.external_id IS 'An order ID assigned by another system (i.e. iSante) submitted electronically';


--
-- Name: COLUMN electronic_order.patient_id; Type: COMMENT; Schema: clinlims; Owner: clinlims
--

COMMENT ON COLUMN electronic_order.patient_id IS 'The id and foreign key to the patient record for this electronic order';


--
-- Name: COLUMN electronic_order.status_id; Type: COMMENT; Schema: clinlims; Owner: clinlims
--

COMMENT ON COLUMN electronic_order.status_id IS 'The ID and foreign key to the status_of_sample table. Possible status (Entered, Cancelled, Realized)';


--
-- Name: COLUMN electronic_order.order_timestamp; Type: COMMENT; Schema: clinlims; Owner: clinlims
--

COMMENT ON COLUMN electronic_order.order_timestamp IS 'Timestamp when the order was received';


--
-- Name: COLUMN electronic_order.data; Type: COMMENT; Schema: clinlims; Owner: clinlims
--

COMMENT ON COLUMN electronic_order.data IS 'The order in CLOB form';


--
-- Name: electronic_order_seq; Type: SEQUENCE; Schema: clinlims; Owner: clinlims
--

CREATE SEQUENCE electronic_order_seq
    START WITH 1
    INCREMENT BY 1
    NO MINVALUE
    NO MAXVALUE
    CACHE 20;


ALTER TABLE clinlims.electronic_order_seq OWNER TO clinlims;

--
-- Name: ethnicity; Type: TABLE; Schema: clinlims; Owner: clinlims; Tablespace: 
--

CREATE TABLE ethnicity (
    id numeric(10,0) NOT NULL,
    ethnic_type character varying(1) NOT NULL,
    description character varying(20),
    is_active character varying(1)
);


ALTER TABLE clinlims.ethnicity OWNER TO clinlims;

--
-- Name: COLUMN ethnicity.id; Type: COMMENT; Schema: clinlims; Owner: clinlims
--

COMMENT ON COLUMN ethnicity.id IS 'Any code values in tables.';


--
-- Name: COLUMN ethnicity.ethnic_type; Type: COMMENT; Schema: clinlims; Owner: clinlims
--

COMMENT ON COLUMN ethnicity.ethnic_type IS 'Ethnicity of Patient';


--
-- Name: gender; Type: TABLE; Schema: clinlims; Owner: clinlims; Tablespace: 
--

CREATE TABLE gender (
    id numeric(10,0) NOT NULL,
    gender_type character varying(1),
    description character varying(20),
    lastupdated timestamp(6) without time zone,
    name_key character varying(60)
);


ALTER TABLE clinlims.gender OWNER TO clinlims;

--
-- Name: COLUMN gender.id; Type: COMMENT; Schema: clinlims; Owner: clinlims
--

COMMENT ON COLUMN gender.id IS 'A unique auto generated integer number assigned by database';


--
-- Name: COLUMN gender.gender_type; Type: COMMENT; Schema: clinlims; Owner: clinlims
--

COMMENT ON COLUMN gender.gender_type IS 'Gender code (M, F, U)';


--
-- Name: COLUMN gender.description; Type: COMMENT; Schema: clinlims; Owner: clinlims
--

COMMENT ON COLUMN gender.description IS 'Human readable description';


--
-- Name: gender_seq; Type: SEQUENCE; Schema: clinlims; Owner: clinlims
--

CREATE SEQUENCE gender_seq
    START WITH 1
    INCREMENT BY 1
    NO MINVALUE
    NO MAXVALUE
    CACHE 1;


ALTER TABLE clinlims.gender_seq OWNER TO clinlims;

--
-- Name: hibernate_sequence; Type: SEQUENCE; Schema: clinlims; Owner: clinlims
--

CREATE SEQUENCE hibernate_sequence
    START WITH 1
    INCREMENT BY 1
    NO MINVALUE
    NO MAXVALUE
    CACHE 20;


ALTER TABLE clinlims.hibernate_sequence OWNER TO clinlims;

--
-- Name: history; Type: TABLE; Schema: clinlims; Owner: clinlims; Tablespace: 
--

CREATE TABLE history (
    id numeric(10,0) NOT NULL,
    sys_user_id numeric(10,0) NOT NULL,
    reference_id numeric NOT NULL,
    reference_table numeric NOT NULL,
    "timestamp" timestamp without time zone NOT NULL,
    activity character varying(1) NOT NULL,
    changes bytea
);


ALTER TABLE clinlims.history OWNER TO clinlims;

--
-- Name: COLUMN history.id; Type: COMMENT; Schema: clinlims; Owner: clinlims
--

COMMENT ON COLUMN history.id IS 'Sequential number for audit records';


--
-- Name: COLUMN history.sys_user_id; Type: COMMENT; Schema: clinlims; Owner: clinlims
--

COMMENT ON COLUMN history.sys_user_id IS 'Sequential Identifier';


--
-- Name: COLUMN history.reference_id; Type: COMMENT; Schema: clinlims; Owner: clinlims
--

COMMENT ON COLUMN history.reference_id IS 'Links to record in table to which this entry pertains';


--
-- Name: COLUMN history.reference_table; Type: COMMENT; Schema: clinlims; Owner: clinlims
--

COMMENT ON COLUMN history.reference_table IS 'Link to table that this entity belongs to';


--
-- Name: COLUMN history."timestamp"; Type: COMMENT; Schema: clinlims; Owner: clinlims
--

COMMENT ON COLUMN history."timestamp" IS 'Date of history record';


--
-- Name: COLUMN history.activity; Type: COMMENT; Schema: clinlims; Owner: clinlims
--

COMMENT ON COLUMN history.activity IS 'U for update, D for delete';


--
-- Name: COLUMN history.changes; Type: COMMENT; Schema: clinlims; Owner: clinlims
--

COMMENT ON COLUMN history.changes IS 'XML image of record prior to change';


--
-- Name: history_seq; Type: SEQUENCE; Schema: clinlims; Owner: clinlims
--

CREATE SEQUENCE history_seq
    START WITH 1
    INCREMENT BY 1
    NO MINVALUE
    NO MAXVALUE
    CACHE 20;


ALTER TABLE clinlims.history_seq OWNER TO clinlims;

--
-- Name: patient; Type: TABLE; Schema: clinlims; Owner: clinlims; Tablespace: 
--

CREATE TABLE patient (
    id numeric(10,0) NOT NULL,
    person_id numeric(10,0) NOT NULL,
    race character varying(5),
    gender character varying(1),
    birth_date timestamp without time zone,
    epi_first_name character varying(25),
    epi_middle_name character varying(25),
    epi_last_name character varying(240),
    birth_time timestamp without time zone,
    death_date timestamp without time zone,
    national_id character varying(255),
    ethnicity character varying(1),
    school_attend character varying(240),
    medicare_id character varying(240),
    medicaid_id character varying(240),
    birth_place character varying(255),
    lastupdated timestamp(6) without time zone,
    external_id character varying(255),
    chart_number character varying(20),
    entered_birth_date character varying(10)
);


ALTER TABLE clinlims.patient OWNER TO clinlims;

--
-- Name: COLUMN patient.race; Type: COMMENT; Schema: clinlims; Owner: clinlims
--

COMMENT ON COLUMN patient.race IS 'A string of 1 character race code(s)';


--
-- Name: COLUMN patient.gender; Type: COMMENT; Schema: clinlims; Owner: clinlims
--

COMMENT ON COLUMN patient.gender IS 'A one character gender code';


--
-- Name: COLUMN patient.birth_date; Type: COMMENT; Schema: clinlims; Owner: clinlims
--

COMMENT ON COLUMN patient.birth_date IS 'Date of birth';


--
-- Name: COLUMN patient.birth_time; Type: COMMENT; Schema: clinlims; Owner: clinlims
--

COMMENT ON COLUMN patient.birth_time IS 'Time of birth for newborn patients';


--
-- Name: COLUMN patient.death_date; Type: COMMENT; Schema: clinlims; Owner: clinlims
--

COMMENT ON COLUMN patient.death_date IS 'Date of death if unexplained illness or death';


--
-- Name: COLUMN patient.national_id; Type: COMMENT; Schema: clinlims; Owner: clinlims
--

COMMENT ON COLUMN patient.national_id IS 'National Patient ID or SSN';


--
-- Name: COLUMN patient.medicare_id; Type: COMMENT; Schema: clinlims; Owner: clinlims
--

COMMENT ON COLUMN patient.medicare_id IS 'Medicare Number';


--
-- Name: COLUMN patient.medicaid_id; Type: COMMENT; Schema: clinlims; Owner: clinlims
--

COMMENT ON COLUMN patient.medicaid_id IS 'Medicaid Number';


--
-- Name: COLUMN patient.entered_birth_date; Type: COMMENT; Schema: clinlims; Owner: clinlims
--

COMMENT ON COLUMN patient.entered_birth_date IS 'Persons birthdate may not be known and it will be entered with XX for date and/or month';


--
-- Name: sample_human; Type: TABLE; Schema: clinlims; Owner: clinlims; Tablespace: 
--

CREATE TABLE sample_human (
    id numeric(10,0) NOT NULL,
    provider_id numeric(10,0),
    samp_id numeric(10,0) NOT NULL,
    patient_id numeric(10,0),
    lastupdated timestamp(6) without time zone
);


ALTER TABLE clinlims.sample_human OWNER TO clinlims;

--
-- Name: COLUMN sample_human.samp_id; Type: COMMENT; Schema: clinlims; Owner: clinlims
--

COMMENT ON COLUMN sample_human.samp_id IS 'MDH Specimen Number';


--
-- Name: sample_item; Type: TABLE; Schema: clinlims; Owner: clinlims; Tablespace: 
--

CREATE TABLE sample_item (
    id numeric(10,0) NOT NULL,
    sort_order numeric NOT NULL,
    sampitem_id numeric(10,0),
    samp_id numeric(10,0),
    source_id numeric(10,0),
    typeosamp_id numeric(10,0),
    uom_id numeric(10,0),
    source_other character varying(40),
    quantity numeric,
    lastupdated timestamp(6) without time zone,
    external_id character varying(20),
    collection_date timestamp with time zone,
    status_id numeric(10,0) NOT NULL,
    collector character varying(60)
);


ALTER TABLE clinlims.sample_item OWNER TO clinlims;

--
-- Name: COLUMN sample_item.id; Type: COMMENT; Schema: clinlims; Owner: clinlims
--

COMMENT ON COLUMN sample_item.id IS 'Sample source write in if not already defined';


--
-- Name: COLUMN sample_item.sort_order; Type: COMMENT; Schema: clinlims; Owner: clinlims
--

COMMENT ON COLUMN sample_item.sort_order IS 'Sample items unique sequence number for this sample';


--
-- Name: COLUMN sample_item.sampitem_id; Type: COMMENT; Schema: clinlims; Owner: clinlims
--

COMMENT ON COLUMN sample_item.sampitem_id IS 'Sample source write in if not already defined';


--
-- Name: COLUMN sample_item.samp_id; Type: COMMENT; Schema: clinlims; Owner: clinlims
--

COMMENT ON COLUMN sample_item.samp_id IS 'MDH Specimen Number';


--
-- Name: COLUMN sample_item.source_id; Type: COMMENT; Schema: clinlims; Owner: clinlims
--

COMMENT ON COLUMN sample_item.source_id IS 'A unique auto generated integer number assigned by the database.';


--
-- Name: COLUMN sample_item.typeosamp_id; Type: COMMENT; Schema: clinlims; Owner: clinlims
--

COMMENT ON COLUMN sample_item.typeosamp_id IS 'A unique auto generated integer number assigned by the database';


--
-- Name: COLUMN sample_item.source_other; Type: COMMENT; Schema: clinlims; Owner: clinlims
--

COMMENT ON COLUMN sample_item.source_other IS 'Sample source write in if not already defined';


--
-- Name: COLUMN sample_item.quantity; Type: COMMENT; Schema: clinlims; Owner: clinlims
--

COMMENT ON COLUMN sample_item.quantity IS 'Amount of sample';


--
-- Name: COLUMN sample_item.external_id; Type: COMMENT; Schema: clinlims; Owner: clinlims
--

COMMENT ON COLUMN sample_item.external_id IS 'An external id that may have been attached to the sample item before it came to the lab';


--
-- Name: COLUMN sample_item.collection_date; Type: COMMENT; Schema: clinlims; Owner: clinlims
--

COMMENT ON COLUMN sample_item.collection_date IS 'The date this sample_item was collected or seperated from other part of sample';


--
-- Name: COLUMN sample_item.status_id; Type: COMMENT; Schema: clinlims; Owner: clinlims
--

COMMENT ON COLUMN sample_item.status_id IS 'The status of this sample item';


--
-- Name: COLUMN sample_item.collector; Type: COMMENT; Schema: clinlims; Owner: clinlims
--

COMMENT ON COLUMN sample_item.collector IS 'The name of the person who collected the sample';


--
-- Name: status_of_sample; Type: TABLE; Schema: clinlims; Owner: clinlims; Tablespace: 
--

CREATE TABLE status_of_sample (
    id numeric(10,0) NOT NULL,
    description character varying(240),
    code numeric(3,0) NOT NULL,
    status_type character varying(24) NOT NULL,
    lastupdated timestamp(6) without time zone,
    name character varying(30),
    display_key character varying(60),
    is_active character varying(1) DEFAULT 'Y'::character varying
);


ALTER TABLE clinlims.status_of_sample OWNER TO clinlims;

--
-- Name: COLUMN status_of_sample.is_active; Type: COMMENT; Schema: clinlims; Owner: clinlims
--

COMMENT ON COLUMN status_of_sample.is_active IS 'Either Y or N';


--
-- Name: test; Type: TABLE; Schema: clinlims; Owner: clinlims; Tablespace: 
--

CREATE TABLE test (
    id numeric(10,0) NOT NULL,
    method_id numeric(10,0),
    uom_id numeric(10,0),
    description character varying(120) NOT NULL,
    loinc character varying(240),
    reporting_description character varying(60),
    sticker_req_flag character varying(1),
    is_active character varying(1),
    active_begin timestamp without time zone,
    active_end timestamp without time zone,
    is_reportable character varying(1),
    time_holding numeric,
    time_wait numeric,
    time_ta_average numeric,
    time_ta_warning numeric,
    time_ta_max numeric,
    label_qty numeric,
    lastupdated timestamp(6) without time zone,
    label_id numeric(10,0),
    test_trailer_id numeric(10,0),
    test_section_id numeric(10,0),
    scriptlet_id numeric(10,0),
    test_format_id numeric(10,0),
    local_abbrev character varying(50),
    sort_order numeric DEFAULT 2147483647,
    name character varying(60) NOT NULL,
    display_key character varying(60),
    orderable boolean DEFAULT true
);


ALTER TABLE clinlims.test OWNER TO clinlims;

--
-- Name: COLUMN test.id; Type: COMMENT; Schema: clinlims; Owner: clinlims
--

COMMENT ON COLUMN test.id IS 'Sequential value assigned on insert';


--
-- Name: COLUMN test.method_id; Type: COMMENT; Schema: clinlims; Owner: clinlims
--

COMMENT ON COLUMN test.method_id IS 'Sequential number';


--
-- Name: COLUMN test.description; Type: COMMENT; Schema: clinlims; Owner: clinlims
--

COMMENT ON COLUMN test.description IS 'Description for test';


--
-- Name: COLUMN test.reporting_description; Type: COMMENT; Schema: clinlims; Owner: clinlims
--

COMMENT ON COLUMN test.reporting_description IS 'Description for test that appears on reports';


--
-- Name: COLUMN test.is_active; Type: COMMENT; Schema: clinlims; Owner: clinlims
--

COMMENT ON COLUMN test.is_active IS 'Active status flag';


--
-- Name: COLUMN test.active_begin; Type: COMMENT; Schema: clinlims; Owner: clinlims
--

COMMENT ON COLUMN test.active_begin IS 'Active end date';


--
-- Name: COLUMN test.active_end; Type: COMMENT; Schema: clinlims; Owner: clinlims
--

COMMENT ON COLUMN test.active_end IS 'Active begin date';


--
-- Name: COLUMN test.is_reportable; Type: COMMENT; Schema: clinlims; Owner: clinlims
--

COMMENT ON COLUMN test.is_reportable IS 'The default flag indicating if ths test is reportable';


--
-- Name: COLUMN test.time_holding; Type: COMMENT; Schema: clinlims; Owner: clinlims
--

COMMENT ON COLUMN test.time_holding IS 'Max hours between collection and received time';


--
-- Name: COLUMN test.time_wait; Type: COMMENT; Schema: clinlims; Owner: clinlims
--

COMMENT ON COLUMN test.time_wait IS 'Hours to wait before analysis can begin';


--
-- Name: COLUMN test.time_ta_average; Type: COMMENT; Schema: clinlims; Owner: clinlims
--

COMMENT ON COLUMN test.time_ta_average IS 'Average hours for test to be reported';


--
-- Name: COLUMN test.time_ta_warning; Type: COMMENT; Schema: clinlims; Owner: clinlims
--

COMMENT ON COLUMN test.time_ta_warning IS 'Hours before issuing touraround warning for test not reported';


--
-- Name: COLUMN test.time_ta_max; Type: COMMENT; Schema: clinlims; Owner: clinlims
--

COMMENT ON COLUMN test.time_ta_max IS 'Max hours test should be in laboratory';


--
-- Name: COLUMN test.label_qty; Type: COMMENT; Schema: clinlims; Owner: clinlims
--

COMMENT ON COLUMN test.label_qty IS 'Number of labels to print';


--
-- Name: COLUMN test.display_key; Type: COMMENT; Schema: clinlims; Owner: clinlims
--

COMMENT ON COLUMN test.display_key IS 'Resource file lookup key for localization of displaying the name';


--
-- Name: COLUMN test.orderable; Type: COMMENT; Schema: clinlims; Owner: clinlims
--

COMMENT ON COLUMN test.orderable IS 'Should this test show in list of tests which can be ordered.  If not it is a reflex only test';


--
-- Name: test_section; Type: TABLE; Schema: clinlims; Owner: clinlims; Tablespace: 
--

CREATE TABLE test_section (
    id numeric(10,0) NOT NULL,
    name character varying(20),
    description character varying(60) NOT NULL,
    org_id numeric(10,0),
    is_external character varying(1),
    lastupdated timestamp(6) without time zone,
    parent_test_section numeric(10,0),
    display_key character varying(60),
    sort_order numeric DEFAULT 2147483647,
    is_active character varying(1) DEFAULT 'Y'::character varying
);


ALTER TABLE clinlims.test_section OWNER TO clinlims;

--
-- Name: COLUMN test_section.name; Type: COMMENT; Schema: clinlims; Owner: clinlims
--

COMMENT ON COLUMN test_section.name IS 'Short section name';


--
-- Name: COLUMN test_section.description; Type: COMMENT; Schema: clinlims; Owner: clinlims
--

COMMENT ON COLUMN test_section.description IS 'MDH Locations including various labs';


--
-- Name: COLUMN test_section.org_id; Type: COMMENT; Schema: clinlims; Owner: clinlims
--

COMMENT ON COLUMN test_section.org_id IS 'Sequential Numbering Field';


--
-- Name: COLUMN test_section.is_external; Type: COMMENT; Schema: clinlims; Owner: clinlims
--

COMMENT ON COLUMN test_section.is_external IS 'Flag indicating if section is external to organization (Y/N)';


--
-- Name: COLUMN test_section.display_key; Type: COMMENT; Schema: clinlims; Owner: clinlims
--

COMMENT ON COLUMN test_section.display_key IS 'Resource file lookup key for localization of displaying the name';


--
-- Name: hiv_patients; Type: VIEW; Schema: clinlims; Owner: clinlims
--

CREATE VIEW hiv_patients AS
    SELECT DISTINCT ON (pt.id) pt.id AS patient_id, pt.person_id, pt.gender, (age(a.started_date, pt.birth_date) < ((28)::double precision * '1 day'::interval)) AS infant, a.completed_date FROM ((((((analysis a JOIN sample_item si ON ((a.sampitem_id = si.id))) JOIN sample_human sh ON ((si.samp_id = sh.samp_id))) JOIN patient pt ON ((sh.patient_id = pt.id))) JOIN test t ON ((a.test_id = t.id))) JOIN test_section ts ON (((t.test_section_id = ts.id) AND ((ts.name)::text = 'VCT'::text)))) JOIN status_of_sample sos ON ((((sos.name)::text ~~ 'Finished'::text) AND (sos.id = to_number((a.status_id)::text, '999999999'::text))))) ORDER BY pt.id;


ALTER TABLE clinlims.hiv_patients OWNER TO clinlims;

--
-- Name: hl7_encoding_type_seq; Type: SEQUENCE; Schema: clinlims; Owner: clinlims
--

CREATE SEQUENCE hl7_encoding_type_seq
    START WITH 1
    INCREMENT BY 1
    NO MINVALUE
    NO MAXVALUE
    CACHE 1;


ALTER TABLE clinlims.hl7_encoding_type_seq OWNER TO clinlims;

--
-- Name: htmldb_plan_table; Type: TABLE; Schema: clinlims; Owner: clinlims; Tablespace: 
--

CREATE TABLE htmldb_plan_table (
    statement_id character varying(30),
    plan_id numeric,
    "timestamp" timestamp without time zone,
    remarks character varying(4000),
    operation character varying(30),
    options character varying(255),
    object_node character varying(128),
    object_owner character varying(30),
    object_name character varying(30),
    object_alias character varying(65),
    object_instance numeric,
    object_type character varying(30),
    optimizer character varying(255),
    search_columns numeric,
    id numeric,
    parent_id numeric,
    depth numeric,
    "position" numeric,
    cost numeric,
    cardinality numeric,
    bytes numeric,
    other_tag character varying(255),
    partition_start character varying(255),
    partition_stop character varying(255),
    partition_id numeric,
    other text,
    distribution character varying(30),
    cpu_cost numeric,
    io_cost numeric,
    temp_space numeric,
    access_predicates character varying(4000),
    filter_predicates character varying(4000),
    projection character varying(4000),
    "time" numeric,
    qblock_name character varying(30)
);


ALTER TABLE clinlims.htmldb_plan_table OWNER TO clinlims;

--
-- Name: instrument; Type: TABLE; Schema: clinlims; Owner: clinlims; Tablespace: 
--

CREATE TABLE instrument (
    id numeric(10,0) NOT NULL,
    scrip_id numeric(10,0),
    name character varying(20),
    description character varying(60),
    instru_type character varying(30),
    is_active character varying(1),
    location character varying(60)
);


ALTER TABLE clinlims.instrument OWNER TO clinlims;

--
-- Name: COLUMN instrument.name; Type: COMMENT; Schema: clinlims; Owner: clinlims
--

COMMENT ON COLUMN instrument.name IS 'Short name for instrument';


--
-- Name: COLUMN instrument.description; Type: COMMENT; Schema: clinlims; Owner: clinlims
--

COMMENT ON COLUMN instrument.description IS 'Instrument description';


--
-- Name: COLUMN instrument.instru_type; Type: COMMENT; Schema: clinlims; Owner: clinlims
--

COMMENT ON COLUMN instrument.instru_type IS 'Type of instrument: Mass Spec, HPLC, etc.';


--
-- Name: COLUMN instrument.is_active; Type: COMMENT; Schema: clinlims; Owner: clinlims
--

COMMENT ON COLUMN instrument.is_active IS 'Flag indicating if the instrument is active';


--
-- Name: COLUMN instrument.location; Type: COMMENT; Schema: clinlims; Owner: clinlims
--

COMMENT ON COLUMN instrument.location IS 'Location of instrument';


--
-- Name: instrument_analyte; Type: TABLE; Schema: clinlims; Owner: clinlims; Tablespace: 
--

CREATE TABLE instrument_analyte (
    id numeric(10,0) NOT NULL,
    analyte_id numeric(10,0),
    instru_id numeric(10,0),
    method_id numeric(10,0),
    result_group numeric
);


ALTER TABLE clinlims.instrument_analyte OWNER TO clinlims;

--
-- Name: COLUMN instrument_analyte.id; Type: COMMENT; Schema: clinlims; Owner: clinlims
--

COMMENT ON COLUMN instrument_analyte.id IS 'Sequential Identifier';


--
-- Name: COLUMN instrument_analyte.method_id; Type: COMMENT; Schema: clinlims; Owner: clinlims
--

COMMENT ON COLUMN instrument_analyte.method_id IS 'Sequential number';


--
-- Name: COLUMN instrument_analyte.result_group; Type: COMMENT; Schema: clinlims; Owner: clinlims
--

COMMENT ON COLUMN instrument_analyte.result_group IS 'A program generated group number';


--
-- Name: instrument_log; Type: TABLE; Schema: clinlims; Owner: clinlims; Tablespace: 
--

CREATE TABLE instrument_log (
    id numeric(10,0) NOT NULL,
    instru_id numeric(10,0),
    instlog_type character varying(1),
    event_begin timestamp without time zone,
    event_end timestamp without time zone
);


ALTER TABLE clinlims.instrument_log OWNER TO clinlims;

--
-- Name: COLUMN instrument_log.id; Type: COMMENT; Schema: clinlims; Owner: clinlims
--

COMMENT ON COLUMN instrument_log.id IS 'Sequential Identifier';


--
-- Name: COLUMN instrument_log.instlog_type; Type: COMMENT; Schema: clinlims; Owner: clinlims
--

COMMENT ON COLUMN instrument_log.instlog_type IS 'type of log entry: downtime, maintenance';


--
-- Name: COLUMN instrument_log.event_begin; Type: COMMENT; Schema: clinlims; Owner: clinlims
--

COMMENT ON COLUMN instrument_log.event_begin IS 'date-time logged event started';


--
-- Name: COLUMN instrument_log.event_end; Type: COMMENT; Schema: clinlims; Owner: clinlims
--

COMMENT ON COLUMN instrument_log.event_end IS 'Date-time logged event ended';


--
-- Name: inventory_component; Type: TABLE; Schema: clinlims; Owner: clinlims; Tablespace: 
--

CREATE TABLE inventory_component (
    id numeric(10,0) NOT NULL,
    invitem_id numeric(10,0),
    quantity numeric,
    material_component_id numeric(10,0)
);


ALTER TABLE clinlims.inventory_component OWNER TO clinlims;

--
-- Name: COLUMN inventory_component.quantity; Type: COMMENT; Schema: clinlims; Owner: clinlims
--

COMMENT ON COLUMN inventory_component.quantity IS 'Quantity of material required';


--
-- Name: inventory_item; Type: TABLE; Schema: clinlims; Owner: clinlims; Tablespace: 
--

CREATE TABLE inventory_item (
    id numeric(10,0) NOT NULL,
    uom_id numeric(10,0),
    name character varying(20),
    description character varying(60),
    quantity_min_level numeric,
    quantity_max_level numeric,
    quantity_to_reorder numeric,
    is_reorder_auto character varying(1),
    is_lot_maintained character varying(1),
    is_active character varying(1),
    average_lead_time numeric,
    average_cost numeric,
    average_daily_use numeric
);


ALTER TABLE clinlims.inventory_item OWNER TO clinlims;

--
-- Name: COLUMN inventory_item.name; Type: COMMENT; Schema: clinlims; Owner: clinlims
--

COMMENT ON COLUMN inventory_item.name IS 'Unique Short Name for this item ie "Red Top Tube"';


--
-- Name: COLUMN inventory_item.description; Type: COMMENT; Schema: clinlims; Owner: clinlims
--

COMMENT ON COLUMN inventory_item.description IS 'Description of Item';


--
-- Name: COLUMN inventory_item.quantity_min_level; Type: COMMENT; Schema: clinlims; Owner: clinlims
--

COMMENT ON COLUMN inventory_item.quantity_min_level IS 'Minimum inventory level';


--
-- Name: COLUMN inventory_item.quantity_max_level; Type: COMMENT; Schema: clinlims; Owner: clinlims
--

COMMENT ON COLUMN inventory_item.quantity_max_level IS 'Maximum Inventory Level';


--
-- Name: COLUMN inventory_item.quantity_to_reorder; Type: COMMENT; Schema: clinlims; Owner: clinlims
--

COMMENT ON COLUMN inventory_item.quantity_to_reorder IS 'Amount to reorder';


--
-- Name: COLUMN inventory_item.is_reorder_auto; Type: COMMENT; Schema: clinlims; Owner: clinlims
--

COMMENT ON COLUMN inventory_item.is_reorder_auto IS 'Flag indicating system should automatically reorder';


--
-- Name: COLUMN inventory_item.is_lot_maintained; Type: COMMENT; Schema: clinlims; Owner: clinlims
--

COMMENT ON COLUMN inventory_item.is_lot_maintained IS 'Indicates if individual lot information is maintained for this item';


--
-- Name: COLUMN inventory_item.is_active; Type: COMMENT; Schema: clinlims; Owner: clinlims
--

COMMENT ON COLUMN inventory_item.is_active IS 'Indicates if this item is available for use.';


--
-- Name: COLUMN inventory_item.average_lead_time; Type: COMMENT; Schema: clinlims; Owner: clinlims
--

COMMENT ON COLUMN inventory_item.average_lead_time IS 'Average lead time in days';


--
-- Name: COLUMN inventory_item.average_cost; Type: COMMENT; Schema: clinlims; Owner: clinlims
--

COMMENT ON COLUMN inventory_item.average_cost IS 'Average cost per unit';


--
-- Name: COLUMN inventory_item.average_daily_use; Type: COMMENT; Schema: clinlims; Owner: clinlims
--

COMMENT ON COLUMN inventory_item.average_daily_use IS 'Seasonally adjusted average usage per day';


--
-- Name: inventory_item_seq; Type: SEQUENCE; Schema: clinlims; Owner: clinlims
--

CREATE SEQUENCE inventory_item_seq
    START WITH 1
    INCREMENT BY 1
    NO MINVALUE
    NO MAXVALUE
    CACHE 1;


ALTER TABLE clinlims.inventory_item_seq OWNER TO clinlims;

--
-- Name: inventory_location; Type: TABLE; Schema: clinlims; Owner: clinlims; Tablespace: 
--

CREATE TABLE inventory_location (
    id numeric(10,0) NOT NULL,
    storage_id numeric(10,0),
    lot_number character varying(20),
    quantity_onhand numeric,
    expiration_date timestamp without time zone,
    inv_item_id numeric(10,0)
);


ALTER TABLE clinlims.inventory_location OWNER TO clinlims;

--
-- Name: COLUMN inventory_location.lot_number; Type: COMMENT; Schema: clinlims; Owner: clinlims
--

COMMENT ON COLUMN inventory_location.lot_number IS 'Lot number';


--
-- Name: COLUMN inventory_location.quantity_onhand; Type: COMMENT; Schema: clinlims; Owner: clinlims
--

COMMENT ON COLUMN inventory_location.quantity_onhand IS 'Number of units onhand';


--
-- Name: inventory_location_seq; Type: SEQUENCE; Schema: clinlims; Owner: clinlims
--

CREATE SEQUENCE inventory_location_seq
    START WITH 1
    INCREMENT BY 1
    NO MINVALUE
    NO MAXVALUE
    CACHE 1;


ALTER TABLE clinlims.inventory_location_seq OWNER TO clinlims;

--
-- Name: inventory_receipt; Type: TABLE; Schema: clinlims; Owner: clinlims; Tablespace: 
--

CREATE TABLE inventory_receipt (
    id numeric(10,0) NOT NULL,
    invitem_id numeric(10,0) NOT NULL,
    received_date timestamp without time zone,
    quantity_received numeric,
    unit_cost numeric,
    qc_reference character varying(20),
    external_reference character varying(20),
    org_id numeric(10,0)
);


ALTER TABLE clinlims.inventory_receipt OWNER TO clinlims;

--
-- Name: COLUMN inventory_receipt.received_date; Type: COMMENT; Schema: clinlims; Owner: clinlims
--

COMMENT ON COLUMN inventory_receipt.received_date IS 'Date and time item was received';


--
-- Name: COLUMN inventory_receipt.quantity_received; Type: COMMENT; Schema: clinlims; Owner: clinlims
--

COMMENT ON COLUMN inventory_receipt.quantity_received IS 'Number of units received';


--
-- Name: COLUMN inventory_receipt.unit_cost; Type: COMMENT; Schema: clinlims; Owner: clinlims
--

COMMENT ON COLUMN inventory_receipt.unit_cost IS 'Cost per unit item';


--
-- Name: COLUMN inventory_receipt.qc_reference; Type: COMMENT; Schema: clinlims; Owner: clinlims
--

COMMENT ON COLUMN inventory_receipt.qc_reference IS 'External QC reference number';


--
-- Name: COLUMN inventory_receipt.external_reference; Type: COMMENT; Schema: clinlims; Owner: clinlims
--

COMMENT ON COLUMN inventory_receipt.external_reference IS 'External reference to purchase order, invoice number.';


--
-- Name: inventory_receipt_seq; Type: SEQUENCE; Schema: clinlims; Owner: clinlims
--

CREATE SEQUENCE inventory_receipt_seq
    START WITH 1
    INCREMENT BY 1
    NO MINVALUE
    NO MAXVALUE
    CACHE 1;


ALTER TABLE clinlims.inventory_receipt_seq OWNER TO clinlims;

--
-- Name: lab_order_item; Type: TABLE; Schema: clinlims; Owner: clinlims; Tablespace: 
--

CREATE TABLE lab_order_item (
    id numeric(10,0) NOT NULL,
    lab_order_type_id numeric(10,0) NOT NULL,
    table_ref numeric(10,0),
    record_id numeric(10,0),
    identifier character varying(20),
    action character varying(20),
    lastupdated timestamp with time zone DEFAULT now()
);


ALTER TABLE clinlims.lab_order_item OWNER TO clinlims;

--
-- Name: TABLE lab_order_item; Type: COMMENT; Schema: clinlims; Owner: clinlims
--

COMMENT ON TABLE lab_order_item IS 'Association table between lab order type and the thing they affect';


--
-- Name: COLUMN lab_order_item.lab_order_type_id; Type: COMMENT; Schema: clinlims; Owner: clinlims
--

COMMENT ON COLUMN lab_order_item.lab_order_type_id IS 'The lab order type this refers to';


--
-- Name: COLUMN lab_order_item.table_ref; Type: COMMENT; Schema: clinlims; Owner: clinlims
--

COMMENT ON COLUMN lab_order_item.table_ref IS 'If the thing it refers to is a db object what table is it in';


--
-- Name: COLUMN lab_order_item.record_id; Type: COMMENT; Schema: clinlims; Owner: clinlims
--

COMMENT ON COLUMN lab_order_item.record_id IS 'If the thing it refers to is a db object what record in the table is it';


--
-- Name: COLUMN lab_order_item.identifier; Type: COMMENT; Schema: clinlims; Owner: clinlims
--

COMMENT ON COLUMN lab_order_item.identifier IS 'If this is not a db object then another way to identify it.  could be a class name on a form';


--
-- Name: COLUMN lab_order_item.action; Type: COMMENT; Schema: clinlims; Owner: clinlims
--

COMMENT ON COLUMN lab_order_item.action IS 'What should happen if this is in a lab order type';


--
-- Name: lab_order_item_seq; Type: SEQUENCE; Schema: clinlims; Owner: clinlims
--

CREATE SEQUENCE lab_order_item_seq
    START WITH 1
    INCREMENT BY 1
    NO MINVALUE
    NO MAXVALUE
    CACHE 1;


ALTER TABLE clinlims.lab_order_item_seq OWNER TO clinlims;

--
-- Name: lab_order_type; Type: TABLE; Schema: clinlims; Owner: clinlims; Tablespace: 
--

CREATE TABLE lab_order_type (
    id numeric(10,0) NOT NULL,
    domain character varying(20) NOT NULL,
    type character varying(40) NOT NULL,
    context character varying(60),
    description character varying(60),
    sort_order numeric,
    lastupdated timestamp with time zone,
    display_key character varying(60)
);


ALTER TABLE clinlims.lab_order_type OWNER TO clinlims;

--
-- Name: TABLE lab_order_type; Type: COMMENT; Schema: clinlims; Owner: clinlims
--

COMMENT ON TABLE lab_order_type IS 'If lab differentiates based on the type of order i.e. first visit, follow-up.  The types are defined here';


--
-- Name: COLUMN lab_order_type.domain; Type: COMMENT; Schema: clinlims; Owner: clinlims
--

COMMENT ON COLUMN lab_order_type.domain IS 'Refers to Human, Environmental, New born etc';


--
-- Name: COLUMN lab_order_type.type; Type: COMMENT; Schema: clinlims; Owner: clinlims
--

COMMENT ON COLUMN lab_order_type.type IS 'The lab order type i.e. first visit, follow-up etc';


--
-- Name: COLUMN lab_order_type.context; Type: COMMENT; Schema: clinlims; Owner: clinlims
--

COMMENT ON COLUMN lab_order_type.context IS 'What is the context that this type is significant. i.e. Sample Entry, confirmation entry';


--
-- Name: COLUMN lab_order_type.sort_order; Type: COMMENT; Schema: clinlims; Owner: clinlims
--

COMMENT ON COLUMN lab_order_type.sort_order IS 'What is the order when displayed to the user';


--
-- Name: COLUMN lab_order_type.display_key; Type: COMMENT; Schema: clinlims; Owner: clinlims
--

COMMENT ON COLUMN lab_order_type.display_key IS 'Localization information.  Match found in MessageResource.properties';


--
-- Name: lab_order_type_seq; Type: SEQUENCE; Schema: clinlims; Owner: clinlims
--

CREATE SEQUENCE lab_order_type_seq
    START WITH 1
    INCREMENT BY 1
    NO MINVALUE
    NO MAXVALUE
    CACHE 1;


ALTER TABLE clinlims.lab_order_type_seq OWNER TO clinlims;

--
-- Name: label; Type: TABLE; Schema: clinlims; Owner: clinlims; Tablespace: 
--

CREATE TABLE label (
    id numeric(10,0) NOT NULL,
    name character varying(30),
    description character varying(60),
    printer_type character(1),
    scriptlet_id numeric(10,0),
    lastupdated timestamp(6) without time zone
);


ALTER TABLE clinlims.label OWNER TO clinlims;

--
-- Name: label_seq; Type: SEQUENCE; Schema: clinlims; Owner: clinlims
--

CREATE SEQUENCE label_seq
    START WITH 3
    INCREMENT BY 1
    NO MINVALUE
    NO MAXVALUE
    CACHE 1;


ALTER TABLE clinlims.label_seq OWNER TO clinlims;

--
-- Name: login_user; Type: TABLE; Schema: clinlims; Owner: clinlims; Tablespace: 
--

CREATE TABLE login_user (
    id numeric(10,0) NOT NULL,
    login_name character varying(20) NOT NULL,
    password character varying(256) NOT NULL,
    password_expired_dt date NOT NULL,
    account_locked character varying(1) NOT NULL,
    account_disabled character varying(1) NOT NULL,
    is_admin character varying(1) NOT NULL,
    user_time_out character varying(3) NOT NULL
);


ALTER TABLE clinlims.login_user OWNER TO clinlims;

--
-- Name: COLUMN login_user.login_name; Type: COMMENT; Schema: clinlims; Owner: clinlims
--

COMMENT ON COLUMN login_user.login_name IS 'User LOGIN_NAME from SYSTEM_USER table';


--
-- Name: COLUMN login_user.password; Type: COMMENT; Schema: clinlims; Owner: clinlims
--

COMMENT ON COLUMN login_user.password IS 'User password';


--
-- Name: COLUMN login_user.password_expired_dt; Type: COMMENT; Schema: clinlims; Owner: clinlims
--

COMMENT ON COLUMN login_user.password_expired_dt IS 'Password expiration date';


--
-- Name: COLUMN login_user.account_locked; Type: COMMENT; Schema: clinlims; Owner: clinlims
--

COMMENT ON COLUMN login_user.account_locked IS 'Account locked (Y/N)';


--
-- Name: COLUMN login_user.account_disabled; Type: COMMENT; Schema: clinlims; Owner: clinlims
--

COMMENT ON COLUMN login_user.account_disabled IS 'Account disabled (Y/N)';


--
-- Name: COLUMN login_user.is_admin; Type: COMMENT; Schema: clinlims; Owner: clinlims
--

COMMENT ON COLUMN login_user.is_admin IS 'Indicates if this user is administrator (Y/N)';


--
-- Name: COLUMN login_user.user_time_out; Type: COMMENT; Schema: clinlims; Owner: clinlims
--

COMMENT ON COLUMN login_user.user_time_out IS 'User session time out in minute';


--
-- Name: login_user_seq; Type: SEQUENCE; Schema: clinlims; Owner: clinlims
--

CREATE SEQUENCE login_user_seq
    START WITH 0
    INCREMENT BY 1
    MINVALUE 0
    NO MAXVALUE
    CACHE 1;


ALTER TABLE clinlims.login_user_seq OWNER TO clinlims;

--
-- Name: menu; Type: TABLE; Schema: clinlims; Owner: clinlims; Tablespace: 
--

CREATE TABLE menu (
    id numeric(10,0) NOT NULL,
    parent_id numeric(10,0),
    presentation_order numeric,
    element_id character varying(40) NOT NULL,
    action_url character varying(120),
    click_action character varying(120),
    display_key character varying(60),
    tool_tip_key character varying(60),
    new_window boolean DEFAULT false
);


ALTER TABLE clinlims.menu OWNER TO clinlims;

--
-- Name: TABLE menu; Type: COMMENT; Schema: clinlims; Owner: clinlims
--

COMMENT ON TABLE menu IS 'Table for menuing system';


--
-- Name: COLUMN menu.id; Type: COMMENT; Schema: clinlims; Owner: clinlims
--

COMMENT ON COLUMN menu.id IS 'primary key';


--
-- Name: COLUMN menu.parent_id; Type: COMMENT; Schema: clinlims; Owner: clinlims
--

COMMENT ON COLUMN menu.parent_id IS 'If this is a submenu then the parent menu id';


--
-- Name: COLUMN menu.presentation_order; Type: COMMENT; Schema: clinlims; Owner: clinlims
--

COMMENT ON COLUMN menu.presentation_order IS 'For top level menus the order across the page for sub menu the order in the popup menu.  If there is a collision then the order is alphebetical';


--
-- Name: COLUMN menu.element_id; Type: COMMENT; Schema: clinlims; Owner: clinlims
--

COMMENT ON COLUMN menu.element_id IS 'The element id in the context of HTML.';


--
-- Name: COLUMN menu.action_url; Type: COMMENT; Schema: clinlims; Owner: clinlims
--

COMMENT ON COLUMN menu.action_url IS 'If clicking on the element moves to a new page, the url of that page';


--
-- Name: COLUMN menu.click_action; Type: COMMENT; Schema: clinlims; Owner: clinlims
--

COMMENT ON COLUMN menu.click_action IS 'If clicking on the element calls javascript then the javascript call';


--
-- Name: COLUMN menu.display_key; Type: COMMENT; Schema: clinlims; Owner: clinlims
--

COMMENT ON COLUMN menu.display_key IS 'The message key for what will be displayed in the menu';


--
-- Name: COLUMN menu.tool_tip_key; Type: COMMENT; Schema: clinlims; Owner: clinlims
--

COMMENT ON COLUMN menu.tool_tip_key IS 'The message key for the tool-tip';


--
-- Name: COLUMN menu.new_window; Type: COMMENT; Schema: clinlims; Owner: clinlims
--

COMMENT ON COLUMN menu.new_window IS 'If true the menu action will be done in a new window';


--
-- Name: menu_seq; Type: SEQUENCE; Schema: clinlims; Owner: clinlims
--

CREATE SEQUENCE menu_seq
    START WITH 1
    INCREMENT BY 1
    NO MINVALUE
    NO MAXVALUE
    CACHE 1;


ALTER TABLE clinlims.menu_seq OWNER TO clinlims;

--
-- Name: message_org; Type: TABLE; Schema: clinlims; Owner: clinlims; Tablespace: 
--

CREATE TABLE message_org (
    id numeric(10,0) NOT NULL,
    org_id character varying(60),
    is_active character varying(1),
    active_begin timestamp without time zone,
    active_end timestamp without time zone,
    description character varying(60),
    lastupdated timestamp(6) without time zone
);


ALTER TABLE clinlims.message_org OWNER TO clinlims;

--
-- Name: message_org_seq; Type: SEQUENCE; Schema: clinlims; Owner: clinlims
--

CREATE SEQUENCE message_org_seq
    START WITH 41
    INCREMENT BY 1
    NO MINVALUE
    NO MAXVALUE
    CACHE 20;


ALTER TABLE clinlims.message_org_seq OWNER TO clinlims;

--
-- Name: messagecontrolidseq; Type: SEQUENCE; Schema: clinlims; Owner: clinlims
--

CREATE SEQUENCE messagecontrolidseq
    START WITH 1
    INCREMENT BY 1
    NO MINVALUE
    NO MAXVALUE
    CACHE 1;


ALTER TABLE clinlims.messagecontrolidseq OWNER TO clinlims;

--
-- Name: method; Type: TABLE; Schema: clinlims; Owner: clinlims; Tablespace: 
--

CREATE TABLE method (
    id numeric(10,0) NOT NULL,
    name character varying(20) NOT NULL,
    description character varying(60) NOT NULL,
    reporting_description character varying(60),
    is_active character varying(1),
    active_begin timestamp without time zone,
    active_end timestamp without time zone,
    lastupdated timestamp(6) without time zone
);


ALTER TABLE clinlims.method OWNER TO clinlims;

--
-- Name: COLUMN method.id; Type: COMMENT; Schema: clinlims; Owner: clinlims
--

COMMENT ON COLUMN method.id IS 'Sequential number';


--
-- Name: COLUMN method.name; Type: COMMENT; Schema: clinlims; Owner: clinlims
--

COMMENT ON COLUMN method.name IS 'Sort name for method';


--
-- Name: COLUMN method.description; Type: COMMENT; Schema: clinlims; Owner: clinlims
--

COMMENT ON COLUMN method.description IS 'Description for Method';


--
-- Name: COLUMN method.reporting_description; Type: COMMENT; Schema: clinlims; Owner: clinlims
--

COMMENT ON COLUMN method.reporting_description IS 'Description that appears on reports';


--
-- Name: COLUMN method.is_active; Type: COMMENT; Schema: clinlims; Owner: clinlims
--

COMMENT ON COLUMN method.is_active IS 'Flag indicating if the test is active';


--
-- Name: COLUMN method.active_begin; Type: COMMENT; Schema: clinlims; Owner: clinlims
--

COMMENT ON COLUMN method.active_begin IS 'Date test was moved into production';


--
-- Name: COLUMN method.active_end; Type: COMMENT; Schema: clinlims; Owner: clinlims
--

COMMENT ON COLUMN method.active_end IS 'Date test was removed from production';


--
-- Name: method_analyte; Type: TABLE; Schema: clinlims; Owner: clinlims; Tablespace: 
--

CREATE TABLE method_analyte (
    id numeric(10,0) NOT NULL,
    method_id numeric(10,0),
    analyte_id numeric(10,0),
    result_group numeric,
    sort_order numeric,
    ma_type character varying(1)
);


ALTER TABLE clinlims.method_analyte OWNER TO clinlims;

--
-- Name: COLUMN method_analyte.method_id; Type: COMMENT; Schema: clinlims; Owner: clinlims
--

COMMENT ON COLUMN method_analyte.method_id IS 'Sequential number';


--
-- Name: COLUMN method_analyte.result_group; Type: COMMENT; Schema: clinlims; Owner: clinlims
--

COMMENT ON COLUMN method_analyte.result_group IS 'a program generated group (sequence) number';


--
-- Name: COLUMN method_analyte.sort_order; Type: COMMENT; Schema: clinlims; Owner: clinlims
--

COMMENT ON COLUMN method_analyte.sort_order IS 'The order the analytes are displayed (sort order)';


--
-- Name: COLUMN method_analyte.ma_type; Type: COMMENT; Schema: clinlims; Owner: clinlims
--

COMMENT ON COLUMN method_analyte.ma_type IS 'type of analyte';


--
-- Name: method_result; Type: TABLE; Schema: clinlims; Owner: clinlims; Tablespace: 
--

CREATE TABLE method_result (
    id numeric(10,0) NOT NULL,
    scrip_id numeric(10,0),
    result_group numeric,
    flags character varying(10),
    methres_type character varying(1),
    value character varying(80),
    quant_limit character varying(30),
    cont_level character varying(30),
    method_id numeric(10,0)
);


ALTER TABLE clinlims.method_result OWNER TO clinlims;

--
-- Name: COLUMN method_result.result_group; Type: COMMENT; Schema: clinlims; Owner: clinlims
--

COMMENT ON COLUMN method_result.result_group IS 'The method analyte result group number';


--
-- Name: COLUMN method_result.flags; Type: COMMENT; Schema: clinlims; Owner: clinlims
--

COMMENT ON COLUMN method_result.flags IS 'A string of 1 character codes: Positive, Reportable';


--
-- Name: COLUMN method_result.methres_type; Type: COMMENT; Schema: clinlims; Owner: clinlims
--

COMMENT ON COLUMN method_result.methres_type IS 'Type of parameter: Dictionary, Titer-range, Number-range, date';


--
-- Name: COLUMN method_result.value; Type: COMMENT; Schema: clinlims; Owner: clinlims
--

COMMENT ON COLUMN method_result.value IS 'A possible result value based on type';


--
-- Name: COLUMN method_result.quant_limit; Type: COMMENT; Schema: clinlims; Owner: clinlims
--

COMMENT ON COLUMN method_result.quant_limit IS 'Quantitation Limit (if any)';


--
-- Name: COLUMN method_result.cont_level; Type: COMMENT; Schema: clinlims; Owner: clinlims
--

COMMENT ON COLUMN method_result.cont_level IS 'Contaminant level (if any)';


--
-- Name: method_seq; Type: SEQUENCE; Schema: clinlims; Owner: clinlims
--

CREATE SEQUENCE method_seq
    START WITH 1
    INCREMENT BY 1
    NO MINVALUE
    NO MAXVALUE
    CACHE 1;


ALTER TABLE clinlims.method_seq OWNER TO clinlims;

--
-- Name: mls_lab_type; Type: TABLE; Schema: clinlims; Owner: clinlims; Tablespace: 
--

CREATE TABLE mls_lab_type (
    id numeric(10,0) NOT NULL,
    description character varying(50) NOT NULL,
    org_mlt_org_mlt_id numeric(10,0)
);


ALTER TABLE clinlims.mls_lab_type OWNER TO clinlims;

--
-- Name: COLUMN mls_lab_type.id; Type: COMMENT; Schema: clinlims; Owner: clinlims
--

COMMENT ON COLUMN mls_lab_type.id IS 'Sequential ID';


--
-- Name: COLUMN mls_lab_type.description; Type: COMMENT; Schema: clinlims; Owner: clinlims
--

COMMENT ON COLUMN mls_lab_type.description IS 'Used to define MLS lab types including Level A, Urine, Virology';


--
-- Name: note; Type: TABLE; Schema: clinlims; Owner: clinlims; Tablespace: 
--

CREATE TABLE note (
    id numeric(10,0) NOT NULL,
    sys_user_id numeric(10,0),
    reference_id numeric,
    reference_table numeric,
    note_type character varying(1),
    subject character varying(60),
    text character varying(1000),
    lastupdated timestamp(6) without time zone
);


ALTER TABLE clinlims.note OWNER TO clinlims;

--
-- Name: COLUMN note.sys_user_id; Type: COMMENT; Schema: clinlims; Owner: clinlims
--

COMMENT ON COLUMN note.sys_user_id IS 'Sequential Identifier';


--
-- Name: COLUMN note.reference_id; Type: COMMENT; Schema: clinlims; Owner: clinlims
--

COMMENT ON COLUMN note.reference_id IS 'Link to record in table to which this entry pertains.';


--
-- Name: COLUMN note.reference_table; Type: COMMENT; Schema: clinlims; Owner: clinlims
--

COMMENT ON COLUMN note.reference_table IS 'Link to table that this entity belongs to';


--
-- Name: COLUMN note.note_type; Type: COMMENT; Schema: clinlims; Owner: clinlims
--

COMMENT ON COLUMN note.note_type IS 'Type of comment such as external, internal';


--
-- Name: COLUMN note.subject; Type: COMMENT; Schema: clinlims; Owner: clinlims
--

COMMENT ON COLUMN note.subject IS 'Comment subject';


--
-- Name: note_seq; Type: SEQUENCE; Schema: clinlims; Owner: clinlims
--

CREATE SEQUENCE note_seq
    START WITH 1
    INCREMENT BY 1
    NO MINVALUE
    NO MAXVALUE
    CACHE 20;


ALTER TABLE clinlims.note_seq OWNER TO clinlims;

--
-- Name: observation_history; Type: TABLE; Schema: clinlims; Owner: clinlims; Tablespace: 
--

CREATE TABLE observation_history (
    id numeric(10,0) NOT NULL,
    patient_id numeric(10,0) NOT NULL,
    sample_id numeric(10,0) NOT NULL,
    observation_history_type_id numeric(10,0) NOT NULL,
    value_type character varying(5) NOT NULL,
    value character varying(80),
    lastupdated timestamp with time zone,
    sample_item_id numeric(10,0)
);


ALTER TABLE clinlims.observation_history OWNER TO clinlims;

--
-- Name: TABLE observation_history; Type: COMMENT; Schema: clinlims; Owner: clinlims
--

COMMENT ON TABLE observation_history IS 'defines the answer at the time of a interview (with sample) to a demographic question.';


--
-- Name: COLUMN observation_history.id; Type: COMMENT; Schema: clinlims; Owner: clinlims
--

COMMENT ON COLUMN observation_history.id IS 'primary key';


--
-- Name: COLUMN observation_history.patient_id; Type: COMMENT; Schema: clinlims; Owner: clinlims
--

COMMENT ON COLUMN observation_history.patient_id IS 'FK linking this information to a patient';


--
-- Name: COLUMN observation_history.sample_id; Type: COMMENT; Schema: clinlims; Owner: clinlims
--

COMMENT ON COLUMN observation_history.sample_id IS 'FK linking this information to a sample (and a collection date).';


--
-- Name: COLUMN observation_history.observation_history_type_id; Type: COMMENT; Schema: clinlims; Owner: clinlims
--

COMMENT ON COLUMN observation_history.observation_history_type_id IS 'FK to type table to define what is contained in the value column';


--
-- Name: COLUMN observation_history.value_type; Type: COMMENT; Schema: clinlims; Owner: clinlims
--

COMMENT ON COLUMN observation_history.value_type IS 'L=local or literal, a value right here in the history table. D=Defined/Dictionary, the value is a foreign key to the Dictionary table. For multiple choice questions with fixed answers.';


--
-- Name: COLUMN observation_history.value; Type: COMMENT; Schema: clinlims; Owner: clinlims
--

COMMENT ON COLUMN observation_history.value IS 'either a literal value for this demo. type, or a Foreign key to dictionary';


--
-- Name: COLUMN observation_history.sample_item_id; Type: COMMENT; Schema: clinlims; Owner: clinlims
--

COMMENT ON COLUMN observation_history.sample_item_id IS 'Optional refereence to sample item';


--
-- Name: observation_history_seq; Type: SEQUENCE; Schema: clinlims; Owner: clinlims
--

CREATE SEQUENCE observation_history_seq
    START WITH 0
    INCREMENT BY 1
    MINVALUE 0
    NO MAXVALUE
    CACHE 1;


ALTER TABLE clinlims.observation_history_seq OWNER TO clinlims;

--
-- Name: observation_history_type; Type: TABLE; Schema: clinlims; Owner: clinlims; Tablespace: 
--

CREATE TABLE observation_history_type (
    id numeric(10,0) NOT NULL,
    type_name character varying(30) NOT NULL,
    description character varying(400),
    lastupdated timestamp with time zone
);


ALTER TABLE clinlims.observation_history_type OWNER TO clinlims;

--
-- Name: TABLE observation_history_type; Type: COMMENT; Schema: clinlims; Owner: clinlims
--

COMMENT ON TABLE observation_history_type IS 'defines the possible classes of values allowed in the demo. history table.';


--
-- Name: COLUMN observation_history_type.id; Type: COMMENT; Schema: clinlims; Owner: clinlims
--

COMMENT ON COLUMN observation_history_type.id IS 'primary key';


--
-- Name: COLUMN observation_history_type.type_name; Type: COMMENT; Schema: clinlims; Owner: clinlims
--

COMMENT ON COLUMN observation_history_type.type_name IS 'a short tag (1 word) for this type. What was asked "Gender", "HIVPositive" etc.';


--
-- Name: COLUMN observation_history_type.description; Type: COMMENT; Schema: clinlims; Owner: clinlims
--

COMMENT ON COLUMN observation_history_type.description IS 'a long description of this type.';


--
-- Name: COLUMN observation_history_type.lastupdated; Type: COMMENT; Schema: clinlims; Owner: clinlims
--

COMMENT ON COLUMN observation_history_type.lastupdated IS 'the last time this item was written to the database.';


--
-- Name: observation_history_type_seq; Type: SEQUENCE; Schema: clinlims; Owner: clinlims
--

CREATE SEQUENCE observation_history_type_seq
    START WITH 0
    INCREMENT BY 1
    MINVALUE 0
    NO MAXVALUE
    CACHE 1;


ALTER TABLE clinlims.observation_history_type_seq OWNER TO clinlims;

--
-- Name: occupation; Type: TABLE; Schema: clinlims; Owner: clinlims; Tablespace: 
--

CREATE TABLE occupation (
    id numeric(10,0) NOT NULL,
    occupation character varying(300),
    lastupdated timestamp without time zone
);


ALTER TABLE clinlims.occupation OWNER TO clinlims;

--
-- Name: occupation_seq; Type: SEQUENCE; Schema: clinlims; Owner: clinlims
--

CREATE SEQUENCE occupation_seq
    START WITH 1
    INCREMENT BY 1
    NO MINVALUE
    NO MAXVALUE
    CACHE 20;


ALTER TABLE clinlims.occupation_seq OWNER TO clinlims;

--
-- Name: or_properties; Type: TABLE; Schema: clinlims; Owner: clinlims; Tablespace: 
--

CREATE TABLE or_properties (
    property_id integer NOT NULL,
    property_key character varying(255) NOT NULL,
    property_value character varying(255)
);


ALTER TABLE clinlims.or_properties OWNER TO clinlims;

--
-- Name: or_tags; Type: TABLE; Schema: clinlims; Owner: clinlims; Tablespace: 
--

CREATE TABLE or_tags (
    tag_id integer NOT NULL,
    tagged_object_id integer NOT NULL,
    tagged_object_class character varying(255) NOT NULL,
    tag_value character varying(255) NOT NULL,
    tag_type character varying(255) NOT NULL
);


ALTER TABLE clinlims.or_tags OWNER TO clinlims;

--
-- Name: order_item; Type: TABLE; Schema: clinlims; Owner: clinlims; Tablespace: 
--

CREATE TABLE order_item (
    id numeric(10,0) NOT NULL,
    ord_id numeric(10,0) NOT NULL,
    quantity_requested numeric,
    quantity_received numeric,
    inv_loc_id numeric(10,0)
);


ALTER TABLE clinlims.order_item OWNER TO clinlims;

--
-- Name: COLUMN order_item.quantity_requested; Type: COMMENT; Schema: clinlims; Owner: clinlims
--

COMMENT ON COLUMN order_item.quantity_requested IS 'Quantity requested by organization';


--
-- Name: COLUMN order_item.quantity_received; Type: COMMENT; Schema: clinlims; Owner: clinlims
--

COMMENT ON COLUMN order_item.quantity_received IS 'Quantity received';


--
-- Name: orders; Type: TABLE; Schema: clinlims; Owner: clinlims; Tablespace: 
--

CREATE TABLE orders (
    id numeric(10,0) NOT NULL,
    org_id numeric(10,0) NOT NULL,
    sys_user_id numeric(10,0),
    ordered_date timestamp without time zone,
    neededby_date timestamp without time zone,
    requested_by character varying(30),
    cost_center character varying(15),
    shipping_type character varying(2),
    shipping_carrier character varying(2),
    shipping_cost numeric,
    delivered_date timestamp without time zone,
    is_external character varying(1),
    external_order_number character varying(20),
    is_filled character varying(1)
);


ALTER TABLE clinlims.orders OWNER TO clinlims;

--
-- Name: COLUMN orders.org_id; Type: COMMENT; Schema: clinlims; Owner: clinlims
--

COMMENT ON COLUMN orders.org_id IS 'Sequential Numbering Field';


--
-- Name: COLUMN orders.sys_user_id; Type: COMMENT; Schema: clinlims; Owner: clinlims
--

COMMENT ON COLUMN orders.sys_user_id IS 'Sequential Identifier';


--
-- Name: COLUMN orders.neededby_date; Type: COMMENT; Schema: clinlims; Owner: clinlims
--

COMMENT ON COLUMN orders.neededby_date IS 'Date-time the order must be received by client';


--
-- Name: COLUMN orders.requested_by; Type: COMMENT; Schema: clinlims; Owner: clinlims
--

COMMENT ON COLUMN orders.requested_by IS 'Name of person/entity who placed the order';


--
-- Name: COLUMN orders.cost_center; Type: COMMENT; Schema: clinlims; Owner: clinlims
--

COMMENT ON COLUMN orders.cost_center IS 'Entity or project the order will be charged against';


--
-- Name: COLUMN orders.shipping_type; Type: COMMENT; Schema: clinlims; Owner: clinlims
--

COMMENT ON COLUMN orders.shipping_type IS 'Type of shipping such as: Air, ground, First Class, Bulk....';


--
-- Name: COLUMN orders.shipping_carrier; Type: COMMENT; Schema: clinlims; Owner: clinlims
--

COMMENT ON COLUMN orders.shipping_carrier IS 'Company used for shipping: UPS, FedEx, USPS...';


--
-- Name: COLUMN orders.shipping_cost; Type: COMMENT; Schema: clinlims; Owner: clinlims
--

COMMENT ON COLUMN orders.shipping_cost IS 'Shipping Cost';


--
-- Name: COLUMN orders.delivered_date; Type: COMMENT; Schema: clinlims; Owner: clinlims
--

COMMENT ON COLUMN orders.delivered_date IS 'Date-time shipment received by client (including us)';


--
-- Name: COLUMN orders.is_external; Type: COMMENT; Schema: clinlims; Owner: clinlims
--

COMMENT ON COLUMN orders.is_external IS 'Indicates if current order will be filled by an external vendor';


--
-- Name: COLUMN orders.external_order_number; Type: COMMENT; Schema: clinlims; Owner: clinlims
--

COMMENT ON COLUMN orders.external_order_number IS 'External order number';


--
-- Name: COLUMN orders.is_filled; Type: COMMENT; Schema: clinlims; Owner: clinlims
--

COMMENT ON COLUMN orders.is_filled IS 'Flag indicating if the order has been filled';


--
-- Name: org_hl7_encoding_type; Type: TABLE; Schema: clinlims; Owner: clinlims; Tablespace: 
--

CREATE TABLE org_hl7_encoding_type (
    organization_id numeric(10,0) NOT NULL,
    encoding_type_id numeric(10,0) NOT NULL,
    lastupdated timestamp with time zone
);


ALTER TABLE clinlims.org_hl7_encoding_type OWNER TO clinlims;

--
-- Name: TABLE org_hl7_encoding_type; Type: COMMENT; Schema: clinlims; Owner: clinlims
--

COMMENT ON TABLE org_hl7_encoding_type IS 'mapping table to identify which organization uses which hly encoding schema';


--
-- Name: org_mls_lab_type; Type: TABLE; Schema: clinlims; Owner: clinlims; Tablespace: 
--

CREATE TABLE org_mls_lab_type (
    org_id numeric NOT NULL,
    mls_lab_id numeric NOT NULL,
    org_mlt_id numeric(10,0) NOT NULL
);


ALTER TABLE clinlims.org_mls_lab_type OWNER TO clinlims;

--
-- Name: COLUMN org_mls_lab_type.org_id; Type: COMMENT; Schema: clinlims; Owner: clinlims
--

COMMENT ON COLUMN org_mls_lab_type.org_id IS 'foreign key from organization table';


--
-- Name: COLUMN org_mls_lab_type.mls_lab_id; Type: COMMENT; Schema: clinlims; Owner: clinlims
--

COMMENT ON COLUMN org_mls_lab_type.mls_lab_id IS 'foreign key from MLS lab type table';


--
-- Name: organization; Type: TABLE; Schema: clinlims; Owner: clinlims; Tablespace: 
--

CREATE TABLE organization (
    id numeric(10,0) NOT NULL,
    name character varying(80) NOT NULL,
    city character varying(30),
    zip_code character varying(10),
    mls_sentinel_lab_flag character varying(1) DEFAULT 'N'::character varying NOT NULL,
    org_mlt_org_mlt_id numeric(10,0),
    org_id numeric(10,0),
    short_name character varying(15),
    multiple_unit character varying(30),
    street_address character varying(30),
    state character varying(2),
    internet_address character varying(40),
    clia_num character varying(12),
    pws_id character varying(15),
    lastupdated timestamp(6) without time zone,
    mls_lab_flag character(1),
    is_active character(1),
    local_abbrev character varying(10),
    code character varying(20)
);


ALTER TABLE clinlims.organization OWNER TO clinlims;

--
-- Name: COLUMN organization.id; Type: COMMENT; Schema: clinlims; Owner: clinlims
--

COMMENT ON COLUMN organization.id IS 'Sequential Numbering Field';


--
-- Name: COLUMN organization.name; Type: COMMENT; Schema: clinlims; Owner: clinlims
--

COMMENT ON COLUMN organization.name IS 'The full name of an organization';


--
-- Name: COLUMN organization.city; Type: COMMENT; Schema: clinlims; Owner: clinlims
--

COMMENT ON COLUMN organization.city IS 'City';


--
-- Name: COLUMN organization.zip_code; Type: COMMENT; Schema: clinlims; Owner: clinlims
--

COMMENT ON COLUMN organization.zip_code IS 'Zip code';


--
-- Name: COLUMN organization.mls_sentinel_lab_flag; Type: COMMENT; Schema: clinlims; Owner: clinlims
--

COMMENT ON COLUMN organization.mls_sentinel_lab_flag IS 'Yes or No field indicating that the submitter is an Minnesota Laboratory System Lab';


--
-- Name: COLUMN organization.org_id; Type: COMMENT; Schema: clinlims; Owner: clinlims
--

COMMENT ON COLUMN organization.org_id IS 'Sequential Numbering Field';


--
-- Name: COLUMN organization.short_name; Type: COMMENT; Schema: clinlims; Owner: clinlims
--

COMMENT ON COLUMN organization.short_name IS 'A shortened or abbreviated name of an organization. For example "BCBSM" is the short name for Blue Cross Blue Shield Minnesota';


--
-- Name: COLUMN organization.multiple_unit; Type: COMMENT; Schema: clinlims; Owner: clinlims
--

COMMENT ON COLUMN organization.multiple_unit IS 'Apartment number or unit information';


--
-- Name: COLUMN organization.street_address; Type: COMMENT; Schema: clinlims; Owner: clinlims
--

COMMENT ON COLUMN organization.street_address IS 'Street address for this organization';


--
-- Name: COLUMN organization.state; Type: COMMENT; Schema: clinlims; Owner: clinlims
--

COMMENT ON COLUMN organization.state IS 'State or Province';


--
-- Name: COLUMN organization.internet_address; Type: COMMENT; Schema: clinlims; Owner: clinlims
--

COMMENT ON COLUMN organization.internet_address IS 'A uniform resource locator (URL), ie a website address assigned to an entity or pager.';


--
-- Name: COLUMN organization.clia_num; Type: COMMENT; Schema: clinlims; Owner: clinlims
--

COMMENT ON COLUMN organization.clia_num IS 'Clinical Laboratory Improvement Amendments number';


--
-- Name: COLUMN organization.pws_id; Type: COMMENT; Schema: clinlims; Owner: clinlims
--

COMMENT ON COLUMN organization.pws_id IS 'Public water supply id (SDWIS)';


--
-- Name: COLUMN organization.code; Type: COMMENT; Schema: clinlims; Owner: clinlims
--

COMMENT ON COLUMN organization.code IS 'The code for this organization';


--
-- Name: organization_address; Type: TABLE; Schema: clinlims; Owner: clinlims; Tablespace: 
--

CREATE TABLE organization_address (
    organization_id numeric(10,0) NOT NULL,
    address_part_id numeric(10,0) NOT NULL,
    type character(1) DEFAULT 'T'::bpchar,
    value character varying(120)
);


ALTER TABLE clinlims.organization_address OWNER TO clinlims;

--
-- Name: TABLE organization_address; Type: COMMENT; Schema: clinlims; Owner: clinlims
--

COMMENT ON TABLE organization_address IS 'Join table between address parts and an organization';


--
-- Name: COLUMN organization_address.organization_id; Type: COMMENT; Schema: clinlims; Owner: clinlims
--

COMMENT ON COLUMN organization_address.organization_id IS 'The id of the organization who this address is attached to';


--
-- Name: COLUMN organization_address.address_part_id; Type: COMMENT; Schema: clinlims; Owner: clinlims
--

COMMENT ON COLUMN organization_address.address_part_id IS 'The id of the address part for which we have a value';


--
-- Name: COLUMN organization_address.type; Type: COMMENT; Schema: clinlims; Owner: clinlims
--

COMMENT ON COLUMN organization_address.type IS 'The type of the value, either D for dictionary or T for text';


--
-- Name: COLUMN organization_address.value; Type: COMMENT; Schema: clinlims; Owner: clinlims
--

COMMENT ON COLUMN organization_address.value IS 'The actual value for this part of the address';


--
-- Name: organization_contact; Type: TABLE; Schema: clinlims; Owner: clinlims; Tablespace: 
--

CREATE TABLE organization_contact (
    id numeric(10,0) NOT NULL,
    organization_id numeric(10,0) NOT NULL,
    person_id numeric(10,0) NOT NULL,
    "position" character varying(32)
);


ALTER TABLE clinlims.organization_contact OWNER TO clinlims;

--
-- Name: TABLE organization_contact; Type: COMMENT; Schema: clinlims; Owner: clinlims
--

COMMENT ON TABLE organization_contact IS 'A join table between organizations and persons';


--
-- Name: COLUMN organization_contact.id; Type: COMMENT; Schema: clinlims; Owner: clinlims
--

COMMENT ON COLUMN organization_contact.id IS 'Unique key for each row';


--
-- Name: COLUMN organization_contact.organization_id; Type: COMMENT; Schema: clinlims; Owner: clinlims
--

COMMENT ON COLUMN organization_contact.organization_id IS 'The id of the organization being referred to';


--
-- Name: COLUMN organization_contact.person_id; Type: COMMENT; Schema: clinlims; Owner: clinlims
--

COMMENT ON COLUMN organization_contact.person_id IS 'The id of the person being referred to';


--
-- Name: COLUMN organization_contact."position"; Type: COMMENT; Schema: clinlims; Owner: clinlims
--

COMMENT ON COLUMN organization_contact."position" IS 'The position of the person within the organization';


--
-- Name: organization_contact_seq; Type: SEQUENCE; Schema: clinlims; Owner: clinlims
--

CREATE SEQUENCE organization_contact_seq
    START WITH 1
    INCREMENT BY 1
    NO MINVALUE
    NO MAXVALUE
    CACHE 1;


ALTER TABLE clinlims.organization_contact_seq OWNER TO clinlims;

--
-- Name: organization_organization_type; Type: TABLE; Schema: clinlims; Owner: clinlims; Tablespace: 
--

CREATE TABLE organization_organization_type (
    org_id numeric(10,0) NOT NULL,
    org_type_id numeric(10,0) NOT NULL
);


ALTER TABLE clinlims.organization_organization_type OWNER TO clinlims;

--
-- Name: TABLE organization_organization_type; Type: COMMENT; Schema: clinlims; Owner: clinlims
--

COMMENT ON TABLE organization_organization_type IS 'many to many mapping table between organization and orginaztion type';


--
-- Name: organization_seq; Type: SEQUENCE; Schema: clinlims; Owner: clinlims
--

CREATE SEQUENCE organization_seq
    START WITH 1
    INCREMENT BY 1
    NO MINVALUE
    NO MAXVALUE
    CACHE 1;


ALTER TABLE clinlims.organization_seq OWNER TO clinlims;

--
-- Name: organization_type; Type: TABLE; Schema: clinlims; Owner: clinlims; Tablespace: 
--

CREATE TABLE organization_type (
    id numeric(10,0) NOT NULL,
    short_name character varying(20) NOT NULL,
    description character varying(60),
    name_display_key character varying(60),
    lastupdated timestamp(6) without time zone
);


ALTER TABLE clinlims.organization_type OWNER TO clinlims;

--
-- Name: TABLE organization_type; Type: COMMENT; Schema: clinlims; Owner: clinlims
--

COMMENT ON TABLE organization_type IS 'The type of an organization.  Releationship will be many to many';


--
-- Name: COLUMN organization_type.short_name; Type: COMMENT; Schema: clinlims; Owner: clinlims
--

COMMENT ON COLUMN organization_type.short_name IS 'The name to be displayed in when organization type is to be associated with an organization';


--
-- Name: COLUMN organization_type.description; Type: COMMENT; Schema: clinlims; Owner: clinlims
--

COMMENT ON COLUMN organization_type.description IS 'Optional longer description of the type';


--
-- Name: COLUMN organization_type.name_display_key; Type: COMMENT; Schema: clinlims; Owner: clinlims
--

COMMENT ON COLUMN organization_type.name_display_key IS 'Resource file lookup key for localization of displaying the name';


--
-- Name: organization_type_seq; Type: SEQUENCE; Schema: clinlims; Owner: clinlims
--

CREATE SEQUENCE organization_type_seq
    START WITH 1
    INCREMENT BY 1
    NO MINVALUE
    NO MAXVALUE
    CACHE 1;


ALTER TABLE clinlims.organization_type_seq OWNER TO clinlims;

--
-- Name: package_1; Type: TABLE; Schema: clinlims; Owner: clinlims; Tablespace: 
--

CREATE TABLE package_1 (
    id numeric(10,0) NOT NULL
);


ALTER TABLE clinlims.package_1 OWNER TO clinlims;

--
-- Name: panel; Type: TABLE; Schema: clinlims; Owner: clinlims; Tablespace: 
--

CREATE TABLE panel (
    id numeric(10,0) NOT NULL,
    name character varying(64),
    description character varying(64) NOT NULL,
    lastupdated timestamp(6) without time zone,
    display_key character varying(60),
    sort_order numeric DEFAULT 2147483647,
    is_active character varying(1) DEFAULT 'Y'::character varying
);


ALTER TABLE clinlims.panel OWNER TO clinlims;

--
-- Name: COLUMN panel.display_key; Type: COMMENT; Schema: clinlims; Owner: clinlims
--

COMMENT ON COLUMN panel.display_key IS 'Resource file lookup key for localization of displaying the name';


--
-- Name: COLUMN panel.is_active; Type: COMMENT; Schema: clinlims; Owner: clinlims
--

COMMENT ON COLUMN panel.is_active IS 'Is this panel currently active';


--
-- Name: panel_item; Type: TABLE; Schema: clinlims; Owner: clinlims; Tablespace: 
--

CREATE TABLE panel_item (
    id numeric(10,0) NOT NULL,
    panel_id numeric(10,0) NOT NULL,
    sort_order numeric,
    test_local_abbrev character varying(20),
    method_name character varying(20),
    lastupdated timestamp(6) without time zone,
    test_name character varying(20),
    test_id numeric(10,0) NOT NULL
);


ALTER TABLE clinlims.panel_item OWNER TO clinlims;

--
-- Name: COLUMN panel_item.sort_order; Type: COMMENT; Schema: clinlims; Owner: clinlims
--

COMMENT ON COLUMN panel_item.sort_order IS 'The order the tests are displayed (sort order)';


--
-- Name: COLUMN panel_item.test_local_abbrev; Type: COMMENT; Schema: clinlims; Owner: clinlims
--

COMMENT ON COLUMN panel_item.test_local_abbrev IS 'Short test name';


--
-- Name: COLUMN panel_item.method_name; Type: COMMENT; Schema: clinlims; Owner: clinlims
--

COMMENT ON COLUMN panel_item.method_name IS 'Short method name';


--
-- Name: panel_item_seq; Type: SEQUENCE; Schema: clinlims; Owner: clinlims
--

CREATE SEQUENCE panel_item_seq
    START WITH 1
    INCREMENT BY 1
    NO MINVALUE
    NO MAXVALUE
    CACHE 1;


ALTER TABLE clinlims.panel_item_seq OWNER TO clinlims;

--
-- Name: panel_seq; Type: SEQUENCE; Schema: clinlims; Owner: clinlims
--

CREATE SEQUENCE panel_seq
    START WITH 1
    INCREMENT BY 1
    NO MINVALUE
    NO MAXVALUE
    CACHE 1;


ALTER TABLE clinlims.panel_seq OWNER TO clinlims;

--
-- Name: patient_identity; Type: TABLE; Schema: clinlims; Owner: clinlims; Tablespace: 
--

CREATE TABLE patient_identity (
    id numeric(10,0) NOT NULL,
    identity_type_id numeric(10,0),
    patient_id numeric(10,0),
    identity_data character varying(255),
    lastupdated timestamp(6) without time zone
);


ALTER TABLE clinlims.patient_identity OWNER TO clinlims;

--
-- Name: patient_identity_seq; Type: SEQUENCE; Schema: clinlims; Owner: clinlims
--

CREATE SEQUENCE patient_identity_seq
    START WITH 0
    INCREMENT BY 1
    MINVALUE 0
    NO MAXVALUE
    CACHE 1;


ALTER TABLE clinlims.patient_identity_seq OWNER TO clinlims;

--
-- Name: patient_identity_type; Type: TABLE; Schema: clinlims; Owner: clinlims; Tablespace: 
--

CREATE TABLE patient_identity_type (
    id numeric(10,0) NOT NULL,
    identity_type character varying(30),
    description character varying(400),
    lastupdated timestamp without time zone
);


ALTER TABLE clinlims.patient_identity_type OWNER TO clinlims;

--
-- Name: patient_identity_type_seq; Type: SEQUENCE; Schema: clinlims; Owner: clinlims
--

CREATE SEQUENCE patient_identity_type_seq
    START WITH 0
    INCREMENT BY 1
    MINVALUE 0
    NO MAXVALUE
    CACHE 1;


ALTER TABLE clinlims.patient_identity_type_seq OWNER TO clinlims;

--
-- Name: patient_occupation; Type: TABLE; Schema: clinlims; Owner: clinlims; Tablespace: 
--

CREATE TABLE patient_occupation (
    id numeric(10,0) NOT NULL,
    patient_id numeric(10,0),
    occupation character varying(400),
    lastupdated timestamp without time zone
);


ALTER TABLE clinlims.patient_occupation OWNER TO clinlims;

--
-- Name: patient_occupation_seq; Type: SEQUENCE; Schema: clinlims; Owner: clinlims
--

CREATE SEQUENCE patient_occupation_seq
    START WITH 1
    INCREMENT BY 1
    MINVALUE 0
    NO MAXVALUE
    CACHE 1;


ALTER TABLE clinlims.patient_occupation_seq OWNER TO clinlims;

--
-- Name: patient_patient_type; Type: TABLE; Schema: clinlims; Owner: clinlims; Tablespace: 
--

CREATE TABLE patient_patient_type (
    id numeric(10,0) NOT NULL,
    patient_type_id numeric(10,0),
    patient_id numeric(10,0),
    lastupdated timestamp without time zone
);


ALTER TABLE clinlims.patient_patient_type OWNER TO clinlims;

--
-- Name: patient_patient_type_seq; Type: SEQUENCE; Schema: clinlims; Owner: clinlims
--

CREATE SEQUENCE patient_patient_type_seq
    START WITH 1
    INCREMENT BY 1
    MINVALUE 0
    NO MAXVALUE
    CACHE 1;


ALTER TABLE clinlims.patient_patient_type_seq OWNER TO clinlims;

--
-- Name: patient_relation_seq; Type: SEQUENCE; Schema: clinlims; Owner: clinlims
--

CREATE SEQUENCE patient_relation_seq
    START WITH 1
    INCREMENT BY 1
    MINVALUE 0
    NO MAXVALUE
    CACHE 1;


ALTER TABLE clinlims.patient_relation_seq OWNER TO clinlims;

--
-- Name: patient_relations; Type: TABLE; Schema: clinlims; Owner: clinlims; Tablespace: 
--

CREATE TABLE patient_relations (
    id numeric(10,0) NOT NULL,
    pat_id_source numeric(10,0) NOT NULL,
    pat_id numeric(10,0),
    relation character varying(1)
);


ALTER TABLE clinlims.patient_relations OWNER TO clinlims;

--
-- Name: COLUMN patient_relations.relation; Type: COMMENT; Schema: clinlims; Owner: clinlims
--

COMMENT ON COLUMN patient_relations.relation IS 'Type of relation (mother to child, parent to child, sibling)';


--
-- Name: patient_seq; Type: SEQUENCE; Schema: clinlims; Owner: clinlims
--

CREATE SEQUENCE patient_seq
    START WITH 1
    INCREMENT BY 1
    NO MINVALUE
    NO MAXVALUE
    CACHE 1;


ALTER TABLE clinlims.patient_seq OWNER TO clinlims;

--
-- Name: patient_type; Type: TABLE; Schema: clinlims; Owner: clinlims; Tablespace: 
--

CREATE TABLE patient_type (
    id numeric(10,0) NOT NULL,
    type character varying(300),
    description character varying(4000),
    lastupdated timestamp without time zone
);


ALTER TABLE clinlims.patient_type OWNER TO clinlims;

--
-- Name: patient_type_seq; Type: SEQUENCE; Schema: clinlims; Owner: clinlims
--

CREATE SEQUENCE patient_type_seq
    START WITH 1
    INCREMENT BY 1
    NO MINVALUE
    NO MAXVALUE
    CACHE 20;


ALTER TABLE clinlims.patient_type_seq OWNER TO clinlims;

--
-- Name: payment_type; Type: TABLE; Schema: clinlims; Owner: clinlims; Tablespace: 
--

CREATE TABLE payment_type (
    id numeric(10,0) NOT NULL,
    type character varying(300),
    description character varying(4000)
);


ALTER TABLE clinlims.payment_type OWNER TO clinlims;

--
-- Name: payment_type_seq; Type: SEQUENCE; Schema: clinlims; Owner: clinlims
--

CREATE SEQUENCE payment_type_seq
    START WITH 1
    INCREMENT BY 1
    NO MINVALUE
    NO MAXVALUE
    CACHE 20;


ALTER TABLE clinlims.payment_type_seq OWNER TO clinlims;

--
-- Name: person; Type: TABLE; Schema: clinlims; Owner: clinlims; Tablespace: 
--

CREATE TABLE person (
    id numeric(10,0) NOT NULL,
    last_name character varying(255),
    first_name character varying(255),
    middle_name character varying(255),
    multiple_unit character varying(255),
    street_address character varying(255),
    city character varying(255),
    state character(2),
    zip_code character(10),
    country character varying(255),
    work_phone character varying(255),
    home_phone character varying(255),
    cell_phone character varying(255),
    fax character varying(255),
    email character varying(255),
    lastupdated timestamp(6) without time zone
);


ALTER TABLE clinlims.person OWNER TO clinlims;

--
-- Name: COLUMN person.last_name; Type: COMMENT; Schema: clinlims; Owner: clinlims
--

COMMENT ON COLUMN person.last_name IS 'Last name';


--
-- Name: COLUMN person.first_name; Type: COMMENT; Schema: clinlims; Owner: clinlims
--

COMMENT ON COLUMN person.first_name IS 'Person Name';


--
-- Name: COLUMN person.middle_name; Type: COMMENT; Schema: clinlims; Owner: clinlims
--

COMMENT ON COLUMN person.middle_name IS 'Middle Name';


--
-- Name: COLUMN person.multiple_unit; Type: COMMENT; Schema: clinlims; Owner: clinlims
--

COMMENT ON COLUMN person.multiple_unit IS 'Designates a specific part of a building, such as "APT 212"';


--
-- Name: person_address; Type: TABLE; Schema: clinlims; Owner: clinlims; Tablespace: 
--

CREATE TABLE person_address (
    person_id numeric(10,0) NOT NULL,
    address_part_id numeric(10,0) NOT NULL,
    type character(1) DEFAULT 'T'::bpchar,
    value character varying(255)
);


ALTER TABLE clinlims.person_address OWNER TO clinlims;

--
-- Name: TABLE person_address; Type: COMMENT; Schema: clinlims; Owner: clinlims
--

COMMENT ON TABLE person_address IS 'Join table between address parts and a person';


--
-- Name: COLUMN person_address.person_id; Type: COMMENT; Schema: clinlims; Owner: clinlims
--

COMMENT ON COLUMN person_address.person_id IS 'The id of the person who this address is attached to';


--
-- Name: COLUMN person_address.address_part_id; Type: COMMENT; Schema: clinlims; Owner: clinlims
--

COMMENT ON COLUMN person_address.address_part_id IS 'The id of the address part for which we have a value';


--
-- Name: COLUMN person_address.type; Type: COMMENT; Schema: clinlims; Owner: clinlims
--

COMMENT ON COLUMN person_address.type IS 'The type of the value, either D for dictionary or T for text';


--
-- Name: COLUMN person_address.value; Type: COMMENT; Schema: clinlims; Owner: clinlims
--

COMMENT ON COLUMN person_address.value IS 'The actual value for this part of the address';


--
-- Name: person_seq; Type: SEQUENCE; Schema: clinlims; Owner: clinlims
--

CREATE SEQUENCE person_seq
    START WITH 1
    INCREMENT BY 1
    NO MINVALUE
    NO MAXVALUE
    CACHE 1;


ALTER TABLE clinlims.person_seq OWNER TO clinlims;

--
-- Name: program; Type: TABLE; Schema: clinlims; Owner: clinlims; Tablespace: 
--

CREATE TABLE program (
    id numeric(10,0) NOT NULL,
    code character varying(10) NOT NULL,
    name character varying(50) NOT NULL,
    lastupdated timestamp(6) without time zone
);


ALTER TABLE clinlims.program OWNER TO clinlims;

--
-- Name: COLUMN program.name; Type: COMMENT; Schema: clinlims; Owner: clinlims
--

COMMENT ON COLUMN program.name IS 'EPI PROGRAM NAME';


--
-- Name: program_seq; Type: SEQUENCE; Schema: clinlims; Owner: clinlims
--

CREATE SEQUENCE program_seq
    START WITH 1
    INCREMENT BY 1
    NO MINVALUE
    NO MAXVALUE
    CACHE 1;


ALTER TABLE clinlims.program_seq OWNER TO clinlims;

--
-- Name: project; Type: TABLE; Schema: clinlims; Owner: clinlims; Tablespace: 
--

CREATE TABLE project (
    id numeric(10,0) NOT NULL,
    name character varying(50) NOT NULL,
    sys_user_id numeric(10,0),
    description character varying(60),
    started_date timestamp without time zone,
    completed_date timestamp without time zone,
    is_active character varying(1),
    reference_to character varying(20),
    program_code character varying(10),
    lastupdated timestamp(6) without time zone,
    scriptlet_id numeric(10,0),
    local_abbrev numeric(10,0),
    display_key character varying(60)
);


ALTER TABLE clinlims.project OWNER TO clinlims;

--
-- Name: COLUMN project.id; Type: COMMENT; Schema: clinlims; Owner: clinlims
--

COMMENT ON COLUMN project.id IS 'Sequential number assigned by sequence';


--
-- Name: COLUMN project.name; Type: COMMENT; Schema: clinlims; Owner: clinlims
--

COMMENT ON COLUMN project.name IS 'Short name of Project';


--
-- Name: COLUMN project.sys_user_id; Type: COMMENT; Schema: clinlims; Owner: clinlims
--

COMMENT ON COLUMN project.sys_user_id IS 'Sequential Identifier';


--
-- Name: COLUMN project.description; Type: COMMENT; Schema: clinlims; Owner: clinlims
--

COMMENT ON COLUMN project.description IS 'Description of Project';


--
-- Name: COLUMN project.started_date; Type: COMMENT; Schema: clinlims; Owner: clinlims
--

COMMENT ON COLUMN project.started_date IS 'Start date of project';


--
-- Name: COLUMN project.completed_date; Type: COMMENT; Schema: clinlims; Owner: clinlims
--

COMMENT ON COLUMN project.completed_date IS 'End date of project';


--
-- Name: COLUMN project.is_active; Type: COMMENT; Schema: clinlims; Owner: clinlims
--

COMMENT ON COLUMN project.is_active IS 'Flag indicating if project is active';


--
-- Name: COLUMN project.reference_to; Type: COMMENT; Schema: clinlims; Owner: clinlims
--

COMMENT ON COLUMN project.reference_to IS 'External reference information such as Grant number, contract number or purchase order number associated with this project.';


--
-- Name: COLUMN project.display_key; Type: COMMENT; Schema: clinlims; Owner: clinlims
--

COMMENT ON COLUMN project.display_key IS 'Resource file lookup key for localization of displaying the name';


--
-- Name: project_organization; Type: TABLE; Schema: clinlims; Owner: clinlims; Tablespace: 
--

CREATE TABLE project_organization (
    project_id numeric(10,0) NOT NULL,
    org_id numeric(10,0) NOT NULL
);


ALTER TABLE clinlims.project_organization OWNER TO clinlims;

--
-- Name: TABLE project_organization; Type: COMMENT; Schema: clinlims; Owner: clinlims
--

COMMENT ON TABLE project_organization IS 'many to many mapping table between project and organization';


--
-- Name: project_parameter; Type: TABLE; Schema: clinlims; Owner: clinlims; Tablespace: 
--

CREATE TABLE project_parameter (
    id numeric(10,0) NOT NULL,
    projparam_type character varying(1),
    operation character varying(2),
    value character varying(256),
    project_id numeric(10,0),
    param_name character varying(80)
);


ALTER TABLE clinlims.project_parameter OWNER TO clinlims;

--
-- Name: COLUMN project_parameter.projparam_type; Type: COMMENT; Schema: clinlims; Owner: clinlims
--

COMMENT ON COLUMN project_parameter.projparam_type IS 'Type of parameter: apply-parameter or search-parameter';


--
-- Name: COLUMN project_parameter.operation; Type: COMMENT; Schema: clinlims; Owner: clinlims
--

COMMENT ON COLUMN project_parameter.operation IS 'Operation to be performed: =, <, <=, >, >=,in,!=';


--
-- Name: COLUMN project_parameter.value; Type: COMMENT; Schema: clinlims; Owner: clinlims
--

COMMENT ON COLUMN project_parameter.value IS 'Query or Set value';


--
-- Name: project_seq; Type: SEQUENCE; Schema: clinlims; Owner: clinlims
--

CREATE SEQUENCE project_seq
    START WITH 5
    INCREMENT BY 1
    NO MINVALUE
    NO MAXVALUE
    CACHE 1;


ALTER TABLE clinlims.project_seq OWNER TO clinlims;

--
-- Name: provider; Type: TABLE; Schema: clinlims; Owner: clinlims; Tablespace: 
--

CREATE TABLE provider (
    id numeric(10,0) NOT NULL,
    npi character varying(10),
    person_id numeric(10,0) NOT NULL,
    external_id character varying(50),
    provider_type character varying(1),
    lastupdated timestamp(6) without time zone
);


ALTER TABLE clinlims.provider OWNER TO clinlims;

--
-- Name: COLUMN provider.npi; Type: COMMENT; Schema: clinlims; Owner: clinlims
--

COMMENT ON COLUMN provider.npi IS 'Unique National Provider ID';


--
-- Name: COLUMN provider.external_id; Type: COMMENT; Schema: clinlims; Owner: clinlims
--

COMMENT ON COLUMN provider.external_id IS 'National/Local provider reference number such as UPIN or MINC#NIMC';


--
-- Name: COLUMN provider.provider_type; Type: COMMENT; Schema: clinlims; Owner: clinlims
--

COMMENT ON COLUMN provider.provider_type IS 'Type of Provider (physician, nurse)';


--
-- Name: provider_seq; Type: SEQUENCE; Schema: clinlims; Owner: clinlims
--

CREATE SEQUENCE provider_seq
    START WITH 1
    INCREMENT BY 1
    NO MINVALUE
    NO MAXVALUE
    CACHE 1;


ALTER TABLE clinlims.provider_seq OWNER TO clinlims;

--
-- Name: qa_event; Type: TABLE; Schema: clinlims; Owner: clinlims; Tablespace: 
--

CREATE TABLE qa_event (
    id numeric(10,0) NOT NULL,
    name character varying(20),
    description character varying(120),
    is_billable character varying(1),
    reporting_sequence numeric,
    reporting_text character varying(1000),
    test_id numeric(10,0),
    is_holdable character varying(1) NOT NULL,
    lastupdated timestamp(6) without time zone,
    type numeric(10,0),
    category numeric(10,0),
    display_key character varying(60)
);


ALTER TABLE clinlims.qa_event OWNER TO clinlims;

--
-- Name: COLUMN qa_event.name; Type: COMMENT; Schema: clinlims; Owner: clinlims
--

COMMENT ON COLUMN qa_event.name IS 'Short Name';


--
-- Name: COLUMN qa_event.description; Type: COMMENT; Schema: clinlims; Owner: clinlims
--

COMMENT ON COLUMN qa_event.description IS 'Description of the QA event';


--
-- Name: COLUMN qa_event.is_billable; Type: COMMENT; Schema: clinlims; Owner: clinlims
--

COMMENT ON COLUMN qa_event.is_billable IS 'Indicates if analysis with this QA Event is billable';


--
-- Name: COLUMN qa_event.reporting_sequence; Type: COMMENT; Schema: clinlims; Owner: clinlims
--

COMMENT ON COLUMN qa_event.reporting_sequence IS 'An overall number that orders the print sequence';


--
-- Name: COLUMN qa_event.test_id; Type: COMMENT; Schema: clinlims; Owner: clinlims
--

COMMENT ON COLUMN qa_event.test_id IS 'Reported/printed text';


--
-- Name: COLUMN qa_event.display_key; Type: COMMENT; Schema: clinlims; Owner: clinlims
--

COMMENT ON COLUMN qa_event.display_key IS 'Resource file lookup key for localization of displaying the name';


--
-- Name: qa_event_seq; Type: SEQUENCE; Schema: clinlims; Owner: clinlims
--

CREATE SEQUENCE qa_event_seq
    START WITH 1
    INCREMENT BY 1
    NO MINVALUE
    NO MAXVALUE
    CACHE 20;


ALTER TABLE clinlims.qa_event_seq OWNER TO clinlims;

--
-- Name: qa_observation; Type: TABLE; Schema: clinlims; Owner: clinlims; Tablespace: 
--

CREATE TABLE qa_observation (
    id numeric(10,0) NOT NULL,
    observed_id numeric(10,0) NOT NULL,
    observed_type character varying(30) NOT NULL,
    qa_observation_type_id numeric(10,0) NOT NULL,
    value_type character varying(1) NOT NULL,
    value character varying(120) NOT NULL,
    lastupdated timestamp with time zone DEFAULT now()
);


ALTER TABLE clinlims.qa_observation OWNER TO clinlims;

--
-- Name: TABLE qa_observation; Type: COMMENT; Schema: clinlims; Owner: clinlims
--

COMMENT ON TABLE qa_observation IS 'The observation that are about sample/analysis qa_events.  Does not include data about the sample';


--
-- Name: COLUMN qa_observation.observed_id; Type: COMMENT; Schema: clinlims; Owner: clinlims
--

COMMENT ON COLUMN qa_observation.observed_id IS 'The row id for either sample_qaEvent or analysis_qaEvent';


--
-- Name: COLUMN qa_observation.observed_type; Type: COMMENT; Schema: clinlims; Owner: clinlims
--

COMMENT ON COLUMN qa_observation.observed_type IS 'One of ANALYSIS or SAMPLE';


--
-- Name: COLUMN qa_observation.qa_observation_type_id; Type: COMMENT; Schema: clinlims; Owner: clinlims
--

COMMENT ON COLUMN qa_observation.qa_observation_type_id IS 'The type of observation this is';


--
-- Name: COLUMN qa_observation.value_type; Type: COMMENT; Schema: clinlims; Owner: clinlims
--

COMMENT ON COLUMN qa_observation.value_type IS 'Dictionary, literal or localization key, D, L, K';


--
-- Name: COLUMN qa_observation.value; Type: COMMENT; Schema: clinlims; Owner: clinlims
--

COMMENT ON COLUMN qa_observation.value IS 'The actual value';


--
-- Name: qa_observation_seq; Type: SEQUENCE; Schema: clinlims; Owner: clinlims
--

CREATE SEQUENCE qa_observation_seq
    START WITH 1
    INCREMENT BY 1
    NO MINVALUE
    NO MAXVALUE
    CACHE 1;


ALTER TABLE clinlims.qa_observation_seq OWNER TO clinlims;

--
-- Name: qa_observation_type; Type: TABLE; Schema: clinlims; Owner: clinlims; Tablespace: 
--

CREATE TABLE qa_observation_type (
    id numeric(10,0) NOT NULL,
    name character varying(30) NOT NULL,
    description character varying(60),
    lastupdated timestamp with time zone DEFAULT now()
);


ALTER TABLE clinlims.qa_observation_type OWNER TO clinlims;

--
-- Name: TABLE qa_observation_type; Type: COMMENT; Schema: clinlims; Owner: clinlims
--

COMMENT ON TABLE qa_observation_type IS 'The types of observation that are about sample/analysis qa_events ';


--
-- Name: qa_observation_type_seq; Type: SEQUENCE; Schema: clinlims; Owner: clinlims
--

CREATE SEQUENCE qa_observation_type_seq
    START WITH 1
    INCREMENT BY 1
    NO MINVALUE
    NO MAXVALUE
    CACHE 1;


ALTER TABLE clinlims.qa_observation_type_seq OWNER TO clinlims;

--
-- Name: qc; Type: TABLE; Schema: clinlims; Owner: clinlims; Tablespace: 
--

CREATE TABLE qc (
    id numeric NOT NULL,
    uom_id numeric(10,0),
    sys_user_id numeric(10,0),
    name character varying(30),
    source character varying(30),
    lot_number character varying(30),
    prepared_date timestamp without time zone,
    prepared_volume numeric,
    usable_date timestamp without time zone,
    expire_date timestamp without time zone
);


ALTER TABLE clinlims.qc OWNER TO clinlims;

--
-- Name: COLUMN qc.sys_user_id; Type: COMMENT; Schema: clinlims; Owner: clinlims
--

COMMENT ON COLUMN qc.sys_user_id IS 'Sequential Identifier';


--
-- Name: COLUMN qc.name; Type: COMMENT; Schema: clinlims; Owner: clinlims
--

COMMENT ON COLUMN qc.name IS 'Descriptive QC name: Positive control for CHL';


--
-- Name: COLUMN qc.source; Type: COMMENT; Schema: clinlims; Owner: clinlims
--

COMMENT ON COLUMN qc.source IS 'Name of supplier such as company or in-house';


--
-- Name: COLUMN qc.lot_number; Type: COMMENT; Schema: clinlims; Owner: clinlims
--

COMMENT ON COLUMN qc.lot_number IS 'Lot number';


--
-- Name: COLUMN qc.prepared_date; Type: COMMENT; Schema: clinlims; Owner: clinlims
--

COMMENT ON COLUMN qc.prepared_date IS 'Date QC was prepared';


--
-- Name: COLUMN qc.prepared_volume; Type: COMMENT; Schema: clinlims; Owner: clinlims
--

COMMENT ON COLUMN qc.prepared_volume IS 'Amount prepared';


--
-- Name: COLUMN qc.usable_date; Type: COMMENT; Schema: clinlims; Owner: clinlims
--

COMMENT ON COLUMN qc.usable_date IS 'Cannot be used before this date';


--
-- Name: COLUMN qc.expire_date; Type: COMMENT; Schema: clinlims; Owner: clinlims
--

COMMENT ON COLUMN qc.expire_date IS 'Cannot be used after this date';


--
-- Name: qc_analytes; Type: TABLE; Schema: clinlims; Owner: clinlims; Tablespace: 
--

CREATE TABLE qc_analytes (
    id numeric(10,0) NOT NULL,
    qcanaly_type character varying(1),
    value character varying(80),
    analyte_id numeric(10,0)
);


ALTER TABLE clinlims.qc_analytes OWNER TO clinlims;

--
-- Name: COLUMN qc_analytes.qcanaly_type; Type: COMMENT; Schema: clinlims; Owner: clinlims
--

COMMENT ON COLUMN qc_analytes.qcanaly_type IS 'Type of value: dictionary, titer range, number range, true value';


--
-- Name: COLUMN qc_analytes.value; Type: COMMENT; Schema: clinlims; Owner: clinlims
--

COMMENT ON COLUMN qc_analytes.value IS 'Min max,, true value & % if type is any range';


--
-- Name: qrtz_blob_triggers; Type: TABLE; Schema: clinlims; Owner: clinlims; Tablespace: 
--

CREATE TABLE qrtz_blob_triggers (
    trigger_name character varying(80) NOT NULL,
    trigger_group character varying(80) NOT NULL,
    blob_data bytea
);


ALTER TABLE clinlims.qrtz_blob_triggers OWNER TO clinlims;

--
-- Name: qrtz_calendars; Type: TABLE; Schema: clinlims; Owner: clinlims; Tablespace: 
--

CREATE TABLE qrtz_calendars (
    calendar_name character varying(80) NOT NULL,
    calendar bytea NOT NULL
);


ALTER TABLE clinlims.qrtz_calendars OWNER TO clinlims;

--
-- Name: qrtz_cron_triggers; Type: TABLE; Schema: clinlims; Owner: clinlims; Tablespace: 
--

CREATE TABLE qrtz_cron_triggers (
    trigger_name character varying(80) NOT NULL,
    trigger_group character varying(80) NOT NULL,
    cron_expression character varying(80) NOT NULL,
    time_zone_id character varying(80)
);


ALTER TABLE clinlims.qrtz_cron_triggers OWNER TO clinlims;

--
-- Name: qrtz_fired_triggers; Type: TABLE; Schema: clinlims; Owner: clinlims; Tablespace: 
--

CREATE TABLE qrtz_fired_triggers (
    entry_id character varying(95) NOT NULL,
    trigger_name character varying(80) NOT NULL,
    trigger_group character varying(80) NOT NULL,
    is_volatile boolean NOT NULL,
    instance_name character varying(80) NOT NULL,
    fired_time bigint NOT NULL,
    priority integer NOT NULL,
    state character varying(16) NOT NULL,
    job_name character varying(80),
    job_group character varying(80),
    is_stateful boolean,
    requests_recovery boolean
);


ALTER TABLE clinlims.qrtz_fired_triggers OWNER TO clinlims;

--
-- Name: qrtz_job_details; Type: TABLE; Schema: clinlims; Owner: clinlims; Tablespace: 
--

CREATE TABLE qrtz_job_details (
    job_name character varying(80) NOT NULL,
    job_group character varying(80) NOT NULL,
    description character varying(120),
    job_class_name character varying(128) NOT NULL,
    is_durable boolean NOT NULL,
    is_volatile boolean NOT NULL,
    is_stateful boolean NOT NULL,
    requests_recovery boolean NOT NULL,
    job_data bytea
);


ALTER TABLE clinlims.qrtz_job_details OWNER TO clinlims;

--
-- Name: qrtz_job_listeners; Type: TABLE; Schema: clinlims; Owner: clinlims; Tablespace: 
--

CREATE TABLE qrtz_job_listeners (
    job_name character varying(80) NOT NULL,
    job_group character varying(80) NOT NULL,
    job_listener character varying(80) NOT NULL
);


ALTER TABLE clinlims.qrtz_job_listeners OWNER TO clinlims;

--
-- Name: qrtz_locks; Type: TABLE; Schema: clinlims; Owner: clinlims; Tablespace: 
--

CREATE TABLE qrtz_locks (
    lock_name character varying(40) NOT NULL
);


ALTER TABLE clinlims.qrtz_locks OWNER TO clinlims;

--
-- Name: qrtz_paused_trigger_grps; Type: TABLE; Schema: clinlims; Owner: clinlims; Tablespace: 
--

CREATE TABLE qrtz_paused_trigger_grps (
    trigger_group character varying(80) NOT NULL
);


ALTER TABLE clinlims.qrtz_paused_trigger_grps OWNER TO clinlims;

--
-- Name: qrtz_scheduler_state; Type: TABLE; Schema: clinlims; Owner: clinlims; Tablespace: 
--

CREATE TABLE qrtz_scheduler_state (
    instance_name character varying(80) NOT NULL,
    last_checkin_time bigint NOT NULL,
    checkin_interval bigint NOT NULL
);


ALTER TABLE clinlims.qrtz_scheduler_state OWNER TO clinlims;

--
-- Name: qrtz_simple_triggers; Type: TABLE; Schema: clinlims; Owner: clinlims; Tablespace: 
--

CREATE TABLE qrtz_simple_triggers (
    trigger_name character varying(80) NOT NULL,
    trigger_group character varying(80) NOT NULL,
    repeat_count bigint NOT NULL,
    repeat_interval bigint NOT NULL,
    times_triggered bigint NOT NULL
);


ALTER TABLE clinlims.qrtz_simple_triggers OWNER TO clinlims;

--
-- Name: qrtz_trigger_listeners; Type: TABLE; Schema: clinlims; Owner: clinlims; Tablespace: 
--

CREATE TABLE qrtz_trigger_listeners (
    trigger_name character varying(80) NOT NULL,
    trigger_group character varying(80) NOT NULL,
    trigger_listener character varying(80) NOT NULL
);


ALTER TABLE clinlims.qrtz_trigger_listeners OWNER TO clinlims;

--
-- Name: qrtz_triggers; Type: TABLE; Schema: clinlims; Owner: clinlims; Tablespace: 
--

CREATE TABLE qrtz_triggers (
    trigger_name character varying(80) NOT NULL,
    trigger_group character varying(80) NOT NULL,
    job_name character varying(80) NOT NULL,
    job_group character varying(80) NOT NULL,
    is_volatile boolean NOT NULL,
    description character varying(120),
    next_fire_time bigint,
    prev_fire_time bigint,
    priority integer,
    trigger_state character varying(16) NOT NULL,
    trigger_type character varying(8) NOT NULL,
    start_time bigint NOT NULL,
    end_time bigint,
    calendar_name character varying(80),
    misfire_instr smallint,
    job_data bytea
);


ALTER TABLE clinlims.qrtz_triggers OWNER TO clinlims;

--
-- Name: quartz_cron_scheduler; Type: TABLE; Schema: clinlims; Owner: clinlims; Tablespace: 
--

CREATE TABLE quartz_cron_scheduler (
    id numeric(10,0) NOT NULL,
    cron_statement character varying(32) DEFAULT 'never'::character varying NOT NULL,
    last_run timestamp with time zone,
    active boolean DEFAULT true,
    run_if_past boolean DEFAULT true,
    name character varying(40),
    job_name character varying(60) NOT NULL,
    display_key character varying(60),
    description_key character varying(60)
);


ALTER TABLE clinlims.quartz_cron_scheduler OWNER TO clinlims;

--
-- Name: TABLE quartz_cron_scheduler; Type: COMMENT; Schema: clinlims; Owner: clinlims
--

COMMENT ON TABLE quartz_cron_scheduler IS 'Sets up the quartz scheduler for cron jobs';


--
-- Name: COLUMN quartz_cron_scheduler.id; Type: COMMENT; Schema: clinlims; Owner: clinlims
--

COMMENT ON COLUMN quartz_cron_scheduler.id IS 'Id for this schedule';


--
-- Name: COLUMN quartz_cron_scheduler.cron_statement; Type: COMMENT; Schema: clinlims; Owner: clinlims
--

COMMENT ON COLUMN quartz_cron_scheduler.cron_statement IS 'The cron statement for when the job should run. N.B. the default is not a valid cron expression';


--
-- Name: COLUMN quartz_cron_scheduler.last_run; Type: COMMENT; Schema: clinlims; Owner: clinlims
--

COMMENT ON COLUMN quartz_cron_scheduler.last_run IS 'The last time this job was run';


--
-- Name: COLUMN quartz_cron_scheduler.active; Type: COMMENT; Schema: clinlims; Owner: clinlims
--

COMMENT ON COLUMN quartz_cron_scheduler.active IS 'True if the schedule is active, false if it is suspended';


--
-- Name: COLUMN quartz_cron_scheduler.run_if_past; Type: COMMENT; Schema: clinlims; Owner: clinlims
--

COMMENT ON COLUMN quartz_cron_scheduler.run_if_past IS 'True if the job should be run if the application is started after the run time and it has not run yet that day';


--
-- Name: COLUMN quartz_cron_scheduler.name; Type: COMMENT; Schema: clinlims; Owner: clinlims
--

COMMENT ON COLUMN quartz_cron_scheduler.name IS 'The name for this job';


--
-- Name: COLUMN quartz_cron_scheduler.job_name; Type: COMMENT; Schema: clinlims; Owner: clinlims
--

COMMENT ON COLUMN quartz_cron_scheduler.job_name IS 'The internal job name, should not be editible by end user';


--
-- Name: COLUMN quartz_cron_scheduler.display_key; Type: COMMENT; Schema: clinlims; Owner: clinlims
--

COMMENT ON COLUMN quartz_cron_scheduler.display_key IS 'The localized name for this job';


--
-- Name: quartz_cron_scheduler_seq; Type: SEQUENCE; Schema: clinlims; Owner: clinlims
--

CREATE SEQUENCE quartz_cron_scheduler_seq
    START WITH 1
    INCREMENT BY 1
    NO MINVALUE
    NO MAXVALUE
    CACHE 1;


ALTER TABLE clinlims.quartz_cron_scheduler_seq OWNER TO clinlims;

--
-- Name: race; Type: TABLE; Schema: clinlims; Owner: clinlims; Tablespace: 
--

CREATE TABLE race (
    id numeric(10,0) NOT NULL,
    description character varying(20) NOT NULL,
    race_type character varying(1),
    is_active character(1)
);


ALTER TABLE clinlims.race OWNER TO clinlims;

--
-- Name: receiver_code_element; Type: TABLE; Schema: clinlims; Owner: clinlims; Tablespace: 
--

CREATE TABLE receiver_code_element (
    id numeric(10,0) NOT NULL,
    identifier character varying(20),
    text character varying(60),
    code_system character varying(20),
    lastupdated timestamp(6) without time zone,
    message_org_id numeric(10,0),
    code_element_type_id numeric(10,0)
);


ALTER TABLE clinlims.receiver_code_element OWNER TO clinlims;

--
-- Name: receiver_code_element_seq; Type: SEQUENCE; Schema: clinlims; Owner: clinlims
--

CREATE SEQUENCE receiver_code_element_seq
    START WITH 21
    INCREMENT BY 1
    NO MINVALUE
    NO MAXVALUE
    CACHE 20;


ALTER TABLE clinlims.receiver_code_element_seq OWNER TO clinlims;

--
-- Name: reference_tables; Type: TABLE; Schema: clinlims; Owner: clinlims; Tablespace: 
--

CREATE TABLE reference_tables (
    id numeric(10,0) NOT NULL,
    name character varying(40),
    keep_history character varying(1),
    is_hl7_encoded character varying(1),
    lastupdated timestamp(6) without time zone
);


ALTER TABLE clinlims.reference_tables OWNER TO clinlims;

--
-- Name: COLUMN reference_tables.name; Type: COMMENT; Schema: clinlims; Owner: clinlims
--

COMMENT ON COLUMN reference_tables.name IS 'Name of table or module';


--
-- Name: reference_tables_seq; Type: SEQUENCE; Schema: clinlims; Owner: clinlims
--

CREATE SEQUENCE reference_tables_seq
    START WITH 1
    INCREMENT BY 1
    NO MINVALUE
    NO MAXVALUE
    CACHE 1;


ALTER TABLE clinlims.reference_tables_seq OWNER TO clinlims;

--
-- Name: referral; Type: TABLE; Schema: clinlims; Owner: clinlims; Tablespace: 
--

CREATE TABLE referral (
    id numeric(10,0) NOT NULL,
    analysis_id numeric(10,0),
    organization_id numeric(10,0),
    organization_name character varying(30),
    send_ready_date timestamp with time zone,
    sent_date timestamp with time zone,
    result_recieved_date timestamp with time zone,
    referral_reason_id numeric(10,0),
    referral_type_id numeric(10,0) NOT NULL,
    requester_name character varying(60),
    lastupdated timestamp with time zone,
    canceled boolean DEFAULT false,
    referral_request_date timestamp with time zone
);


ALTER TABLE clinlims.referral OWNER TO clinlims;

--
-- Name: TABLE referral; Type: COMMENT; Schema: clinlims; Owner: clinlims
--

COMMENT ON TABLE referral IS 'Tracks referrals made to and from the lab.  If referrals should be attached to samples add another column for sample and edit this comment';


--
-- Name: COLUMN referral.analysis_id; Type: COMMENT; Schema: clinlims; Owner: clinlims
--

COMMENT ON COLUMN referral.analysis_id IS 'The analysis which will be duplicated at other lab when refering out or which will be be done at this lab when referred in.  ';


--
-- Name: COLUMN referral.organization_id; Type: COMMENT; Schema: clinlims; Owner: clinlims
--

COMMENT ON COLUMN referral.organization_id IS 'The organization the sample was sent to or from';


--
-- Name: COLUMN referral.organization_name; Type: COMMENT; Schema: clinlims; Owner: clinlims
--

COMMENT ON COLUMN referral.organization_name IS 'The organiztion the sample was sent to or from, if busness rules allow them not to be in the organization table';


--
-- Name: COLUMN referral.send_ready_date; Type: COMMENT; Schema: clinlims; Owner: clinlims
--

COMMENT ON COLUMN referral.send_ready_date IS 'The date the referral out results are ready to be sent';


--
-- Name: COLUMN referral.sent_date; Type: COMMENT; Schema: clinlims; Owner: clinlims
--

COMMENT ON COLUMN referral.sent_date IS 'The date the referral out results are actually sent';


--
-- Name: COLUMN referral.result_recieved_date; Type: COMMENT; Schema: clinlims; Owner: clinlims
--

COMMENT ON COLUMN referral.result_recieved_date IS 'If this was a referral out then the date the results were recieved from the external lab';


--
-- Name: COLUMN referral.referral_reason_id; Type: COMMENT; Schema: clinlims; Owner: clinlims
--

COMMENT ON COLUMN referral.referral_reason_id IS 'Why was this referral done';


--
-- Name: COLUMN referral.requester_name; Type: COMMENT; Schema: clinlims; Owner: clinlims
--

COMMENT ON COLUMN referral.requester_name IS 'The name of the person who requested that the referral be done';


--
-- Name: COLUMN referral.referral_request_date; Type: COMMENT; Schema: clinlims; Owner: clinlims
--

COMMENT ON COLUMN referral.referral_request_date IS 'The date the referral request was made';


--
-- Name: referral_reason; Type: TABLE; Schema: clinlims; Owner: clinlims; Tablespace: 
--

CREATE TABLE referral_reason (
    id numeric(10,0) NOT NULL,
    name character varying(30) NOT NULL,
    description character varying(60),
    display_key character varying(60),
    lastupdated timestamp with time zone
);


ALTER TABLE clinlims.referral_reason OWNER TO clinlims;

--
-- Name: TABLE referral_reason; Type: COMMENT; Schema: clinlims; Owner: clinlims
--

COMMENT ON TABLE referral_reason IS 'The reason a referral was made to or from the lab';


--
-- Name: COLUMN referral_reason.name; Type: COMMENT; Schema: clinlims; Owner: clinlims
--

COMMENT ON COLUMN referral_reason.name IS 'The name of the reason, default value displayed to user if no display_key value';


--
-- Name: COLUMN referral_reason.description; Type: COMMENT; Schema: clinlims; Owner: clinlims
--

COMMENT ON COLUMN referral_reason.description IS 'Clarification of the reason';


--
-- Name: COLUMN referral_reason.display_key; Type: COMMENT; Schema: clinlims; Owner: clinlims
--

COMMENT ON COLUMN referral_reason.display_key IS 'Key for localization files to display locale appropriate reasons';


--
-- Name: referral_reason_seq; Type: SEQUENCE; Schema: clinlims; Owner: clinlims
--

CREATE SEQUENCE referral_reason_seq
    START WITH 0
    INCREMENT BY 1
    MINVALUE 0
    NO MAXVALUE
    CACHE 1;


ALTER TABLE clinlims.referral_reason_seq OWNER TO clinlims;

--
-- Name: referral_result; Type: TABLE; Schema: clinlims; Owner: clinlims; Tablespace: 
--

CREATE TABLE referral_result (
    id numeric(10,0) NOT NULL,
    referral_id numeric(10,0) NOT NULL,
    test_id numeric(10,0),
    result_id numeric(10,0),
    referral_report_date timestamp with time zone,
    lastupdated timestamp with time zone
);


ALTER TABLE clinlims.referral_result OWNER TO clinlims;

--
-- Name: TABLE referral_result; Type: COMMENT; Schema: clinlims; Owner: clinlims
--

COMMENT ON TABLE referral_result IS 'A referral may have one or more results';


--
-- Name: COLUMN referral_result.referral_id; Type: COMMENT; Schema: clinlims; Owner: clinlims
--

COMMENT ON COLUMN referral_result.referral_id IS 'The referral for which this is a result. May be one to many';


--
-- Name: COLUMN referral_result.test_id; Type: COMMENT; Schema: clinlims; Owner: clinlims
--

COMMENT ON COLUMN referral_result.test_id IS 'When the referral lab reported the results back';


--
-- Name: COLUMN referral_result.result_id; Type: COMMENT; Schema: clinlims; Owner: clinlims
--

COMMENT ON COLUMN referral_result.result_id IS 'The result returned by the referral lab';


--
-- Name: referral_result_seq; Type: SEQUENCE; Schema: clinlims; Owner: clinlims
--

CREATE SEQUENCE referral_result_seq
    START WITH 0
    INCREMENT BY 1
    MINVALUE 0
    NO MAXVALUE
    CACHE 1;


ALTER TABLE clinlims.referral_result_seq OWNER TO clinlims;

--
-- Name: referral_seq; Type: SEQUENCE; Schema: clinlims; Owner: clinlims
--

CREATE SEQUENCE referral_seq
    START WITH 0
    INCREMENT BY 1
    MINVALUE 0
    NO MAXVALUE
    CACHE 1;


ALTER TABLE clinlims.referral_seq OWNER TO clinlims;

--
-- Name: referral_type; Type: TABLE; Schema: clinlims; Owner: clinlims; Tablespace: 
--

CREATE TABLE referral_type (
    id numeric(10,0) NOT NULL,
    name character varying(30) NOT NULL,
    description character varying(60),
    display_key character varying(60),
    lastupdated timestamp with time zone
);


ALTER TABLE clinlims.referral_type OWNER TO clinlims;

--
-- Name: TABLE referral_type; Type: COMMENT; Schema: clinlims; Owner: clinlims
--

COMMENT ON TABLE referral_type IS 'The type of referral. i.e. a referral into the lab or a referral out of the lab';


--
-- Name: COLUMN referral_type.name; Type: COMMENT; Schema: clinlims; Owner: clinlims
--

COMMENT ON COLUMN referral_type.name IS 'The name of the type, default value displayed to user if no display_key value';


--
-- Name: COLUMN referral_type.description; Type: COMMENT; Schema: clinlims; Owner: clinlims
--

COMMENT ON COLUMN referral_type.description IS 'Clarification of the type';


--
-- Name: COLUMN referral_type.display_key; Type: COMMENT; Schema: clinlims; Owner: clinlims
--

COMMENT ON COLUMN referral_type.display_key IS 'Key for localization files to display locale appropriate types';


--
-- Name: referral_type_seq; Type: SEQUENCE; Schema: clinlims; Owner: clinlims
--

CREATE SEQUENCE referral_type_seq
    START WITH 0
    INCREMENT BY 1
    MINVALUE 0
    NO MAXVALUE
    CACHE 1;


ALTER TABLE clinlims.referral_type_seq OWNER TO clinlims;

--
-- Name: region; Type: TABLE; Schema: clinlims; Owner: clinlims; Tablespace: 
--

CREATE TABLE region (
    id numeric(10,0) NOT NULL,
    region character varying(240) NOT NULL,
    lastupdated timestamp(6) without time zone
);


ALTER TABLE clinlims.region OWNER TO clinlims;

--
-- Name: COLUMN region.id; Type: COMMENT; Schema: clinlims; Owner: clinlims
--

COMMENT ON COLUMN region.id IS 'Sequential Number';


--
-- Name: COLUMN region.region; Type: COMMENT; Schema: clinlims; Owner: clinlims
--

COMMENT ON COLUMN region.region IS 'Epidemiology Region Description used for MLS';


--
-- Name: region_seq; Type: SEQUENCE; Schema: clinlims; Owner: clinlims
--

CREATE SEQUENCE region_seq
    START WITH 1
    INCREMENT BY 1
    NO MINVALUE
    NO MAXVALUE
    CACHE 1;


ALTER TABLE clinlims.region_seq OWNER TO clinlims;

--
-- Name: report_external_export; Type: TABLE; Schema: clinlims; Owner: clinlims; Tablespace: 
--

CREATE TABLE report_external_export (
    id numeric(10,0) NOT NULL,
    event_date timestamp with time zone NOT NULL,
    collection_date timestamp with time zone NOT NULL,
    sent_date timestamp with time zone,
    type numeric(10,0) NOT NULL,
    data text,
    lastupdated timestamp with time zone,
    send_flag boolean DEFAULT true,
    bookkeeping text
);


ALTER TABLE clinlims.report_external_export OWNER TO clinlims;

--
-- Name: TABLE report_external_export; Type: COMMENT; Schema: clinlims; Owner: clinlims
--

COMMENT ON TABLE report_external_export IS 'Table for holding aggregated results to be sent to an external application';


--
-- Name: COLUMN report_external_export.id; Type: COMMENT; Schema: clinlims; Owner: clinlims
--

COMMENT ON COLUMN report_external_export.id IS 'primary key';


--
-- Name: COLUMN report_external_export.event_date; Type: COMMENT; Schema: clinlims; Owner: clinlims
--

COMMENT ON COLUMN report_external_export.event_date IS 'The date for which the information was collected.  Granularity assumed to be one day';


--
-- Name: COLUMN report_external_export.collection_date; Type: COMMENT; Schema: clinlims; Owner: clinlims
--

COMMENT ON COLUMN report_external_export.collection_date IS 'The date on which the information was collected.';


--
-- Name: COLUMN report_external_export.sent_date; Type: COMMENT; Schema: clinlims; Owner: clinlims
--

COMMENT ON COLUMN report_external_export.sent_date IS 'The date which the data was successfully sent';


--
-- Name: COLUMN report_external_export.type; Type: COMMENT; Schema: clinlims; Owner: clinlims
--

COMMENT ON COLUMN report_external_export.type IS 'The type of report this is';


--
-- Name: COLUMN report_external_export.data; Type: COMMENT; Schema: clinlims; Owner: clinlims
--

COMMENT ON COLUMN report_external_export.data IS 'Formated data.  May be either JASON or xml.  Many datapoints per row';


--
-- Name: COLUMN report_external_export.lastupdated; Type: COMMENT; Schema: clinlims; Owner: clinlims
--

COMMENT ON COLUMN report_external_export.lastupdated IS 'The last time the row was updated for any reason';


--
-- Name: COLUMN report_external_export.send_flag; Type: COMMENT; Schema: clinlims; Owner: clinlims
--

COMMENT ON COLUMN report_external_export.send_flag IS 'The data is ready to be sent.  It may have already been sent once';


--
-- Name: COLUMN report_external_export.bookkeeping; Type: COMMENT; Schema: clinlims; Owner: clinlims
--

COMMENT ON COLUMN report_external_export.bookkeeping IS 'Data which the application will need to record that this document has been sent';


--
-- Name: report_external_import; Type: TABLE; Schema: clinlims; Owner: clinlims; Tablespace: 
--

CREATE TABLE report_external_import (
    id numeric(10,0) NOT NULL,
    sending_site character varying(20) NOT NULL,
    event_date timestamp with time zone NOT NULL,
    recieved_date timestamp with time zone,
    type character varying(32) NOT NULL,
    updated_flag boolean DEFAULT false,
    data text,
    lastupdated timestamp with time zone
);


ALTER TABLE clinlims.report_external_import OWNER TO clinlims;

--
-- Name: TABLE report_external_import; Type: COMMENT; Schema: clinlims; Owner: clinlims
--

COMMENT ON TABLE report_external_import IS 'Table for holding aggregated results sent by an external application';


--
-- Name: COLUMN report_external_import.id; Type: COMMENT; Schema: clinlims; Owner: clinlims
--

COMMENT ON COLUMN report_external_import.id IS 'primary key';


--
-- Name: COLUMN report_external_import.sending_site; Type: COMMENT; Schema: clinlims; Owner: clinlims
--

COMMENT ON COLUMN report_external_import.sending_site IS 'The site which is sending the info';


--
-- Name: COLUMN report_external_import.event_date; Type: COMMENT; Schema: clinlims; Owner: clinlims
--

COMMENT ON COLUMN report_external_import.event_date IS 'The date for which the information was collected.  Granularity assumed to be one day';


--
-- Name: COLUMN report_external_import.recieved_date; Type: COMMENT; Schema: clinlims; Owner: clinlims
--

COMMENT ON COLUMN report_external_import.recieved_date IS 'The date which the data was received';


--
-- Name: COLUMN report_external_import.type; Type: COMMENT; Schema: clinlims; Owner: clinlims
--

COMMENT ON COLUMN report_external_import.type IS 'The type of report this is';


--
-- Name: COLUMN report_external_import.data; Type: COMMENT; Schema: clinlims; Owner: clinlims
--

COMMENT ON COLUMN report_external_import.data IS 'Formated data.  May be either JASON or xml.  Many datapoints per row';


--
-- Name: COLUMN report_external_import.lastupdated; Type: COMMENT; Schema: clinlims; Owner: clinlims
--

COMMENT ON COLUMN report_external_import.lastupdated IS 'The last time the row was updated for any reason';


--
-- Name: report_external_import_seq; Type: SEQUENCE; Schema: clinlims; Owner: clinlims
--

CREATE SEQUENCE report_external_import_seq
    START WITH 1
    INCREMENT BY 1
    NO MINVALUE
    NO MAXVALUE
    CACHE 1;


ALTER TABLE clinlims.report_external_import_seq OWNER TO clinlims;

--
-- Name: report_queue_seq; Type: SEQUENCE; Schema: clinlims; Owner: clinlims
--

CREATE SEQUENCE report_queue_seq
    START WITH 1
    INCREMENT BY 1
    NO MINVALUE
    NO MAXVALUE
    CACHE 1;


ALTER TABLE clinlims.report_queue_seq OWNER TO clinlims;

--
-- Name: report_queue_type; Type: TABLE; Schema: clinlims; Owner: clinlims; Tablespace: 
--

CREATE TABLE report_queue_type (
    id numeric(10,0) NOT NULL,
    name character varying(32) NOT NULL,
    description character varying(60)
);


ALTER TABLE clinlims.report_queue_type OWNER TO clinlims;

--
-- Name: report_queue_type_seq; Type: SEQUENCE; Schema: clinlims; Owner: clinlims
--

CREATE SEQUENCE report_queue_type_seq
    START WITH 1
    INCREMENT BY 1
    NO MINVALUE
    NO MAXVALUE
    CACHE 1;


ALTER TABLE clinlims.report_queue_type_seq OWNER TO clinlims;

--
-- Name: requester_type; Type: TABLE; Schema: clinlims; Owner: clinlims; Tablespace: 
--

CREATE TABLE requester_type (
    id numeric(10,0) NOT NULL,
    requester_type character varying(20) NOT NULL
);


ALTER TABLE clinlims.requester_type OWNER TO clinlims;

--
-- Name: TABLE requester_type; Type: COMMENT; Schema: clinlims; Owner: clinlims
--

COMMENT ON TABLE requester_type IS 'The types of entities which can request test.  This table will be used by sample_requester so the type should map to table';


--
-- Name: COLUMN requester_type.requester_type; Type: COMMENT; Schema: clinlims; Owner: clinlims
--

COMMENT ON COLUMN requester_type.requester_type IS 'The type. i.e. organization or provider';


--
-- Name: requester_type_seq; Type: SEQUENCE; Schema: clinlims; Owner: clinlims
--

CREATE SEQUENCE requester_type_seq
    START WITH 2
    INCREMENT BY 1
    MINVALUE 2
    NO MAXVALUE
    CACHE 1;


ALTER TABLE clinlims.requester_type_seq OWNER TO clinlims;

--
-- Name: result; Type: TABLE; Schema: clinlims; Owner: clinlims; Tablespace: 
--

CREATE TABLE result (
    id numeric(10,0) NOT NULL,
    analysis_id numeric(10,0),
    sort_order numeric,
    is_reportable character varying(1),
    result_type character varying(1),
    value character varying(200),
    analyte_id numeric(10,0),
    test_result_id numeric(10,0),
    lastupdated timestamp(6) without time zone,
    min_normal double precision,
    max_normal double precision,
    parent_id numeric(10,0),
    significant_digits numeric DEFAULT (0)::numeric,
    grouping numeric DEFAULT (0)::numeric
);


ALTER TABLE clinlims.result OWNER TO clinlims;

--
-- Name: COLUMN result.analysis_id; Type: COMMENT; Schema: clinlims; Owner: clinlims
--

COMMENT ON COLUMN result.analysis_id IS 'Sequential number';


--
-- Name: COLUMN result.sort_order; Type: COMMENT; Schema: clinlims; Owner: clinlims
--

COMMENT ON COLUMN result.sort_order IS 'The order the results are displayed (sort order)';


--
-- Name: COLUMN result.is_reportable; Type: COMMENT; Schema: clinlims; Owner: clinlims
--

COMMENT ON COLUMN result.is_reportable IS 'Indicates if the result is reportable.';


--
-- Name: COLUMN result.result_type; Type: COMMENT; Schema: clinlims; Owner: clinlims
--

COMMENT ON COLUMN result.result_type IS 'Type of result: Dictionary, titer, number, date';


--
-- Name: COLUMN result.value; Type: COMMENT; Schema: clinlims; Owner: clinlims
--

COMMENT ON COLUMN result.value IS 'Actual result value.';


--
-- Name: COLUMN result.min_normal; Type: COMMENT; Schema: clinlims; Owner: clinlims
--

COMMENT ON COLUMN result.min_normal IS 'The min normal value for this result. (May vary by patient sex and age)';


--
-- Name: COLUMN result.max_normal; Type: COMMENT; Schema: clinlims; Owner: clinlims
--

COMMENT ON COLUMN result.max_normal IS 'The max normal value for this result. (May vary by patient sex and age)';


--
-- Name: COLUMN result.parent_id; Type: COMMENT; Schema: clinlims; Owner: clinlims
--

COMMENT ON COLUMN result.parent_id IS 'The id of the result that this result is dependent on';


--
-- Name: COLUMN result.significant_digits; Type: COMMENT; Schema: clinlims; Owner: clinlims
--

COMMENT ON COLUMN result.significant_digits IS 'Significant digits for results at the time the results were entered';


--
-- Name: COLUMN result.grouping; Type: COMMENT; Schema: clinlims; Owner: clinlims
--

COMMENT ON COLUMN result.grouping IS 'When an analysis has more then one set of results this groups them';


--
-- Name: result_inventory; Type: TABLE; Schema: clinlims; Owner: clinlims; Tablespace: 
--

CREATE TABLE result_inventory (
    id numeric(10,0) NOT NULL,
    inventory_location_id numeric(10,0) NOT NULL,
    result_id numeric(10,0) NOT NULL,
    description character varying(20),
    lastupdated timestamp(6) without time zone
);


ALTER TABLE clinlims.result_inventory OWNER TO clinlims;

--
-- Name: TABLE result_inventory; Type: COMMENT; Schema: clinlims; Owner: clinlims
--

COMMENT ON TABLE result_inventory IS 'Table to link analyte, inventory_items and results.  This is to tie a specific test kit to HIV or syphilis test result.';


--
-- Name: COLUMN result_inventory.inventory_location_id; Type: COMMENT; Schema: clinlims; Owner: clinlims
--

COMMENT ON COLUMN result_inventory.inventory_location_id IS 'The specific identifiable inventory.  For Haiti this should be a test kit in inventory';


--
-- Name: COLUMN result_inventory.result_id; Type: COMMENT; Schema: clinlims; Owner: clinlims
--

COMMENT ON COLUMN result_inventory.result_id IS 'The result which is tied to the inventory';


--
-- Name: COLUMN result_inventory.description; Type: COMMENT; Schema: clinlims; Owner: clinlims
--

COMMENT ON COLUMN result_inventory.description IS 'The description of inventory the result refers to.';


--
-- Name: result_inventory_seq; Type: SEQUENCE; Schema: clinlims; Owner: clinlims
--

CREATE SEQUENCE result_inventory_seq
    START WITH 1
    INCREMENT BY 1
    NO MINVALUE
    NO MAXVALUE
    CACHE 1;


ALTER TABLE clinlims.result_inventory_seq OWNER TO clinlims;

--
-- Name: result_limits; Type: TABLE; Schema: clinlims; Owner: clinlims; Tablespace: 
--

CREATE TABLE result_limits (
    id numeric(10,0) NOT NULL,
    test_id numeric(10,0) NOT NULL,
    test_result_type_id numeric NOT NULL,
    min_age double precision DEFAULT 0,
    max_age double precision DEFAULT 'Infinity'::double precision,
    gender character(1),
    low_normal double precision DEFAULT '-Infinity'::double precision,
    high_normal double precision DEFAULT 'Infinity'::double precision,
    low_valid double precision DEFAULT '-Infinity'::double precision,
    high_valid double precision DEFAULT 'Infinity'::double precision,
    lastupdated timestamp(6) without time zone,
    normal_dictionary_id numeric(10,0),
    always_validate boolean DEFAULT false
);


ALTER TABLE clinlims.result_limits OWNER TO clinlims;

--
-- Name: TABLE result_limits; Type: COMMENT; Schema: clinlims; Owner: clinlims
--

COMMENT ON TABLE result_limits IS 'This is a mainly read only table for normal and valid limits for given tests.  Currently it assumes that only age and gender matter.  If more criteria matter then refactor';


--
-- Name: COLUMN result_limits.test_id; Type: COMMENT; Schema: clinlims; Owner: clinlims
--

COMMENT ON COLUMN result_limits.test_id IS 'Refers to the test table, this is additional information';


--
-- Name: COLUMN result_limits.test_result_type_id; Type: COMMENT; Schema: clinlims; Owner: clinlims
--

COMMENT ON COLUMN result_limits.test_result_type_id IS 'The data type of the results';


--
-- Name: COLUMN result_limits.min_age; Type: COMMENT; Schema: clinlims; Owner: clinlims
--

COMMENT ON COLUMN result_limits.min_age IS 'Should be null or less than max age';


--
-- Name: COLUMN result_limits.max_age; Type: COMMENT; Schema: clinlims; Owner: clinlims
--

COMMENT ON COLUMN result_limits.max_age IS 'Should be null or greater than min age';


--
-- Name: COLUMN result_limits.gender; Type: COMMENT; Schema: clinlims; Owner: clinlims
--

COMMENT ON COLUMN result_limits.gender IS 'Should be F or M or null if gender is not a criteria';


--
-- Name: COLUMN result_limits.low_normal; Type: COMMENT; Schema: clinlims; Owner: clinlims
--

COMMENT ON COLUMN result_limits.low_normal IS 'Low end of normal range';


--
-- Name: COLUMN result_limits.high_normal; Type: COMMENT; Schema: clinlims; Owner: clinlims
--

COMMENT ON COLUMN result_limits.high_normal IS 'High end of the normal range';


--
-- Name: COLUMN result_limits.low_valid; Type: COMMENT; Schema: clinlims; Owner: clinlims
--

COMMENT ON COLUMN result_limits.low_valid IS 'Low end of the valid range, any result value lower should be considered suspect';


--
-- Name: COLUMN result_limits.high_valid; Type: COMMENT; Schema: clinlims; Owner: clinlims
--

COMMENT ON COLUMN result_limits.high_valid IS 'high end of the valid range, any result value higher should be considered suspect';


--
-- Name: COLUMN result_limits.normal_dictionary_id; Type: COMMENT; Schema: clinlims; Owner: clinlims
--

COMMENT ON COLUMN result_limits.normal_dictionary_id IS 'Reference to the dictionary value which is normal for test';


--
-- Name: COLUMN result_limits.always_validate; Type: COMMENT; Schema: clinlims; Owner: clinlims
--

COMMENT ON COLUMN result_limits.always_validate IS 'Is further validation always required no matter what the results';


--
-- Name: result_limits_seq; Type: SEQUENCE; Schema: clinlims; Owner: clinlims
--

CREATE SEQUENCE result_limits_seq
    START WITH 1
    INCREMENT BY 1
    NO MINVALUE
    NO MAXVALUE
    CACHE 1;


ALTER TABLE clinlims.result_limits_seq OWNER TO clinlims;

--
-- Name: result_seq; Type: SEQUENCE; Schema: clinlims; Owner: clinlims
--

CREATE SEQUENCE result_seq
    START WITH 1
    INCREMENT BY 1
    NO MINVALUE
    NO MAXVALUE
    CACHE 1;


ALTER TABLE clinlims.result_seq OWNER TO clinlims;

--
-- Name: result_signature; Type: TABLE; Schema: clinlims; Owner: clinlims; Tablespace: 
--

CREATE TABLE result_signature (
    id numeric(10,0) NOT NULL,
    result_id numeric(10,0) NOT NULL,
    system_user_id numeric(10,0),
    is_supervisor boolean DEFAULT false NOT NULL,
    lastupdated timestamp(6) without time zone,
    non_user_name character varying(20)
);


ALTER TABLE clinlims.result_signature OWNER TO clinlims;

--
-- Name: TABLE result_signature; Type: COMMENT; Schema: clinlims; Owner: clinlims
--

COMMENT ON TABLE result_signature IS 'This matches the person who signed the result form with the result.';


--
-- Name: COLUMN result_signature.result_id; Type: COMMENT; Schema: clinlims; Owner: clinlims
--

COMMENT ON COLUMN result_signature.result_id IS 'The result which is being signed';


--
-- Name: COLUMN result_signature.system_user_id; Type: COMMENT; Schema: clinlims; Owner: clinlims
--

COMMENT ON COLUMN result_signature.system_user_id IS 'The signer of the result';


--
-- Name: COLUMN result_signature.is_supervisor; Type: COMMENT; Schema: clinlims; Owner: clinlims
--

COMMENT ON COLUMN result_signature.is_supervisor IS 'Is the signer a supervisor';


--
-- Name: COLUMN result_signature.non_user_name; Type: COMMENT; Schema: clinlims; Owner: clinlims
--

COMMENT ON COLUMN result_signature.non_user_name IS 'For signers that are not systemUsers';


--
-- Name: result_signature_seq; Type: SEQUENCE; Schema: clinlims; Owner: clinlims
--

CREATE SEQUENCE result_signature_seq
    START WITH 1
    INCREMENT BY 1
    NO MINVALUE
    NO MAXVALUE
    CACHE 1;


ALTER TABLE clinlims.result_signature_seq OWNER TO clinlims;

--
-- Name: sample; Type: TABLE; Schema: clinlims; Owner: clinlims; Tablespace: 
--

CREATE TABLE sample (
    id numeric(10,0) NOT NULL,
    accession_number character varying(20) NOT NULL,
    package_id numeric(10,0),
    domain character varying(1),
    next_item_sequence numeric(10,0),
    revision numeric,
    entered_date timestamp without time zone NOT NULL,
    received_date timestamp without time zone NOT NULL,
    collection_date timestamp without time zone,
    client_reference character varying(20),
    status character varying(1),
    released_date timestamp without time zone,
    sticker_rcvd_flag character varying(1),
    sys_user_id numeric(10,0),
    barcode character varying(20),
    transmission_date timestamp without time zone,
    lastupdated timestamp(6) without time zone,
    spec_or_isolate character varying(1),
    priority numeric(1,0),
    status_id numeric(10,0),
    referring_id character varying(50),
    clinical_order_id numeric(10,0)
);


ALTER TABLE clinlims.sample OWNER TO clinlims;

--
-- Name: COLUMN sample.status_id; Type: COMMENT; Schema: clinlims; Owner: clinlims
--

COMMENT ON COLUMN sample.status_id IS 'foriegn key to status of analysis ';


--
-- Name: COLUMN sample.referring_id; Type: COMMENT; Schema: clinlims; Owner: clinlims
--

COMMENT ON COLUMN sample.referring_id IS 'The external number supplied the referrer.  AKA Order number';


--
-- Name: sample_animal; Type: TABLE; Schema: clinlims; Owner: clinlims; Tablespace: 
--

CREATE TABLE sample_animal (
    id numeric(10,0) NOT NULL,
    sci_name_id numeric(10,0) NOT NULL,
    comm_anim_id numeric(10,0) NOT NULL,
    sampling_location character varying(40),
    collector character varying(40),
    samp_id numeric(10,0) NOT NULL,
    multiple_unit character varying(30),
    street_address character varying(30),
    city character varying(30),
    state character varying(2),
    country character varying(20),
    zip_code character varying(10)
);


ALTER TABLE clinlims.sample_animal OWNER TO clinlims;

--
-- Name: COLUMN sample_animal.sci_name_id; Type: COMMENT; Schema: clinlims; Owner: clinlims
--

COMMENT ON COLUMN sample_animal.sci_name_id IS 'Sequential Number';


--
-- Name: COLUMN sample_animal.sampling_location; Type: COMMENT; Schema: clinlims; Owner: clinlims
--

COMMENT ON COLUMN sample_animal.sampling_location IS 'Sampling location - name of farm';


--
-- Name: COLUMN sample_animal.collector; Type: COMMENT; Schema: clinlims; Owner: clinlims
--

COMMENT ON COLUMN sample_animal.collector IS 'Person collecting sample';


--
-- Name: COLUMN sample_animal.samp_id; Type: COMMENT; Schema: clinlims; Owner: clinlims
--

COMMENT ON COLUMN sample_animal.samp_id IS 'MDH Specimen Number';


--
-- Name: COLUMN sample_animal.street_address; Type: COMMENT; Schema: clinlims; Owner: clinlims
--

COMMENT ON COLUMN sample_animal.street_address IS 'Address of animal';


--
-- Name: sample_domain; Type: TABLE; Schema: clinlims; Owner: clinlims; Tablespace: 
--

CREATE TABLE sample_domain (
    id numeric(10,0) NOT NULL,
    domain_description character varying(20),
    domain character varying(1),
    lastupdated timestamp(6) without time zone
);


ALTER TABLE clinlims.sample_domain OWNER TO clinlims;

--
-- Name: COLUMN sample_domain.id; Type: COMMENT; Schema: clinlims; Owner: clinlims
--

COMMENT ON COLUMN sample_domain.id IS 'A unique auto generated integer number assigned by the database.';


--
-- Name: COLUMN sample_domain.domain_description; Type: COMMENT; Schema: clinlims; Owner: clinlims
--

COMMENT ON COLUMN sample_domain.domain_description IS 'Type of sample this can be applied to:environ, human, animal, rabies, bt, newborn.';


--
-- Name: COLUMN sample_domain.domain; Type: COMMENT; Schema: clinlims; Owner: clinlims
--

COMMENT ON COLUMN sample_domain.domain IS 'Code for description: E-Environmental, A-Animal, C-Clinical';


--
-- Name: sample_domain_seq; Type: SEQUENCE; Schema: clinlims; Owner: clinlims
--

CREATE SEQUENCE sample_domain_seq
    START WITH 1
    INCREMENT BY 1
    NO MINVALUE
    NO MAXVALUE
    CACHE 1;


ALTER TABLE clinlims.sample_domain_seq OWNER TO clinlims;

--
-- Name: sample_environmental; Type: TABLE; Schema: clinlims; Owner: clinlims; Tablespace: 
--

CREATE TABLE sample_environmental (
    id numeric(10,0) NOT NULL,
    samp_id numeric(10,0) NOT NULL,
    is_hazardous character varying(1),
    lot_nbr character varying(30),
    description character varying(40),
    chem_samp_num character varying(240),
    street_address character varying(30),
    multiple_unit character varying(30),
    city character varying(30),
    state character varying(2),
    zip_code character varying(10),
    country character varying(20),
    collector character varying(40),
    sampling_location character varying(40)
);


ALTER TABLE clinlims.sample_environmental OWNER TO clinlims;

--
-- Name: COLUMN sample_environmental.samp_id; Type: COMMENT; Schema: clinlims; Owner: clinlims
--

COMMENT ON COLUMN sample_environmental.samp_id IS 'MDH Specimen Number';


--
-- Name: COLUMN sample_environmental.lot_nbr; Type: COMMENT; Schema: clinlims; Owner: clinlims
--

COMMENT ON COLUMN sample_environmental.lot_nbr IS 'If sample is unopened package of food then include the lot number from the package';


--
-- Name: COLUMN sample_environmental.description; Type: COMMENT; Schema: clinlims; Owner: clinlims
--

COMMENT ON COLUMN sample_environmental.description IS 'Additional description field for sample attributes.';


--
-- Name: COLUMN sample_environmental.zip_code; Type: COMMENT; Schema: clinlims; Owner: clinlims
--

COMMENT ON COLUMN sample_environmental.zip_code IS 'Zip +4 code';


--
-- Name: COLUMN sample_environmental.collector; Type: COMMENT; Schema: clinlims; Owner: clinlims
--

COMMENT ON COLUMN sample_environmental.collector IS 'Person collecting the sample';


--
-- Name: COLUMN sample_environmental.sampling_location; Type: COMMENT; Schema: clinlims; Owner: clinlims
--

COMMENT ON COLUMN sample_environmental.sampling_location IS 'Sampling location - name of restaurant, store, farm';


--
-- Name: sample_human_seq; Type: SEQUENCE; Schema: clinlims; Owner: clinlims
--

CREATE SEQUENCE sample_human_seq
    START WITH 1
    INCREMENT BY 1
    NO MINVALUE
    NO MAXVALUE
    CACHE 1;


ALTER TABLE clinlims.sample_human_seq OWNER TO clinlims;

--
-- Name: sample_item_seq; Type: SEQUENCE; Schema: clinlims; Owner: clinlims
--

CREATE SEQUENCE sample_item_seq
    START WITH 1
    INCREMENT BY 1
    NO MINVALUE
    NO MAXVALUE
    CACHE 1;


ALTER TABLE clinlims.sample_item_seq OWNER TO clinlims;

--
-- Name: sample_newborn; Type: TABLE; Schema: clinlims; Owner: clinlims; Tablespace: 
--

CREATE TABLE sample_newborn (
    id numeric(10,0) NOT NULL,
    weight numeric(5,0),
    multi_birth character(1),
    birth_order numeric(2,0),
    gestational_week numeric(5,2),
    date_first_feeding date,
    breast character(1),
    tpn character(1),
    formula character(1),
    milk character(1),
    soy character(1),
    jaundice character(1),
    antibiotics character(1),
    transfused character(1),
    date_transfusion date,
    medical_record_numeric character varying(18),
    nicu character(1),
    birth_defect character(1),
    pregnancy_complication character(1),
    deceased_sibling character(1),
    cause_of_death character varying(50),
    family_history character(1),
    other character varying(100),
    y_numeric character varying(18),
    yellow_card character(1),
    lastupdated timestamp(6) without time zone
);


ALTER TABLE clinlims.sample_newborn OWNER TO clinlims;

--
-- Name: sample_org_seq; Type: SEQUENCE; Schema: clinlims; Owner: clinlims
--

CREATE SEQUENCE sample_org_seq
    START WITH 112
    INCREMENT BY 1
    NO MINVALUE
    NO MAXVALUE
    CACHE 1;


ALTER TABLE clinlims.sample_org_seq OWNER TO clinlims;

--
-- Name: sample_organization; Type: TABLE; Schema: clinlims; Owner: clinlims; Tablespace: 
--

CREATE TABLE sample_organization (
    id numeric(10,0) NOT NULL,
    org_id numeric(10,0),
    samp_id numeric(10,0),
    samp_org_type character varying(1),
    lastupdated timestamp(6) without time zone
);


ALTER TABLE clinlims.sample_organization OWNER TO clinlims;

--
-- Name: COLUMN sample_organization.org_id; Type: COMMENT; Schema: clinlims; Owner: clinlims
--

COMMENT ON COLUMN sample_organization.org_id IS 'Sequential Numbering Field';


--
-- Name: COLUMN sample_organization.samp_id; Type: COMMENT; Schema: clinlims; Owner: clinlims
--

COMMENT ON COLUMN sample_organization.samp_id IS 'MDH Specimen Number';


--
-- Name: COLUMN sample_organization.samp_org_type; Type: COMMENT; Schema: clinlims; Owner: clinlims
--

COMMENT ON COLUMN sample_organization.samp_org_type IS 'Type of organization: Primary, Secondary, Billing';


--
-- Name: sample_pdf; Type: TABLE; Schema: clinlims; Owner: clinlims; Tablespace: 
--

CREATE TABLE sample_pdf (
    id numeric(10,0) NOT NULL,
    accession_number numeric(10,0) NOT NULL,
    allow_view character varying(1),
    barcode character varying(20)
);


ALTER TABLE clinlims.sample_pdf OWNER TO clinlims;

--
-- Name: sample_pdf_seq; Type: SEQUENCE; Schema: clinlims; Owner: clinlims
--

CREATE SEQUENCE sample_pdf_seq
    START WITH 1
    INCREMENT BY 1
    NO MINVALUE
    NO MAXVALUE
    CACHE 20;


ALTER TABLE clinlims.sample_pdf_seq OWNER TO clinlims;

--
-- Name: sample_proj_seq; Type: SEQUENCE; Schema: clinlims; Owner: clinlims
--

CREATE SEQUENCE sample_proj_seq
    START WITH 1
    INCREMENT BY 1
    NO MINVALUE
    NO MAXVALUE
    CACHE 1;


ALTER TABLE clinlims.sample_proj_seq OWNER TO clinlims;

--
-- Name: sample_projects; Type: TABLE; Schema: clinlims; Owner: clinlims; Tablespace: 
--

CREATE TABLE sample_projects (
    samp_id numeric(10,0) NOT NULL,
    proj_id numeric(10,0),
    is_permanent character varying(1),
    id numeric(10,0) NOT NULL,
    lastupdated timestamp(6) without time zone
);


ALTER TABLE clinlims.sample_projects OWNER TO clinlims;

--
-- Name: COLUMN sample_projects.samp_id; Type: COMMENT; Schema: clinlims; Owner: clinlims
--

COMMENT ON COLUMN sample_projects.samp_id IS 'MDH Specimen Number';


--
-- Name: COLUMN sample_projects.proj_id; Type: COMMENT; Schema: clinlims; Owner: clinlims
--

COMMENT ON COLUMN sample_projects.proj_id IS 'Sequential number assigned by sequence';


--
-- Name: COLUMN sample_projects.is_permanent; Type: COMMENT; Schema: clinlims; Owner: clinlims
--

COMMENT ON COLUMN sample_projects.is_permanent IS 'Indicates if project is assigned to this sample permanently (Y/N)';


--
-- Name: sample_qaevent; Type: TABLE; Schema: clinlims; Owner: clinlims; Tablespace: 
--

CREATE TABLE sample_qaevent (
    id numeric(10,0) NOT NULL,
    qa_event_id numeric(10,0),
    sample_id numeric(10,0),
    completed_date date,
    lastupdated timestamp without time zone,
    sampleitem_id numeric(10,0),
    entered_date timestamp with time zone
);


ALTER TABLE clinlims.sample_qaevent OWNER TO clinlims;

--
-- Name: COLUMN sample_qaevent.sampleitem_id; Type: COMMENT; Schema: clinlims; Owner: clinlims
--

COMMENT ON COLUMN sample_qaevent.sampleitem_id IS 'If the qaevent refers to a sampleitem of the sample use this column';


--
-- Name: sample_qaevent_action; Type: TABLE; Schema: clinlims; Owner: clinlims; Tablespace: 
--

CREATE TABLE sample_qaevent_action (
    id numeric(10,0) NOT NULL,
    sample_qaevent_id numeric(10,0) NOT NULL,
    action_id numeric(10,0) NOT NULL,
    created_date date NOT NULL,
    lastupdated timestamp(6) without time zone,
    sys_user_id numeric(10,0)
);


ALTER TABLE clinlims.sample_qaevent_action OWNER TO clinlims;

--
-- Name: sample_qaevent_action_seq; Type: SEQUENCE; Schema: clinlims; Owner: clinlims
--

CREATE SEQUENCE sample_qaevent_action_seq
    START WITH 1
    INCREMENT BY 1
    NO MINVALUE
    NO MAXVALUE
    CACHE 1;


ALTER TABLE clinlims.sample_qaevent_action_seq OWNER TO clinlims;

--
-- Name: sample_qaevent_seq; Type: SEQUENCE; Schema: clinlims; Owner: clinlims
--

CREATE SEQUENCE sample_qaevent_seq
    START WITH 1
    INCREMENT BY 1
    NO MINVALUE
    NO MAXVALUE
    CACHE 1;


ALTER TABLE clinlims.sample_qaevent_seq OWNER TO clinlims;

--
-- Name: sample_requester; Type: TABLE; Schema: clinlims; Owner: clinlims; Tablespace: 
--

CREATE TABLE sample_requester (
    sample_id numeric(10,0) NOT NULL,
    requester_id numeric(10,0) NOT NULL,
    requester_type_id numeric(10,0) NOT NULL,
    lastupdated timestamp(6) without time zone,
    id numeric(10,0) NOT NULL
);


ALTER TABLE clinlims.sample_requester OWNER TO clinlims;

--
-- Name: TABLE sample_requester; Type: COMMENT; Schema: clinlims; Owner: clinlims
--

COMMENT ON TABLE sample_requester IS 'Links a sample to the entity which requested it';


--
-- Name: COLUMN sample_requester.sample_id; Type: COMMENT; Schema: clinlims; Owner: clinlims
--

COMMENT ON COLUMN sample_requester.sample_id IS 'The sample';


--
-- Name: COLUMN sample_requester.requester_id; Type: COMMENT; Schema: clinlims; Owner: clinlims
--

COMMENT ON COLUMN sample_requester.requester_id IS 'The requester_id.  The exact table row depends on the requester type';


--
-- Name: COLUMN sample_requester.requester_type_id; Type: COMMENT; Schema: clinlims; Owner: clinlims
--

COMMENT ON COLUMN sample_requester.requester_type_id IS 'The type from the requester_type table';


--
-- Name: sample_requester_seq; Type: SEQUENCE; Schema: clinlims; Owner: clinlims
--

CREATE SEQUENCE sample_requester_seq
    START WITH 1
    INCREMENT BY 1
    NO MINVALUE
    NO MAXVALUE
    CACHE 1;


ALTER TABLE clinlims.sample_requester_seq OWNER TO clinlims;

--
-- Name: sample_seq; Type: SEQUENCE; Schema: clinlims; Owner: clinlims
--

CREATE SEQUENCE sample_seq
    START WITH 1
    INCREMENT BY 1
    NO MINVALUE
    NO MAXVALUE
    CACHE 1;


ALTER TABLE clinlims.sample_seq OWNER TO clinlims;

--
-- Name: sample_type_panel_seq; Type: SEQUENCE; Schema: clinlims; Owner: clinlims
--

CREATE SEQUENCE sample_type_panel_seq
    START WITH 0
    INCREMENT BY 1
    MINVALUE 0
    NO MAXVALUE
    CACHE 1;


ALTER TABLE clinlims.sample_type_panel_seq OWNER TO clinlims;

--
-- Name: sample_type_test_seq; Type: SEQUENCE; Schema: clinlims; Owner: clinlims
--

CREATE SEQUENCE sample_type_test_seq
    START WITH 0
    INCREMENT BY 1
    MINVALUE 0
    NO MAXVALUE
    CACHE 1;


ALTER TABLE clinlims.sample_type_test_seq OWNER TO clinlims;

--
-- Name: sampletype_panel; Type: TABLE; Schema: clinlims; Owner: clinlims; Tablespace: 
--

CREATE TABLE sampletype_panel (
    id numeric(10,0) NOT NULL,
    sample_type_id numeric(10,0) NOT NULL,
    panel_id numeric(10,0) NOT NULL
);


ALTER TABLE clinlims.sampletype_panel OWNER TO clinlims;

--
-- Name: sampletype_test; Type: TABLE; Schema: clinlims; Owner: clinlims; Tablespace: 
--

CREATE TABLE sampletype_test (
    id numeric(10,0) NOT NULL,
    sample_type_id numeric(10,0) NOT NULL,
    test_id numeric(10,0) NOT NULL,
    is_panel boolean DEFAULT false
);


ALTER TABLE clinlims.sampletype_test OWNER TO clinlims;

--
-- Name: scriptlet; Type: TABLE; Schema: clinlims; Owner: clinlims; Tablespace: 
--

CREATE TABLE scriptlet (
    id numeric(10,0) NOT NULL,
    name character varying(40),
    code_type character varying(1),
    code_source character varying(4000),
    lastupdated timestamp(6) without time zone
);


ALTER TABLE clinlims.scriptlet OWNER TO clinlims;

--
-- Name: COLUMN scriptlet.name; Type: COMMENT; Schema: clinlims; Owner: clinlims
--

COMMENT ON COLUMN scriptlet.name IS 'Script name';


--
-- Name: COLUMN scriptlet.code_type; Type: COMMENT; Schema: clinlims; Owner: clinlims
--

COMMENT ON COLUMN scriptlet.code_type IS 'Flag indicating type of script code : Java, Basic, PLSQL';


--
-- Name: COLUMN scriptlet.lastupdated; Type: COMMENT; Schema: clinlims; Owner: clinlims
--

COMMENT ON COLUMN scriptlet.lastupdated IS 'Body of Source Code';


--
-- Name: scriptlet_seq; Type: SEQUENCE; Schema: clinlims; Owner: clinlims
--

CREATE SEQUENCE scriptlet_seq
    START WITH 1
    INCREMENT BY 1
    NO MINVALUE
    NO MAXVALUE
    CACHE 1;


ALTER TABLE clinlims.scriptlet_seq OWNER TO clinlims;

--
-- Name: sequence; Type: TABLE; Schema: clinlims; Owner: clinlims; Tablespace: 
--

CREATE TABLE sequence (
    seq_name character varying(30),
    seq_count numeric
);


ALTER TABLE clinlims.sequence OWNER TO clinlims;

--
-- Name: site_information; Type: TABLE; Schema: clinlims; Owner: clinlims; Tablespace: 
--

CREATE TABLE site_information (
    id integer NOT NULL,
    name character varying(32) NOT NULL,
    lastupdated timestamp with time zone,
    description character varying(120),
    value character varying(200),
    encrypted boolean DEFAULT false,
    domain_id numeric(10,0),
    value_type character varying(10) DEFAULT 'text'::character varying NOT NULL,
    instruction_key character varying(40),
    "group" numeric DEFAULT (0)::numeric,
    schedule_id numeric(10,0),
    tag character varying(20),
    dictionary_category_id numeric(10,0)
);


ALTER TABLE clinlims.site_information OWNER TO clinlims;

--
-- Name: TABLE site_information; Type: COMMENT; Schema: clinlims; Owner: clinlims
--

COMMENT ON TABLE site_information IS 'Information about a specific installation at a site, seperate from an implimentation';


--
-- Name: COLUMN site_information.name; Type: COMMENT; Schema: clinlims; Owner: clinlims
--

COMMENT ON COLUMN site_information.name IS 'Name by which this information will be found';


--
-- Name: COLUMN site_information.description; Type: COMMENT; Schema: clinlims; Owner: clinlims
--

COMMENT ON COLUMN site_information.description IS 'Clarification of the name';


--
-- Name: COLUMN site_information.value; Type: COMMENT; Schema: clinlims; Owner: clinlims
--

COMMENT ON COLUMN site_information.value IS 'Value for the named information';


--
-- Name: COLUMN site_information.encrypted; Type: COMMENT; Schema: clinlims; Owner: clinlims
--

COMMENT ON COLUMN site_information.encrypted IS 'Is the value an encrypted value.  Used for passwords';


--
-- Name: COLUMN site_information.value_type; Type: COMMENT; Schema: clinlims; Owner: clinlims
--

COMMENT ON COLUMN site_information.value_type IS 'The type of value which can be specified for the value. Currently either ''boolean'',''text'' or ''dictionary''';


--
-- Name: COLUMN site_information.instruction_key; Type: COMMENT; Schema: clinlims; Owner: clinlims
--

COMMENT ON COLUMN site_information.instruction_key IS 'The key in Message_Resource which give the user the text for the meaning and consequences of the information';


--
-- Name: COLUMN site_information."group"; Type: COMMENT; Schema: clinlims; Owner: clinlims
--

COMMENT ON COLUMN site_information."group" IS 'If items should be grouped together when displaying they should have the same group number';


--
-- Name: COLUMN site_information.schedule_id; Type: COMMENT; Schema: clinlims; Owner: clinlims
--

COMMENT ON COLUMN site_information.schedule_id IS 'quartz_cron_scheduler id if the item is associated with a scheduler ';


--
-- Name: COLUMN site_information.tag; Type: COMMENT; Schema: clinlims; Owner: clinlims
--

COMMENT ON COLUMN site_information.tag IS 'A tag to help determine how the information should be used';


--
-- Name: COLUMN site_information.dictionary_category_id; Type: COMMENT; Schema: clinlims; Owner: clinlims
--

COMMENT ON COLUMN site_information.dictionary_category_id IS 'Value of the dictionary category if the type of record is dictionary';


--
-- Name: site_information_domain; Type: TABLE; Schema: clinlims; Owner: clinlims; Tablespace: 
--

CREATE TABLE site_information_domain (
    id numeric(10,0) NOT NULL,
    name character varying(20) NOT NULL,
    description character varying(120)
);


ALTER TABLE clinlims.site_information_domain OWNER TO clinlims;

--
-- Name: TABLE site_information_domain; Type: COMMENT; Schema: clinlims; Owner: clinlims
--

COMMENT ON TABLE site_information_domain IS 'Marks the domains to which site information belongs.  Intended use is administration pages';


--
-- Name: site_information_domain_seq; Type: SEQUENCE; Schema: clinlims; Owner: clinlims
--

CREATE SEQUENCE site_information_domain_seq
    START WITH 1
    INCREMENT BY 1
    NO MINVALUE
    NO MAXVALUE
    CACHE 1;


ALTER TABLE clinlims.site_information_domain_seq OWNER TO clinlims;

--
-- Name: site_information_seq; Type: SEQUENCE; Schema: clinlims; Owner: clinlims
--

CREATE SEQUENCE site_information_seq
    START WITH 1
    INCREMENT BY 1
    NO MINVALUE
    NO MAXVALUE
    CACHE 1;


ALTER TABLE clinlims.site_information_seq OWNER TO clinlims;

--
-- Name: source_of_sample; Type: TABLE; Schema: clinlims; Owner: clinlims; Tablespace: 
--

CREATE TABLE source_of_sample (
    id numeric(10,0) NOT NULL,
    description character varying(40),
    domain character varying(1),
    lastupdated timestamp(6) without time zone
);


ALTER TABLE clinlims.source_of_sample OWNER TO clinlims;

--
-- Name: COLUMN source_of_sample.id; Type: COMMENT; Schema: clinlims; Owner: clinlims
--

COMMENT ON COLUMN source_of_sample.id IS 'A unique auto generated integer number assigned by the database.';


--
-- Name: COLUMN source_of_sample.description; Type: COMMENT; Schema: clinlims; Owner: clinlims
--

COMMENT ON COLUMN source_of_sample.description IS 'Description such as left ear, right hand, kitchen sink.';


--
-- Name: COLUMN source_of_sample.domain; Type: COMMENT; Schema: clinlims; Owner: clinlims
--

COMMENT ON COLUMN source_of_sample.domain IS 'Type of sample this can be applied to: Environ, Animal, Clinical';


--
-- Name: source_of_sample_seq; Type: SEQUENCE; Schema: clinlims; Owner: clinlims
--

CREATE SEQUENCE source_of_sample_seq
    START WITH 1
    INCREMENT BY 1
    NO MINVALUE
    NO MAXVALUE
    CACHE 1;


ALTER TABLE clinlims.source_of_sample_seq OWNER TO clinlims;

--
-- Name: state_code; Type: TABLE; Schema: clinlims; Owner: clinlims; Tablespace: 
--

CREATE TABLE state_code (
    id numeric(10,0) NOT NULL,
    code character varying(240),
    description character varying(240),
    lastupdated timestamp(6) without time zone
);


ALTER TABLE clinlims.state_code OWNER TO clinlims;

--
-- Name: COLUMN state_code.code; Type: COMMENT; Schema: clinlims; Owner: clinlims
--

COMMENT ON COLUMN state_code.code IS 'State abbreviation';


--
-- Name: COLUMN state_code.description; Type: COMMENT; Schema: clinlims; Owner: clinlims
--

COMMENT ON COLUMN state_code.description IS 'State Name';


--
-- Name: state_code_seq; Type: SEQUENCE; Schema: clinlims; Owner: clinlims
--

CREATE SEQUENCE state_code_seq
    START WITH 1
    INCREMENT BY 1
    NO MINVALUE
    NO MAXVALUE
    CACHE 1;


ALTER TABLE clinlims.state_code_seq OWNER TO clinlims;

--
-- Name: status_of_sample_seq; Type: SEQUENCE; Schema: clinlims; Owner: clinlims
--

CREATE SEQUENCE status_of_sample_seq
    START WITH 1
    INCREMENT BY 1
    NO MINVALUE
    NO MAXVALUE
    CACHE 1;


ALTER TABLE clinlims.status_of_sample_seq OWNER TO clinlims;

--
-- Name: storage_location; Type: TABLE; Schema: clinlims; Owner: clinlims; Tablespace: 
--

CREATE TABLE storage_location (
    id numeric(10,0) NOT NULL,
    sort_order numeric,
    name character varying(20),
    location character varying(80),
    is_available character varying(1),
    parent_storageloc_id numeric(10,0),
    storage_unit_id numeric(10,0)
);


ALTER TABLE clinlims.storage_location OWNER TO clinlims;

--
-- Name: COLUMN storage_location.sort_order; Type: COMMENT; Schema: clinlims; Owner: clinlims
--

COMMENT ON COLUMN storage_location.sort_order IS 'The sequence order of this item; sort order used for display';


--
-- Name: COLUMN storage_location.name; Type: COMMENT; Schema: clinlims; Owner: clinlims
--

COMMENT ON COLUMN storage_location.name IS 'Name of unit: Virology Fridge #1';


--
-- Name: COLUMN storage_location.location; Type: COMMENT; Schema: clinlims; Owner: clinlims
--

COMMENT ON COLUMN storage_location.location IS 'Location of storage';


--
-- Name: COLUMN storage_location.is_available; Type: COMMENT; Schema: clinlims; Owner: clinlims
--

COMMENT ON COLUMN storage_location.is_available IS 'Indicates if storage is available for use.';


--
-- Name: storage_unit; Type: TABLE; Schema: clinlims; Owner: clinlims; Tablespace: 
--

CREATE TABLE storage_unit (
    id numeric(10,0) NOT NULL,
    category character varying(15),
    description character varying(60),
    is_singular character varying(1)
);


ALTER TABLE clinlims.storage_unit OWNER TO clinlims;

--
-- Name: COLUMN storage_unit.category; Type: COMMENT; Schema: clinlims; Owner: clinlims
--

COMMENT ON COLUMN storage_unit.category IS 'type of storage unit: box, fridge, shelf, tube';


--
-- Name: COLUMN storage_unit.description; Type: COMMENT; Schema: clinlims; Owner: clinlims
--

COMMENT ON COLUMN storage_unit.description IS 'Description of unit: 10 mL tube, 5 shelf fridge.';


--
-- Name: COLUMN storage_unit.is_singular; Type: COMMENT; Schema: clinlims; Owner: clinlims
--

COMMENT ON COLUMN storage_unit.is_singular IS 'Y, N flag indicating if this unit can contain more than one item.';


--
-- Name: system_module; Type: TABLE; Schema: clinlims; Owner: clinlims; Tablespace: 
--

CREATE TABLE system_module (
    id numeric(10,0) NOT NULL,
    name character varying(40),
    description character varying(80),
    has_select_flag character varying(1),
    has_add_flag character varying(1),
    has_update_flag character varying(1),
    has_delete_flag character varying(1)
);


ALTER TABLE clinlims.system_module OWNER TO clinlims;

--
-- Name: COLUMN system_module.name; Type: COMMENT; Schema: clinlims; Owner: clinlims
--

COMMENT ON COLUMN system_module.name IS 'Name of security module';


--
-- Name: COLUMN system_module.description; Type: COMMENT; Schema: clinlims; Owner: clinlims
--

COMMENT ON COLUMN system_module.description IS 'Description for this security module';


--
-- Name: COLUMN system_module.has_select_flag; Type: COMMENT; Schema: clinlims; Owner: clinlims
--

COMMENT ON COLUMN system_module.has_select_flag IS 'Flag indicating if this module can be assigned to a user';


--
-- Name: COLUMN system_module.has_add_flag; Type: COMMENT; Schema: clinlims; Owner: clinlims
--

COMMENT ON COLUMN system_module.has_add_flag IS 'Flag indicating if this module has add capability';


--
-- Name: COLUMN system_module.has_update_flag; Type: COMMENT; Schema: clinlims; Owner: clinlims
--

COMMENT ON COLUMN system_module.has_update_flag IS 'Flag indicating if this module has update capability';


--
-- Name: COLUMN system_module.has_delete_flag; Type: COMMENT; Schema: clinlims; Owner: clinlims
--

COMMENT ON COLUMN system_module.has_delete_flag IS 'Flag indicating if this module has delete capability';


--
-- Name: system_module_seq; Type: SEQUENCE; Schema: clinlims; Owner: clinlims
--

CREATE SEQUENCE system_module_seq
    START WITH 0
    INCREMENT BY 1
    MINVALUE 0
    NO MAXVALUE
    CACHE 1;


ALTER TABLE clinlims.system_module_seq OWNER TO clinlims;

--
-- Name: system_role; Type: TABLE; Schema: clinlims; Owner: clinlims; Tablespace: 
--

CREATE TABLE system_role (
    id numeric(10,0) NOT NULL,
    name character(20) NOT NULL,
    description character varying(80),
    is_grouping_role boolean DEFAULT false,
    grouping_parent numeric(10,0),
    display_key character varying(60),
    active boolean DEFAULT true,
    editable boolean DEFAULT false
);


ALTER TABLE clinlims.system_role OWNER TO clinlims;

--
-- Name: TABLE system_role; Type: COMMENT; Schema: clinlims; Owner: clinlims
--

COMMENT ON TABLE system_role IS 'Describes the roles a user may have.  ';


--
-- Name: COLUMN system_role.name; Type: COMMENT; Schema: clinlims; Owner: clinlims
--

COMMENT ON COLUMN system_role.name IS 'The name of the role, this is how it will appear to the user';


--
-- Name: COLUMN system_role.description; Type: COMMENT; Schema: clinlims; Owner: clinlims
--

COMMENT ON COLUMN system_role.description IS 'Notes about the role';


--
-- Name: COLUMN system_role.is_grouping_role; Type: COMMENT; Schema: clinlims; Owner: clinlims
--

COMMENT ON COLUMN system_role.is_grouping_role IS 'Indicates that this role is only for grouping other roles.  It should not have modules assigned to it';


--
-- Name: COLUMN system_role.grouping_parent; Type: COMMENT; Schema: clinlims; Owner: clinlims
--

COMMENT ON COLUMN system_role.grouping_parent IS 'Should only refer to a grouping role';


--
-- Name: COLUMN system_role.display_key; Type: COMMENT; Schema: clinlims; Owner: clinlims
--

COMMENT ON COLUMN system_role.display_key IS 'key for localizing dropdown lists';


--
-- Name: COLUMN system_role.active; Type: COMMENT; Schema: clinlims; Owner: clinlims
--

COMMENT ON COLUMN system_role.active IS 'Is this role active for this installation';


--
-- Name: COLUMN system_role.editable; Type: COMMENT; Schema: clinlims; Owner: clinlims
--

COMMENT ON COLUMN system_role.editable IS 'Is this a role that can be de/activated by the user';


--
-- Name: system_role_module; Type: TABLE; Schema: clinlims; Owner: clinlims; Tablespace: 
--

CREATE TABLE system_role_module (
    id numeric(10,0) NOT NULL,
    has_select character varying(1),
    has_add character varying(1),
    has_update character varying(1),
    has_delete character varying(1),
    system_role_id numeric(10,0) NOT NULL,
    system_module_id numeric(10,0) NOT NULL
);


ALTER TABLE clinlims.system_role_module OWNER TO clinlims;

--
-- Name: system_role_seq; Type: SEQUENCE; Schema: clinlims; Owner: clinlims
--

CREATE SEQUENCE system_role_seq
    START WITH 1
    INCREMENT BY 1
    NO MINVALUE
    NO MAXVALUE
    CACHE 1;


ALTER TABLE clinlims.system_role_seq OWNER TO clinlims;

--
-- Name: system_user; Type: TABLE; Schema: clinlims; Owner: clinlims; Tablespace: 
--

CREATE TABLE system_user (
    id numeric(10,0) NOT NULL,
    external_id character varying(80),
    login_name character varying(20) NOT NULL,
    last_name character varying(30) NOT NULL,
    first_name character varying(20) NOT NULL,
    initials character varying(3),
    is_active character varying(1) NOT NULL,
    is_employee character varying(1) NOT NULL,
    lastupdated timestamp(6) without time zone
);


ALTER TABLE clinlims.system_user OWNER TO clinlims;

--
-- Name: COLUMN system_user.id; Type: COMMENT; Schema: clinlims; Owner: clinlims
--

COMMENT ON COLUMN system_user.id IS 'Sequential Identifier';


--
-- Name: COLUMN system_user.external_id; Type: COMMENT; Schema: clinlims; Owner: clinlims
--

COMMENT ON COLUMN system_user.external_id IS 'External ID such as employee number or external system ID.';


--
-- Name: COLUMN system_user.login_name; Type: COMMENT; Schema: clinlims; Owner: clinlims
--

COMMENT ON COLUMN system_user.login_name IS 'User''s system log in name.';


--
-- Name: COLUMN system_user.last_name; Type: COMMENT; Schema: clinlims; Owner: clinlims
--

COMMENT ON COLUMN system_user.last_name IS 'Last name of person';


--
-- Name: COLUMN system_user.first_name; Type: COMMENT; Schema: clinlims; Owner: clinlims
--

COMMENT ON COLUMN system_user.first_name IS 'Person Name';


--
-- Name: COLUMN system_user.initials; Type: COMMENT; Schema: clinlims; Owner: clinlims
--

COMMENT ON COLUMN system_user.initials IS 'Middle Initial';


--
-- Name: COLUMN system_user.is_active; Type: COMMENT; Schema: clinlims; Owner: clinlims
--

COMMENT ON COLUMN system_user.is_active IS 'Indicates the status of active or inactive for user';


--
-- Name: COLUMN system_user.is_employee; Type: COMMENT; Schema: clinlims; Owner: clinlims
--

COMMENT ON COLUMN system_user.is_employee IS 'Indicates if user is an MDH employee';


--
-- Name: system_user_module; Type: TABLE; Schema: clinlims; Owner: clinlims; Tablespace: 
--

CREATE TABLE system_user_module (
    id numeric(10,0) NOT NULL,
    has_select character varying(1),
    has_add character varying(1),
    has_update character varying(1),
    has_delete character varying(1),
    system_user_id numeric(10,0),
    system_module_id numeric(10,0)
);


ALTER TABLE clinlims.system_user_module OWNER TO clinlims;

--
-- Name: COLUMN system_user_module.has_select; Type: COMMENT; Schema: clinlims; Owner: clinlims
--

COMMENT ON COLUMN system_user_module.has_select IS 'Flag indicating if this user has permission to enter this module';


--
-- Name: COLUMN system_user_module.has_add; Type: COMMENT; Schema: clinlims; Owner: clinlims
--

COMMENT ON COLUMN system_user_module.has_add IS 'Flag indicating if this user has permission to add a record';


--
-- Name: COLUMN system_user_module.has_update; Type: COMMENT; Schema: clinlims; Owner: clinlims
--

COMMENT ON COLUMN system_user_module.has_update IS 'Flag indicating if this person has permission to update a record';


--
-- Name: COLUMN system_user_module.has_delete; Type: COMMENT; Schema: clinlims; Owner: clinlims
--

COMMENT ON COLUMN system_user_module.has_delete IS 'Flag indicating if this person has permission to remove a record';


--
-- Name: system_user_module_seq; Type: SEQUENCE; Schema: clinlims; Owner: clinlims
--

CREATE SEQUENCE system_user_module_seq
    START WITH 0
    INCREMENT BY 1
    MINVALUE 0
    NO MAXVALUE
    CACHE 1;


ALTER TABLE clinlims.system_user_module_seq OWNER TO clinlims;

--
-- Name: system_user_role; Type: TABLE; Schema: clinlims; Owner: clinlims; Tablespace: 
--

CREATE TABLE system_user_role (
    system_user_id numeric(10,0) NOT NULL,
    role_id numeric(10,0) NOT NULL
);


ALTER TABLE clinlims.system_user_role OWNER TO clinlims;

--
-- Name: system_user_section; Type: TABLE; Schema: clinlims; Owner: clinlims; Tablespace: 
--

CREATE TABLE system_user_section (
    id numeric NOT NULL,
    has_view character varying(1),
    has_assign character varying(1),
    has_complete character varying(1),
    has_release character varying(1),
    has_cancel character varying(1),
    system_user_id numeric(10,0),
    test_section_id numeric(10,0)
);


ALTER TABLE clinlims.system_user_section OWNER TO clinlims;

--
-- Name: COLUMN system_user_section.has_view; Type: COMMENT; Schema: clinlims; Owner: clinlims
--

COMMENT ON COLUMN system_user_section.has_view IS 'Flag indicating if user has permission to iew this sections''s records';


--
-- Name: COLUMN system_user_section.has_assign; Type: COMMENT; Schema: clinlims; Owner: clinlims
--

COMMENT ON COLUMN system_user_section.has_assign IS 'Flag indicating if user has permission to assign this section''s tests';


--
-- Name: COLUMN system_user_section.has_complete; Type: COMMENT; Schema: clinlims; Owner: clinlims
--

COMMENT ON COLUMN system_user_section.has_complete IS 'Flag indicating if user has permission to complete this section''s tests';


--
-- Name: COLUMN system_user_section.has_release; Type: COMMENT; Schema: clinlims; Owner: clinlims
--

COMMENT ON COLUMN system_user_section.has_release IS 'Flag indicating if user has permission to release this section''s tests';


--
-- Name: COLUMN system_user_section.has_cancel; Type: COMMENT; Schema: clinlims; Owner: clinlims
--

COMMENT ON COLUMN system_user_section.has_cancel IS 'Flag indicating if user has permission to cancel this section''s tests';


--
-- Name: system_user_section_seq; Type: SEQUENCE; Schema: clinlims; Owner: clinlims
--

CREATE SEQUENCE system_user_section_seq
    START WITH 1
    INCREMENT BY 1
    MINVALUE 0
    NO MAXVALUE
    CACHE 1;


ALTER TABLE clinlims.system_user_section_seq OWNER TO clinlims;

--
-- Name: system_user_seq; Type: SEQUENCE; Schema: clinlims; Owner: clinlims
--

CREATE SEQUENCE system_user_seq
    START WITH 1
    INCREMENT BY 1
    NO MINVALUE
    NO MAXVALUE
    CACHE 1;


ALTER TABLE clinlims.system_user_seq OWNER TO clinlims;

--
-- Name: test_analyte; Type: TABLE; Schema: clinlims; Owner: clinlims; Tablespace: 
--

CREATE TABLE test_analyte (
    id numeric(10,0) NOT NULL,
    test_id numeric(10,0),
    analyte_id numeric(10,0),
    result_group numeric,
    sort_order numeric,
    testalyt_type character varying(1),
    lastupdated timestamp(6) without time zone,
    is_reportable character varying(1)
);


ALTER TABLE clinlims.test_analyte OWNER TO clinlims;

--
-- Name: COLUMN test_analyte.test_id; Type: COMMENT; Schema: clinlims; Owner: clinlims
--

COMMENT ON COLUMN test_analyte.test_id IS 'Sequential value assigned on insert';


--
-- Name: COLUMN test_analyte.result_group; Type: COMMENT; Schema: clinlims; Owner: clinlims
--

COMMENT ON COLUMN test_analyte.result_group IS 'A program generated group number';


--
-- Name: COLUMN test_analyte.sort_order; Type: COMMENT; Schema: clinlims; Owner: clinlims
--

COMMENT ON COLUMN test_analyte.sort_order IS 'The order in which the analytes are displayed (sort order)';


--
-- Name: COLUMN test_analyte.testalyt_type; Type: COMMENT; Schema: clinlims; Owner: clinlims
--

COMMENT ON COLUMN test_analyte.testalyt_type IS 'Type of analyte: required...';


--
-- Name: test_analyte_seq; Type: SEQUENCE; Schema: clinlims; Owner: clinlims
--

CREATE SEQUENCE test_analyte_seq
    START WITH 1
    INCREMENT BY 1
    NO MINVALUE
    NO MAXVALUE
    CACHE 1;


ALTER TABLE clinlims.test_analyte_seq OWNER TO clinlims;

--
-- Name: test_code; Type: TABLE; Schema: clinlims; Owner: clinlims; Tablespace: 
--

CREATE TABLE test_code (
    test_id numeric(10,0) NOT NULL,
    code_type_id numeric(10,0) NOT NULL,
    value character varying(20) NOT NULL,
    lastupdated timestamp with time zone
);


ALTER TABLE clinlims.test_code OWNER TO clinlims;

--
-- Name: TABLE test_code; Type: COMMENT; Schema: clinlims; Owner: clinlims
--

COMMENT ON TABLE test_code IS 'For a given test and schema it gives the encoding';


--
-- Name: COLUMN test_code.test_id; Type: COMMENT; Schema: clinlims; Owner: clinlims
--

COMMENT ON COLUMN test_code.test_id IS 'The test for which the coding supports. FK to test table.';


--
-- Name: COLUMN test_code.code_type_id; Type: COMMENT; Schema: clinlims; Owner: clinlims
--

COMMENT ON COLUMN test_code.code_type_id IS 'The coding type id of the code';


--
-- Name: COLUMN test_code.value; Type: COMMENT; Schema: clinlims; Owner: clinlims
--

COMMENT ON COLUMN test_code.value IS 'The actual code';


--
-- Name: test_code_type; Type: TABLE; Schema: clinlims; Owner: clinlims; Tablespace: 
--

CREATE TABLE test_code_type (
    id numeric(10,0) NOT NULL,
    schema_name character varying(32) NOT NULL,
    lastupdated timestamp with time zone
);


ALTER TABLE clinlims.test_code_type OWNER TO clinlims;

--
-- Name: TABLE test_code_type; Type: COMMENT; Schema: clinlims; Owner: clinlims
--

COMMENT ON TABLE test_code_type IS 'The names of the encoding schems supported (SNOMWD, LOINC etc)';


--
-- Name: test_dictionary; Type: TABLE; Schema: clinlims; Owner: clinlims; Tablespace: 
--

CREATE TABLE test_dictionary (
    id numeric(10,0) NOT NULL,
    test_id numeric(10,0) NOT NULL,
    dictionary_category_id numeric(10,0) NOT NULL,
    context character varying(20) NOT NULL,
    qualifiable_entry_id numeric(10,0),
    lastupdated timestamp with time zone DEFAULT now()
);


ALTER TABLE clinlims.test_dictionary OWNER TO clinlims;

--
-- Name: TABLE test_dictionary; Type: COMMENT; Schema: clinlims; Owner: clinlims
--

COMMENT ON TABLE test_dictionary IS 'Links between tests and dictionary categories.  Intended use is for when a user might have to select dictioanry values for some asspect of a test';


--
-- Name: COLUMN test_dictionary.test_id; Type: COMMENT; Schema: clinlims; Owner: clinlims
--

COMMENT ON COLUMN test_dictionary.test_id IS 'The test part of the linkage';


--
-- Name: COLUMN test_dictionary.dictionary_category_id; Type: COMMENT; Schema: clinlims; Owner: clinlims
--

COMMENT ON COLUMN test_dictionary.dictionary_category_id IS 'The dictionary category part of the linkage';


--
-- Name: COLUMN test_dictionary.context; Type: COMMENT; Schema: clinlims; Owner: clinlims
--

COMMENT ON COLUMN test_dictionary.context IS 'The context of the linkage.  Make it literate';


--
-- Name: COLUMN test_dictionary.qualifiable_entry_id; Type: COMMENT; Schema: clinlims; Owner: clinlims
--

COMMENT ON COLUMN test_dictionary.qualifiable_entry_id IS 'This value has to be further qualified.  It''s intended value is ''other''';


--
-- Name: test_dictionary_seq; Type: SEQUENCE; Schema: clinlims; Owner: clinlims
--

CREATE SEQUENCE test_dictionary_seq
    START WITH 1
    INCREMENT BY 1
    NO MINVALUE
    NO MAXVALUE
    CACHE 1;


ALTER TABLE clinlims.test_dictionary_seq OWNER TO clinlims;

--
-- Name: test_formats; Type: TABLE; Schema: clinlims; Owner: clinlims; Tablespace: 
--

CREATE TABLE test_formats (
    id numeric(10,0) NOT NULL,
    lastupdated timestamp(6) without time zone
);


ALTER TABLE clinlims.test_formats OWNER TO clinlims;

--
-- Name: test_reflex; Type: TABLE; Schema: clinlims; Owner: clinlims; Tablespace: 
--

CREATE TABLE test_reflex (
    id numeric(10,0) NOT NULL,
    tst_rslt_id numeric,
    flags character varying(10),
    lastupdated timestamp(6) without time zone,
    test_analyte_id numeric(10,0),
    test_id numeric(10,0),
    add_test_id numeric(10,0),
    sibling_reflex numeric(10,0),
    scriptlet_id numeric(10,0)
);


ALTER TABLE clinlims.test_reflex OWNER TO clinlims;

--
-- Name: COLUMN test_reflex.flags; Type: COMMENT; Schema: clinlims; Owner: clinlims
--

COMMENT ON COLUMN test_reflex.flags IS 'A string of 1 character codes: duplicate, auto-add';


--
-- Name: COLUMN test_reflex.sibling_reflex; Type: COMMENT; Schema: clinlims; Owner: clinlims
--

COMMENT ON COLUMN test_reflex.sibling_reflex IS 'Reference to tests and results for reflexes with more than one condition.  All add_test_ids should be the same';


--
-- Name: COLUMN test_reflex.scriptlet_id; Type: COMMENT; Schema: clinlims; Owner: clinlims
--

COMMENT ON COLUMN test_reflex.scriptlet_id IS 'If a non-test action should be taken then reference the scriptlet which says what to do';


--
-- Name: test_reflex_seq; Type: SEQUENCE; Schema: clinlims; Owner: clinlims
--

CREATE SEQUENCE test_reflex_seq
    START WITH 1
    INCREMENT BY 1
    NO MINVALUE
    NO MAXVALUE
    CACHE 1;


ALTER TABLE clinlims.test_reflex_seq OWNER TO clinlims;

--
-- Name: test_result; Type: TABLE; Schema: clinlims; Owner: clinlims; Tablespace: 
--

CREATE TABLE test_result (
    id numeric NOT NULL,
    test_id numeric(10,0) NOT NULL,
    result_group numeric,
    flags character varying(10),
    tst_rslt_type character varying(1),
    value character varying(80),
    significant_digits numeric DEFAULT 0,
    quant_limit character varying(30),
    cont_level character varying(30),
    lastupdated timestamp(6) without time zone,
    scriptlet_id numeric(10,0),
    sort_order numeric(22,0),
    is_quantifiable boolean DEFAULT false
);


ALTER TABLE clinlims.test_result OWNER TO clinlims;

--
-- Name: COLUMN test_result.test_id; Type: COMMENT; Schema: clinlims; Owner: clinlims
--

COMMENT ON COLUMN test_result.test_id IS 'Sequential value assigned on insert';


--
-- Name: COLUMN test_result.result_group; Type: COMMENT; Schema: clinlims; Owner: clinlims
--

COMMENT ON COLUMN test_result.result_group IS 'the test_analyte result_group number';


--
-- Name: COLUMN test_result.flags; Type: COMMENT; Schema: clinlims; Owner: clinlims
--

COMMENT ON COLUMN test_result.flags IS 'a string of 1 character codes: Positive, Reportable...';


--
-- Name: COLUMN test_result.tst_rslt_type; Type: COMMENT; Schema: clinlims; Owner: clinlims
--

COMMENT ON COLUMN test_result.tst_rslt_type IS 'Type of parameter: Dictionary, Titer Range, Number Range, Date';


--
-- Name: COLUMN test_result.value; Type: COMMENT; Schema: clinlims; Owner: clinlims
--

COMMENT ON COLUMN test_result.value IS 'Possible result value based on type';


--
-- Name: COLUMN test_result.significant_digits; Type: COMMENT; Schema: clinlims; Owner: clinlims
--

COMMENT ON COLUMN test_result.significant_digits IS 'Number of decimal digits';


--
-- Name: COLUMN test_result.quant_limit; Type: COMMENT; Schema: clinlims; Owner: clinlims
--

COMMENT ON COLUMN test_result.quant_limit IS 'Quantitation Limit (if any)';


--
-- Name: COLUMN test_result.cont_level; Type: COMMENT; Schema: clinlims; Owner: clinlims
--

COMMENT ON COLUMN test_result.cont_level IS 'Contamination Level (if any)';


--
-- Name: COLUMN test_result.is_quantifiable; Type: COMMENT; Schema: clinlims; Owner: clinlims
--

COMMENT ON COLUMN test_result.is_quantifiable IS 'True if the user should be able to quantify the result.  Is only meaningful for D and M types';


--
-- Name: test_result_seq; Type: SEQUENCE; Schema: clinlims; Owner: clinlims
--

CREATE SEQUENCE test_result_seq
    START WITH 1
    INCREMENT BY 1
    NO MINVALUE
    NO MAXVALUE
    CACHE 1;


ALTER TABLE clinlims.test_result_seq OWNER TO clinlims;

--
-- Name: test_section_seq; Type: SEQUENCE; Schema: clinlims; Owner: clinlims
--

CREATE SEQUENCE test_section_seq
    START WITH 1
    INCREMENT BY 1
    NO MINVALUE
    NO MAXVALUE
    CACHE 20;


ALTER TABLE clinlims.test_section_seq OWNER TO clinlims;

--
-- Name: test_seq; Type: SEQUENCE; Schema: clinlims; Owner: clinlims
--

CREATE SEQUENCE test_seq
    START WITH 1
    INCREMENT BY 1
    NO MINVALUE
    NO MAXVALUE
    CACHE 1;


ALTER TABLE clinlims.test_seq OWNER TO clinlims;

--
-- Name: test_trailer; Type: TABLE; Schema: clinlims; Owner: clinlims; Tablespace: 
--

CREATE TABLE test_trailer (
    id numeric(10,0) NOT NULL,
    name character varying(20),
    description character varying(60),
    text character varying(4000),
    lastupdated timestamp(6) without time zone
);


ALTER TABLE clinlims.test_trailer OWNER TO clinlims;

--
-- Name: test_trailer_seq; Type: SEQUENCE; Schema: clinlims; Owner: clinlims
--

CREATE SEQUENCE test_trailer_seq
    START WITH 2
    INCREMENT BY 1
    NO MINVALUE
    NO MAXVALUE
    CACHE 1;


ALTER TABLE clinlims.test_trailer_seq OWNER TO clinlims;

--
-- Name: test_worksheet_item; Type: TABLE; Schema: clinlims; Owner: clinlims; Tablespace: 
--

CREATE TABLE test_worksheet_item (
    id numeric(10,0) NOT NULL,
    tw_id numeric(10,0) NOT NULL,
    qc_id numeric,
    "position" numeric,
    cell_type character varying(2)
);


ALTER TABLE clinlims.test_worksheet_item OWNER TO clinlims;

--
-- Name: COLUMN test_worksheet_item."position"; Type: COMMENT; Schema: clinlims; Owner: clinlims
--

COMMENT ON COLUMN test_worksheet_item."position" IS 'Well location or position within the batch';


--
-- Name: COLUMN test_worksheet_item.cell_type; Type: COMMENT; Schema: clinlims; Owner: clinlims
--

COMMENT ON COLUMN test_worksheet_item.cell_type IS 'Cell/position type: First, random, duplicate last, last run';


--
-- Name: test_worksheets; Type: TABLE; Schema: clinlims; Owner: clinlims; Tablespace: 
--

CREATE TABLE test_worksheets (
    id numeric(10,0) NOT NULL,
    test_id numeric(10,0),
    batch_capacity numeric,
    total_capacity numeric,
    number_format character varying(1)
);


ALTER TABLE clinlims.test_worksheets OWNER TO clinlims;

--
-- Name: COLUMN test_worksheets.test_id; Type: COMMENT; Schema: clinlims; Owner: clinlims
--

COMMENT ON COLUMN test_worksheets.test_id IS 'Sequential value assigned on insert';


--
-- Name: COLUMN test_worksheets.batch_capacity; Type: COMMENT; Schema: clinlims; Owner: clinlims
--

COMMENT ON COLUMN test_worksheets.batch_capacity IS 'number of samples (including QC) per batch/plate';


--
-- Name: COLUMN test_worksheets.total_capacity; Type: COMMENT; Schema: clinlims; Owner: clinlims
--

COMMENT ON COLUMN test_worksheets.total_capacity IS 'Number of samples (including QC) per worksheet';


--
-- Name: COLUMN test_worksheets.number_format; Type: COMMENT; Schema: clinlims; Owner: clinlims
--

COMMENT ON COLUMN test_worksheets.number_format IS 'Specifies the numbering scheme for worksheet cell';


--
-- Name: tobereomved_seq; Type: SEQUENCE; Schema: clinlims; Owner: clinlims
--

CREATE SEQUENCE tobereomved_seq
    START WITH 1
    INCREMENT BY 1
    NO MINVALUE
    NO MAXVALUE
    CACHE 1;


ALTER TABLE clinlims.tobereomved_seq OWNER TO clinlims;

--
-- Name: type_of_provider; Type: TABLE; Schema: clinlims; Owner: clinlims; Tablespace: 
--

CREATE TABLE type_of_provider (
    id numeric(10,0) NOT NULL,
    description character varying(240),
    tp_code character varying(1)
);


ALTER TABLE clinlims.type_of_provider OWNER TO clinlims;

--
-- Name: COLUMN type_of_provider.id; Type: COMMENT; Schema: clinlims; Owner: clinlims
--

COMMENT ON COLUMN type_of_provider.id IS 'A unique auto generated integer number assigned by the database.';


--
-- Name: COLUMN type_of_provider.description; Type: COMMENT; Schema: clinlims; Owner: clinlims
--

COMMENT ON COLUMN type_of_provider.description IS 'Description such as doctor, nurse, clinician, veteranarian.';


--
-- Name: type_of_sample; Type: TABLE; Schema: clinlims; Owner: clinlims; Tablespace: 
--

CREATE TABLE type_of_sample (
    id numeric(10,0) NOT NULL,
    description character varying(40) NOT NULL,
    domain character varying(1),
    lastupdated timestamp(6) without time zone,
    local_abbrev character varying(10),
    display_key character varying(60),
    is_active boolean DEFAULT true,
    sort_order numeric DEFAULT 2147483647
);


ALTER TABLE clinlims.type_of_sample OWNER TO clinlims;

--
-- Name: COLUMN type_of_sample.id; Type: COMMENT; Schema: clinlims; Owner: clinlims
--

COMMENT ON COLUMN type_of_sample.id IS 'A unique auto generated integer number assigned by the database';


--
-- Name: COLUMN type_of_sample.description; Type: COMMENT; Schema: clinlims; Owner: clinlims
--

COMMENT ON COLUMN type_of_sample.description IS 'Description such as water, tissue, sludge, etc.';


--
-- Name: COLUMN type_of_sample.domain; Type: COMMENT; Schema: clinlims; Owner: clinlims
--

COMMENT ON COLUMN type_of_sample.domain IS 'Type of sample this can be applied to : Environ, Animal, Clinical';


--
-- Name: COLUMN type_of_sample.display_key; Type: COMMENT; Schema: clinlims; Owner: clinlims
--

COMMENT ON COLUMN type_of_sample.display_key IS 'Resource file lookup key for localization of displaying the name';


--
-- Name: type_of_sample_seq; Type: SEQUENCE; Schema: clinlims; Owner: clinlims
--

CREATE SEQUENCE type_of_sample_seq
    START WITH 1
    INCREMENT BY 1
    NO MINVALUE
    NO MAXVALUE
    CACHE 1;


ALTER TABLE clinlims.type_of_sample_seq OWNER TO clinlims;

--
-- Name: type_of_test_result; Type: TABLE; Schema: clinlims; Owner: clinlims; Tablespace: 
--

CREATE TABLE type_of_test_result (
    id numeric(10,0) NOT NULL,
    test_result_type character varying(1),
    description character varying(60),
    lastupdated timestamp(6) without time zone,
    hl7_value character varying(20)
);


ALTER TABLE clinlims.type_of_test_result OWNER TO clinlims;

--
-- Name: COLUMN type_of_test_result.id; Type: COMMENT; Schema: clinlims; Owner: clinlims
--

COMMENT ON COLUMN type_of_test_result.id IS 'A unique auto generated integer number assigned by database';


--
-- Name: COLUMN type_of_test_result.test_result_type; Type: COMMENT; Schema: clinlims; Owner: clinlims
--

COMMENT ON COLUMN type_of_test_result.test_result_type IS 'Test Result Type (T, N, D)';


--
-- Name: COLUMN type_of_test_result.description; Type: COMMENT; Schema: clinlims; Owner: clinlims
--

COMMENT ON COLUMN type_of_test_result.description IS 'Human readable description';


--
-- Name: type_of_test_result_seq; Type: SEQUENCE; Schema: clinlims; Owner: clinlims
--

CREATE SEQUENCE type_of_test_result_seq
    START WITH 1
    INCREMENT BY 1
    NO MINVALUE
    NO MAXVALUE
    CACHE 1;


ALTER TABLE clinlims.type_of_test_result_seq OWNER TO clinlims;

--
-- Name: unit_of_measure; Type: TABLE; Schema: clinlims; Owner: clinlims; Tablespace: 
--

CREATE TABLE unit_of_measure (
    id numeric(10,0) NOT NULL,
    name character varying(26),
    description character varying(60),
    lastupdated timestamp(6) without time zone
);


ALTER TABLE clinlims.unit_of_measure OWNER TO clinlims;

--
-- Name: COLUMN unit_of_measure.name; Type: COMMENT; Schema: clinlims; Owner: clinlims
--

COMMENT ON COLUMN unit_of_measure.name IS 'Name of Unit';


--
-- Name: COLUMN unit_of_measure.description; Type: COMMENT; Schema: clinlims; Owner: clinlims
--

COMMENT ON COLUMN unit_of_measure.description IS 'Description of Unit';


--
-- Name: unit_of_measure_seq; Type: SEQUENCE; Schema: clinlims; Owner: clinlims
--

CREATE SEQUENCE unit_of_measure_seq
    START WITH 1
    INCREMENT BY 1
    NO MINVALUE
    NO MAXVALUE
    CACHE 1;


ALTER TABLE clinlims.unit_of_measure_seq OWNER TO clinlims;

--
-- Name: user_alert_map; Type: TABLE; Schema: clinlims; Owner: clinlims; Tablespace: 
--

CREATE TABLE user_alert_map (
    user_id integer NOT NULL,
    alert_id integer,
    report_id integer,
    alert_limit integer,
    alert_operator character varying(255),
    map_id integer NOT NULL
);


ALTER TABLE clinlims.user_alert_map OWNER TO clinlims;

--
-- Name: user_group_map; Type: TABLE; Schema: clinlims; Owner: clinlims; Tablespace: 
--

CREATE TABLE user_group_map (
    user_id integer NOT NULL,
    group_id integer NOT NULL,
    map_id integer NOT NULL
);


ALTER TABLE clinlims.user_group_map OWNER TO clinlims;

--
-- Name: user_security; Type: TABLE; Schema: clinlims; Owner: clinlims; Tablespace: 
--

CREATE TABLE user_security (
    user_id integer NOT NULL,
    role_name character varying(255)
);


ALTER TABLE clinlims.user_security OWNER TO clinlims;

--
-- Name: worksheet_analysis; Type: TABLE; Schema: clinlims; Owner: clinlims; Tablespace: 
--

CREATE TABLE worksheet_analysis (
    id numeric(10,0) NOT NULL,
    reference_type character(1),
    reference_id numeric,
    worksheet_item_id numeric(10,0)
);


ALTER TABLE clinlims.worksheet_analysis OWNER TO clinlims;

--
-- Name: COLUMN worksheet_analysis.reference_type; Type: COMMENT; Schema: clinlims; Owner: clinlims
--

COMMENT ON COLUMN worksheet_analysis.reference_type IS 'Flag indicating if reference points to analysis or QC';


--
-- Name: COLUMN worksheet_analysis.reference_id; Type: COMMENT; Schema: clinlims; Owner: clinlims
--

COMMENT ON COLUMN worksheet_analysis.reference_id IS 'ID of analysis or QC';


--
-- Name: worksheet_analyte; Type: TABLE; Schema: clinlims; Owner: clinlims; Tablespace: 
--

CREATE TABLE worksheet_analyte (
    id numeric NOT NULL,
    wrkst_anls_id numeric(10,0),
    sort_order numeric,
    result_id numeric(10,0)
);


ALTER TABLE clinlims.worksheet_analyte OWNER TO clinlims;

--
-- Name: COLUMN worksheet_analyte.sort_order; Type: COMMENT; Schema: clinlims; Owner: clinlims
--

COMMENT ON COLUMN worksheet_analyte.sort_order IS 'The order worksheet analytes are displayed (sort order)';


--
-- Name: worksheet_heading; Type: TABLE; Schema: clinlims; Owner: clinlims; Tablespace: 
--

CREATE TABLE worksheet_heading (
    id numeric(10,0),
    worksheet_name character varying(20),
    rownumber numeric(10,0),
    column1 character varying(50),
    column2 character varying(50),
    column3 character varying(50),
    column4 character varying(50),
    column5 character varying(50),
    column6 character varying(50),
    column7 character varying(50),
    column8 character varying(50),
    column9 character varying(50),
    column10 character varying(50),
    type character varying(20)
);


ALTER TABLE clinlims.worksheet_heading OWNER TO clinlims;

--
-- Name: worksheet_item; Type: TABLE; Schema: clinlims; Owner: clinlims; Tablespace: 
--

CREATE TABLE worksheet_item (
    id numeric(10,0) NOT NULL,
    "position" numeric,
    worksheet_id numeric(10,0)
);


ALTER TABLE clinlims.worksheet_item OWNER TO clinlims;

--
-- Name: worksheet_qc; Type: TABLE; Schema: clinlims; Owner: clinlims; Tablespace: 
--

CREATE TABLE worksheet_qc (
    id numeric NOT NULL,
    sort_order numeric,
    wq_type character varying(1),
    value character varying(80),
    worksheet_analysis_id numeric(10,0),
    qc_analyte_id numeric(10,0)
);


ALTER TABLE clinlims.worksheet_qc OWNER TO clinlims;

--
-- Name: COLUMN worksheet_qc.sort_order; Type: COMMENT; Schema: clinlims; Owner: clinlims
--

COMMENT ON COLUMN worksheet_qc.sort_order IS 'The order worksheet analystes are displayed (sort order)';


--
-- Name: COLUMN worksheet_qc.wq_type; Type: COMMENT; Schema: clinlims; Owner: clinlims
--

COMMENT ON COLUMN worksheet_qc.wq_type IS 'Type of result: dictionary, titer, number...';


--
-- Name: COLUMN worksheet_qc.value; Type: COMMENT; Schema: clinlims; Owner: clinlims
--

COMMENT ON COLUMN worksheet_qc.value IS 'Result value';


--
-- Name: worksheets; Type: TABLE; Schema: clinlims; Owner: clinlims; Tablespace: 
--

CREATE TABLE worksheets (
    id numeric(10,0) NOT NULL,
    sys_user_id numeric(10,0) NOT NULL,
    test_id numeric(10,0),
    created timestamp without time zone,
    status character varying(1),
    number_format character varying(1)
);


ALTER TABLE clinlims.worksheets OWNER TO clinlims;

--
-- Name: COLUMN worksheets.sys_user_id; Type: COMMENT; Schema: clinlims; Owner: clinlims
--

COMMENT ON COLUMN worksheets.sys_user_id IS 'Sequential Identifier';


--
-- Name: COLUMN worksheets.test_id; Type: COMMENT; Schema: clinlims; Owner: clinlims
--

COMMENT ON COLUMN worksheets.test_id IS 'Sequential value assigned on insert';


--
-- Name: zip_code_seq; Type: SEQUENCE; Schema: clinlims; Owner: clinlims
--

CREATE SEQUENCE zip_code_seq
    START WITH 1
    INCREMENT BY 1
    NO MINVALUE
    NO MAXVALUE
    CACHE 1;


ALTER TABLE clinlims.zip_code_seq OWNER TO clinlims;

--
-- Data for Name: action; Type: TABLE DATA; Schema: clinlims; Owner: clinlims
--

COPY action (id, code, description, type, lastupdated) FROM stdin;
1	FSR	Fee sticker received	resolving	2007-08-21 16:48:38.434
2	CDC	Collection date corrected	resolving	2007-08-21 15:58:29.117
3	RQSOC	Request source corrected	resolving	2007-08-21 14:11:01.737
4	SNAC	Submitter name corrected	resolving	2007-08-21 14:21:11.696
26	DLRQR	Delayed request form received	internal	2008-01-11 04:17:09.054
25	CMRE	Communication reviewed	internal	2008-05-01 21:38:41.775
27	DURPS	Duplicate report to submitter	message	2008-01-11 04:22:59.507
28	SPDC	Specimen discarded	internal	2008-01-11 04:20:13.235
29	SCL	Submitter was called	message	2008-01-11 04:22:33.637
30	SPSOC	Specimen source corrected	internal	2008-01-11 04:24:33.863
31	DLRQRQ	Delayed request form requested	message	2008-01-11 04:46:58.057
32	RPDF	Report placed in dead file	internal	2008-01-11 04:47:25.498
33	RQIDC	Request form ID corrected	internal	2008-01-11 04:47:57.136
34	SPCA	Specimen canceled	internal	2008-01-11 04:48:25.614
35	SPIDC	Specimen ID corrected	internal	2008-01-11 04:48:47.451
36	SPUNS	Specimen declared unsatisfactory	internal	2008-01-11 04:49:13.262
\.


--
-- Name: action_seq; Type: SEQUENCE SET; Schema: clinlims; Owner: clinlims
--

SELECT pg_catalog.setval('action_seq', 45, false);


--
-- Data for Name: address_part; Type: TABLE DATA; Schema: clinlims; Owner: clinlims
--

COPY address_part (id, part_name, display_order, display_key) FROM stdin;
1	department	\N	address.department
2	commune	\N	address.commune
3	village	\N	address.village
4	fax	\N	address.fax
5	phone	\N	address.phone
6	street	\N	address.street
\.


--
-- Name: address_part_seq; Type: SEQUENCE SET; Schema: clinlims; Owner: clinlims
--

SELECT pg_catalog.setval('address_part_seq', 6, true);


--
-- Data for Name: analysis; Type: TABLE DATA; Schema: clinlims; Owner: clinlims
--

COPY analysis (id, sampitem_id, test_sect_id, test_id, revision, status, started_date, completed_date, released_date, printed_date, is_reportable, so_send_ready_date, so_client_reference, so_notify_received_date, so_notify_send_date, so_send_date, so_send_entry_by, so_send_entry_date, analysis_type, lastupdated, parent_analysis_id, parent_result_id, reflex_trigger, status_id, entry_date, panel_id, referred_out, type_of_sample_name, corrected) FROM stdin;
\.


--
-- Data for Name: analysis_qaevent; Type: TABLE DATA; Schema: clinlims; Owner: clinlims
--

COPY analysis_qaevent (id, qa_event_id, analysis_id, lastupdated, completed_date) FROM stdin;
\.


--
-- Data for Name: analysis_qaevent_action; Type: TABLE DATA; Schema: clinlims; Owner: clinlims
--

COPY analysis_qaevent_action (id, analysis_qaevent_id, action_id, created_date, lastupdated, sys_user_id) FROM stdin;
\.


--
-- Name: analysis_qaevent_action_seq; Type: SEQUENCE SET; Schema: clinlims; Owner: clinlims
--

SELECT pg_catalog.setval('analysis_qaevent_action_seq', 221, false);


--
-- Name: analysis_qaevent_seq; Type: SEQUENCE SET; Schema: clinlims; Owner: clinlims
--

SELECT pg_catalog.setval('analysis_qaevent_seq', 326, false);


--
-- Name: analysis_seq; Type: SEQUENCE SET; Schema: clinlims; Owner: clinlims
--

SELECT pg_catalog.setval('analysis_seq', 1, false);


--
-- Data for Name: analysis_storages; Type: TABLE DATA; Schema: clinlims; Owner: clinlims
--

COPY analysis_storages (id, storage_id, checkin, checkout, analysis_id) FROM stdin;
\.


--
-- Data for Name: analysis_users; Type: TABLE DATA; Schema: clinlims; Owner: clinlims
--

COPY analysis_users (id, action, analysis_id, system_user_id) FROM stdin;
\.


--
-- Data for Name: analyte; Type: TABLE DATA; Schema: clinlims; Owner: clinlims
--

COPY analyte (id, analyte_id, name, is_active, external_id, lastupdated, local_abbrev) FROM stdin;
44	\N	HIV-2 Result	Y	\N	2007-05-15 13:29:44.989	\N
62	\N	MEP Agar	Y	\N	2007-10-09 08:38:25.01	\N
63	\N	MYP Agar	Y	\N	2007-10-09 08:38:31.459	\N
64	\N	PLET Agar	Y	\N	2007-10-09 08:38:41.299	\N
65	\N	SBA Agar	Y	\N	2007-10-09 08:38:49.58	\N
67	\N	Extraction Kit	Y	\N	2007-12-10 09:04:09.124	\N
68	\N	Amplification Kit	Y	\N	2007-12-10 09:04:16.37	\N
69	\N	Light Cycler	Y	\N	2007-12-10 09:04:24.964	\N
70	\N	ABI 7000	Y	\N	2007-12-10 09:04:36.709	\N
71	\N	i Cycler	Y	\N	2007-12-10 09:04:56.821	\N
72	\N	ABI 7500	Y	\N	2007-12-10 09:05:04.01	\N
73	\N	DFA Capsule Antigen Detection	Y	\N	2007-12-10 09:05:41.24	\N
74	\N	DFA Cell Wall Detection	Y	\N	2007-12-10 09:06:56.313	\N
78	\N	Dilution 1:10	N	\N	2007-12-27 03:05:58.517	\N
89	\N	TRF Spore Detection Interpretation	Y	\N	2007-12-27 05:34:16.557	\N
90	\N	TRF Cell Detection Data Value	Y	\N	2007-12-27 05:34:57.18	\N
91	\N	TRF Cell Detection Result	Y	\N	2007-12-27 05:35:11.751	\N
92	\N	TRF Cell Detection Interpretation	Y	\N	2007-12-27 05:35:25.667	\N
1	\N	Influenza Virus B RNA	Y	\N	2007-02-02 14:09:33.524	\N
45	\N	Final HIV Interpretation 	Y	\N	2007-05-15 13:30:15.23	\N
47	\N	Penicillin	Y	\N	2007-05-18 09:41:04.107	\N
48	\N	Ceftriaxone	Y	\N	2007-05-18 09:41:14.295	\N
49	\N	Ciprofloxacin 	Y	\N	2007-05-18 09:43:17.764	\N
50	\N	Spectinomycin	Y	\N	2007-05-18 09:43:30.214	\N
43	\N	HIV-1 Result	Y	\N	2007-05-15 13:29:33.206	\N
51	\N	Tetracycline	Y	\N	2007-05-18 09:43:37.86	\N
52	\N	Cefixime	Y	\N	2007-05-18 09:43:52.144	\N
53	\N	Azithromycin	Y	\N	2007-05-18 09:44:01.789	\N
15	\N	Isoniazid 0.4 mcg.ml	Y	\N	2007-02-13 14:30:20.194	\N
16	\N	Streptomycin 2.0 mcg/ml	Y	\N	2007-02-13 14:30:43.17	\N
17	\N	Ethambutol 2.5 mcg/ml	Y	\N	2007-02-13 14:30:58.832	\N
18	\N	Pyrazinamide 100 mcg/ml	Y	\N	2007-02-13 14:32:46.073	\N
19	\N	DFA Capsule Antigen Detection from Isolate	Y	\N	2007-12-11 03:56:08.454	\N
8	\N	Respiratory Syncytial Virus A RNA	Y	\N	2007-02-02 14:13:44.532	\N
9	\N	Respiratory Syncytial Virus B RNA	Y	\N	2007-02-02 14:13:56.705	\N
20	\N	DFA Cell Wall Detection from Isolate	Y	\N	2007-12-11 03:56:47.987	\N
38	\N	Comment 8	Y	\N	2007-04-02 09:05:17.216	\N
41	\N	Titer	Y	\N	2007-05-03 15:59:07.522	\N
22	\N	Preliminary Result	Y	\N	2007-03-28 14:00:45.933	\N
23	\N	Result 4	Y	\N	2007-03-28 14:00:51.064	\N
24	\N	Result 5	Y	\N	2007-03-28 14:01:00.965	\N
25	\N	Result 6	Y	\N	2007-03-28 14:01:05.352	\N
26	\N	Result 7	Y	\N	2007-03-28 14:01:16.014	\N
27	\N	Result 8	Y	\N	2007-03-28 14:01:20.594	\N
28	\N	Result 9	Y	\N	2007-03-28 14:01:31.066	\N
29	\N	Preliminary Result Modifier	Y	\N	2007-03-28 16:22:57.579	\N
30	\N	Final Result Modifier	Y	\N	2007-03-28 16:22:21.34	\N
208	\N	Influenza Virus A/H3 RNA	Y	\N	2006-09-07 08:32:05	\N
209	\N	Influenza Virus A/H5 RNA	Y	\N	2006-09-07 08:32:21	\N
210	\N	Influenza Virus A/H7 RNA	Y	\N	2006-10-13 10:34:13.207	\N
211	\N	Influenza Virus A/H9 RNA	Y	\N	2008-01-23 08:02:52.021	\N
212	\N	Final Result	Y	\N	2006-09-07 08:34:31	\N
213	\N	Presumptive Result	Y	\N	2006-09-07 08:34:40	\N
214	\N	Result 1	Y	\N	2006-11-07 08:11:16	\N
215	\N	Result 2	Y	\N	2006-10-20 13:28:24	\N
216	\N	Result 3	Y	\N	2006-10-20 13:28:30	\N
217	\N	Interpretation	Y	\N	2006-09-07 08:35:29	\N
21	\N	Comment	Y	\N	2007-02-27 11:09:27.335	\N
54	\N	Gentamycin Interpretation	Y	\N	2007-06-20 10:01:45.134	\N
220	\N	BAND GP160	Y	\N	2006-10-18 09:19:37.724	\N
221	\N	BAND GP120	Y	\N	2006-10-18 09:19:38.505	\N
222	\N	BAND P65	Y	\N	2006-09-07 08:39:02	\N
223	\N	BAND P55	Y	\N	2006-09-07 08:39:12	\N
224	\N	BAND P51	Y	\N	2006-09-07 08:39:22	\N
225	\N	BAND GP41	Y	\N	2006-10-18 09:19:37.302	\N
226	\N	BAND P40	Y	\N	2006-11-07 13:55:36.669	\N
227	\N	BAND P31	Y	\N	2006-11-06 13:15:38.449	\N
228	\N	BAND P24	Y	\N	2006-11-06 13:15:29.222	\N
229	\N	BAND P18	Y	\N	2006-11-08 08:09:44.805	\N
246	\N	Rnase P Interpretation	Y	\N	2006-09-18 10:27:21	\N
251	\N	Result Status	Y	\N	2006-10-10 09:27:45	\N
252	\N	Probability	Y	\N	2006-10-03 10:24:02	\N
271	\N	Modifier 1	Y	\N	2006-10-20 09:28:32	\N
272	\N	Modifier 2	Y	\N	2006-10-20 09:28:37	\N
273	\N	Modifier 3	Y	\N	2006-10-20 09:28:42	\N
274	\N	Result Status 1	Y	\N	2006-10-20 09:28:51	\N
275	\N	Result Status 2	Y	\N	2006-10-20 09:28:59	\N
276	\N	Result Status 3	Y	\N	2006-10-20 09:29:06	\N
206	\N	Influenza Virus A RNA	Y	\N	2007-02-02 14:19:32.675	\N
207	\N	Influenza Virus A/H1 RNA	Y	\N	2006-09-07 08:31:50	\N
240	\N	BA2 CT value	Y	\N	2006-10-18 09:19:43.005	\N
244	\N	Extraction Method	Y	\N	2006-09-20 16:26:23	\N
245	\N	16S Interpretation	Y	\N	2006-10-25 11:21:09.457	\N
40	\N	Agent	Y	\N	2007-04-12 09:42:50.799	\N
249	\N	Modifier	Y	\N	2006-10-02 10:23:08	\N
250	\N	Quantity	Y	\N	2006-10-03 09:12:43	\N
253	\N	Method	Y	\N	2006-11-08 10:28:43	\N
266	\N	Capsule M-Fadyean	Y	\N	2006-10-11 13:51:30	\N
234	\N	BA3 interpretation	Y	\N	2006-10-18 09:19:39.302	\N
235	\N	16S CT value	Y	\N	2007-06-18 08:49:51.801	\N
232	\N	BA1 interpretation	Y	\N	2006-10-18 09:19:44.442	\N
233	\N	BA2 interpretation	Y	\N	2006-10-18 09:19:42.067	\N
236	\N	Rnase P CT value	Y	\N	2006-10-13 09:57:57.558	\N
237	\N	Result	Y	\N	2006-09-18 10:03:34	\N
46	\N	Western Blot Interpretation	Y	\N	2007-05-15 13:48:03.305	\N
239	\N	BA1 CT value	Y	\N	2006-10-23 14:12:56.284	\N
241	\N	BA3 CT value	Y	\N	2006-10-18 09:19:40.583	\N
242	\N	TRF Spore Detection Dilution	Y	\N	2007-12-27 05:33:28.883	\N
243	\N	TRF Cell Detection Dilution	Y	\N	2007-12-27 05:34:38.238	\N
247	\N	Disclaimer	Y	\N	2006-09-20 16:26:06	\N
256	\N	Rifampin 2.0 mcg/ml	Y	\N	2006-10-10 09:29:37	\N
55	\N	Kanamycin Interpretation	Y	\N	2007-06-20 10:02:26.74	\N
255	\N	Rifampin 1.0 mcg/ml	Y	\N	2006-10-10 09:29:21	\N
257	\N	Isoniazid 0.1 mcg/ml	Y	\N	2006-10-10 09:29:54	\N
258	\N	Colony Morphology	Y	\N	2006-10-11 13:49:58	\N
259	\N	Hemolysis	Y	\N	2006-10-11 13:50:05	\N
260	\N	Gram stain	Y	\N	2006-10-11 13:50:12	\N
261	\N	Motility wet mount	Y	\N	2006-10-11 13:50:35	\N
262	\N	Gamma phage	Y	\N	2006-10-11 13:50:43	\N
263	\N	DFA capsule from specimen	N	\N	2007-12-10 09:06:14.825	\N
264	\N	DFA cell wall from specimen	N	\N	2007-12-10 09:06:14.846	\N
265	\N	Capsule India Ink	Y	\N	2006-10-11 13:51:06	\N
267	\N	Capsule bicarbonate	Y	\N	2006-10-11 13:51:40	\N
268	\N	Catalase	Y	\N	2006-10-11 13:51:46	\N
269	\N	Malachite green for spores	Y	\N	2006-10-11 13:51:57	\N
270	\N	Wet mount for spores	Y	\N	2006-10-11 13:52:38	\N
31	\N	Comment 1	Y	\N	2007-04-02 09:04:22.529	\N
32	\N	Comment 2	Y	\N	2007-04-02 09:04:28.801	\N
33	\N	Comment 3	Y	\N	2007-04-02 09:04:41.088	\N
34	\N	Comment 4	Y	\N	2007-04-02 09:04:46.92	\N
35	\N	Comment 5	Y	\N	2007-04-02 09:04:56.112	\N
36	\N	Comment 6	Y	\N	2007-04-02 09:05:01.84	\N
37	\N	Comment 7	Y	\N	2007-04-02 09:05:08.789	\N
39	\N	Comment 9	Y	\N	2007-04-02 09:05:21.5	\N
56	\N	Gentamycin	Y	\N	2007-06-20 10:02:52.199	\N
57	\N	Kanamycin	Y	\N	2007-06-20 10:03:02.449	\N
58	\N	Motility Standard Media	Y	\N	2007-10-02 08:38:33.138	\N
59	\N	Standard Motility Media	Y	\N	2007-10-09 08:37:56.727	\N
60	\N	Chocolate Agar	Y	\N	2007-10-09 08:38:11.08	\N
61	\N	DEA Agar	Y	\N	2007-10-09 08:38:17.659	\N
66	\N	Test Moiety	Y	\N	2007-12-10 09:03:38.415	\N
75	\N	Choose Equipment	Y	\N	2007-12-11 05:35:57.035	\N
76	\N	Previous FTA Reactivity	Y	\N	2007-12-27 02:40:54.886	\N
77	\N	Fluorescence Grading	Y	\N	2007-12-27 02:41:18.215	\N
79	\N	E. coli 25922	Y	\N	2007-12-27 03:34:33.647	\N
80	\N	P. aeruginosa	Y	\N	2007-12-27 03:39:41.842	\N
81	\N	S. aureus	Y	\N	2007-12-27 03:34:57.55	\N
82	\N	Susceptible	N	\N	2007-12-27 03:41:45.362	\N
83	\N	Nonsusceptible - Contact CDC for confirmation of resistance	N	\N	2007-12-27 03:41:30.012	\N
84	\N	Test Not Performed	N	\N	2007-12-27 03:41:50.671	\N
85	\N	No Pass	Y	\N	2007-12-27 03:36:31.375	\N
86	\N	Pass	Y	\N	2007-12-27 03:36:35.561	\N
87	\N	TRF Spore Detection Date Value	Y	\N	2007-12-27 05:33:47.18	\N
88	\N	TRF Spore Detection Result	Y	\N	2007-12-27 05:34:05.441	\N
93	\N	test kit	Y		2009-04-03 10:15:45.64	TESTKIT
94	\N	Conclusion	Y	\N	2010-10-28 06:12:42.031482	\N
95	\N	generated CD4 Count	Y	\N	2010-10-28 06:13:55.508252	\N
96	\N	VIH Test - Collodial Gold/Shangai Kehua Result	Y	\N	2011-02-02 11:55:53.383208	\N
97	\N	Determine Result	Y	\N	2011-02-02 11:55:53.383208	\N
\.


--
-- Name: analyte_seq; Type: SEQUENCE SET; Schema: clinlims; Owner: clinlims
--

SELECT pg_catalog.setval('analyte_seq', 97, true);


--
-- Data for Name: analyzer; Type: TABLE DATA; Schema: clinlims; Owner: clinlims
--

COPY analyzer (id, scrip_id, name, machine_id, description, analyzer_type, is_active, location, lastupdated) FROM stdin;
1	\N	sysmex	1	bootstrap machine	\N	t	\N	2009-11-25 15:35:31.343118
3	\N	cobas_integra	\N	cobas_integra	\N	t	\N	2009-12-14 15:35:31.34118
\.


--
-- Data for Name: analyzer_result_status; Type: TABLE DATA; Schema: clinlims; Owner: clinlims
--

COPY analyzer_result_status (id, name, description) FROM stdin;
1	NOT_REVIEWED	The result has not yet been reviewed by the user
2	ACCEPTED	The result has been reviewed and accepted by the user
3	DECLINED	The result has been reviewed and not accepted by the user
4	MATCHING_ACCESSION_NOT_FOUND	The Lab No does not exist in the system
5	MATCHING_TEST_NOT_FOUND	The Lab No exists but the test has not been entered
6	TEST_MAPPING_NOT_FOUND	The test name from the analyzer is not recognized
7	ERROR	The result sent from the analyzer can not be understood
\.


--
-- Data for Name: analyzer_results; Type: TABLE DATA; Schema: clinlims; Owner: clinlims
--

COPY analyzer_results (id, analyzer_id, accession_number, test_name, result, units, status_id, iscontrol, lastupdated, read_only, test_id, duplicate_id, positive, complete_date, test_result_type) FROM stdin;
\.


--
-- Name: analyzer_results_seq; Type: SEQUENCE SET; Schema: clinlims; Owner: clinlims
--

SELECT pg_catalog.setval('analyzer_results_seq', 1, false);


--
-- Name: analyzer_seq; Type: SEQUENCE SET; Schema: clinlims; Owner: clinlims
--

SELECT pg_catalog.setval('analyzer_seq', 1, true);


--
-- Data for Name: analyzer_test_map; Type: TABLE DATA; Schema: clinlims; Owner: clinlims
--

COPY analyzer_test_map (analyzer_id, analyzer_test_name, test_id, lastupdated) FROM stdin;
\.


--
-- Data for Name: animal_common_name; Type: TABLE DATA; Schema: clinlims; Owner: clinlims
--

COPY animal_common_name (id, name) FROM stdin;
\.


--
-- Data for Name: animal_scientific_name; Type: TABLE DATA; Schema: clinlims; Owner: clinlims
--

COPY animal_scientific_name (id, comm_anim_id, name) FROM stdin;
\.


--
-- Data for Name: attachment; Type: TABLE DATA; Schema: clinlims; Owner: clinlims
--

COPY attachment (id, attach_type, filename, description, storage_reference) FROM stdin;
\.


--
-- Data for Name: attachment_item; Type: TABLE DATA; Schema: clinlims; Owner: clinlims
--

COPY attachment_item (id, reference_id, reference_table_id, attachment_id) FROM stdin;
\.


--
-- Data for Name: aux_data; Type: TABLE DATA; Schema: clinlims; Owner: clinlims
--

COPY aux_data (id, sort_order, is_reportable, auxdata_type, value, reference_id, reference_table, aux_field_id) FROM stdin;
\.


--
-- Data for Name: aux_field; Type: TABLE DATA; Schema: clinlims; Owner: clinlims
--

COPY aux_field (id, sort_order, auxfld_type, is_active, is_reportable, reference_table, analyte_id, scriptlet_id) FROM stdin;
\.


--
-- Data for Name: aux_field_values; Type: TABLE DATA; Schema: clinlims; Owner: clinlims
--

COPY aux_field_values (id, auxfldval_type, value, aux_field_id) FROM stdin;
\.


--
-- Name: city_seq; Type: SEQUENCE SET; Schema: clinlims; Owner: clinlims
--

SELECT pg_catalog.setval('city_seq', 1, false);


--
-- Data for Name: city_state_zip; Type: TABLE DATA; Schema: clinlims; Owner: clinlims
--

COPY city_state_zip (id, city, state, zip_code, county_fips, county, region_id, region, state_fips, state_name, lastupdated) FROM stdin;
78708	BROADWAY	WA	98102	33	KING	\N	\N	53	WASHINGTON          	2006-12-04 12:46:48
78709	CAPITOL HILL	WA	98102	33	KING	\N	\N	53	WASHINGTON          	2006-12-04 12:46:48
78711	GREENWOOD	WA	98103	33	KING	\N	\N	53	WASHINGTON          	2006-12-04 12:46:48
78713	WALLINGFORD	WA	98103	33	KING	\N	\N	53	WASHINGTON          	2006-12-04 12:46:48
78715	POINEER SQUARE	WA	98104	33	KING	\N	\N	53	WASHINGTON          	2006-12-04 12:46:48
78717	SEATTLE	WA	98105	33	KING	\N	\N	53	WASHINGTON          	2006-12-04 12:46:48
78719	SEATTLE	WA	98106	33	KING	\N	\N	53	WASHINGTON          	2006-12-04 12:46:48
78723	SEATTLE	WA	98108	33	KING	\N	\N	53	WASHINGTON          	2006-12-04 12:46:48
78725	QUEEN ANNE	WA	98109	33	KING	\N	\N	53	WASHINGTON          	2006-12-04 12:46:48
78707	TIMES SQUARE	WA	98101	33	KING	\N	\N	53	WASHINGTON          	2006-12-04 12:46:48
78710	SEATTLE	WA	98102	33	KING	\N	\N	53	WASHINGTON          	2006-12-04 12:46:48
78712	SEATTLE	WA	98103	33	KING	\N	\N	53	WASHINGTON          	2006-12-04 12:46:48
78714	INTERNATIONAL	WA	98104	33	KING	\N	\N	53	WASHINGTON          	2006-12-04 12:46:48
78716	SEATTLE	WA	98104	33	KING	\N	\N	53	WASHINGTON          	2006-12-04 12:46:48
78718	UNIVERSITY	WA	98105	33	KING	\N	\N	53	WASHINGTON          	2006-12-04 12:46:48
78720	WHITE CENTER	WA	98106	33	KING	\N	\N	53	WASHINGTON          	2006-12-04 12:46:48
78722	SEATTLE	WA	98107	33	KING	\N	\N	53	WASHINGTON          	2006-12-04 12:46:48
78724	TUKWILA	WA	98108	33	KING	\N	\N	53	WASHINGTON          	2006-12-04 12:46:48
78726	SEATTLE	WA	98109	33	KING	\N	\N	53	WASHINGTON          	2006-12-04 12:46:48
78706	SEATTLE	WA	98101	33	KING	\N	\N	53	WASHINGTON          	2006-12-04 12:46:48
78721	BALLARD	WA	98107	33	KING	\N	\N	53	WASHINGTON          	2006-12-04 12:46:48
78708	BROADWAY	WA	98102	33	KING	\N	\N	53	WASHINGTON          	2006-12-04 12:46:48
78709	CAPITOL HILL	WA	98102	33	KING	\N	\N	53	WASHINGTON          	2006-12-04 12:46:48
78711	GREENWOOD	WA	98103	33	KING	\N	\N	53	WASHINGTON          	2006-12-04 12:46:48
78713	WALLINGFORD	WA	98103	33	KING	\N	\N	53	WASHINGTON          	2006-12-04 12:46:48
78715	POINEER SQUARE	WA	98104	33	KING	\N	\N	53	WASHINGTON          	2006-12-04 12:46:48
78717	SEATTLE	WA	98105	33	KING	\N	\N	53	WASHINGTON          	2006-12-04 12:46:48
78719	SEATTLE	WA	98106	33	KING	\N	\N	53	WASHINGTON          	2006-12-04 12:46:48
78723	SEATTLE	WA	98108	33	KING	\N	\N	53	WASHINGTON          	2006-12-04 12:46:48
78725	QUEEN ANNE	WA	98109	33	KING	\N	\N	53	WASHINGTON          	2006-12-04 12:46:48
78707	TIMES SQUARE	WA	98101	33	KING	\N	\N	53	WASHINGTON          	2006-12-04 12:46:48
78710	SEATTLE	WA	98102	33	KING	\N	\N	53	WASHINGTON          	2006-12-04 12:46:48
78712	SEATTLE	WA	98103	33	KING	\N	\N	53	WASHINGTON          	2006-12-04 12:46:48
78714	INTERNATIONAL	WA	98104	33	KING	\N	\N	53	WASHINGTON          	2006-12-04 12:46:48
78716	SEATTLE	WA	98104	33	KING	\N	\N	53	WASHINGTON          	2006-12-04 12:46:48
78718	UNIVERSITY	WA	98105	33	KING	\N	\N	53	WASHINGTON          	2006-12-04 12:46:48
78720	WHITE CENTER	WA	98106	33	KING	\N	\N	53	WASHINGTON          	2006-12-04 12:46:48
78722	SEATTLE	WA	98107	33	KING	\N	\N	53	WASHINGTON          	2006-12-04 12:46:48
78724	TUKWILA	WA	98108	33	KING	\N	\N	53	WASHINGTON          	2006-12-04 12:46:48
78726	SEATTLE	WA	98109	33	KING	\N	\N	53	WASHINGTON          	2006-12-04 12:46:48
78706	SEATTLE	WA	98101	33	KING	\N	\N	53	WASHINGTON          	2006-12-04 12:46:48
78721	BALLARD	WA	98107	33	KING	\N	\N	53	WASHINGTON          	2006-12-04 12:46:48
78708	BROADWAY	WA	98102	33	KING	\N	\N	53	WASHINGTON          	2006-12-04 12:46:48
78709	CAPITOL HILL	WA	98102	33	KING	\N	\N	53	WASHINGTON          	2006-12-04 12:46:48
78711	GREENWOOD	WA	98103	33	KING	\N	\N	53	WASHINGTON          	2006-12-04 12:46:48
78713	WALLINGFORD	WA	98103	33	KING	\N	\N	53	WASHINGTON          	2006-12-04 12:46:48
78715	POINEER SQUARE	WA	98104	33	KING	\N	\N	53	WASHINGTON          	2006-12-04 12:46:48
78717	SEATTLE	WA	98105	33	KING	\N	\N	53	WASHINGTON          	2006-12-04 12:46:48
78719	SEATTLE	WA	98106	33	KING	\N	\N	53	WASHINGTON          	2006-12-04 12:46:48
78723	SEATTLE	WA	98108	33	KING	\N	\N	53	WASHINGTON          	2006-12-04 12:46:48
78725	QUEEN ANNE	WA	98109	33	KING	\N	\N	53	WASHINGTON          	2006-12-04 12:46:48
78707	TIMES SQUARE	WA	98101	33	KING	\N	\N	53	WASHINGTON          	2006-12-04 12:46:48
78710	SEATTLE	WA	98102	33	KING	\N	\N	53	WASHINGTON          	2006-12-04 12:46:48
78712	SEATTLE	WA	98103	33	KING	\N	\N	53	WASHINGTON          	2006-12-04 12:46:48
78714	INTERNATIONAL	WA	98104	33	KING	\N	\N	53	WASHINGTON          	2006-12-04 12:46:48
78716	SEATTLE	WA	98104	33	KING	\N	\N	53	WASHINGTON          	2006-12-04 12:46:48
78718	UNIVERSITY	WA	98105	33	KING	\N	\N	53	WASHINGTON          	2006-12-04 12:46:48
78720	WHITE CENTER	WA	98106	33	KING	\N	\N	53	WASHINGTON          	2006-12-04 12:46:48
78722	SEATTLE	WA	98107	33	KING	\N	\N	53	WASHINGTON          	2006-12-04 12:46:48
78724	TUKWILA	WA	98108	33	KING	\N	\N	53	WASHINGTON          	2006-12-04 12:46:48
78726	SEATTLE	WA	98109	33	KING	\N	\N	53	WASHINGTON          	2006-12-04 12:46:48
78706	SEATTLE	WA	98101	33	KING	\N	\N	53	WASHINGTON          	2006-12-04 12:46:48
78721	BALLARD	WA	98107	33	KING	\N	\N	53	WASHINGTON          	2006-12-04 12:46:48
78708	BROADWAY	WA	98102	33	KING	\N	\N	53	WASHINGTON          	2006-12-04 12:46:48
78709	CAPITOL HILL	WA	98102	33	KING	\N	\N	53	WASHINGTON          	2006-12-04 12:46:48
78711	GREENWOOD	WA	98103	33	KING	\N	\N	53	WASHINGTON          	2006-12-04 12:46:48
78713	WALLINGFORD	WA	98103	33	KING	\N	\N	53	WASHINGTON          	2006-12-04 12:46:48
78715	POINEER SQUARE	WA	98104	33	KING	\N	\N	53	WASHINGTON          	2006-12-04 12:46:48
78717	SEATTLE	WA	98105	33	KING	\N	\N	53	WASHINGTON          	2006-12-04 12:46:48
78719	SEATTLE	WA	98106	33	KING	\N	\N	53	WASHINGTON          	2006-12-04 12:46:48
78723	SEATTLE	WA	98108	33	KING	\N	\N	53	WASHINGTON          	2006-12-04 12:46:48
78725	QUEEN ANNE	WA	98109	33	KING	\N	\N	53	WASHINGTON          	2006-12-04 12:46:48
78707	TIMES SQUARE	WA	98101	33	KING	\N	\N	53	WASHINGTON          	2006-12-04 12:46:48
78710	SEATTLE	WA	98102	33	KING	\N	\N	53	WASHINGTON          	2006-12-04 12:46:48
78712	SEATTLE	WA	98103	33	KING	\N	\N	53	WASHINGTON          	2006-12-04 12:46:48
78714	INTERNATIONAL	WA	98104	33	KING	\N	\N	53	WASHINGTON          	2006-12-04 12:46:48
78716	SEATTLE	WA	98104	33	KING	\N	\N	53	WASHINGTON          	2006-12-04 12:46:48
78718	UNIVERSITY	WA	98105	33	KING	\N	\N	53	WASHINGTON          	2006-12-04 12:46:48
78720	WHITE CENTER	WA	98106	33	KING	\N	\N	53	WASHINGTON          	2006-12-04 12:46:48
78722	SEATTLE	WA	98107	33	KING	\N	\N	53	WASHINGTON          	2006-12-04 12:46:48
78724	TUKWILA	WA	98108	33	KING	\N	\N	53	WASHINGTON          	2006-12-04 12:46:48
78726	SEATTLE	WA	98109	33	KING	\N	\N	53	WASHINGTON          	2006-12-04 12:46:48
78706	SEATTLE	WA	98101	33	KING	\N	\N	53	WASHINGTON          	2006-12-04 12:46:48
78721	BALLARD	WA	98107	33	KING	\N	\N	53	WASHINGTON          	2006-12-04 12:46:48
78708	BROADWAY	WA	98102	33	KING	\N	\N	53	WASHINGTON          	2006-12-04 12:46:48
78709	CAPITOL HILL	WA	98102	33	KING	\N	\N	53	WASHINGTON          	2006-12-04 12:46:48
78711	GREENWOOD	WA	98103	33	KING	\N	\N	53	WASHINGTON          	2006-12-04 12:46:48
78713	WALLINGFORD	WA	98103	33	KING	\N	\N	53	WASHINGTON          	2006-12-04 12:46:48
78715	POINEER SQUARE	WA	98104	33	KING	\N	\N	53	WASHINGTON          	2006-12-04 12:46:48
78717	SEATTLE	WA	98105	33	KING	\N	\N	53	WASHINGTON          	2006-12-04 12:46:48
78719	SEATTLE	WA	98106	33	KING	\N	\N	53	WASHINGTON          	2006-12-04 12:46:48
78723	SEATTLE	WA	98108	33	KING	\N	\N	53	WASHINGTON          	2006-12-04 12:46:48
78725	QUEEN ANNE	WA	98109	33	KING	\N	\N	53	WASHINGTON          	2006-12-04 12:46:48
78707	TIMES SQUARE	WA	98101	33	KING	\N	\N	53	WASHINGTON          	2006-12-04 12:46:48
78710	SEATTLE	WA	98102	33	KING	\N	\N	53	WASHINGTON          	2006-12-04 12:46:48
78712	SEATTLE	WA	98103	33	KING	\N	\N	53	WASHINGTON          	2006-12-04 12:46:48
78714	INTERNATIONAL	WA	98104	33	KING	\N	\N	53	WASHINGTON          	2006-12-04 12:46:48
78716	SEATTLE	WA	98104	33	KING	\N	\N	53	WASHINGTON          	2006-12-04 12:46:48
78718	UNIVERSITY	WA	98105	33	KING	\N	\N	53	WASHINGTON          	2006-12-04 12:46:48
78720	WHITE CENTER	WA	98106	33	KING	\N	\N	53	WASHINGTON          	2006-12-04 12:46:48
78722	SEATTLE	WA	98107	33	KING	\N	\N	53	WASHINGTON          	2006-12-04 12:46:48
78724	TUKWILA	WA	98108	33	KING	\N	\N	53	WASHINGTON          	2006-12-04 12:46:48
78726	SEATTLE	WA	98109	33	KING	\N	\N	53	WASHINGTON          	2006-12-04 12:46:48
78706	SEATTLE	WA	98101	33	KING	\N	\N	53	WASHINGTON          	2006-12-04 12:46:48
78721	BALLARD	WA	98107	33	KING	\N	\N	53	WASHINGTON          	2006-12-04 12:46:48
78708	BROADWAY	WA	98102	33	KING	\N	\N	53	WASHINGTON          	2006-12-04 12:46:48
78709	CAPITOL HILL	WA	98102	33	KING	\N	\N	53	WASHINGTON          	2006-12-04 12:46:48
78711	GREENWOOD	WA	98103	33	KING	\N	\N	53	WASHINGTON          	2006-12-04 12:46:48
78713	WALLINGFORD	WA	98103	33	KING	\N	\N	53	WASHINGTON          	2006-12-04 12:46:48
78715	POINEER SQUARE	WA	98104	33	KING	\N	\N	53	WASHINGTON          	2006-12-04 12:46:48
78717	SEATTLE	WA	98105	33	KING	\N	\N	53	WASHINGTON          	2006-12-04 12:46:48
78719	SEATTLE	WA	98106	33	KING	\N	\N	53	WASHINGTON          	2006-12-04 12:46:48
78723	SEATTLE	WA	98108	33	KING	\N	\N	53	WASHINGTON          	2006-12-04 12:46:48
78725	QUEEN ANNE	WA	98109	33	KING	\N	\N	53	WASHINGTON          	2006-12-04 12:46:48
78707	TIMES SQUARE	WA	98101	33	KING	\N	\N	53	WASHINGTON          	2006-12-04 12:46:48
78710	SEATTLE	WA	98102	33	KING	\N	\N	53	WASHINGTON          	2006-12-04 12:46:48
78712	SEATTLE	WA	98103	33	KING	\N	\N	53	WASHINGTON          	2006-12-04 12:46:48
78714	INTERNATIONAL	WA	98104	33	KING	\N	\N	53	WASHINGTON          	2006-12-04 12:46:48
78716	SEATTLE	WA	98104	33	KING	\N	\N	53	WASHINGTON          	2006-12-04 12:46:48
78718	UNIVERSITY	WA	98105	33	KING	\N	\N	53	WASHINGTON          	2006-12-04 12:46:48
78720	WHITE CENTER	WA	98106	33	KING	\N	\N	53	WASHINGTON          	2006-12-04 12:46:48
78722	SEATTLE	WA	98107	33	KING	\N	\N	53	WASHINGTON          	2006-12-04 12:46:48
78724	TUKWILA	WA	98108	33	KING	\N	\N	53	WASHINGTON          	2006-12-04 12:46:48
78726	SEATTLE	WA	98109	33	KING	\N	\N	53	WASHINGTON          	2006-12-04 12:46:48
78706	SEATTLE	WA	98101	33	KING	\N	\N	53	WASHINGTON          	2006-12-04 12:46:48
78721	BALLARD	WA	98107	33	KING	\N	\N	53	WASHINGTON          	2006-12-04 12:46:48
\.


--
-- Data for Name: code_element_type; Type: TABLE DATA; Schema: clinlims; Owner: clinlims
--

COPY code_element_type (id, text, lastupdated, local_reference_table) FROM stdin;
1	TEST	2007-03-07 15:27:58.72	5
2	STATUS OF SAMPLE	2007-03-07 15:28:22.718	40
\.


--
-- Name: code_element_type_seq; Type: SEQUENCE SET; Schema: clinlims; Owner: clinlims
--

SELECT pg_catalog.setval('code_element_type_seq', 21, false);


--
-- Data for Name: code_element_xref; Type: TABLE DATA; Schema: clinlims; Owner: clinlims
--

COPY code_element_xref (id, message_org_id, code_element_type_id, receiver_code_element_id, local_code_element_id, lastupdated) FROM stdin;
1	22	1	1	68	2007-03-07 15:37:04.13
2	22	1	2	67	2007-03-07 15:37:31.067
4	22	1	3	49	2007-03-07 15:39:40.635
\.


--
-- Name: code_element_xref_seq; Type: SEQUENCE SET; Schema: clinlims; Owner: clinlims
--

SELECT pg_catalog.setval('code_element_xref_seq', 41, false);


--
-- Data for Name: contact_type; Type: TABLE DATA; Schema: clinlims; Owner: clinlims
--

COPY contact_type (id, description, ct_type, is_unique) FROM stdin;
\.


--
-- Name: county_seq; Type: SEQUENCE SET; Schema: clinlims; Owner: clinlims
--

SELECT pg_catalog.setval('county_seq', 1, false);


--
-- Data for Name: databasechangelog; Type: TABLE DATA; Schema: clinlims; Owner: clinlims
--

COPY databasechangelog (id, author, filename, dateexecuted, md5sum, description, comments, tag, liquibase) FROM stdin;
1	paulsc	./changeLogs.xml	2010-02-24 17:56:06.367749+00	28cfcd3fcf8c3afe9b7d38f943e17cf2	Add Column, Add Foreign Key Constraint, Custom SQL	Allow more than one test result to trigger a reflex test	\N	1.9.5
3	paulsc	./changeLogs.xml	2010-02-24 17:56:25.828501+00	d4b19e71c884ac6a4d8dc670ef58fd71	Create View	Adds Accession_Test view.  Gathers info for creating analyzer_results table	\N	1.9.5
5	paulsc	./changeLogs.xml	2010-02-24 17:56:35.101679+00	efbb151a89f7837154b13af3c8b2fe0	Custom SQL		\N	1.9.5
6	paulsc	./changeLogs.xml	2010-02-24 17:56:35.108895+00	86a96313bd64fb8cdd1751195862391	Custom SQL		\N	1.9.5
7	paulsc	./changeLogs.xml	2010-02-24 17:56:35.122908+00	3a6158b0cb7b6b16c35c32cc64cb9d84	Create Table, Create Sequence, Create Table, Add Primary Key, Custom SQL	Adds organization_type and mapping table between organization and organization_type	\N	1.9.5
8	paulsc	./changeLogs.xml	2010-02-24 17:56:44.260293+00	715f838dd022dc3d9562738692c37d	Create Table (x2), Add Primary Key, Custom SQL	Adds register_type and sample_requester tables	\N	1.9.5
9	paulsc	./changeLogs.xml	2010-02-24 17:56:53.480599+00	f6dcce60772b9ac13fadfefa74352ec	Custom SQL	Sets lastupdated in test_analyte.  Otherwise test_reflex update fails	\N	1.9.5
10	paulsc	./changeLogs.xml	2010-02-24 17:56:53.532145+00	4f23198ef3134d90bae9ec739af8c	Drop Foreign Key Constraint, Add Foreign Key Constraint	Adds the constraint to the test_reflex.reflex_sibling column to set it to null if the referencing row is deleted	\N	1.9.5
11	paulsc	./changeLogs.xml	2010-02-24 17:56:53.541111+00	8a9eacaa348a4058ba9bca399fa9713	Custom SQL	Correct dictionary spelling of patuese	\N	1.9.5
12	paulsc	./changeLogs.xml	2010-02-24 17:56:53.562144+00	d344d84ac6054b223cf28ccd35fc351	Custom SQL	Remove Reticulocytes from Hemogramme panel	\N	1.9.5
13	paulsc	./changeLogs.xml	2010-02-24 17:56:53.571138+00	f5a5cef4a2fb9e7e49fd87df8de8a1ee	Drop Column	Drop positive column from analyzer_results	\N	1.9.5
14	paulsc	./changeLogs.xml	2010-02-24 17:57:21.309388+00	be31e99756e7b46c49e6587d617be824	Add Column, Custom SQL	Add read only column to analyzer_results	\N	1.9.5
23	paulsc	./changeLogs.xml	2010-03-24 00:04:20.568799+00	b12b82b3df6c3ab9ed3a4b25612a5f2	Create Table, Add Primary Key, Create Sequence, Custom SQL	Adds site_information to database	\N	1.9.5
4	paulsc	./changeLogs.xml	2010-03-04 19:09:23.567088+00	e4569a995332dc9af53470efceb5523	Create Table, Create Sequence, Create Table, Custom SQL	Creates analyzer_results and analyzer_results_status table	\N	1.9.5
15	paulsc	./changeLogs.xml	2010-03-04 19:14:10.734686+00	879b3213f471a7f057fc4bd74524a97	Drop Foreign Key Constraint (x3), Drop Column (x3)	Drop columns that related to existing data in database	\N	1.9.5
16	paulsc	./changeLogs.xml	2010-03-04 19:14:19.775042+00	9d1d7ab7c7ee481e35e894b4e72b6c	Drop View	Drop accession_test view	\N	1.9.5
17	paulsc	./changeLogs.xml	2010-03-04 19:14:28.926083+00	f38da0495e64bb5062dcc1b6cac0a417	Drop View	Drop Accession_Test view	\N	1.9.5
18	paulsc	./changeLogs.xml	2010-03-05 22:04:28.113837+00	6989821986447d4755d9538334d4ad1	Add Column, Custom SQL	Adds a column to the analysis table to indicate if an analysis is the root of a reflex test	\N	1.9.5
1	paulHaiti	HaitiData.xml	2010-03-24 19:50:03.220885+00	76adeeb3e62de8798feb9cb6f84616	Custom SQL	Adds Mantenance Admin to the module site_information	\N	1.9.5
2	paulsc	./changeLogs.xml	2010-03-15 20:14:57.68763+00	a7338818ec75b5c67b38d20939d658	Create Table, Create Sequence, Custom SQL	Add analyzer table	\N	1.9.5
19	paulsc	./changeLogs.xml	2010-03-15 20:15:08.240871+00	a532c12af43766cf9e4170f2ab355e6	Custom SQL	Adds commune and mothers initial as patient types	\N	1.9.5
20	paulsc	./changeLogs.xml	2010-03-19 23:15:59.922228+00	1ce318b2e8f25f3389d89af216cb9b0	Add Column (x6), Custom SQL	Adds localization columns to test, test_section, SampleTypes, dictonary, panel and project	\N	1.9.5
21	paulsc	./changeLogs.xml	2010-03-19 23:16:00.284569+00	a0bbf3e444dadfcda094c2e81764bda2	Add Foreign Key Constraint	Add foriegn key constraint between extended_accession_number and sample	\N	1.9.5
22	paulsc	./changeLogs.xml	2010-03-19 23:42:23.961491+00	f2602445c45caaa1e9cc8d760e61581	Add Unique Constraint	Add Unique value contstraint to patient_identity_type	\N	1.9.5
24	nixonl	./changeLogs.xml	2010-04-06 20:47:46.041214+00	b669a894c63984cb1d9ef79b29995bf5	Create Table, Add Primary Key, Custom SQL	Creates project_organization table	\N	1.9.5
2	pauls	HaitiData.xml	2010-04-06 20:47:46.122296+00	b8d4a030e4659d3aa9735f36557429b	Update Data (x16)	Adding localization keys to the sample type table	\N	1.9.5
1	pahill	./changeLogs.xml	2010-04-21 17:38:40.661323+00	7b785adea251d66286546ebf85e3e296	Add Column	added messageResources key for value to display	\N	1.9.5
2	pahill	./changeLogs.xml	2010-04-21 17:38:50.044796+00	d82ef4c1bd45d3b15d7e32c4708049eb	Custom SQL	added values for name_key	\N	1.9.5
4	pahill	CDIRetroCIData.xml	2010-04-21 17:39:18.692111+00	dd93d29e7ee01fb1a894ad722befe5ac	Custom SQL	Insert answers to demographic question which have 3 possible answers: Yes, No and Unknown	\N	1.9.5
4	pahill	./changeLogs.xml	2010-04-28 22:39:26.489953+00	d41d8cd98f0b24e980998ecf8427e	Create Table, Create Sequence, Custom SQL (x2)	Adds the demographic history table which contains responses to demographic questions from various forms. Associated to a patient and a sample.	\N	1.9.5
3	pahill	./changeLogs.xml	2010-04-28 21:13:23.697468+00	d41d8cd98f0b24e980998ecf8427e	Create Table, Create Sequence, Custom SQL (x2)	Added the typing table for demographic history information which defines what each row is about (what question was asked).	\N	1.9.5
27	paulsc	./changeLogs.xml	2010-04-28 21:13:34.245556+00	65c8be43a466bc0cf6b20d87a115db4	Create Table, Create Sequence, Custom SQL (x2)	Added the typing table for observation history information which defines what each row is about (what question was asked).	\N	1.9.5
26	paulsc	./changeLogs.xml	2010-04-28 22:39:26.47921+00	58e36633f0f8bf9f268c7b433a98fe94	Rename Table (x4), Rename Column, Update Data (x2)	If the demographics history table exists then rename it, and associated tables to observation_history etc	\N	1.9.5
5	paulsc	HaitiData.xml	2010-04-28 23:22:25.389046+00	13f07d6337578aed73f105fbfa91c9d	Create View (x2)	Changes the views to match the new status set	\N	1.9.5
28	paulsc	./changeLogs.xml	2010-04-28 22:39:26.500972+00	7f85d320e3362ff739c4c9ec3a7ddce	Create Table, Create Sequence, Insert Row, Custom SQL	Adds the observation history table which contains responses to observation questions from various forms. Associated to a patient and a sample.	\N	1.9.5
24	paulsc	./changeLogs.xml	2010-04-28 22:39:45.582075+00	bb1a1b186e8147767ca4ab2f938fd252	Add Column	Add display key column to status_of_sample	\N	1.9.5
3	pauls	HaitiData.xml	2010-04-28 22:39:55.033169+00	18b5e341911b837845ce2eb1d20fa66	Delete Data, Insert Row (x7)	Setting Status for Haiti clinical	\N	1.9.5
4	paulsc	HaitiData.xml	2010-04-28 22:39:55.080725+00	54da4110b0a4375cff4d3721ef12f	Custom SQL	Update analysis and sample so that the status_id matches status	\N	1.9.5
25	paulsc	./changeLogs.xml	2010-10-26 18:19:01.773745+00	484a5518756cadcfcbc74db5c466122	Add Column (x2), Custom SQL	Addes status columns with foriegn key constraint	\N	1.9.5
30	paulsc	./changeLogs.xml	2010-10-26 18:19:29.46466+00	e37a98d6c9dd451f6112e22ac05fc99a	Add Foreign Key Constraint (x2)	Corrects the addition of a fk constraint in sample and analyysis	\N	1.9.5
29	paulsc	./changeLogs.xml	2010-10-26 18:19:41.827233+00	55336b40bbe339c547e5fb9ad65d52	Create Table, Add Primary Key, Custom SQL	Adds a table which maps between tests as known to the analyzer and tests as known to OpenElis	\N	1.9.5
31	paulsc	./changeLogs.xml	2010-10-26 18:19:53.84591+00	c3bb50ca3ea219c8aafd81714455f954	Add Column, Custom SQL	Adds a test_id column to the analyzer_results table	\N	1.9.5
32	paulsc	./changeLogs.xml	2010-10-26 18:20:06.435653+00	22ec25106aba3b7da048d911e761929	Add Column, Custom SQL	Adds additional columns to the analyzer_results table	\N	1.9.5
33	paulsc	./changeLogs.xml	2010-10-28 11:00:33.237625+00	c56c4ea3f3d86e572b91d2b32359e4	Insert Row	Adds the AnalyzerTestName module	\N	1.9.5
34	paulsc	./changeLogs.xml	2010-10-28 11:00:33.332156+00	ead25c864f831be9eaccb1548f5866d0	Insert Row	Adds the AnalyzerResults module	\N	1.9.5
35	paulsc	./changeLogs.xml	2010-10-28 11:00:48.29263+00	e763ceadab5f99b17eb27ce4c57de9b	Add Column, Custom SQL	Adds three columns to system_role; display_key, is_grouping_role and parent_role	\N	1.9.5
36	nixonl	./changeLogs.xml	2010-10-28 11:01:00.718501+00	cef4b866d793ce075991342212f1db	Custom SQL, Drop Table, Rename Table	Copy 'unit_of_measure' contents to 'soon' table and rename 'soon' to 'unit_of_measure'	\N	1.9.5
36	paulsc	./changeLogs.xml	2010-10-28 11:10:36.093771+00	7e59f8863ef58f9212c225d0d556f7ad	Delete Data, Insert Row (x5)	Adds record status to the dictonary and intake as a dictonary type	\N	1.9.5
37	paulsc	./changeLogs.xml	2010-10-28 11:10:48.136363+00	3aa9ae1ddee828297bc4b687b8f5ed0	Add Column, Custom SQL	Adds a new column to test_reflex	\N	1.9.5
38	pauls	./changeLogs.xml	2010-10-28 11:10:48.180049+00	ebec62c7a2a95948d0e63df3948c74f	Add Column, Custom SQL	Adds display_key to QA_Events	\N	1.9.5
39	pauls	./changeLogs.xml	2010-10-28 11:10:48.382418+00	50ebc4ca859f9a2fbba7817dec149de	Add Column, Add Foreign Key Constraint, Custom SQL	Adds a sample_item_id to sample_qaevent to allow refinement of target	\N	1.9.5
40	paulsc	./changeLogs.xml	2010-10-28 11:10:48.522002+00	bdfdc6318091d4eb8a51f9ca53493ef8	Add Foreign Key Constraint (x3)	Adding foreign key constraints which were not added due to liquibase bug	\N	1.9.5
41	paulsc	./changeLogs.xml	2010-10-28 11:12:41.914466+00	1a5c5ae3992055d9d88248f9d829e1	Insert Row	Adding Sample_qaevent to reference_tables	\N	1.9.5
42	paulsc	./changeLogs.xml	2010-10-28 11:12:41.952654+00	f194585a96f0f2c12d8387e9319bb34	Update Data (x2)	Changes test Section names form 'Immuno' to 'Immunology' and 'Chem' to 'Biochemistry'	\N	1.9.5
43	paulsc	./changeLogs.xml	2010-10-28 11:12:42.014009+00	bc54d51115315012cdf729c2772b3b62	Insert Row	Adds a test result type of R (for remark )	\N	1.9.5
44	paulsc	./changeLogs.xml	2010-10-28 11:12:42.077515+00	a4735d10b5dba8dfd99df73f46d63	Insert Row	Adds 'Conclusion' to the analyte table	\N	1.9.5
46	paulsc	./changeLogs.xml	2010-10-28 11:12:42.548924+00	c66d32785c4eb6c51ed34de337473272	Drop View, Modify Column, Custom SQL	Expand value column of first and last names from 20 to 40	\N	1.9.5
47	paulsc	./changeLogs.xml	2010-10-28 11:13:55.149381+00	d354e8e497f5f01c411a1c7cd764cc	Insert Row	Adds a test result type of A (for AlphaNumeric )	\N	1.9.5
48	paulsc	./changeLogs.xml	2010-10-28 11:13:55.263959+00	3c1a40606615633594663b8c3a5559ac	Delete Data, Insert Row	drops anaylsis status of 'started' and adds analysis status of 'refered'	\N	1.9.5
49	paulsc	./changeLogs.xml	2010-10-28 11:13:55.488664+00	966eaef59b851e2e87dfb9c7fdaf8fc2	Create Table (x3), Custom SQL, Create Sequence (x3), Insert Row (x3)	Adds three new tables and sequences, referral and referral_reason and referral_type	\N	1.9.5
50	paulsc	./changeLogs.xml	2010-10-28 11:13:55.529805+00	aee666ef695fbd8e8acb94b69f9e680	Insert Row, Update Data	Adds a analyte of 'Calculated CD4 count' and moves all cd4 count results from 'conclusion' to new analyte	\N	1.9.5
51	paulsc	./changeLogs.xml	2010-10-28 11:13:55.580509+00	6d3b22ea97a2dbc414cbaa7b31d2dfe	Modify Column	Expands value column of site_information table to 120 chars	\N	1.9.5
1	nixonl	System_Module.xml	2010-10-28 11:13:55.783349+00	6d59f8a7f7c6a4ecfeb1138d13e135	Insert Row (x2), Custom SQL	Adds PatientEditByProject Modules	\N	1.9.5
2	nixonl	System_Module.xml	2010-10-28 11:13:55.805965+00	b4fa8325da27fa8a1c4bfa3b926174c	Update Data (x2)	Changing SampleEdit module to SampleEditByProject	\N	1.9.5
2	paulsc	System_Module.xml	2010-10-28 11:13:55.836368+00	965727b9e9c9f7a2bc1fd63065481aaf	Delete Data	Drops two modules which are unused	\N	1.9.5
6	paulsc	HaitiData.xml	2010-10-28 11:13:55.952833+00	98a456aed1396b6d2a684b2fcef7c	Delete Data, Insert Row	Sets the app name in the site information database	\N	1.9.5
7	paulsc	HaitiData.xml	2010-10-28 11:13:56.006482+00	155c515641d79edd7963cdedaaea0db	Update Data (x7), Custom SQL	Adjusts the current result module names to reflect the new naming schema	\N	1.9.5
8	paulsc	HaitiData.xml	2010-10-28 11:13:56.425828+00	c42a437991f3f21030dc7be67ca6fd7	Delete Data, Load Data	Sets modules to roles	\N	1.9.5
9	paulsc	HaitiData.xml	2010-10-28 11:13:56.466501+00	54db9dffeaa2f5e6f18db12fa2cd8d5	Load Data	Sets modules to roles	\N	1.9.5
10	paulsc	HaitiData.xml	2010-10-28 11:13:56.535836+00	f1d1bbceb7439b889ec959ab8b870	Modify Column, Insert Row (x4)	Adds patient service connection information to the database	\N	1.9.5
11	paulsc	HaitiData.xml	2010-11-01 20:33:06.310574+00	54db9dffeaa2f5e6f18db12fa2cd8d5	Load Data	Sets modules to roles	\N	1.9.5
12	paulsc	HaitiData.xml	2010-11-01 20:33:06.326304+00	2d6a24eca6d08b40fa4f2d54d84e5384	Load Data	Sets modules to roles	\N	1.9.5
52	paulsc	./changeLogs.xml	2010-11-23 18:30:12.10418+00	182954e1d1db6519fa7ef473d364ff3d	Custom SQL	removes duplicate accession numbers if they exist	\N	1.9.5
5	pahill	./changeLogs.xml	2010-11-23 18:30:22.007019+00	fb69788feb9c4f52f40fa631fbe589a	Drop View, Modify Column, Custom SQL (x2), Drop Table	getting rid of extended accesion number table.	\N	1.9.5
53	paulsc	./changeLogs.xml	2010-11-23 18:30:22.032383+00	36cd658d3c8dfae1cbb43f1918720d0	Add Column	Adding a canceled column to referral table so we know what to do with users changing their minds	\N	1.9.5
54	paulsc	./changeLogs.xml	2010-11-23 18:30:22.096335+00	39edd922fad9e261519e147bc54b2e79	Create Table, Create Sequence, Insert Row, Custom SQL	Adds a referral results table since there may be more than one result per referral	\N	1.9.5
55	paulsc	./changeLogs.xml	2010-11-23 18:30:22.1108+00	559e60d152a21b8013a858607977eeb5	Drop Column, Add Column, Custom SQL	Drops the external result id from referral table.  A referral results table has been created. Add request date	\N	1.9.5
56	paulsc	./changeLogs.xml	2010-11-23 18:30:22.130201+00	b4a1fd9bbd539bfa40afe8d4f911fbce	Insert Row	Adding referralLab as an organization type if it does not exist	\N	1.9.5
57	paulsc	./changeLogs.xml	2010-12-07 19:04:00.802324+00	fa09bd41035d7c3bf1837a81005128	Modify Column	Changing the type for referral_result column result_id from integer to numeric	\N	1.9.5
58	paulsc	./changeLogs.xml	2010-12-14 20:08:26.458271+00	ee32c6a5a295f75aca32826fdbf628d9	Drop Column	drops the referral recieved date column from referral_result table	\N	1.9.5
13	paulsc	HaitiData.xml	2010-12-14 20:08:26.618755+00	c8ba827059163a6c63b3e802aac5215	Delete Data, Load Data	Sets modules to roles	\N	1.9.5
14	paulsc	HaitiData.xml	2010-12-14 20:59:03.130087+00	4d4460bde584c4172aefadf61bb52	Load Data	Fixing screwup Sets modules to roles	\N	1.9.5
15	paulsc	HaitiData.xml	2010-12-14 20:59:03.144649+00	54db9dffeaa2f5e6f18db12fa2cd8d5	Load Data	Fixing screwup Sets modules to roles	\N	1.9.5
16	paulsc	HaitiData.xml	2010-12-14 20:59:03.156372+00	54db9dffeaa2f5e6f18db12fa2cd8d5	Load Data	Fixing screwup Sets modules to roles	\N	1.9.5
17	paulsc	HaitiData.xml	2010-12-14 20:59:03.164702+00	64e4d24d9e396663613e510c194aa6	Load Data	Fixing screwup Sets modules to roles	\N	1.9.5
7	pahill	./changeLogs.xml	2010-12-21 22:39:41.423872+00	c825af2b1c6445b5968a3d8ac502f2c	Add Column, Custom SQL	Add section and authorization text columns to the sample_qaevent table	\N	1.9.5
59	paulsc	./changeLogs.xml	2010-12-21 22:39:41.448774+00	39c46129a1c2505b4937e61c34e18a8c	Delete Data	Fix for accidental removal of id number	\N	1.9.5
18	paulsc	HaitiData.xml	2010-12-21 22:39:41.484867+00	2d6a24eca6d08b40fa4f2d54d84e5384	Load Data	Fixing screwup Sets modules to roles	\N	1.9.5
60	paulsc	./changeLogs.xml	2011-01-06 18:57:15.766729+00	be61f9dd7d2e783dc7b554b6c1c6e8	Custom SQL	Add default for minnesota only value in orginaztion table	\N	1.9.5
61	paulsc	./changeLogs.xml	2011-01-06 18:57:15.81156+00	3c40cb39dfa443a51cc98855f372f5fc	Insert Row	Adds a test result type of M (for multi select )	\N	1.9.5
62	paulsc	./changeLogs.xml	2011-02-01 00:18:56.096522+00	24bdc45e6d03e552710b41d932f8f5	Add Column, Custom SQL	Adds a min and max normal range to result table	\N	1.9.5
63	paulsc	./changeLogs.xml	2011-02-02 19:55:53.300626+00	65ed68153aa3e8d34f848fcd6c3e060	Add Column, Custom SQL, Drop Table	Adds an HL7 column to the test table and drops the hl7_transmission_sequence table	\N	1.9.5
1	nixonl	HaitiData.xml	2011-02-02 19:55:53.366466+00	f311ea9bd0c49ddb7e22e15ae8767d18	Insert Row (x3)	Add Scriptlets for HIV algorithm	\N	1.9.5
2	nixonl	HaitiData.xml	2011-02-02 19:55:53.624065+00	17a9123b8872fc2ac5e816b9a67b246	Insert Row (x15)	Reflex algorithm for HIV Test Algorithm - Determine and Colloidal Gold/Shengai - Kehua	\N	1.9.5
64	paulsc	./changeLogs.xml	2011-02-04 20:44:11.338777+00	e3c0f434834e9c4ae6d7f4b839d7d4b	Drop Column	Removes hl7_transmission_code column from test table if it exists	\N	1.9.5
65	paulsc	./changeLogs.xml	2011-02-04 20:44:11.656013+00	727cb35a2821737d995b377401258a2	Create Sequence, Create Table (x3), Custom SQL	Adds tables to support data exchange with other organizations	\N	1.9.5
3	nixonl	HaitiData.xml	2011-02-04 20:44:11.726091+00	2392d0d03bd6c518e156a64052891690	Insert Row (x4), Update Data (x2)	Additional sampletypes for Determine and Collodial Gold/Shengai and remove extra test	\N	1.9.5
19	paulsc	HaitiData.xml	2011-02-04 20:44:11.748535+00	246e395aa371803f9ac3954125777	Insert Row (x4)	Adding dictionary category HIV conclusion and dictionary values	\N	1.9.5
4	nixonl	HaitiData.xml	2011-02-09 01:16:27.893329+00	93bda16c183242fbf5d494a6d6f62	Update Data (x5)	Adding display key for Reactive/NonReactive dictionary values	\N	1.9.5
5	nixonl	HaitiData.xml	2011-02-11 23:46:07.06718+00	952eae5cb0b26dd96ef38155f408637	Delete Data (x4), Insert Row	Remove all Test Kit Suppliers, add Unknown supplier	\N	1.9.5
6	nixonl	HaitiData.xml	2011-02-11 23:46:07.098919+00	825039757b1ae9cf2d89da7fb999	Update Data (x4)	Adding HIV Test Kits and Syphilis Test Kits Tests	\N	1.9.5
1	paulscLNSP	HaitiLNSPData.xml	2011-02-15 23:28:34.238918+00	76f7ee70a2fb2d93499be8ece1b114fb	Insert Row (x4), Custom SQL	Initializes the project table for LNSP	\N	1.9.5
2	paulsc	HaitiLNSPData.xml	2011-02-16 20:45:59.21669+00	18b5e341911b837845ce2eb1d20fa66	Delete Data, Insert Row (x7)	Setting Status for Haiti LNSP	\N	1.9.5
3	paulsc	HaitiLNSPData.xml	2011-02-16 20:45:59.235145+00	54da4110b0a4375cff4d3721ef12f	Custom SQL	Update analysis and sample so that the status_id matches status	\N	1.9.5
4	paulsc	HaitiLNSPData.xml	2011-02-16 20:45:59.254901+00	138a5064b2dedac22c937baa4366f	Delete Data, Insert Row	Sets the app name in the site information database	\N	1.9.5
6	pauls	HaitiLNSPData.xml	2011-02-16 20:45:59.300279+00	76adeeb3e62de8798feb9cb6f84616	Custom SQL	Adds Mantenance Admin to the module site_information	\N	1.9.5
7	pauls	HaitiLNSPData.xml	2011-02-16 20:45:59.326907+00	b8d4a030e4659d3aa9735f36557429b	Update Data (x16)	Adding localization keys to the sample type table	\N	1.9.5
8	paulsc	HaitiLNSPData.xml	2011-02-16 20:45:59.348781+00	155c515641d79edd7963cdedaaea0db	Update Data (x7), Custom SQL	Adjusts the current result module names to reflect the new naming schema	\N	1.9.5
5	paulsc	HaitiLNSPData.xml	2011-02-16 20:45:59.420995+00	c42a437991f3f21030dc7be67ca6fd7	Delete Data, Load Data	Sets modules to roles	\N	1.9.5
6	paulsc	HaitiLNSPData.xml	2011-02-16 20:45:59.436982+00	93b43d765f82b69761ceda3ae5146deb	Insert Row (x3)	Adds referral types	\N	1.9.5
7	paulsc	HaitiLNSPData.xml	2011-02-16 20:45:59.456699+00	5d808cfd48abae38aa37179c178ff9	Load Data	Add referral reasons to DB	\N	1.9.5
9	paulsc	HaitiLNSPData.xml	2011-02-16 20:45:59.465325+00	7c5a59d6adff03e35a2217b516bff96	Load Data	Add referral reasons to DB	\N	1.9.5
10	paulsc	HaitiLNSPData.xml	2011-02-16 20:45:59.474953+00	c8ba827059163a6c63b3e802aac5215	Delete Data, Load Data	Sets modules to roles	\N	1.9.5
11	paulsc	HaitiLNSPData.xml	2011-02-16 20:45:59.54948+00	4d4460bde584c4172aefadf61bb52	Load Data	Fixing screwup Sets modules to roles	\N	1.9.5
12	paulsc	HaitiLNSPData.xml	2011-02-16 20:45:59.573944+00	54db9dffeaa2f5e6f18db12fa2cd8d5	Load Data	Fixing screwup Sets modules to roles	\N	1.9.5
13	paulsc	HaitiLNSPData.xml	2011-02-16 20:45:59.590564+00	54db9dffeaa2f5e6f18db12fa2cd8d5	Load Data	Fixing screwup Sets modules to roles	\N	1.9.5
14	paulsc	HaitiLNSPData.xml	2011-02-16 20:45:59.600457+00	2d6a24eca6d08b40fa4f2d54d84e5384	Load Data	Fixing screwup Sets modules to roles	\N	1.9.5
16	paulsc	HaitiLNSPData.xml	2011-02-16 20:45:59.665483+00	1525eb665ceefc4a4ea89968c45d90a7	Delete Data (x2), Insert Row (x4)	Adding dictionary category HIV conclusion and dictionary values	\N	1.9.5
66	paulsc	./changeLogs.xml	2011-02-16 22:46:34.020799+00	c894868538c62d4a6bad0a55e244217	Insert Row	Adds a dictionary category for initial sample condition	\N	1.9.5
67	paulsc	./changeLogs.xml	2011-02-16 22:46:34.176289+00	cfbd3e7e84ce1567f7f132652bad723	Drop Table	droping unused result_context table	\N	1.9.5
68	paulsc	./changeLogs.xml	2011-02-16 22:46:34.202084+00	44bcc47c6911d33b97db7612c9b6694f	Insert Row	Addes referring site as an org type	\N	1.9.5
69	paulsc	./changeLogs.xml	2011-02-16 22:46:34.374632+00	6a8c553a2fc1d742a0711b3ba3966f35	Drop View, Modify Column, Custom SQL	widening the name column of the organization table to 80 char	\N	1.9.5
70	paulsc	./changeLogs.xml	2011-02-16 22:46:34.396381+00	72feb86f23a26442b56534d955524d58	Add Column, Custom SQL	adds a sample_id column to observbation history	\N	1.9.5
17	paulsc	HaitiLNSPData.xml	2011-02-16 22:46:34.418459+00	3c1a40606615633594663b8c3a5559ac	Delete Data, Insert Row	drops anaylsis status of 'started' and adds analysis status of 'refered'. Note that this is a repeat of changelog.xml paulsc 48 which was overwritten	\N	1.9.5
1	paulsc	HaitiCommon/HaitiCommon.xml	2011-02-16 22:48:45.071608+00	fb97cbfd17579449119b91f12ef501e	Load Data	Adds the sample initial condition reasons to dictionary	\N	1.9.5
2	paulsc	HaitiCommon/HaitiCommon.xml	2011-02-16 22:48:45.113844+00	95709068bcaff98a65db47f79b22242	Insert Row	Adds a observation history type of initial sample condition	\N	1.9.5
15	paulsc	HaitiLNSPData.xml	2011-02-17 22:17:59.155875+00	ce8b7d74d615375285e268c4ce7ea1	Load Data (x2)	Adding organizations for referrals	\N	1.9.5
3	paulsc	HaitiCommon/HaitiCommon.xml	2011-02-18 00:47:03.682745+00	c47fc2ff4d2a63ac1d4b9b5a77c5dee	Update Data	Adding display key to organization type referring clinic	\N	1.9.5
4	paulsc	HaitiCommon/HaitiCommon.xml	2011-02-18 00:47:03.697802+00	c6acd38bc2da9cb779b573c1373b523	Delete Data	remove unused organiztion_type Refering lab	\N	1.9.5
18	paulsc	HaitiLNSPData.xml	2011-02-22 20:53:58.587633+00	db82dc4e6cac1e5daff46620732d47b1	Update Data	Sets the site id to "lnsp"	\N	1.9.5
5	paulsc	HaitiCommon/HaitiCommon.xml	2011-02-22 20:57:02.757389+00	4d1db4b3dcf64738548af4b65f4629f	Insert Row	Added Department as part of the patient address	\N	1.9.5
72	paulsc	./changeLogs.xml	2011-02-23 21:50:21.410647+00	51c4bc5b4479e0cc6b363c144424d29a	Create Sequence	Adds a sequence for requester_type	\N	1.9.5
19	paulsc	HaitiLNSPData.xml	2011-02-23 21:50:21.438488+00	ab5eb9f1ec96fb47d325fe621fea859	Update Data	sets the site id to 'lnsp' for haiti LNSP	\N	1.9.5
6	paulsc	HaitiCommon/HaitiCommon.xml	2011-02-23 21:50:24.080101+00	703e12591b7eadc97f2d78e8a40d93e	Load Data (x2)	Adding organizations for clinic referrals	\N	1.9.5
7	paulsc	HaitiCommon/HaitiCommon.xml	2011-02-23 21:50:24.100888+00	dac13442446f3329d169d2edf36acb	Update Data	Bug fix: The requester type for sample requester had been hard coded to 1, it should have been set to provider	\N	1.9.5
73	paulsc	./changeLogs.xml	2011-02-24 21:55:56.525588+00	127c50cdfbba9d30a68de0da61a666c	Add Column, Custom SQL	Adds a column to the site information table to note if the entry should be encrypted	\N	1.9.5
8	paulsc	HaitiCommon/HaitiCommon.xml	2011-02-25 17:45:17.028262+00	4184b32fe6d4b7368d4e16964774c2d5	Custom SQL	fix the display keys for the initial sample conditions	\N	1.9.5
1	nixonl	HaitiCommon/HaitiCommon.xml	2011-02-28 23:29:17.956745+00	a368e99927c629f983bb45c43c0f6a1	Update Data (x14)	Configuring tests to correct test section	\N	1.9.5
2	nixonl	HaitiCommon/HaitiCommon.xml	2011-03-01 00:19:39.193265+00	16e38176814e1529c36a5fef7e0c71	Custom SQL	Removing duplicate sampletype to test mapping	\N	1.9.5
9	paulsc	HaitiCommon/HaitiCommon.xml	2011-03-01 00:19:39.213712+00	cc7088c1cca73db071bc7f6bde57187	Update Data (x8)	Adding display keys to the test section table	\N	1.9.5
3	nioxnl	HaitiCommon/HaitiCommon.xml	2011-03-01 00:43:45.589798+00	a7ef87979be7659a986b6b2d3237dc	Update Data	Fixing nixonl:1	\N	1.9.5
75	paulsc	./changeLogs.xml	2011-03-29 22:37:16.295888+00	41438ed5113fba6eece038b3855684c	Create Table, Custom SQL	Adds hl7 dictionary value table to support data exchange with other organizations	\N	1.9.5
76	paulsc	./changeLogs.xml	2011-03-29 22:37:16.314612+00	14a334981a2941a5b36142cd12d2325c	Insert Row (x4)	Adds the hl7 related tables to the history table	\N	1.9.5
77	paulsc	./changeLogs.xml	2011-03-29 22:37:16.324007+00	8b2421bc5f4e754eeb65e29768cb9bd	Insert Row	Adds referral in as a analysis status type	\N	1.9.5
78	paulsc	./changeLogs.xml	2011-03-29 22:37:16.336569+00	febe9a5e68bd08772bc1857b07335a2	Add Column, Custom SQL	Adding external_id and collection date to sampleItem	\N	1.9.5
79	paulsc	./changeLogs.xml	2011-03-29 22:37:16.380785+00	b7663d835492c19a815fa74a0d6ca8f	Create Table, Create Sequence, Create Table (x2), Custom SQL	Adds an address part table	\N	1.9.5
80	paulsc	./changeLogs.xml	2011-03-29 22:37:16.445123+00	e0d845c75f4d6b71efaf788a2a3dd6c6	Custom SQL	Drops all of the tables for OpenReports	\N	1.9.5
81	paulsc	./changeLogs.xml	2011-03-29 22:37:16.457441+00	7b1fedd26243431c13de221446cfa78	Insert Row (x3)	Inserts the address tables into the reference table	\N	1.9.5
82	paulsc	./changeLogs.xml	2011-03-29 22:37:16.498707+00	2cc66814bcc7433fd4e1869e573cb39	Drop Table (x2), Create Table, Insert Row, Create Sequence, Custom SQL	Drops the organization_contact table and then re-adds it with fewer columns	\N	1.9.5
20	paulsc	HaitiLNSPData.xml	2011-03-29 22:37:16.596093+00	689d3ef11caebfe8b8e79ee8723fc2	Insert Row (x2)	Adds sample confirmation entry to the sample entry role	\N	1.9.5
10	paulsc	HaitiCommon/HaitiCommon.xml	2011-03-29 22:37:16.627475+00	6da6fd45170837c145c4ce8416678b5	Insert Row (x11)	Adds haiti department names to the dictionary	\N	1.9.5
11	paulsc	HaitiCommon/HaitiCommon.xml	2011-03-29 22:37:16.637188+00	bfa5c643d61759a181ef59882ce7e	Insert Row	Adds a patient identiy type of GUID	\N	1.9.5
12	paulsc	HaitiCommon/HaitiCommon.xml	2011-03-29 22:37:16.685972+00	ad1d23866e7fcf5160f5bba0f09f52ba	Custom SQL	Cleans out patients with duplicate GUIDS	\N	1.9.5
4	nixonl	HaitiCommon/HaitiCommon.xml	2011-03-29 22:37:16.712008+00	95c3175f3750264fd4bf659076b777f2	Load Data	Adds additional sample initial condition reasons to dictionary	\N	1.9.5
5	nixonl	HaitiCommon/HaitiCommon.xml	2011-03-29 22:37:16.728362+00	933ff5dae0f46b72ffeb8295f652518	Update Data (x9)	Fixing sample initial condition reasons display keys	\N	1.9.5
6	nixonl	HaitiCommon/HaitiCommon.xml	2011-03-29 22:37:16.797597+00	a948e2125bd834cb320eeefd9e8d3	Update Data (x5), Delete Data (x3), Update Data (x15), Insert Row (x17), Update Data (x2)	Sampletype_test fixes part 1	\N	1.9.5
7	nixonl	HaitiCommon/HaitiCommon.xml	2011-03-29 22:37:16.817759+00	d4893783eaa14623e4c98a84f1b91fbb	Insert Row (x6), Update Data	Sampletype_test fixes part 1	\N	1.9.5
8	nixonl	HaitiCommon/HaitiCommon.xml	2011-03-29 22:37:16.834681+00	2c4d29e11fcc2e2c01ea1da498268c5	Delete Data, Insert Row (x2)	Fix for nixonl:7	\N	1.9.5
9	nixonl	HaitiCommon/HaitiCommon.xml	2011-03-29 22:37:16.892776+00	187b1891af12fcf431561d1621c196cc	Insert Row (x2), Load Data	Panel configuration	\N	1.9.5
13	paulsc	HaitiCommon/HaitiCommon.xml	2011-03-29 22:37:16.903018+00	da4ce07a5a79dc943a679d7ae953ce85	Insert Row (x3)	Adds department, commune and village to address parts	\N	1.9.5
14	nixonl	HaitiCommon/HaitiCommon.xml	2011-03-29 22:37:16.929993+00	be91dff247466a5ee07c1def6aed7d61	Delete Data (x3), Update Data, Custom SQL	Fix typo in test name	\N	1.9.5
15	nixonl	HaitiCommon/HaitiCommon.xml	2011-03-29 22:37:16.992975+00	3c278cc4a8aa6122febcea0b3f285bd	Load Data (x3)	Adding more tests	\N	1.9.5
16	nixonl	HaitiCommon/HaitiCommon.xml	2011-03-29 22:37:17.004019+00	ecbaa7788d84bb5923cf013468ec13c	Insert Row (x2)	Adding Secretions genito-urinaire sampletype	\N	1.9.5
17	nixonl	HaitiCommon/HaitiCommon.xml	2011-04-01 17:08:32.699619+00	fef8f5a3f30adbed63ee6f452e59abc	Insert Row (x3), Load Data	Adding panel for Cristaux urine tests	\N	1.9.5
15	paulsc	HaitiCommon/HaitiCommon.xml	2011-04-06 20:40:51.848017+00	bea128f8ae8a29345b2f7ca76c191f	Custom SQL	Moving person address parts from patient_identity to person_address	\N	1.9.5
18	nixonl	HaitiCommon/HaitiCommon.xml	2011-04-05 17:46:47.69741+00	c44a7a608ac88e524153694d29b73bf6	Insert Row	Adding new department, Mycobacteriology	\N	1.9.5
14	paulsc	HaitiCommon/HaitiCommon.xml	2011-04-05 17:46:47.737008+00	ab7b6264435efafe59999cf151f4b	Insert Row	Sets modules to roles	\N	1.9.5
21	paulsc	HaitiLNSPData.xml	2011-04-11 18:42:45.254753+00	bd311f726278e4113b75a95461b724f	Delete Data, Load Data (x2)	Adding organizations for referrals after droping current assignment as refer out types	\N	1.9.5
16	paulsc	HaitiCommon/HaitiCommon.xml	2011-04-11 18:42:45.38157+00	11c6b1f447f7ab57a503123a3984eac	Custom SQL	Removes leading space from short_name of organization	\N	1.9.5
19	nixonl	HaitiCommon/HaitiCommon.xml	2011-04-11 18:42:45.415017+00	c1232097818fbfa977a45dd34230e5e9	Delete Data, Insert Row	Sampletype and panel fixes	\N	1.9.5
20	nixonl	HaitiCommon/HaitiCommon.xml	2011-04-11 18:42:46.02761+00	563b2cd1ee7349ac8ad4d5f6395e9e8	Insert Row (x6), Update Data, Load Data (x5)	Adding more tests	\N	1.9.5
21	nixonl	HaitiCommon/HaitiCommon.xml	2011-04-11 18:42:46.047096+00	b5291fcf82655d94903988a4612dd53	Update Data (x10)	Add mycobacteriology tests for LNSP	\N	1.9.5
22	nixonl	HaitiCommon/HaitiCommon.xml	2011-04-11 18:42:46.069609+00	5a23ee92331f93291daf1ecbd933bb	Insert Row (x4)	Adding panel named 'Test de grossesse'	\N	1.9.5
23	nixonl	HaitiCommon/HaitiCommon.xml	2011-04-11 18:42:46.081558+00	208bd2eb79a4724a5690119af5396ceb	Delete Data (x3)	Remove malaria panel	\N	1.9.5
24	nixonl	HaitiCommon/HaitiCommon.xml	2011-04-12 17:31:19.953688+00	7cad295c2e22ace31a049247697c91	Update Data (x6), Delete Data (x3), Update Data (x3), Load Data (x3)	Moving tests to different sampletypes by deactivating	\N	1.9.5
25	nixonl	HaitiCommon/HaitiCommon.xml	2011-04-12 22:14:57.522281+00	ca7423c5af3d906517528a274ebd1418	Update Data (x2), Custom SQL, Update Data (x3), Custom SQL (x2), Update Data (x3)	Making malaria test multiple select	\N	1.9.5
26	nixonl	HaitiCommon/HaitiCommon.xml	2011-04-12 22:14:57.537464+00	9dfa3bf210f7f2c67189b8c124859bf3	Delete Data	Remove extra test result for EID PCR	\N	1.9.5
27	nixonl	HaitiCommon/HaitiCommon.xml	2011-04-20 21:48:22.063944+00	a67f67b618d7f42c73a9ae1a5b192	Update Data (x4), Insert Row (x2), Update Data, Custom SQL	Test configuration Part 3	\N	1.9.5
83	paulsc	./changeLogs.xml	2011-04-22 17:58:27.23889+00	58cd43b1d1c9f3e1436053a9f25522	Delete Data	removes duplicate entries in sampletype_test table	\N	1.9.5
28	nixonl	HaitiCommon/HaitiCommon.xml	2011-04-22 17:58:27.484638+00	4d70e199ac41dfec3a2543a322aab8	Update Data (x6), Delete Data (x4), Insert Row (x5)	Test configuration Part 4	\N	1.9.5
29	nixonl	HaitiCommon/HaitiCommon.xml	2011-04-26 20:53:23.863716+00	839792d42269f7fd85c7e6bbb9e5b8e3	Load Data, Insert Row, Update Data, Insert Row (x2), Delete Data (x3), Load Data, Update Data (x9)	Test configuration Part 5	\N	1.9.5
30	nixonl	HaitiCommon/HaitiCommon.xml	2011-04-28 21:44:01.977112+00	26d7a42772f2641f55c3af6acc18b	Update Data	Fixing test without test section	\N	1.9.5
84	paulsc	./changeLogs.xml	2011-05-02 16:22:33.055604+00	6d38acdb8aff3bfe1a15fe12eb301a5f	Modify Column, Custom SQL	Widens the name of the 'name' column of the test table and then copies the description over	\N	1.9.5
86	paulsc	./changeLogs.xml	2011-05-02 16:22:33.094859+00	2c273d676c02d3d3f77f6aaa6c47f47	Add Not-Null Constraint	Sets the name column on the test table to non-nullable	\N	1.9.5
31	nixonl	HaitiCommon/HaitiCommon.xml	2011-05-04 15:36:53.980258+00	fc3de2ea5d6f9ab7ed9535ecd2eb787	Custom SQL (x22), Insert Row (x9), Load Data	Test Configuration part 5 - fix	\N	1.9.5
32	nixonl	HaitiCommon/HaitiCommon.xml	2011-05-05 20:58:41.432501+00	bd60d8d6c011a3c78750b9ed582a4421	Insert Row, Load Data	Test Configuration part 6	\N	1.9.5
33	nixonl	HaitiCommon/HaitiCommon.xml	2011-05-10 19:00:02.480262+00	1ec2d2572dc68f4b42d80739884c986	Update Data, Custom SQL, Update Data, Custom SQL, Insert Row (x2), Update Data, Custom SQL, Update Data, Custom SQL, Update Data, Custom SQL, Update Data, Custom SQL, Update Data, Custom SQL, Update Data, Custom SQL, Update Data, Custom SQL, Update Dat...	Test Configuration part 7	\N	1.9.5
34	nixonl	HaitiCommon/HaitiCommon.xml	2011-05-10 19:00:02.502675+00	a8aad8f25c1c2e6daea16bcdfb3225af	Insert Row (x3), Update Data	Test Configuration part 8a	\N	1.9.5
35	nixonl	HaitiCommon/HaitiCommon.xml	2011-05-10 19:00:02.530892+00	648c9efa91586deb7b27c91f8b5b227	Insert Row (x5)	Test Configuration part 8b	\N	1.9.5
36	nixonl	HaitiCommon/HaitiCommon.xml	2011-05-10 19:00:02.546279+00	cd4676696fb798c2c33dc995b9d673d2	Update Data (x4)	Updating panel named 'Test de grossesse'	\N	1.9.5
87	paulsc	./changeLogs.xml	2011-05-18 22:26:25.944853+00	dbf1c088b125d0c21c1523d91b822b6b	Add Column	Adds a type column to the analyzer_results table	\N	1.9.5
88	paulsc	./changeLogs.xml	2011-05-20 17:01:43.706357+00	aeb57b3b452bdfdf52525561386e9910	Insert Row	Adds allowLanguageChange to site_information	\N	1.9.5
37	nixonl	HaitiCommon/HaitiCommon.xml	2011-05-26 15:23:15.93891+00	c4e7f06754262a5d91a611696f1055b6	Update Data (x4)	Updating panel named 'Test de grossesse'	\N	1.9.5
37	nixonl	./changeLogs.xml	2011-05-27 20:50:31.809314+00	9a4c6cea632f5739fc8d2ee41775819	Delete Data	Remove unused org types from retroCI and  CI LNSP	\N	1.9.5
71	paulsc	./changeLogs.xml	2011-05-27 20:50:31.851421+00	263ae35f9b11316adac03f67cf83d95	Delete Data	Remove unused org types from retroCI and  CI LNSP	\N	1.9.5
94	paulsc	./changeLogs.xml	2011-06-23 22:45:33.388513+00	aaa258ad1af23e6db72b4f62f3f4a5b	Create Table, Custom SQL, Create Sequence, Insert Row	Adds menu table	\N	1.9.5
45	paulsc	./changeLogs.xml	2011-05-27 22:15:06.849737+00	af5dc5fc449d9c3cc69f6b67abdd24	Modify Column	Expand value column of result table from 80 to 100 char	\N	1.9.5
95	paulsc	./changeLogs.xml	2011-06-27 19:43:04.378757+00	24e6e143b313f57a4dad78ed40a92db7	Create Sequence, Insert Row	Adds the sequence and entry in in reference table for site_information_domain	\N	1.9.5
92	paulsc	./changeLogs.xml	2011-06-16 19:02:47.407798+00	19aac84d3ce5ae84affddffe228be650	Update Data (x2)	fixed miss-entered units of measure	\N	1.9.5
1	nixonl	CILNSPData.xml	2011-06-01 00:21:15.238467+00	cff95c8b191f456140fe655bbe356f5	Custom SQL (x2), Insert Row (x69)	Removing site lists and creating fake data for demos	\N	1.9.5
2	nixonl	CILNSPData.xml	2011-06-01 00:21:15.279315+00	e62161bf6926425b2db1d7e310deecb	Custom SQL	Removing inventory items and creating fake data for demos	\N	1.9.5
97	paulsc	./changeLogs.xml	2011-06-28 23:58:16.111624+00	d51a7df41d2aaa3d21453d9d74d5a	Create Table, Custom SQL, Create Sequence, Insert Row	Adds a table for quartz cron jobs	\N	1.9.5
8	pahill	./changeLogs.xml	2011-06-09 23:08:32.914343+00	554acbeedd9c22df5a1bfb960ce89e8	Custom SQL	Back fill test_results column, so all tests including test with (nonranged) numeric results have defined results, not just the more complex ones.	\N	1.9.5
9	pahill	./changeLogs.xml	2011-06-09 23:08:32.962963+00	ab4330a4d6a7c2dfa814797190fa65	Custom SQL	Back fill to link up all result records to their test_results, now that all tests have test_results.	\N	1.9.5
89	pauls	./changeLogs.xml	2011-06-10 22:31:58.984677+00	5fbedc63d631f0cfd24cf72f61cfac52	Insert Row (x2)	Adds LOINC and SNOMED as HL7 encoding types	\N	1.9.5
90	paulsc	./changeLogs.xml	2011-06-10 22:31:59.138195+00	88393fd881123d4dc1971046b155a51b	Create Table, Add Primary Key, Custom SQL	Adds a site information domain table	\N	1.9.5
91	paulsc	./changeLogs.xml	2011-06-10 22:31:59.158939+00	42d6730f6a180a4e2533afcbc786f	Add Column	Adds column to site_information table to tag them with the site information domain	\N	1.9.5
10	pahill	./changeLogs.xml	2011-06-16 19:02:47.502099+00	d1eefdfa5c5ad63cd96fab59b4c272e0	Custom SQL	Special Case the back fill results which are 'generated CD4 Count' analytes, so that they point at the 'CD4 absolute count'\n\t\t\tThey currently (after the previous chage), point at the same test_results which went into the calculation, i.e. 'CD4 percenta...	\N	1.9.5
93	paulsc	./changeLogs.xml	2011-06-27 19:43:04.456795+00	16d48a5d7b37ce923c6b641c348bed7	Modify Column	Widening the description column in site_information	\N	1.9.5
96	paulsc	./changeLogs.xml	2011-06-27 19:43:04.524517+00	4ba91fa04ff7b3cea4f1892cf9d7e70	Add Column, Custom SQL	Adds "new_window" column to the menu table	\N	1.9.5
98	paulsc	./changeLogs.xml	2011-06-28 23:58:16.127026+00	cc36cfaaf0b43df04376a1f126f8ef	Insert Row (x2)	Adds agregation schedule to quartz_cron_scheduler	\N	1.9.5
99	paulsc	./changeLogs.xml	2011-06-28 23:58:16.205695+00	f4dc46c6342f17b66bfdf63ef56a5a2	Modify Column	Widening the menu element_id column to 40 columns	\N	1.9.5
100	paulsc	./changeLogs.xml	2011-06-28 23:58:16.22835+00	8cb65c8ff16e4e675f65640f8f1dc5e	Create Table, Create Sequence, Insert Row	Adds report queue type table	\N	1.9.5
101	pauls	./changeLogs.xml	2011-06-28 23:58:16.291683+00	1d8527f3a1b85fa3bf2a7fb2ef769467	Create Table, Create Index, Custom SQL, Create Sequence, Insert Row	Adds a table for queuing up aggregate information to other sites	\N	1.9.5
102	paulsc	./changeLogs.xml	2011-06-30 17:25:06.608252+00	39b5792cdae23adeeef5d28535fbd49	Insert Row	Adds lab indicators as a report queue type	\N	1.9.5
74	paulsc	./changeLogs.xml	2011-07-28 20:20:19.401393+00	6244f82fff533c57bf61ef6b643a535	Update Data	Sets the iSante patient service password to encrypted	\N	1.9.5
111	paulsc	./changeLogs.xml	2011-10-27 17:04:30.93511+00	eec92123b3c56f2ddc9a5b06382cce	Add Column, Modify Column, Custom SQL	adds an active column to system_roles	\N	1.9.5
3	paulsc	SystemProperties.xml	2011-07-29 22:20:51.364531+00	efc15cb07a3023829ea96f74ef28c34	Insert Row	Adds a send status item in site-informat	\N	1.9.5
112	paulsc	./changeLogs.xml	2011-10-27 17:04:30.974641+00	5df8e7a6ff2ab340e112427796fff99b	Insert Row	Adds a resultUpdater role	\N	1.9.5
7	paulsc	SystemProperties.xml	2011-09-19 23:51:07.733182+00	352f0dd50a8193bee8c8b3c7dd6feb3	Insert Row	Adds another site information entry setting for configuration identifiers	\N	1.9.5
2	paulsc	Schema.xml	2011-10-05 21:42:10.798617+00	207dd9f9d8b31d30dbb3603bcaecfa9	Create Index	Adds an index to the sample_id column of the observation_table	\N	1.9.5
8	paulsc	SystemProperties.xml	2011-09-19 23:51:07.752706+00	d910b5b55d7b06e7f99aac06a51a0	Insert Row	Adds another site information entry setting for configuration identifiers	\N	1.9.5
5	paulsc	SystemProperties.xml	2011-08-11 00:14:16.341213+00	2926b3551dd4238a60cb1ad3e52ed67	Update Data (x2)	changes resultReporting row of site_information from true/false to enable/disable	\N	1.9.5
9	paulsc	SystemProperties.xml	2011-09-19 23:51:07.780744+00	a989ef75c5579ec4217f381ed31bbb	Update Data (x3)	Sets configuration items to configIdentity	\N	1.9.5
2	paulsc	MetaData.xml	2011-10-27 17:04:31.025067+00	7e21d299328e6ef77d3b77484823955	Insert Row (x3)	Adds a results site-information domain and adds modifier role required to site information	\N	1.9.5
6	paulsc	SystemProperties.xml	2011-08-13 00:26:23.656845+00	e14b6af3dbd76ce199ee433e1e9cd051	Insert Row (x2)	Adds the resultReporting rows to site_information	\N	1.9.5
103	paulsc	./changeLogs.xml	2011-07-12 19:51:21.898568+00	50ccdaaed356dc53776a374f6b844ec5	Rename Table	Renaming report queue to report_external_export	\N	1.9.5
3	paulsc	Schema.xml	2011-11-05 00:08:50.810727+00	cdd4ca59d9fd9cda8e0178cbe1d289	Add Column, Custom SQL	Adds both a type and instruction key column to site_information	\N	1.9.5
3	paulsc	MetaData.xml	2011-11-05 00:08:50.853969+00	a760f73ffb86a88d62e95703039174	Update Data (x3)	Sets the value_type of several rows to 'boolean' in the site_information table	\N	1.9.5
1	paulsc	Schema.xml	2011-09-26 18:52:22.461308+00	f52615835c33928f2a597e19fdeb4a	Create Table, Custom SQL, Create Sequence, Create Table, Custom SQL, Create Sequence	Adds a table for tracking documents.  Includes action type table	\N	1.9.5
108	paulsc	./changeLogs.xml	2011-08-23 16:30:01.197149+00	d4be4d1baf1766dd984261c4768fced2	Update Data	Make the name of the non-conforming status the same for both analysis and sample	\N	1.9.5
109	paulsc	./changeLogs.xml	2011-08-23 16:30:01.261898+00	1425f4f56bc6895a9f65325f6d0a4dd	Insert Row (x2)	Adding NonConforming status to db which don't already have them	\N	1.9.5
2	paulsc	version.xml	2011-10-24 19:35:26.296914+00	bb5b6659c45229a833da1b4518c0837c	Update Data	The current release number for OpneElis.  Update after each release	\N	1.9.5
1	paulsc	MetaData.xml	2011-09-27 00:32:08.990074+00	eadb147a4676c6d81ea768e6836012d2	Insert Row	Adds nonConformityNotification document type	\N	1.9.5
110	paulsc	./changeLogs.xml	2011-08-24 19:28:05.919812+00	591ef22d7a8a60ca862a5117e6fe3ac1	Custom SQL	copies entered_date to collection date if collection_date is null for sample	\N	1.9.5
4	paulsc	MetaData.xml	2011-11-05 00:08:50.889036+00	3591f44d6c52d9332f97e4af36a98a4e	Insert Row (x3)	This will add three new rows to the site_information table	\N	1.9.5
5	paulsc	MetaData.xml	2011-11-08 19:48:51.067392+00	4350ee5334d484de497799da38efaed	Insert Row	Adding biologist fail indicator on results page to site_information	\N	1.9.5
104	pauls	./changeLogs.xml	2011-07-19 19:03:35.497766+00	d33940cdf6e31e19e6329bd1d457aa	Create Table, Create Index, Custom SQL, Create Sequence, Insert Row	Adds a table for receiving reports other sites	\N	1.9.5
1	paulsc	version.xml	2011-07-19 19:03:35.532084+00	90f9cba928f5261b56cc45e253a911ea	Insert Row	Adds the release to site information table	\N	1.9.5
6	paulsc	MetaData.xml	2011-12-09 00:17:35.715144+00	593a64eafd1f14b4766c0c856375c98	Update Data	Setting the name of the status for analysis being done to 'Finalized'	\N	1.9.5
8	paulsc	Schema.xml	2011-12-27 23:41:43.721677+00	f79cdb152c1cb933ea3aaafde6bc6ef	Add Column	The audit trail requires a lastupdated field	\N	1.9.5
20	paulsc	HaitiCommon/HaitiCommon.xml	2011-11-08 19:48:51.110899+00	1991651ad6bf9b34d686823bf2335f	Update Data (x2), Insert Row (x3)	Bringing Haiti/LNSP into status conformaty	\N	1.9.5
4	paulsc	Schema.xml	2011-12-14 00:25:56.258823+00	d336957c272023b9fd999d13c770e7	Modify Column	Widen site_information value to 200 char	\N	1.9.5
3	paulsc	version.xml	2011-11-21 20:24:06.835432+00	7594a536bffa1e9252cc2677e1c1e5a	Delete Data	Removes the release number from the database.  It is now in build.properties.	\N	1.9.5
105	paulsc	./changeLogs.xml	2011-07-28 20:20:19.127877+00	d81fd9e487ac42f9f3c2a29d9610d3ee	Add Column, Update Data, Custom SQL	Add a entry date for analysis and backfill with complete date	\N	1.9.5
106	paulsc	./changeLogs.xml	2011-07-28 20:20:19.183627+00	793c81205b413f35812c93f19ca2fed8	Drop Column	Drops the recalculate flag column from report_external_export	\N	1.9.5
107	paulsc	./changeLogs.xml	2011-07-28 20:20:19.26151+00	2cd45d3fe4e07bae9b261875fb19c0	Drop Column, Add Column, Custom SQL	Renames the sent_flag to send_flag and changes the default	\N	1.9.5
1	paulsc	SystemProperties.xml	2011-07-28 20:20:19.315406+00	a42d61269b16bbf1a6d216955c8fc	Modify Column	widens the description column for site_information	\N	1.9.5
2	paulsc	SystemProperties.xml	2011-07-28 20:20:19.393596+00	834ef11c21f581bc8b72662ca6bcd8e	Insert Row (x16)	Sets up the site information domains and sets up the system information rows	\N	1.9.5
7	paulsc	MetaData.xml	2011-12-27 23:41:43.773343+00	15b7dccbe2aad291532f74095c37fc1	Insert Row (x5)	Adds missing tables to reference_tables	\N	1.9.5
33	paulsc	CDIRetroCIData.xml	2012-01-05 18:35:01.321367+00	b4929cc01c9b3e8a8255137759e430	Delete Data (x3)	Removes junk from dictionary and organization table	\N	1.9.5
13	paulsc	MetaData.xml	2012-02-22 01:42:35.408343+00	bdd2760762bc953bf7aff4dafa19828	Update Data	Changing all of the passwords in the site information to be visible.	\N	1.9.5
17	paulsc	MetaData.xml	2012-04-03 20:03:12.097126+00	b98c56963ddebe287563c9608ccd52e	Update Data	Sets all of the analysis revision counts to 1 which have a completion date	\N	1.9.5
14	paulsc	SystemProperties.xml	2012-03-13 22:32:16.802738+00	82e7dd465515358a121d3189b6256c93	Insert Row (x2)	Adds sampleEntryConfiguration to site information domain and adds trackPaymentInformation to site_information	\N	1.9.5
16	paulsc	Schema.xml	2012-03-23 23:21:52.165332+00	7b80a2c74185ba4ade18187fc88759	Modify Column	Expands the test description to 120 char	\N	1.9.5
34	paulsc	CDIRetroCIData.xml	2012-01-06 01:02:10.31799+00	4089df91902ac333ce519d1c2199be4a	Delete Data	delete constraint for following change set	\N	1.9.5
18	paulsc	Schema.xml	2012-04-25 00:25:54.881165+00	1843343ac74b4c1a8d091c5e62d2291	Add Column	Adds a is active column to test_section	\N	1.9.5
3	paulsc	System_Module.xml	2012-02-22 20:14:13.554983+00	da73fcbc1d547f404964fc992de5db22	Insert Row (x5)	Adds new result sections	\N	1.9.5
1	kaseyc	SystemProperties.xml	2012-03-16 21:09:50.511378+00	b24ea85a4a7739c2262565123b3934c	Insert Row (x7)		\N	1.9.5
2	kaseyc	SystemProperties.xml	2012-03-16 21:09:50.630871+00	59c639efcf9f80d62b387b6a9a09247	Update Data (x6)	migrating configurations from code to database for ciLNSP	\N	1.9.5
1	paulsc	OE2.7/Schema.xml	2012-05-14 18:16:02.691698+00	9d612fb46dace77647b71a6caec4f4c	Add Column, Custom SQL	Adds dictionary type to site information	\N	1.9.5
4	paulsc	OE2.7/Schema.xml	2012-05-14 18:24:08.78861+00	36a21931c59571986214c5a557966a6a	Update Data (x4), Insert Row (x2), Custom SQL, Update Data, Add Not-Null Constraint	Adds status id to sampleItem	\N	1.9.5
18	paulsc	MetaData.xml	2012-04-17 00:13:06.971476+00	b73cfcad3ab8a0457de21e08449bac7	Insert Row	Adds TrainingInstallation to any DB which does not already have it	\N	1.9.5
8	paulsc	MetaData.xml	2012-01-27 17:40:12.340125+00	42be182526331934b4bc52f13303e53	Insert Row	Add site name to site_information table	\N	1.9.5
9	paulsc	MetaData.xml	2012-01-27 17:40:12.365186+00	6860d816c84876ac7b78e547ecc854f	Insert Row	Add lab director to site_information table	\N	1.9.5
1	paulsc	OE2.7/MetaData.xml	2012-05-14 18:24:08.90208+00	62f553ee2b9a731b730267103d908c	Insert Row (x5)	Adds dictionary value for default languages and new entry for site information	\N	1.9.5
9	paulsc	Schema.xml	2012-01-31 23:16:20.830252+00	9aeabacea3db843c22df799a96dde77	Add Column, Custom SQL	Adds another column for bookkeeping data	\N	1.9.5
10	paulsc	MetaData.xml	2012-01-31 23:16:20.892458+00	73c755e3d567e2a031a63a23d7785d2	Insert Row	Adds results as a report queue type	\N	1.9.5
11	paulsc	MetaData.xml	2012-01-31 23:16:20.923328+00	9b1c837e7fc3c19fe262d60828af6e4	Insert Row	Adds data export as a document type	\N	1.9.5
2	paulsc	OE2.7/MetaData.xml	2012-05-14 18:24:08.912566+00	182e2361ad9440b12d3252c613ef6342	Insert Row	Adding configuration name to site information	\N	1.9.5
10	paulsc	Schema.xml	2012-02-08 22:35:13.995465+00	abbe33e7642a349ce7a4112e37c3955	Modify Column	Widens the panel name to 32	\N	1.9.5
11	paulsc	Schema.xml	2012-02-08 22:35:14.102193+00	10f276f924df5faede3aad18c89dccc	Add Column	Adds an inactive column to sample types	\N	1.9.5
12	paulsc	Schema.xml	2012-02-08 22:35:14.114323+00	5ed4919a6f8d38fb24b0537f87d5c3b	Add Column	Adding a foreign key to the test table so we don't have to depend on names not changing	\N	1.9.5
13	paulsc	Schema.xml	2012-02-08 22:35:14.324743+00	52d51218cfa24151c8479e1087a4dc4a	Add Column (x3), Add Default Value	Adds sort order to panel, sample type and test sections	\N	1.9.5
14	paulsc	Schema.xml	2012-02-08 22:35:14.365183+00	a42d61269b16bbf1a6d216955c8fc	Modify Column	widens the description column for site_information	\N	1.9.5
12	paulsc	MetaData.xml	2012-02-08 22:35:14.415132+00	573df289f0b04c703f52ebeee1f2a71	Insert Row	Add flag for using logo to site_information table	\N	1.9.5
17	paulsc	Schema.xml	2012-04-20 18:20:33.900045+00	f96f7a82e9cbd238624c6677bd518ca	Add Column, Custom SQL	Adds a group and schedule column to site_information table	\N	1.9.5
23	paulsc	HaitiData.xml	2012-04-20 18:20:33.992487+00	a071be38f3c5c66187dcee5e2d6f18d4	Update Data (x2), Delete Data	fixes the issue with Mycobacteriology and Mycrobacteriology	\N	1.9.5
16	paulsc	SystemProperties.xml	2012-05-02 20:18:22.656689+00	e4705dba17449d999628aff6f75afb62	Insert Row	Adds enable test usage reporting rows to site_information	\N	1.9.5
15	paulsc	SystemProperties.xml	2012-04-20 18:20:34.057985+00	348187725f3489e74f1c9dd2184e412a	Update Data (x4), Insert Row (x5)	Adds malaria Surveillance and aggregate reporting	\N	1.9.5
19	paulsc	MetaData.xml	2012-05-01 16:46:34.374478+00	8c8f95ecc9e3118576611ccb8420f4	Insert Row	Adds Malaraia case reporting as a queue type	\N	1.9.5
16	paulsc	MetaData.xml	2012-04-03 16:41:08.862845+00	787fdd1a5e8819c37bc7eaf324043d6	Insert Row	Add flag for using pop-up when the result is out of valid range to site_information table	\N	1.9.5
4	paulsc	System_Module.xml	2012-04-03 16:41:08.915878+00	336e8d3be59b104a943660618dda1679	Insert Row	Adding workplan panel as system module	\N	1.9.5
15	paulsc	Schema.xml	2012-03-13 22:32:16.526493+00	972be63731884a8bc1bde359f8b4df	Add Column, Drop Column, Custom SQL	add normal dictionary value to result range and remove units	\N	1.9.5
20	paulsc	MetaData.xml	2012-05-01 16:46:34.413124+00	6fb2a12c30d5b6fb7a87c863f71f88	Insert Row	Adds malaria case document type	\N	1.9.5
14	paulsc	MetaData.xml	2012-03-13 22:32:16.606007+00	2aeb5107a7dd88a9b2cae1f975153f9	Insert Row (x4)	Adds payment dictionary category and populates it	\N	1.9.5
15	paulsc	MetaData.xml	2012-03-13 22:32:16.636125+00	4c49fbb94c561c87e2d107d80287d49	Insert Row	Adds observation_history_type for payment status	\N	1.9.5
19	paulsc	Schema.xml	2012-05-04 23:47:58.111272+00	cc201a1c76ea5a1b227288b8d07f733	Modify Column	Widens the phone number columns for the person table	\N	1.9.5
17	paulsc	SystemProperties.xml	2012-05-02 20:18:22.668558+00	5670ae36f795aad7e77c0d25930fa	Update Data		\N	1.9.5
2	paulsc	OE2.7/CILNSPData.xml	2012-05-18 23:04:26.760743+00	db53b2eff0dd717d31d65e64a7c98fe2	Custom SQL	Temporary fix for panels, will be replaced by new test template	\N	1.9.5
1	paulsc	OE2.7/CILNSPData.xml	2012-05-14 18:24:08.920793+00	6334aa5ddaf6f0c62965f248277256a	Update Data	Set the configuration name	\N	1.9.5
3	paulsc	OE2.7/CILNSPData.xml	2012-05-18 23:04:26.788913+00	a6c44d6bde81b07cfaeeb77c2817963	Insert Row	Adds the module workplan:panel to Results entry role	\N	1.9.5
4	paulsc	OE2.7/CILNSPData.xml	2012-05-18 23:04:26.80716+00	ad8833d16db3592d6b537ba5d6eb1de	Insert Row (x4)	Adds workplan by test sections to the correct roles	\N	1.9.5
9	paulsc	System_Module.xml	2012-06-01 22:10:58.075294+00	e5d0e87038c227bbf5e40bac25b4acf	Modify Column	lengthen allowable name size in system_module	\N	1.9.5
5	paulsc	OE2.7/Schema.xml	2012-06-01 22:10:58.318329+00	51d7a0e15de2c9bf0f3e0b121871123	Rename Table (x2), Rename Column (x2), Custom SQL	changing hl7 codes to a more general test code	\N	1.9.5
6	paulsc	OE2.7/Schema.xml	2012-06-01 22:10:58.334685+00	c0286d0b3baa66e488c50fa80294f8f	Drop Table	drop the dictionary_hl7_code table	\N	1.9.5
7	paulsc	OE2.7/Schema.xml	2012-06-01 22:10:58.347271+00	60bdc87d2ec022abed48245973ee717d	Update Data (x2), Delete Data	Update the reference_tables to reflect the changes in the table names	\N	1.9.5
8	paulsc	OE2.7/Schema.xml	2012-06-01 22:10:58.432505+00	78cf3fd8cbed5fe6316b8e5892df84c	Create Sequence (x2), Create Table (x2), Custom SQL	Adds tables to support lab order types and members of those types	\N	1.9.5
3	paulsc	OE2.7/MetaData.xml	2012-06-01 22:10:58.444394+00	6ed01e5cacc156488c821f29b5144ca	Insert Row (x2)	Add analyze and billing code to test code type	\N	1.9.5
6	paulsc	OE2.7/MetaData.xml	2012-06-01 22:10:58.457923+00	34338eac9a9e63de6677856c782ba47	Insert Row	adds condenseNFS as a configuration property	\N	1.9.5
5	paulsc	OE2.7/CILNSPData.xml	2012-06-01 22:10:58.474604+00	728a639b81e41cf063122fae773ec	Insert Row (x2)	Adds lab order types to db	\N	1.9.5
6	paulsc	OE2.7/CILNSPData.xml	2012-06-01 22:10:58.485312+00	bd3bd2327cebd75d35209e522f6e795	Insert Row	Adds workplan for serology-immunology to results role	\N	1.9.5
7	paulsc	OE2.7/CILNSPData.xml	2012-06-01 22:10:58.49723+00	daa4c73a5cd6ddd5aaf2a858d5bfcbcd	Insert Row (x4)	Add roles for result logbooks	\N	1.9.5
8	paulsc	OE2.7/CILNSPData.xml	2012-06-01 22:10:58.504948+00	adc3ee697c26b47a84ee3cfb3d26e717	Update Data	gives CI LNSP it's own stringContext	\N	1.9.5
9	paulsc	OE2.7/CILNSPData.xml	2012-06-01 22:10:58.518626+00	63aca9b064c73af6064839f1e33f3b	Insert Row	Adds the role of validator to roles	\N	1.9.5
10	paulsc	OE2.7/CILNSPData.xml	2012-06-01 22:10:58.531951+00	57569cd2cc57dac2ca3ab3da96ba74e	Insert Row (x5)	Adds validator modules to validator role	\N	1.9.5
11	paulsc	OE2.7/CILNSPData.xml	2012-06-01 22:10:58.543981+00	7f6ea7bc5731bcc566cd537d7616e2	Insert Row	Adds hematology-Immunology test section if does not already exist	\N	1.9.5
12	paulsc	OE2.7/CILNSPData.xml	2012-06-01 22:10:58.554683+00	d66d30125a131daace7595b8c0311c4a	Insert Row	Adds serology-Immunology test section	\N	1.9.5
8	paulsc	OE2.7/CILNSPMassive/MassiveUpdate.xml	2012-06-01 22:10:58.57074+00	5f711542e5ce62f7d1fea82ceaf6bdac	SQL From File	Adds needed dictionary values	\N	1.9.5
9	paulsc	OE2.7/CILNSPMassive/MassiveUpdate.xml	2012-06-01 22:10:58.590784+00	15b2a96969a2f10f65497767e61c0	SQL From File	Adds needed uom values	\N	1.9.5
14	paulsc	OE2.7/CILNSPMassive/MassiveUpdate.xml	2012-06-01 22:10:59.039081+00	b9cb389923431be099ae50aab5e3063	SQL From File	Deletes all data needed to do a clean install	\N	1.9.5
1	paulsc	OE2.7/CILNSPMassive/MassiveUpdate.xml	2012-06-01 22:10:59.050498+00	7514b8cea9b1f378f1ff80f5855f9faf	Custom SQL, SQL From File	adds in the new panels	\N	1.9.5
2	paulsc	OE2.7/CILNSPMassive/MassiveUpdate.xml	2012-06-01 22:10:59.070105+00	d9ba3faa6885e022fffdb9313a72c65d	SQL From File (x2)	add the new sample types	\N	1.9.5
3	paulsc	OE2.7/CILNSPMassive/MassiveUpdate.xml	2012-06-01 22:10:59.084173+00	0ecbe85619fbdd83d797fe0ed7e28	SQL From File	Associates new and existing sample types with new and existing panels	\N	1.9.5
4	paulsc	OE2.7/CILNSPMassive/MassiveUpdate.xml	2012-06-01 22:10:59.097443+00	64849bcda72b16cbc040733fe75bb28	SQL From File	Order test sections	\N	1.9.5
5	paulsc	OE2.7/CILNSPMassive/MassiveUpdate.xml	2012-06-01 22:10:59.138785+00	b0d91364e8f421a6e2daeafe268a6267	SQL From File	adds tests	\N	1.9.5
6	paulsc	OE2.7/CILNSPMassive/MassiveUpdate.xml	2012-06-01 22:10:59.175619+00	463a824279e38cc72c8bbc1a13cd4cb	Load Data	Add tests to panels	\N	1.9.5
7	paulsc	OE2.7/CILNSPMassive/MassiveUpdate.xml	2012-06-01 22:10:59.235288+00	1e05b98f74efda83fd29c70a9e6bcde	SQL From File	Add tests to sample types	\N	1.9.5
10	paulsc	OE2.7/CILNSPMassive/MassiveUpdate.xml	2012-06-01 22:10:59.292234+00	d0eff96d29d5a2bb1cff91e767e1acb4	SQL From File	Adds to test_result table	\N	1.9.5
11	paulsc	OE2.7/CILNSPMassive/MassiveUpdate.xml	2012-06-01 22:10:59.336131+00	79194050f1c72c38f0f98356898cc815	SQL From File	Adds result limits to test	\N	1.9.5
12	paulsc	OE2.7/CILNSPMassive/MassiveUpdate.xml	2012-06-01 22:10:59.349562+00	aa3b176d64b11b6cc8a3658ce4bf4fc	SQL From File	Adds dictionary result limits to tests	\N	1.9.5
15	paulsc	OE2.7/CILNSPMassive/MassiveUpdate.xml	2012-06-01 22:10:59.458348+00	89fc6ef0d9bd72ad812a9306f384356	SQL From File (x2)	Adds lab order type bindings and test codes	\N	1.9.5
13	paulsc	OE2.7/CILNSPData.xml	2012-06-04 16:09:41.825644+00	b36c771d4f5f1f5a143d7345e811	Update Data	Sets the accession number format to 7 digits	\N	1.9.5
14	paulsc	OE2.7/CILNSPData.xml	2012-06-05 23:56:27.128959+00	bd9fac8c2096bc3882bc9496b38bc97d	SQL From File	Adds districts and regions to the organization table	\N	1.9.5
15	paulsc	OE2.7/CILNSPData.xml	2012-06-05 23:56:27.172309+00	12eae4fc4e819e340df639015238010	Insert Row (x6)	Adds lab order sub types	\N	1.9.5
9	paulsc	OE2.7/Schema.xml	2012-06-11 16:33:46.873545+00	eec9e1e3fc48c08c984a134733d4753	Add Column, Custom SQL	Adds collector column to sample item	\N	1.9.5
7	paulsc	OE2.7/MetaData.xml	2012-06-11 16:33:46.918154+00	798ce246e8635d61e38da4961c3b7f7	Custom SQL	Adds new address parts	\N	1.9.5
8	paulsc	OE2.7/MetaData.xml	2012-06-11 16:33:46.944282+00	27c8459ce0d6bedd1eabae64b835dff	Insert Row	Adds Education Level Demographic Information as dictionary category if it does not exist	\N	1.9.5
9	paulsc	OE2.7/MetaData.xml	2012-06-11 16:33:46.954344+00	3c17f14d24d6a875fa3287be6711fd99	Insert Row	Adds Marital Status Demographic Information as dictionary category if it does not exist	\N	1.9.5
10	paulsc	OE2.7/MetaData.xml	2012-06-11 16:33:46.962936+00	8a987115a479448218de8e6d5d61cc7	Insert Row	Adds Nationality Demographic Information as dictionary category if it does not exist	\N	1.9.5
16	paulsc	OE2.7/CILNSPData.xml	2012-06-11 16:33:46.9873+00	a1371756fd7c8fd469efb3f73b7ad23	Insert Row (x3)	More lab order subtypes	\N	1.9.5
17	paulsc	OE2.7/CILNSPData.xml	2012-06-11 16:33:47.013493+00	ca6c8aedcb464018463dbcb396e7abe9	Insert Row (x6)	Adds observation history types	\N	1.9.5
18	paulsc	OE2.7/CILNSPData.xml	2012-06-11 16:33:47.048587+00	f1d4edf9a06d981ca5bb63c8e2d06a	Insert Row	Adds a patient referral organization	\N	1.9.5
19	paulsc	OE2.7/CILNSPData.xml	2012-06-11 16:33:47.08074+00	ef8cdf5e6f5cef3913db62c7fd385b	Custom SQL	Adds various patient status to dictionary	\N	1.9.5
20	paulsc	OE2.7/CILNSPData.xml	2012-06-11 16:33:47.101983+00	c4bc73ea9973aa51b8431cdc4813ac8d	Update Data	marks test sections with high sort orders as in active	\N	1.9.5
21	paulsc	OE2.7/CILNSPData.xml	2012-06-11 16:33:47.113474+00	6d60a2f5d1e7a791adadd3e83b1052f3	Update Data (x2)	Corrects the spelling of the display keys in test section	\N	1.9.5
11	paulsc	OE2.7/MetaData.xml	2012-06-14 19:12:44.369846+00	4b431a91bb4db73a1e5ae3b3bfa96f	Insert Row (x6)	Adds education, marital status and nationality to patient identity type	\N	1.9.5
22	paulsc	OE2.7/CILNSPData.xml	2012-06-14 19:12:44.438104+00	1332ccc656ec4accab9fbb488231fc1	SQL From File	Fixes errors in the origional insert for orgs and sub orgs	\N	1.9.5
23	paulsc	OE2.7/CILNSPData.xml	2012-06-18 22:06:46.263441+00	773314a8a710ca3ce618dc9af73f14d0	Update Data	Inactivates supperviser and Inventory manager roles	\N	1.9.5
24	paulsc	OE2.7/CILNSPData.xml	2012-06-18 22:06:46.316407+00	1fc817b53bfaf71204bcdd42442b6ba	Delete Data, Load Data	Drop old OpenELIS (domestic) qa_events and reload for Haiti	\N	1.9.5
12	paulsc	OE2.7/MetaData.xml	2012-06-19 17:05:53.35082+00	404f29a3d0d159f8aa4e653a841eca0	Insert Row	Adds role needed to view patient results	\N	1.9.5
25	paulsc	OE2.7/CILNSPData.xml	2012-06-19 19:05:14.428384+00	769cc4f48bf1c77a2408b2b390f262	SQL From File	Fixes localization errors in the origional insert for orgs and sub orgs	\N	1.9.5
10	paulsc	OE2.7/Schema.xml	2012-06-20 20:08:20.660302+00	be3d379ac2325a3083e3289edd3e265	Custom SQL	Allows deletion from organization_organization_type to cascade to organization	\N	1.9.5
26	paulsc	OE2.7/CILNSPData.xml	2012-06-20 20:08:20.76748+00	7e68cc59888ef27b8b1626164d3fa490	Custom SQL	Deletes existing referring clinic organizations	\N	1.9.5
11	paulsc	OE2.7/Schema.xml	2012-06-20 20:28:12.432712+00	752fa96f9dc87ddc0865581a5289eac	Custom SQL	Allows deletion from organization_organization_type to cascade to organization	\N	1.9.5
27	paulsc	OE2.7/CILNSPData.xml	2012-06-20 20:28:12.471513+00	c26861f46947cd1f386a406f3eb142d1	Custom SQL	Deletes existing referral clinic organizations	\N	1.9.5
28	paulsc	OE2.7/CILNSPData.xml	2012-06-20 20:28:12.507869+00	5613fbb1f1b9a53015265599d4765124	Insert Row (x4)	Adds back Retroci and CIRBA	\N	1.9.5
30	paulsc	OE2.7/CILNSPData.xml	2012-07-02 18:08:48.379118+00	5e6b66167f23924cb8f653db19da1c92	Insert Row (x3)	Adds the module workplan:test to Results entry role and non-conformity to intake	\N	1.9.5
31	paulsc	OE2.7/CILNSPData.xml	2012-07-02 21:14:31.449191+00	abf9d4e71a1a309c796b48446331c9a	Update Data	Correcting Status of sample for analysis non_conforming	\N	1.9.5
32	paulsc	OE2.7/CILNSPData.xml	2012-07-05 20:54:28.34063+00	655620de21e69d829210abb8cf40a7	Update Data (x3)	Ammends the reporting description of the HIV tests	\N	1.9.5
1	paulsc	System_Module.xml	2012-09-19 23:25:04.396554+00	7e75434bc423fe5058a6bdd0553cf8e	Insert Row (x66), Custom SQL	Adds all of the modules to the database for all instances.\n    Can be re-run because of the de-duplication at the end of the change set	\N	1.9.5
5	paulsc	System_Module.xml	2012-09-19 23:25:04.408166+00	98614192a8d06fc5a69de6d3524ae184	Insert Row	Adding auditlogview system module	\N	1.9.5
6	paulsc	System_Module.xml	2012-09-19 23:25:04.419171+00	18c354f1da82fb395f21a74ee03ba15a	Insert Row	Adding cobasDBS to system module	\N	1.9.5
7	paulsc	System_Module.xml	2012-09-19 23:25:04.43395+00	e633bf0714e0b580c37465fd65a2a2	Insert Row	Adding validation:molecular biology to system module	\N	1.9.5
13	paulsc	OE2.7/MetaData.xml	2012-09-19 23:25:04.535226+00	abf9d4e71a1a309c796b48446331c9a	Update Data	Correcting Status of sample for analysis non_conforming	\N	1.9.5
14	paulsc	OE2.7/MetaData.xml	2012-09-19 23:25:04.544074+00	7aac3e7647be7fc839dc1f0bbfeac56	Update Data	Correcting Status of sample for analysis non_conforming	\N	1.9.5
1	paulsc	OE2.8/Schema.xml	2012-09-19 23:25:04.563908+00	a8fa7e8f4b7bc09285a769d187861346	Add Column, Custom SQL	Adds report name column to document_tracking	\N	1.9.5
2	paulsc	OE2.8/Schema.xml	2012-09-19 23:25:04.63251+00	d9c1f2b2d171bf82dbbb2ded907e59db	Custom SQL	Adds an index to history table	\N	1.9.5
3	paulsc	OE2.8/Schema.xml	2012-09-19 23:25:04.648511+00	c2f2ce92af99bafa32a716186e4e17	Delete Data, Add Not-Null Constraint (x2)	Remove entries in system_role_module table where the role_id is null and then add non-null constraints	\N	1.9.5
4	paulsc	OE2.8/Schema.xml	2012-09-19 23:25:04.662374+00	9fc3b6f966484b521b3b9f24e3561b	Add Column, Custom SQL	Adds a column to the patient table to represent how birthdates were entered	\N	1.9.5
5	paulsc	OE2.8/Schema.xml	2012-09-19 23:25:04.737941+00	429675cbecbb2f2265a16626176412d	Create Table (x2), Create Sequence (x2), Insert Row, Custom SQL	Adding an qa_observation_type and a qa_observation table	\N	1.9.5
6	paulsc	OE2.8/Schema.xml	2012-09-19 23:25:04.750669+00	b03954143e68a1ab49a07511518db42c	Insert Row (x3)	Adds first set of metadata to qa_observation_type so we can do the following update	\N	1.9.5
7	paulsc	OE2.8/Schema.xml	2012-09-19 23:25:04.79571+00	55271d481f759a936887adc968b4c81b	Custom SQL, Drop Column (x2)	Moves qa observation data from sample_qaevent table and then drops the columns	\N	1.9.5
8	paulsc	OE2.8/Schema.xml	2012-09-19 23:25:04.806393+00	95f62271f6cad7d57f6b4a7e7165317f	Add Column	Adds entered date to sample_qaevent	\N	1.9.5
9	paulsc	OE2.8/Schema.xml	2012-09-19 23:25:04.898078+00	4bf3d56cdafecf82398b2e420f53b71	Modify Column	widen the local_abbrev column in test	\N	1.9.5
1	paulsc	OE2.8/MetaData.xml	2012-09-19 23:25:04.91052+00	de8068a21c185cfa21449e168a09d91	Insert Row	Adds a new document type for document tracking	\N	1.9.5
2	paulsc	OE2.8/MetaData.xml	2012-09-19 23:25:04.922466+00	ea24d19dfa7f8a7982eb1af396974fa	Insert Row (x2)	Adds ability to turn page numbers on and off to site_information	\N	1.9.5
3	paulsc	OE2.8/MetaData.xml	2012-09-19 23:25:04.932929+00	879a1d8581a308946bf342f822bec7a	Update Data	Moves lab director, siteName and useLogoInReport to configure reports	\N	1.9.5
4	paulsc	OE2.8/MetaData.xml	2012-09-19 23:25:04.94233+00	38f8c3bcb5bd59ae98ba44e9aa2b7422	Delete Data	Removes un-used site_information	\N	1.9.5
5	paulsc	OE2.8/MetaData.xml	2012-09-19 23:25:04.95228+00	f7cc5e77329558387ffe45edb32ca2	Update Data	Changes Border Line to Borderline in dictionary.  Only effects haiti lnsp	\N	1.9.5
2	paulsc	OE2.8/CILNSPData.xml	2012-09-19 23:25:04.970946+00	beee9214bee1f0edee4afc96bb2228	Insert Row (x2)	Adds the AuditTrailView to a new Audit Trail Role	\N	1.9.5
3	paulsc	OE2.8/CILNSPData.xml	2012-09-19 23:25:04.981771+00	2a40d110b5e6f6cfbb28f815a37d1a9	Update Data	changes the accession rules to yynnnnnnn	\N	1.9.5
4	paulsc	OE2.8/CILNSPData.xml	2012-09-19 23:25:04.993003+00	8317a012b1a78df585d6ee268a47f07d	Update Data	changes the accession rules to yy-nnnnnnn	\N	1.9.5
8	paulsc	OE2.8/testCatalogCI_LNSP/TestCatalogUpdate.xml	2012-09-19 23:25:05.011486+00	cb83d83cfcd0df475984687c192fe6e	SQL From File	Adds needed dictionary values	\N	1.9.5
9	paulsc	OE2.8/testCatalogCI_LNSP/TestCatalogUpdate.xml	2012-09-19 23:25:05.021059+00	58d936eaf8c682708c31642298f3de	SQL From File	Adds needed uom values	\N	1.9.5
14	paulsc	OE2.8/testCatalogCI_LNSP/TestCatalogUpdate.xml	2012-09-19 23:25:05.443833+00	e5985bb2e218a187b3157ac946084aa	SQL From File	Deletes all data needed to do a clean install	\N	1.9.5
1	paulsc	OE2.8/testCatalogCI_LNSP/TestCatalogUpdate.xml	2012-09-19 23:25:05.45548+00	254f9e7b665eaeacb3d1594e76067b1	Custom SQL, SQL From File	adds in the new panels	\N	1.9.5
2	paulsc	OE2.8/testCatalogCI_LNSP/TestCatalogUpdate.xml	2012-09-19 23:25:05.467395+00	e373aabc2b411b45e4d7e11c2f14561	SQL From File (x2)	add the new sample types	\N	1.9.5
3	paulsc	OE2.8/testCatalogCI_LNSP/TestCatalogUpdate.xml	2012-09-19 23:25:05.478622+00	7a27a7ccc9ca6922dbb8621427ecff31	SQL From File	Associates new and existing sample types with new and existing panels	\N	1.9.5
4	paulsc	OE2.8/testCatalogCI_LNSP/TestCatalogUpdate.xml	2012-09-19 23:25:05.491321+00	20c611a021e8f16cd7ae1411e0c12dc9	Custom SQL, SQL From File	Order test sections	\N	1.9.5
5	paulsc	OE2.8/testCatalogCI_LNSP/TestCatalogUpdate.xml	2012-09-19 23:25:05.557278+00	c018bbb6fa82167018e4d98ed720c69e	SQL From File	adds tests	\N	1.9.5
6	paulsc	OE2.8/testCatalogCI_LNSP/TestCatalogUpdate.xml	2012-09-19 23:25:05.596826+00	e68f73e384ab0a767bf775a5ea31e0	Load Data	Add tests to panels	\N	1.9.5
7	paulsc	OE2.8/testCatalogCI_LNSP/TestCatalogUpdate.xml	2012-09-19 23:25:05.689321+00	d8471cc67ae76c80a3f2e5f5d7f51a18	SQL From File	Add tests to sample types	\N	1.9.5
10	paulsc	OE2.8/testCatalogCI_LNSP/TestCatalogUpdate.xml	2012-09-19 23:25:05.818241+00	d8bcf37cdca5f188a85211f11d74980	SQL From File	Adds to test_result table	\N	1.9.5
11	paulsc	OE2.8/testCatalogCI_LNSP/TestCatalogUpdate.xml	2012-09-19 23:25:05.870397+00	ea67179390415d3987518ee359b73f	SQL From File	Adds result limits to test	\N	1.9.5
12	paulsc	OE2.8/testCatalogCI_LNSP/TestCatalogUpdate.xml	2012-09-19 23:25:05.909633+00	3eea1ffba81f7f6c6c3e5dcf5136ef	SQL From File	Adds dictionary result limits to tests	\N	1.9.5
15	paulsc	OE2.8/testCatalogCI_LNSP/TestCatalogUpdate.xml	2012-09-19 23:25:06.076877+00	3a4962eec3f44450d8d73d9365d88a49	SQL From File (x2)	Adds lab order type bindings and test codes	\N	1.9.5
5	paulsc	OE2.8/CILNSPData.xml	2012-09-19 23:37:59.877115+00	d9c114b4262450f06475cee39a1e4210	Delete Data (x2), Load Data	fixes error where qa_events were droped. reload form Haiti	\N	1.9.5
6	paulsc	OE2.8/CILNSPData.xml	2012-09-26 23:40:29.836527+00	3ca55f7ab13b4483df85cfcfbe8770a7	Update Data	Updates the inactive status of test section	\N	1.9.5
10	paulsc	OE2.8/Schema.xml	2012-09-28 19:45:54.017842+00	eb1a2be0251fc4178eda4cd328b4e9	Add Column, Custom SQL	adds inactive column to status of sample table	\N	1.9.5
6	paulsc	OE2.8/MetaData.xml	2012-09-28 19:45:54.037353+00	a56f93db7f23a32cd73669e0d8945c	Update Data	makes the non-conformity an inactive status	\N	1.9.5
7	paulsc	OE2.8/MetaData.xml	2012-10-10 19:03:05.809541+00	37fb74e2476e2e7aa6cc34d1bcce8b3c	Update Data	corrects spelling for name_key for qa_event	\N	1.9.5
8	paulsc	OE2.8/MetaData.xml	2012-10-10 19:03:05.854721+00	6988b6ada895a4f9a057d78f9b26885b	Insert Row	Adds new site identity for triggering the sorting of qa_event reasons	\N	1.9.5
2	marks	menus.xml	2011-08-23 16:30:01.356013+00	b474edb08bed88dace4db7be3fd7ac7	Insert Row (x30)	Adds the menu items for Haiti LNSP	\N	1.9.5
7	paulsc	OE2.8/CILNSPData.xml	2012-10-10 19:03:05.866092+00	93852e3c696a18c2a1a973fe658ced2	Update Data	Set sorting of the qa events list to false	\N	1.9.5
9	paulsc	OE2.8/MetaData.xml	2012-10-20 00:03:47.166479+00	60463e43b4c3bbf52d42f9ccc1ef47	Delete Data (x2)	Removes an extraneous system_role called enter. It ha no modules	\N	1.9.5
8	paulsc	OE2.8/CILNSPData.xml	2012-10-23 17:13:25.618095+00	89d3cb942aa08077cdb233042fd38	Insert Row (x4)	maintenance admin missing access to result and report configuration	\N	1.9.5
8	paulsc	System_Module.xml	2012-11-06 00:48:35.930602+00	774a9c5a4b798cc3f7f598f9b681184	Insert Row (x8)	Adding additional validation to system module	\N	1.9.5
10	paulsc	System_Module.xml	2012-11-06 00:48:35.960469+00	c7f4754451faeecb943964e4cf1f8593	Insert Row (x3)	Adding additional validation to system module	\N	1.9.5
11	paulsc	OE2.8/Schema.xml	2012-11-06 00:48:36.282013+00	3db3a7bdf7ca4b5c4a789713af36cac	Add Column, Custom SQL	Adds new field to result_limits to support concept of always requiring extra validation	\N	1.9.5
10	paulsc	OE2.8/MetaData.xml	2012-11-06 00:48:36.296836+00	f0ff2c308ae69c5327ed9b636313f331	Delete Data	Removes un-used site information entry	\N	1.9.5
11	paulsc	OE2.8/MetaData.xml	2012-11-06 00:48:36.320957+00	cb7e62aa31982dd5fda1222d43ff65f	Insert Row	Adds new site_information item for changing workflow	\N	1.9.5
11	paulsc	System_Module.xml	2012-12-11 00:40:14.910718+00	927847bcc2eb44d29c7ee227322cbf1	Insert Row	Adding additional validation to system module	\N	1.9.5
1	paulsc	OE2.9/Schema.xml	2012-12-11 00:40:15.24612+00	8cfe471f5abcc79f56e439d1b0647137	Add Column, Custom SQL	Add is_active to panel	\N	1.9.5
2	paulsc	OE2.9/Schema.xml	2012-12-11 00:40:15.267183+00	7e131a6b651e74b7806fa19175f3fe30	Add Column, Custom SQL	Adds panel_id to analysis	\N	1.9.5
1	paulsc	OE2.9/MetaData.xml	2012-12-19 19:22:09.198657+00	54cbb12f5fc5a4ea3164d42dc8e7d1a1	Insert Row	Adds ability to turn page numbers on and off to site_information	\N	1.9.5
2	paulsc	OE2.9/MetaData.xml	2012-12-19 20:15:46.160575+00	92e718bd176e7fbeda42544a114245	Insert Row	Adds ability to add site logo to reports	\N	1.9.5
3	paulsc	OE2.9/Schema.xml	2013-01-11 22:28:00.336137+00	883089ecdae52a8924d173faa1e33b27	Add Column, Custom SQL	Adds a parent key to results	\N	1.9.5
4	paulsc	OE2.9/Schema.xml	2013-01-11 22:28:00.448258+00	ad3df772dca38a25acd5e21ecbc46b9	Add Foreign Key Constraint	Adding foreign keys that seem to have been missed by liquibase	\N	1.9.5
5	paulsc	OE2.9/Schema.xml	2013-01-11 22:28:00.566214+00	e01ff7144c7ba698f6b24b3988c14d75	Add Foreign Key Constraint	Adding foreign keys that seem to have been missed by liquibase	\N	1.9.5
3	paulsc	OE2.9/MetaData.xml	2013-01-11 22:28:00.592724+00	7eeab82d81744dff3ab023cb95164b7	Insert Row	Adds a test section called user which indicates that the user selects the test section	\N	1.9.5
6	paulsc	OE2.9/Schema.xml	2013-01-23 22:54:43.320805+00	9220fa48cbf6295ae68b79cfad5966	Modify Column	Widening the panel name to 64 chars	\N	1.9.5
20	paulsc	OE2.9/testCatalogHT_LNSP/HaitiLNSPTestTemplateUpdate.xml	2013-02-15 21:23:37.650518+00	5b9043bdfaeec26253a5aa0eacb94f	Custom SQL	Update viral load to add quanitive qualification	\N	1.9.5
7	paulsc	OE2.9/Schema.xml	2013-02-19 22:25:55.846047+00	57798ba3e56a580ad94d948cbc92e3e	Modify Column	Widening the external_id of the provider to 50 chars	\N	1.9.5
8	paulsc	OE2.9/Schema.xml	2013-02-20 21:12:31.645674+00	8e6a8348fe4d84c365221ace8567319	Add Column, Custom SQL	Add new column for test to indicate that it can not be ordered.  It is only a reflex test	\N	1.9.5
1	paulsc	OE3.2/MetaData.xml	2013-02-28 19:09:07.187406+00	5324f54af9fbf45c8d7ccbd7ea2f554	Delete Data (x2)	Remove unused elements from site_identity	\N	1.9.5
2	paulsc	OE3.2/CILNSPData.xml	2013-03-04 20:24:58.737587+00	be4380d0cab1beb32b4eacd18da14ce3	SQL From File	Corrects miss-spelled test	\N	1.9.5
3	paulsc	OE3.2/CILNSPData.xml	2013-03-04 20:24:58.787482+00	1a73ca1e2831c3ff7f775eca4149f	Insert Row	Adds "normal" as an initial sample condition	\N	1.9.5
2	paulsc	OE3.2/MetaData.xml	2013-03-06 00:27:45.344815+00	c6aae29c1eb7a51d6cc97672c72d6e6f	Insert Row	Add workplan configuration to site information domain	\N	1.9.5
3	paulsc	OE3.2/MetaData.xml	2013-03-06 00:27:45.367539+00	15a37bf4778a511ba3bd7c48d4672144	Insert Row	Adds configuration property of adding subject number to accession number for workplan	\N	1.9.5
4	paulsc	OE3.2/MetaData.xml	2013-03-06 00:27:45.382381+00	be7dfc208d6e4e5efe4f4d1f88d1555f	Insert Row	Adds configuration property of adding subject number to accession number for workplan	\N	1.9.5
4	paulsc	OE3.2/CILNSPData.xml	2013-03-06 00:27:45.394586+00	36baa659e55435fc20c1aa2066aec7	Update Data	Sets the status of subject on workplan to true	\N	1.9.5
5	paulsc	OE3.2/CILNSPData.xml	2013-03-06 00:27:45.403614+00	104edffa29dcd7b2892a7c395dd4111	Update Data	Sets the status of next visit on workplan to true	\N	1.9.5
12	paulsc	System_Module.xml	2013-03-07 19:23:30.734289+00	6113e99758955c4c3aa7781165611638	Insert Row (x2)	Adding admin items to system module	\N	1.9.5
1	paulsc	OE3.2/CrosscuttingData.xml	2013-03-07 19:23:30.871187+00	2efb9fbfb5493cfdfafc7f72fdaad1e0	Insert Row (x2)	Adding modules to roles	\N	1.9.5
1	paulsc	OE3.2/Schema.xml	2013-03-14 00:26:34.613314+00	4ca69ead85247696901afc46e2cafc	Add Column, Custom SQL	Adds code column to organization table	\N	1.9.5
2	paulsc	OE3.2/CrosscuttingData.xml	2013-03-20 19:02:59.560561+00	891173eb67f7f421422a5dfb54879b98	Custom SQL	Backfills analysis with tests but no test_section. Caused by bug in update conformation	\N	1.9.5
6	paulsc	OE3.2/CILNSPData.xml	2013-03-22 18:52:24.909956+00	9f241cdd3af8289694abcc02ae271a0	Update Data	Activating test that accidently got de-activated	\N	1.9.5
2	paulsc	OE3.2/Schema.xml	2013-03-26 16:23:05.143048+00	c7b14d34474e2ffc0fa159ac1f07d2	Modify Column	Expand the home phone number for person so that it is the same length as other phone numbers	\N	1.9.5
7	paulsc	OE3.2/CILNSPData.xml	2013-03-26 16:23:05.205774+00	ffd81a2985a569caa89731a0e5bce2	SQL From File	Corrects miss-spelled test	\N	1.9.5
3	paulsc	OE3.2/CrosscuttingData.xml	2013-03-28 16:07:07.014481+00	2d21a03819c8fd237d9a5a431312b8	Update Data	Turn the validation icon on by default for all sites	\N	1.9.5
1	paulsc	OE3.3/CrosscuttingData.xml	2013-04-01 22:39:24.700233+00	123d6cf5e2cb413f6a9e1583f796c4df	Insert Row	Adding modules to roles	\N	1.9.5
2	paulsc	OE3.3/CILNSPData.xml	2013-04-03 19:01:02.71879+00	809768a1c057c345eca4e2703a2e3aa4	SQL From File	Corrects miss-spelled test	\N	1.9.5
1	paulsc	OE3.3/Schema.xml	2013-04-10 22:42:10.720723+00	16688fa2dac66a3674fbe6f582f0ece3	Add Column, Custom SQL	Adds new column to Sample(aka Order) table	\N	1.9.5
2	paulsc	OE3.3/CrosscuttingData.xml	2013-04-10 22:42:10.818819+00	b1e811b9858d1e88169f5c14609289bf	Custom SQL	Move external ids from provider to sample referring id	\N	1.9.5
2	jfurlong	OE3.3/Schema.xml	2013-04-10 22:59:53.279217+00	75f174413f44ba672a1fc1c4e1b27	Custom SQL		\N	1.9.5
5	jfurlong	OE3.3/Schema.xml	2013-04-10 22:59:53.447948+00	1c61e3eb58963c37e7b17281b2d1585	Custom SQL		\N	1.9.5
3	jfurlong	OE3.3/MetaData.xml	2013-04-10 22:59:53.475846+00	a76aa877cbe582a3e6e1670f461e96	Insert Row (x3)	Adds status_of_sample entries for electron_orders	\N	1.9.5
6	jfurlong	OE3.3/Schema.xml	2013-04-17 17:43:49.536635+00	85f94cf9f3f5a225d152a999f6b8ee8	Custom SQL		\N	1.9.5
2	paulsc	OE3.3/Schema.xml	2013-04-17 17:43:49.551938+00	19d97e3d20f919beea538a2f3fbd77	Custom SQL	Change the start of electronic_order_seq so it starts at 1	\N	1.9.5
3	paulsc	OE3.3/Schema.xml	2013-04-17 17:43:49.600583+00	c0ebfbf4c136fbfe2c5d650b5674841	Insert Row	Add electronic_orders to reference_tables table	\N	1.9.5
3	paulsc	OE3.3/MetaData.xml	2013-04-17 17:43:49.631606+00	cd2d7dd02eaf3ab6e085e53bddb5bade	Insert Row	Adds configuration property of enabling accepting electronic orders	\N	1.9.5
4	paulsc	OE3.3/MetaData.xml	2013-04-17 17:43:49.67073+00	dab9939a5331e1e51ff9a85713516aec	Insert Row	Adds a service user	\N	1.9.5
5	paulsc	OE3.3/MetaData.xml	2013-04-29 17:44:50.667439+00	d7fbec4dbd3fb806942372853f481d2	Insert Row (x2)	Add OBNumber and PCNumber as patient identity types	\N	1.9.5
6	paulsc	OE3.3/MetaData.xml	2013-05-04 00:13:23.810775+00	8beb37346949223d73252d6e109bc2bd	Insert Row	Adds configuration property of adding supervisors signature to non-conformity report	\N	1.9.5
4	paulsc	OE3.3/Schema.xml	2013-05-16 21:38:01.725406+00	2ab95e699f89af979c6c6092c93a48f6	Add Column, Custom SQL	Adding column to analysis table to mark if the analysis has been referred out, will replace ""referred out" status	\N	1.9.5
7	paulsc	OE3.3/MetaData.xml	2013-05-16 21:38:01.794149+00	60d764d810906775c4d278206fff2e46	Delete Data	Removes referred out from status_of_sample table	\N	1.9.5
8	paulsc	OE3.3/MetaData.xml	2013-05-21 00:20:31.833409+00	aed2e434c482287ff0547a62116baddd	Insert Row	Adds configuration property of auto-filling collection date/time	\N	1.9.5
9	paulsc	OE3.3/MetaData.xml	2013-05-21 00:20:31.847409+00	1abb3994e1ab31489411954fa594ce6	Insert Row	Adds configuration property of space for results on workplan	\N	1.9.5
2	paulsc	OE3.3/HaitiLNSPData.xml	2013-05-21 00:20:31.858465+00	5192f7b08887aff19061a217e9fc11f3	Update Data	Sets the specimen auto date/time to false	\N	1.9.5
3	paulsc	OE3.3/HaitiLNSPData.xml	2013-05-21 00:20:31.933499+00	57af1b12d74af65216581737631f50	SQL From File	Update display order of "VIH-1 PCR Qualitatif"	\N	1.9.5
4	paulsc	OE3.3/HaitiLNSPData.xml	2013-05-28 20:25:57.665105+00	674113c75f3844df26298ad3d34dfaef	Update Data	Deactivate the malaria panel	\N	1.9.5
10	paulsc	OE3.3/MetaData.xml	2013-05-30 23:32:40.476588+00	ee4ba0e019e911b898c25eb7eb24ebc	Insert Row	Add non-conformity site_information_domain	\N	1.9.5
11	paulsc	OE3.3/MetaData.xml	2013-05-30 23:32:40.49566+00	c54228f9ed2c2cb9823918993ab8ef68	Insert Row (x2)	Add reception and sample collection as non-conformity sections	\N	1.9.5
12	paulsc	OE3.3/MetaData.xml	2013-06-06 19:07:29.451092+00	209ef8fc99754f7fea63a66478d42620	Insert Row	Making the display of referred out tests optional on patient reports	\N	1.9.5
13	paulsc	OE3.3/MetaData.xml	2013-06-14 17:00:18.132087+00	82984976834c24f13078ac9c130feab	Update Data	Correct spelling of CIRBA	\N	1.9.5
14	paulsc	OE3.3/MetaData.xml	2013-06-17 18:45:02.778393+00	2f8b4831dd583e5eb1ca6c3dfbac76e7	Insert Row	Adds site information of accession number prefix	\N	1.9.5
15	paulsc	OE3.3/MetaData.xml	2013-06-17 18:45:02.792374+00	f486252441de835dfe32f14982d6893	Custom SQL	copies the site id to the accession number prefix	\N	1.9.5
16	paulsc	OE3.3/MetaData.xml	2013-06-17 18:45:02.802713+00	f69c72c4a7ebcbe8866453eff08fd788	Update Data	Migrate all of the AlphaSiteNumYear accession formats to SiteNumYear	\N	1.9.5
2	paulsc	OE3.3/HaitiClinicalData.xml	2013-06-18 00:40:38.186278+00	7f98f1489d8294af5522df79219fa13	Update Data	change panel name to match what is in test catalog	\N	1.9.5
1	paulsc	OE3.4/MetaData.xml	2013-08-05 18:35:25.126776+00	204f1faf43c3371ffe86381bfc735b	Update Data, Insert Row (x4)	Deactivates existing payment options and adds new ones	\N	1.9.5
2	paulsc	OE3.4/MetaData.xml	2013-08-07 16:27:03.020122+00	1aea3d36b117b5476b89e2b741560e8	Insert Row	Add notes section to site configuration	\N	1.9.5
3	paulsc	OE3.4/MetaData.xml	2013-08-07 16:27:03.056788+00	7efaa212f75663c85c142bb9dde31a	Update Data	Sets all note types to external	\N	1.9.5
4	paulsc	OE3.4/MetaData.xml	2013-08-29 19:35:44.847815+00	b7f15c32bae7b9aba9cd87fd4f9cc1	Insert Row	Adds configurable phone format	\N	1.9.5
5	paulsc	OE3.4/MetaData.xml	2013-08-29 19:35:44.860124+00	5f99defae6cb573a6883d861babfb2b	Insert Row	Adds configurable phone format validation	\N	1.9.5
1	paulsc	OE3.4/CrosscuttingData.xml	2013-08-29 19:35:44.869124+00	a8d7218433a8205869959fccda6ab0f7	Update Data	Changing the default phone format to	\N	1.9.5
1	paulsc	OE3.4/Schema.xml	2013-09-19 21:31:35.937309+00	99c8e01a1efa8ecdb371603af707080	Create Sequence, Create Table, Add Foreign Key Constraint (x3), Custom SQL	Creates a new table to map tests to dictionary values with arbitrary context	\N	1.9.5
2	paulsc	OE3.4/Schema.xml	2013-09-19 21:31:35.967312+00	e16eb5dd1aeb46f36af341b1343d256	Add Column, Custom SQL	Adds a column to the sample_item table which indicates the sample type name.  Used to support arbitrary types	\N	1.9.5
3	paulsc	OE3.4/Schema.xml	2013-09-19 21:31:35.989475+00	30fc3d13c067877e891128abcff2c450	Modify Column	Lengths the uom name column	\N	1.9.5
6	paulsc	OE3.4/MetaData.xml	2013-09-19 21:31:36.001701+00	a074848179bfb8779c374c4a6eb4ff	Insert Row	Adds a sample type of variable	\N	1.9.5
7	paulsc	OE3.4/MetaData.xml	2013-09-19 21:31:36.014494+00	5f39fa4526fa12fa2cc148e8050fb90	Update Data (x2)	Adds accents	\N	1.9.5
8	paulsc	OE3.4/MetaData.xml	2013-09-19 21:31:36.02501+00	a8e441db4aa8198aa1fc4ff3b3dcff	Update Data (x2)	Remove trailing spaces in system_role name	\N	1.9.5
5	paulsc	OE3.4/Schema.xml	2013-10-29 21:01:06.96631+00	597491c227dbd478e65b373aae3ba3	Custom SQL	Widen dictionary abbrev column	\N	1.9.5
6	paulsc	OE3.4/Schema.xml	2013-10-29 21:01:07.213043+00	edfd7962244f5385413b5b941c22cf1	Drop Primary Key, Add Primary Key	Remove requester_id as a primary key memberWiden dictionary abbrev column	\N	1.9.5
7	paulsc	OE3.4/Schema.xml	2013-12-02 21:58:04.251906+00	b2cb8b6523f7c6ad7c5648b630f5c5	SQL From File	Adds an id column to sample_requester and makes it the primary key	\N	1.9.5
11	paulsc	OE3.4/MetaData.xml	2013-11-07 18:00:17.514686+00	66281cb1e484745df847a78d58876262	Insert Row	Adding "Test Result" as a general dictionary category	\N	1.9.5
12	paulsc	OE3.4/MetaData.xml	2013-11-07 18:00:17.591068+00	fc7de12eb5366d18b3b16310f5159817	Update Data	Update layout of VIH 1 and 2 dictionary value	\N	1.9.5
4	paulsc	OE3.4/Schema.xml	2013-10-10 23:52:47.8142+00	86d2bf44c6c29d80f625d12a4fc87131	Custom SQL	Widen patient columns	\N	1.9.5
9	paulsc	OE3.4/MetaData.xml	2013-10-10 23:52:47.84531+00	1d071dd4f5ab376f773fa2a5a4cd29	Insert Row	Adds patient entry as configuration domain	\N	1.9.5
10	paulsc	OE3.4/MetaData.xml	2013-10-10 23:52:47.869519+00	2946d7f261aeb47a681ef3b1e79c3ae1	Insert Row	Adds allowing duplicate subject numbers as configurable item	\N	1.9.5
1	paulsc	OE3.4/testCatalogCI_LNSP/TestCatalogUpdate.xml	2013-11-07 18:00:17.609418+00	fc991294e3d580d0309df465c7abb6f	SQL From File	Adds needed dictionary values	\N	1.9.5
2	paulsc	OE3.4/testCatalogCI_LNSP/TestCatalogUpdate.xml	2013-11-07 18:00:17.767445+00	591fddc56910de1bdba756f16fbc1f89	SQL From File	Update existing tests	\N	1.9.5
3	paulsc	OE3.4/testCatalogCI_LNSP/TestCatalogUpdate.xml	2013-11-07 18:00:17.955157+00	d1558e2bf7adac56db94a8b0fea6687e	SQL From File	Insert new tests	\N	1.9.5
8	paulsc	OE3.4/Schema.xml	2013-12-19 18:03:04.719141+00	6c9f37334fc775fc1785c3ae948cc3	Add Column, Custom SQL	Add a significant digit column to result	\N	1.9.5
4	paulsc	OE3.4/testCatalogCI_LNSP/TestCatalogUpdate.xml	2013-12-19 18:03:04.830979+00	8f102f613c477a429a286e1aeaca061	Update Data, SQL From File	Add significant digits to test_result	\N	1.9.5
1	paulsc	OE3.4/PostCatalogUpdate.xml	2013-12-19 18:03:04.851823+00	e83bcaf0682533941b1a195a2191ff	Custom SQL	Update the significant digit column in result table	\N	1.9.5
9	paulsc	OE3.4/Schema.xml	2014-02-25 00:00:20.400706+00	7513e8edf12bc11de2c0293df2c8afcf	Add Column, Custom SQL	Add is quantifiable column to test_result	\N	1.9.5
85	paulsc	./changeLogs.xml	2014-06-27 00:28:46.7684+00	d1a9f6876a6832bfd7616e5263cc48e9	Custom SQL	copies the description to the name column	\N	1.9.5
10	paulsc	OE3.4/Schema.xml	2014-02-25 00:00:20.426076+00	70c17da2542dc518c868b3db55ab8f6	Update Data (x2)	backfill test_result table and result table for the change to a boolean for is_quantifiable	\N	1.9.5
13	paulsc	OE3.4/MetaData.xml	2014-03-17 23:54:45.269222+00	b181af64f53bef4e311d4d455415fe2	Custom SQL	Change result notes to analysis notes.update from results to analysis.remove orphaned notes.remove duplicates from multiselects	\N	1.9.5
11	paulsc	OE3.4/Schema.xml	2014-03-26 19:26:54.668141+00	5316e2942f847fde4b4a806cb5eae188	Custom SQL	Widen type_of_test_result description column	\N	1.9.5
12	paulsc	OE3.4/Schema.xml	2014-03-26 19:26:54.818973+00	e69ac4222098ab3aecf79840354cb7ca	Add Column, Custom SQL	Adds a grouping column to result table	\N	1.9.5
14	paulsc	OE3.4/MetaData.xml	2014-03-26 19:26:54.858757+00	6161287673112953133253b5715126	Insert Row	Add cascading multiselect to result type	\N	1.9.5
15	paulsc	OE3.4/MetaData.xml	2014-03-26 19:26:54.876969+00	f39a45586385a08ee015e0fb1c4766db	Insert Row	Add flag to send technical rejected analysis to validation	\N	1.9.5
16	paulsc	OE3.4/MetaData.xml	2014-03-27 21:58:40.958509+00	deea62a66994364907d237ad126dd2b	Update Data	Sets validationOnlyNotesAreExternal to true	\N	1.9.5
13	paulsc	OE3.4/Schema.xml	2014-04-17 23:35:35.756553+00	ba195d744c2df38ee326ab5b5d84394	Add Column, Custom SQL	Adds a new column to analysis table to track updates	\N	1.9.5
14	paulsc	OE3.4/Schema.xml	2014-04-29 18:28:39.271107+00	65d8b93f21345691cb6c3a515123ac4	Drop Foreign Key Constraint, Add Foreign Key Constraint	the foreign key from the analyzer.parent_result_id to result_id is now a nulling delete	\N	1.9.5
17	paulsc	OE3.4/MetaData.xml	2014-04-29 21:42:42.604643+00	5289927022377fd6b5806cc2bd2f2554	Delete Data	drops  Patient report with no alerts from site_information table	\N	1.9.5
1	jfurlong	OE3.4/MetaData.xml	2014-05-02 03:40:44.194335+00	fe525374fa277561313f99c6faf057	Insert Row	Adding "Rejection reasons" as a general dictionary category	\N	1.9.5
2	jfurlong	OE3.4/MetaData.xml	2014-05-02 03:40:44.282432+00	98d999a6abc496861caa0dc6da5cb7f	Insert Row (x18)	Adding reasons for rejection list	\N	1.9.5
3	jfurlong	OE3.4/MetaData.xml	2014-05-02 03:40:44.301686+00	573b2b2541a4cdbc524785d1b9be91ba	Insert Row	Add reject reasons to the result page	\N	1.9.5
3	marks	menus.xml	2014-05-19 23:50:46.151879+00	bc78d7bf75dd4eb085d7d9fd942182a	Delete Data, Insert Row (x37)	Adds the menu items for Haiti and Cote d'Ivoire LNSP	\N	1.9.5
3	paulsc	OE3.2/Schema.xml	2014-05-27 22:49:47.05789+00	5385c052e227f6d4c6d17fa9aa59c82b	Modify Column	Expand the sample referring_id column so it is the same width as the provider external_id column	\N	1.9.5
1	paulsc	OE4.2/Schema.xml	2014-06-12 23:01:00.573605+00	d4ef98bb9381fe4b2649e3552a2a728	Custom SQL	Widen qa_observation value column	\N	1.9.5
1	paulsc	OE4.2/MetaData.xml	2014-06-12 23:01:00.631121+00	c1612cf7fd2f8c8eee551e3dfa7253	SQL From File	Change test section values from strings to keys to support localization	\N	1.9.5
2	paulsc	OE4.2/MetaData.xml	2014-06-12 23:01:00.670726+00	74887bc4d549f9f9f3433010f58a62b3	Custom SQL	remove spaces from test_section keys	\N	1.9.5
4	paulsc	SystemProperties.xml	2014-06-27 00:28:46.741179+00	4a79518b39ec4588de80315c3819446	Update Data	assigns siteIdenity to whatever site_information is not covered by other domains	\N	1.9.5
\.


--
-- Data for Name: databasechangeloglock; Type: TABLE DATA; Schema: clinlims; Owner: clinlims
--

COPY databasechangeloglock (id, locked, lockgranted, lockedby) FROM stdin;
1	f	\N	\N
\.


--
-- Data for Name: dictionary; Type: TABLE DATA; Schema: clinlims; Owner: clinlims
--

COPY dictionary (id, is_active, dict_entry, lastupdated, local_abbrev, dictionary_category_id, display_key) FROM stdin;
37	Y	FINAL INTERPRETATION: These results most closely indicate the presence of HIV-2 antibodies. Confirmation testing for HIV-2 will be performed at the Centers for Disease Control and Prevention on this current specimen. Please submit another specimen one month following the collection of the first specimen for repeat testing. 	2007-05-07 14:27:13	H25	3	\N
86	Y	NEGATIVE (NOT LYSED)	2006-09-20 16:30:44	\N	3	\N
87	Y	POSITIVE (LYSED)	2006-09-20 16:31:19	\N	3	\N
88	Y	No Spores Present	2007-10-09 13:29:52.416	\N	3	\N
102	Y	acid fast bacilli	2006-10-16 15:03:56.035	\N	3	\N
103	Y	PRESENT	2006-10-02 13:57:39	\N	3	\N
105	Y	Mycobacterium not suggestive of M tuberculosis	2006-10-02 14:04:44	\N	3	\N
106	Y	Mycobacterium fortuitum	2006-10-02 14:04:56	\N	3	\N
107	Y	Mycobacterium kansasii	2006-10-02 14:05:18	\N	3	\N
108	Y	Mycobacterium species	2006-10-02 14:05:35	\N	3	\N
111	Y	1+ (rare)	2006-10-10 10:47:41	\N	3	\N
112	Y	2+ (few)	2006-10-10 10:47:43	\N	3	\N
113	Y	3+ (moderate)	2006-10-10 10:47:44	\N	3	\N
114	Y	4+ (numerous)	2006-10-10 10:47:46	\N	3	\N
119	Y	PENDING	2006-10-03 09:25:55	\N	3	\N
90	Y	DETECTED	2006-09-20 16:31:57	\N	3	\N
38	Y	FINAL INTERPRETATION: These results most closely indicate the presence of HIV antibodies (without differentiation). Please submit another specimen one month following the first specimen for repeat testing. This subsequent specimen may allow for HIV antibody confirmation and differentiation. 	2007-05-07 14:27:13	H26	3	\N
92	Y	Presumptive for Bacillus Anthracis	2007-10-09 13:33:16.867	\N	3	\N
93	Y	Bacillus anthracis	2006-10-11 14:24:46	\N	3	\N
99	N	FLUORESCENCE NOT DETECTED	2007-12-10 08:48:42.818	\N	3	\N
100	Y	NOT TESTED	2006-09-20 16:34:09	\N	3	\N
101	Y	WARNING: PCR results are FOR RESEARCH USE ONLY and should not be used for diagnosis of disease. Patient management decisions must be based on appropriate findings by a physician and the clinical condition of the patient.	2006-10-16 15:04:01.132	\N	3	\N
109	Y	Mycobacterium tuberculosis complex	2006-10-02 14:05:58	\N	3	\N
110	Y	Mycobacterium gordonae	2006-10-02 14:06:11	\N	3	\N
116	Y	RESISTANT	2006-10-03 09:25:25	\N	3	\N
117	Y	UNINTERPRETABLE	2006-10-03 09:25:45	\N	3	\N
124	Y	Most Closely Resembles	2007-10-10 12:44:36.813	\N	3	\N
125	Y	PRESUMPTIVE	2006-10-10 09:21:47	\N	3	\N
143	Y	-	2006-11-01 10:59:32.624	\N	3	\N
56	Y	Neisseria gonorrhoeae not found 	2007-05-15 14:10:32.538	\N	3	\N
57	Y	IMPORTANT: You are legally required to return a case report form. See enclosures.	2007-05-15 14:12:02.896	\N	3	\N
122	Y	acid fast bacilli present	2006-10-10 09:08:55	\N	3	\N
123	Y	acid fast bacilli not found	2006-10-10 09:09:07	\N	3	\N
141	Y	+/-	2006-11-01 10:16:32.717	\N	3	\N
149	Y	REDUCED SUSCEPTIBILITY	2007-10-09 13:33:42.967	\N	3	\N
65	Y	INTERMEDIATE	2007-05-18 13:35:55.083	\N	3	\N
51	Y	REPEATEDLY REACTIVE	2007-05-11 15:35:34.997	\N	3	\N
53	Y	Neisseria gonorrhoeae present	2007-05-15 14:08:07.576	\N	3	\N
150	Y	Weakly Reactive	2007-10-09 13:36:48.001	\N	3	\N
169	Y	No interpretation	2007-06-15 15:56:56.402	NI	3	\N
209	Y	<2	2007-06-20 09:59:13.276	<2	3	\N
210	Y	4	2007-06-20 09:59:23.908	4	3	\N
211	Y	8	2007-06-20 09:59:33.83	8	3	\N
212	Y	>16	2007-06-20 09:59:48.261	>16	3	\N
249	Y	No growth present	2007-10-08 09:55:01.109	\N	3	\N
250	Y	Motile	2007-10-08 09:55:32.44	\N	3	\N
251	Y	Motility test inconclusive	2007-10-08 09:55:53.953	\N	3	\N
265	Y	Fluorescence detected	2007-12-27 03:07:17.178	\N	3	\N
266	Y	Bacillus anthracis DNA detected	2007-10-08 10:05:39.554	\N	3	\N
267	Y	Inconclusive for Bacillus anthracis DNA	2007-10-08 10:06:07.064	\N	3	\N
268	Y	No Bacillus anthracis DNA detected	2007-10-08 10:06:30.659	\N	3	\N
269	Y	Enrichment	2007-10-08 10:07:02.446	\N	3	\N
270	Y	Recovered isolate	2007-10-08 10:07:36.743	\N	3	\N
271	Y	Sample wash or extract	2007-10-08 10:09:14.495	\N	3	\N
272	Y	Light cycler	2007-10-08 10:09:31.913	\N	3	\N
274	Y	I cycler	2007-10-08 10:09:52.084	\N	3	\N
275	Y	Cell lysates	2007-10-08 10:12:28.743	\N	3	\N
276	Y	MasterPure complete RNA and DNA purification	2007-10-08 10:19:21.954	\N	3	\N
277	Y	Spore prep	2007-10-08 10:19:44.624	\N	3	\N
278	Y	Roche Fast Start DNA Master Hyridization Probe Kit	2007-10-08 10:25:54.483	\N	3	\N
306	Y	Variable: Bacilli in no discernable pattern	2007-10-08 07:56:05.985	\N	3	\N
307	Y	Variable: Bacilli in clusters	2007-10-08 07:56:21.999	\N	3	\N
309	Y	Variable: Cocci in chains	2007-10-08 07:57:53.608	\N	3	\N
310	Y	Variable: Cocci in no discernable pattern	2007-10-08 07:58:14.118	\N	3	\N
311	Y	Variable: Cocci in clusters	2007-10-08 07:58:29.634	\N	3	\N
312	Y	Variable: Cocci in pairs	2007-10-08 07:59:02.003	\N	3	\N
313	Y	Variable: Coccobacilli in chains	2007-10-08 07:59:25.137	\N	3	\N
334	Y	Internal	2007-10-25 10:58:02	\N	36	\N
335	Y	Warning	2007-10-25 10:58:06	\N	36	\N
16	Y	Unsat interpretation 	2007-04-24 14:16:26.355	\N	3	\N
17	Y	UNINTERPRETABLE = Bands on Western Blot suggest possible HIV vaccine recipient.	2007-05-07 14:23:44	H4	3	\N
18	Y	POSITIVE = Specific cytoplasmic staining present. Patient is positive for anti-HIV-1 antibody.	2007-05-07 14:23:44	H5	3	\N
19	Y	NEGATIVE = No specific fluorescent staining present. Patient is negative for HIV-1 antibody.	2007-05-07 14:23:44	H6	3	\N
20	Y	INDETERMINATE = Non-specific staining present. Please submit another specimen.	2007-05-07 14:23:44	H7	3	\N
21	Y	NONREACTIVE = No anti-HIV-1 antibody detected.	2007-05-07 14:23:44	H0	3	\N
22	Y	POSITIVE = Any two of the following bands present: p24, gp41, and gp120/160. Other viral bands may be present. Indicates patient is positive for anti-HIV-1 antibody.	2007-05-07 14:23:44	H1	3	\N
23	Y	NEGATIVE = No bands present indicating absence of anti-HIV-1 antibody. Please submit another OraSure (or serum) sample one month following the first sample for repeat testing.	2007-05-07 14:23:44	H2	3	\N
24	Y	INDETERMINATE = Band pattern does not meet criteria for positive. Repeatedly similar indeterminate patterns indicate bands not specific for HIV. Please submit another OraSure (or serum) sample on month following the first sample for repeat testing.	2007-05-07 14:23:44	H3	3	\N
273	N	ABI 7000	2009-07-31 10:03:29.609	\N	3	\N
520	Y	Pateuse	2009-12-04 13:21:26.574	PATEUSE	38	\N
600	Y	GP160	2010-01-12 13:51:53.513	GP160	38	\N
601	Y	P66	2010-01-12 13:52:41.926	P66	38	\N
640	Y	P55	2010-01-12 13:52:58.472	P55	38	\N
641	Y	P51	2010-01-12 13:53:16.312	P51	38	\N
1	Y	INFLUENZA VIRUS A RNA DETECTED	2007-10-11 08:46:19.447	\N	3	\N
2	Y	INFLUENZA VIRUS A/H1 RNA DETECTED	2007-10-11 08:46:31.254	\N	3	\N
3	Y	INFLUENZA VIRUS A/H5 RNA DETECTED	2007-10-11 08:46:52.81	\N	3	\N
4	Y	INFLUENZA VIRUS A/H3 RNA DETECTED	2007-10-11 08:46:42.949	\N	3	\N
25	Y	One or more bands are present but the blot does not meet the criteria for a positive HIV-1 Western Blot result. NOTE: The HIV-1 Western Blot confirms the presence of antibodies to HIV. This test does not always distinguish between the antibodies to HIV-1 and HIV-2 due to cross reactivity between the antibodies. If you suspect HIV-2, please contact the MDH Epidemiology at 877-676-5414 or 651-201-5414.	2007-05-07 14:23:44	H13	3	\N
26	Y	No bands present on the HIV-1 Western Blot. NOTE:The HIV-1 Western Blot confirms the presence of antibodies to HIV. This test does not always distinguish between the antibodies to HIV-1 and HIV-2 due to cross reactivity between the antibodies. If you suspect HIV-2, please contact the MDH Epidemiology at 877-676-5414 or 651-201-5414.	2007-05-07 14:23:44	H14	3	\N
27	Y	The HIV-1 Western Blot confirms the presence of antibodies to HIV. This test does not always distinguish between the antibodies to HIV-1 and HIV-2 due to cross reactivity between the antibodies. If you suspect HIV-2, please contact the MDH Epidemiology at 877-676-5414 or 651-201-5414.	2007-05-07 14:23:44	H12	3	\N
28	Y	PRELIMINARY POSITIVE screen for HIV-1 antibodies and PRELIMINARY NEGATIVE screen for HIV-2 antibodies	2007-05-07 14:23:44	H8	3	\N
29	Y	PRELIMINARY NEGATIVE screen for HIV-1 antibodies and PRELIMINARY POSITIVE screen for HIV-2 antibodies	2007-05-07 14:23:44	H9	3	\N
30	Y	PRELIMINARY POSITIVE screen for antibodies to HIV-1 and HIV-2, undifferentiated	2007-05-07 14:23:44	H10	3	\N
31	Y	PRELIMINARY NEGATIVE screen for HIV-1 and HIV-2 antibodies	2007-05-07 14:23:44	H11	3	\N
32	Y	No anti-HIV-1/HIV-2 Plus O antibodies detected.	2007-05-07 14:23:44	H30	3	\N
336	Y	Override result	2007-10-25 10:58:11	\N	36	\N
338	Y	No comments.	2007-11-14 17:03:46.77	\N	3	\N
252	Y	Non-motile	2007-10-08 09:56:08.255	\N	3	\N
253	Y	Test not performed	2007-12-27 03:51:18.518	\N	3	\N
254	Y	Not lysed by phage	2007-10-08 09:56:44.403	\N	3	\N
255	Y	Lysed by phage	2007-10-08 09:57:04.542	\N	3	\N
256	Y	Not performed	2007-10-08 09:57:57.952	\N	3	\N
257	Y	Non-encapsulated	2007-10-08 09:58:19.183	\N	3	\N
258	Y	Encapsulated	2007-10-08 09:58:32.744	\N	3	\N
259	Y	Catalase produced	2007-10-08 09:59:18.243	\N	3	\N
260	Y	No spores	2007-10-08 09:59:32.582	\N	3	\N
261	Y	No Bacillus Anthracis cells detected	2007-10-08 10:02:18.847	\N	3	\N
262	Y	Presumptive result for Bacillus anthracis cells	2007-10-08 10:02:53.064	\N	3	\N
263	Y	No Bacillus anthracis spres detected	2007-10-08 10:03:17.726	\N	3	\N
264	Y	Presumptive results for Bacillus anthracis spores	2007-10-08 10:03:49.025	\N	3	\N
279	Y	Negative: Bacilli in chains	2007-10-08 07:45:50.345	\N	3	\N
280	Y	Negative: Bacilli in no discernable pattern	2007-10-08 07:46:58.699	\N	3	\N
281	Y	Negative: Bacilli in clusters	2007-10-08 07:47:16.713	\N	3	\N
282	Y	Negative: Bacilli in pairs	2007-10-08 07:47:35.311	\N	3	\N
283	Y	Negative: Cocci in chains	2007-10-08 08:02:26.586	\N	3	\N
284	Y	Negative: Cocci in no discernable pattern	2007-10-08 07:48:09.441	\N	3	\N
285	Y	Negative: Cocci in clusters	2007-10-08 07:48:28.11	\N	3	\N
286	Y	Negative: Cocci in pairs	2007-10-08 07:48:43.603	\N	3	\N
287	Y	Negative: Coccobacilli in chains	2007-10-08 07:49:05.522	\N	3	\N
288	Y	Negative: Coccobacilli in no discernable pattern	2007-10-08 07:49:46.483	\N	3	\N
289	Y	Negative: Coccobacilli in clusters	2007-10-08 07:50:05.555	\N	3	\N
290	Y	Negative: Coccobacilli in pairs	2007-10-08 07:50:28.128	\N	3	\N
291	Y	Negative: Other	2007-10-08 07:50:46.049	\N	3	\N
292	Y	Positive: Bacilli in chains	2007-10-08 07:51:33.771	\N	3	\N
293	Y	Positive: Bacilli in no discernable pattern	2007-10-19 14:22:55.748	+B	3	\N
294	Y	Positive: Bacilli in clusters	2007-10-08 07:52:14.538	\N	3	\N
295	Y	Positive: Bacilli in pairs	2007-10-08 07:52:28.789	\N	3	\N
296	Y	Positive: Cocci in chains	2007-10-08 07:52:46.549	\N	3	\N
297	Y	Positive: Cocci in no discernable pattern	2007-10-08 07:53:04.245	\N	3	\N
298	Y	Positive: Cocci in clusters	2007-10-08 07:53:21.216	\N	3	\N
299	Y	Positive: Cocci in pairs	2007-10-08 07:53:41.896	\N	3	\N
300	Y	Positive: Coccobacilli in chains	2007-10-08 07:53:59.557	\N	3	\N
301	Y	Positive: Coccobacilli in no discernable pattern	2007-10-08 07:54:17.456	\N	3	\N
302	Y	Positive: Coccobacilli in clusters	2007-10-08 07:54:42.972	\N	3	\N
303	Y	Positive:  Coccobacilli in pairs	2007-10-08 07:55:06.109	\N	3	\N
304	Y	Positive: Other	2007-10-19 14:20:46.6	+O	3	\N
305	Y	Variable: Bacilli in chains	2007-10-08 07:55:41.877	\N	3	\N
314	Y	Variable: Coccobacilli in no discernable pattern	2007-10-08 07:59:43.354	\N	3	\N
315	Y	Variable: Coccobacilli in clusters	2007-10-08 08:00:03.637	\N	3	\N
316	Y	Variable: Coccobacilli in pairs	2007-10-08 08:00:25.013	\N	3	\N
317	Y	Variable: Other	2007-10-08 08:00:42.907	\N	3	\N
318	Y	Positive: Coccobacilli in pairs	2007-10-08 08:03:43.41	\N	3	\N
319	Y	Roche Fast Start DNA Master Hybridization Probe Kit	2007-10-09 08:36:41.538	\N	3	\N
320	Y	Unsatisfactory	2007-10-09 08:43:16.297	UNS	3	\N
321	Y	Fluorescence detected +1	2007-10-09 08:59:17.731	\N	3	\N
322	Y	Fluorescence detected +2	2007-10-09 08:59:36.507	\N	3	\N
323	Y	Fluorescence detected +3	2007-10-09 08:59:46.012	\N	3	\N
324	Y	Fluorescence detected +4	2007-10-09 08:59:54.726	\N	3	\N
325	Y	No fluorescence detected	2007-10-09 09:00:19.689	\N	3	\N
326	Y	Influenza Virus A RNA Not Detected	2007-10-09 13:43:45.111	\N	3	\N
327	Y	Influenza Virus RNA Detected	2007-10-09 13:48:00.927	\N	3	\N
330	Y	Influenza Virus A/H3 RNA Detected	2007-10-11 08:47:57.952	\N	35	\N
329	Y	Influenza Virus A/H1 RNA Detected	2007-10-11 08:47:33.595	\N	35	\N
331	Y	Influenza Virus A/H5 RNA Detected	2007-10-11 08:50:08.869	\N	35	\N
332	Y	Influenza Virus A RNA Detected	2007-10-11 08:50:34.933	\N	35	\N
333	Y	Influenza Virus A/Untypeable	2007-10-11 08:51:02.16	\N	3	\N
357	Y	Suspect Colonies Present	2007-12-10 08:52:40.007	AAA	3	\N
361	Y	No Suspect Colonies Present	2007-12-11 04:45:11.6	\N	3	\N
362	Y	Gamma Hemolytic Not Detected	2007-12-11 04:46:25.383	\N	3	\N
363	Y	Alpha Hemolytic	2007-12-11 04:46:41.619	\N	3	\N
364	Y	Alpha Hemolytic Not Detected	2007-12-11 04:47:08.684	\N	3	\N
365	Y	Beta Hemolytic	2007-12-11 04:47:17.573	\N	3	\N
366	Y	Beta Hemolytic Not Detected	2007-12-11 04:47:35.056	\N	3	\N
367	Y	Choose Equipment	2007-12-11 05:34:07.166	\N	3	\N
380	Y	Results usually indicate syphilis. A follow-up specimen is recommended to confirm this result unless another specimen has already been submitted within the past 3 months.	2007-12-17 07:36:12.899	RR1	34	\N
381	Y	Results usually indicate syphilis.	2007-12-17 07:36:43.609	RR2	34	\N
382	Y	Nonreactive FTA-ABS test result does not confirm syphilis.	2007-12-17 07:37:16.386	RN	34	\N
383	Y	Results indicate previous syphilis (treated or untreated) or late syphilis. A follow-up specimen is recommended to confirm this result unless another specimen has already been submitted.	2007-12-17 07:38:33.035	NR1	34	\N
14	Y	Giardia lamblia trophozoites	2007-04-02 15:15:41.835	\N	3	\N
15	Y	Entamoeba histolytica cysts	2007-04-02 15:16:08.952	\N	3	\N
229	Y	Viral Agent Not Isolated	2007-10-09 13:25:15.857	VANI	34	\N
384	Y	Results indicate previous syphilis (treated or untreated) or late syphilis.	2007-12-17 07:39:11.179	NR2	34	\N
397	Y	1+	2007-12-27 02:36:49.169	\N	3	\N
406	Y	Dilution 1:10	2007-12-27 03:06:21.748	\N	3	\N
407	Y	Dilution 1:100	2007-12-27 03:06:32.554	\N	3	\N
408	Y	Dilution 1:1000	2007-12-27 03:06:48.844	\N	3	\N
409	Y	No Bacillus anthracis cells detected by TRF	2007-12-27 03:08:09.884	\N	3	\N
410	Y	Presumptive result for Bacillus anthracis cells by TRF	2007-12-27 03:08:48.806	\N	3	\N
411	Y	No Bacillus anthracis sprores detected by TRF	2007-12-27 03:10:11.36	\N	3	\N
412	Y	Presumptive results for Bacillus anthracis spores by TRF	2007-12-27 03:10:54.525	\N	3	\N
413	Y	Susceptible	2007-12-27 03:42:09.733	\N	3	\N
414	Y	Nonsusceptible - Contact CDC for confirmation of resistance	2007-12-27 03:45:53.502	\N	3	\N
415	Y	No Pass	2007-12-27 03:46:15.051	\N	3	\N
416	Y	Pass	2007-12-27 03:46:24.654	\N	3	\N
6	Y	PRELIMINARY POSITIVE	2007-02-13 14:47:16.565	\N	3	\N
7	Y	PRELIMINARY NEGATIVE	2007-02-13 14:47:27.368	\N	3	\N
8	N	gram + rod	2007-12-11 05:24:10.354	\N	3	\N
9	N	gram - rod	2007-12-11 05:24:18.07	\N	3	\N
10	Y	Bacillus species (not anthracis)	2007-02-14 14:42:03.911	\N	3	\N
12	Y	Brucella species	2007-03-30 15:22:28.09	\N	3	\N
385	Y	FTA-ABS test result equivocal. A follow-up specimen is recommended in 2-3 weeks to check for a possible early infection.	2007-12-17 07:40:11.015	BOR1	34	\N
386	Y	FTA-ABS test result equivocal.	2007-12-17 07:40:31.918	BOR2	34	\N
387	Y	Antibody detected may be maternal. Other criteria must be used to rule out congenital syphilis.	2007-12-18 05:29:09.034	INF	34	\N
388	Y	Staining is atypical. Results are uninterpretable. Please submit another specimen.	2007-12-17 07:41:59.546	ATYP	34	\N
398	Y	1/2+	2007-12-27 02:37:25.718	\N	3	\N
399	Y	2+	2007-12-27 02:37:34.275	\N	3	\N
400	Y	2/3+	2007-12-27 02:37:44.413	\N	3	\N
401	Y	3+	2007-12-27 02:37:52.447	\N	3	\N
402	Y	3/4+	2007-12-27 02:38:00.824	\N	3	\N
403	Y	4+	2007-12-27 02:38:09.595	\N	3	\N
404	Y	FTA Reactive	2007-12-27 02:39:48.232	F	34	\N
405	Y	Fluorescence	2007-12-27 02:40:02.324	R	34	\N
417	Y	< 0.002 ug/ml	2007-12-27 07:31:23.462	\N	3	\N
418	Y	= 0.002 ug/ml	2007-12-27 07:31:40.039	\N	3	\N
419	Y	=0.003 ug/ml	2007-12-27 07:31:59.163	\N	3	\N
420	Y	=0.004 ug/ml	2007-12-27 07:32:12.161	\N	3	\N
421	Y	=0.006 ug/ml	2007-12-27 07:32:25.987	\N	3	\N
422	Y	=0.008 ug/ml	2007-12-27 07:32:40.565	\N	3	\N
423	Y	=0.012 ug/ml	2007-12-27 07:32:54.853	\N	3	\N
424	Y	=0.016 ug/ml	2007-12-27 07:33:07.974	\N	3	\N
425	Y	=0.023 ug/ml	2007-12-27 07:33:19.043	\N	3	\N
426	Y	=0.032 ug/ml	2007-12-27 07:33:33.124	\N	3	\N
427	Y	=0.047 ug/ml	2007-12-27 07:33:45.267	\N	3	\N
428	Y	=0.064 ug/ml	2007-12-27 07:33:58.572	\N	3	\N
429	Y	=0.094 ug/ml	2007-12-27 07:34:11.959	\N	3	\N
430	Y	=0.125 ug/ml	2007-12-27 07:34:28.266	\N	3	\N
431	Y	=0.19 ug/ml	2007-12-27 07:34:45.808	\N	3	\N
432	Y	=0.25 ug/ml	2007-12-27 07:34:56.729	\N	3	\N
433	Y	=0.38 ug/ml	2007-12-27 07:35:09.267	\N	3	\N
434	Y	=0.5 ug/ml	2007-12-27 07:35:21.777	\N	3	\N
435	Y	=0.75 ug/ml	2007-12-27 07:35:33.775	\N	3	\N
436	Y	=1.0 ug/ml	2007-12-27 07:35:45.211	\N	3	\N
437	Y	=1.5 ug/ml	2007-12-27 07:35:56.407	\N	3	\N
438	N	=2.3 ug/ml	2007-12-27 08:29:59.506	\N	3	\N
439	N	=4.6 ug/ml	2007-12-27 08:33:16.223	\N	3	\N
440	Y	=8 ug/ml	2007-12-27 07:36:35.588	\N	3	\N
441	Y	=12 ug/ml	2007-12-27 07:36:46.709	\N	3	\N
442	Y	=16 ug/ml	2007-12-27 07:36:55.681	\N	3	\N
443	Y	=24 ug/ml	2007-12-27 07:37:23.01	\N	3	\N
444	Y	=32 ug/ml	2007-12-27 07:37:38.262	\N	3	\N
445	Y	> 32 ug/ml	2007-12-27 07:37:55.913	\N	3	\N
446	Y	< 0.016 ug/ml	2007-12-27 07:38:44.343	\N	3	\N
447	Y	=48 ug/ml	2007-12-27 07:39:15.52	\N	3	\N
448	Y	=64 ug/ml	2007-12-27 07:39:25.217	\N	3	\N
449	Y	=96 ug/ml	2007-12-27 07:39:36.704	\N	3	\N
450	Y	=128 ug/ml	2007-12-27 07:39:52.246	\N	3	\N
451	Y	=192 ug/ml	2007-12-27 07:40:02.528	\N	3	\N
452	Y	=256 ug/ml	2007-12-27 07:40:16.527	\N	3	\N
453	Y	> 256 ug/ml	2007-12-27 07:40:25.681	\N	3	\N
454	Y	Tetracycline	2007-12-27 07:42:15.347	\N	3	\N
455	Y	=2.0 ug/ml	2007-12-27 08:30:11.726	\N	3	\N
456	Y	=3.0 ug/ml	2007-12-27 08:30:19.976	\N	3	\N
457	Y	=4.0 ug/ml	2007-12-27 08:33:31.812	\N	3	\N
458	Y	=6.0 ug/ml	2007-12-27 08:33:42.375	\N	3	\N
477	Y	Influenza Virus A/H7 RNA Detected	2008-01-23 08:05:11.335	\N	35	\N
478	Y	Influenza Virus A/H9 RNA Detected	2008-01-23 08:05:36.034	\N	35	\N
45	Y	Influenza Virus A/H1	2007-10-11 08:36:26.062	\N	35	\N
46	Y	Influenza Virus A/H7	2007-10-11 08:36:50.383	\N	35	\N
47	Y	Influenza Virus A/H9	2007-10-11 08:36:58.426	\N	35	\N
337	Y	dummy placeholder	2007-11-14 14:06:05.175	\N	3	\N
49	Y	INDETERMINATE	2006-09-28 09:02:04.359	\N	34	\N
50	Y	UNSATISFACTORY	2006-09-20 16:28:00	\N	35	\N
11	Y	Coded comments need to be added	2007-02-27 11:11:45.697	\N	3	\N
52	Y	NOT DETECTED	2006-10-05 12:29:29.094	\N	3	\N
13	Y	Giardia lamblia cysts	2007-04-02 15:15:17.813	\N	3	\N
54	Y	REACTIVE	2006-10-31 11:40:34.312	\N	34	\N
55	Y	NONREACTIVE	2006-09-07 08:47:17	\N	34	\N
147	Y	POSITIVE = Any two of the following bands present: p24,gp41, and gp 120/160. Other viral bands may be present. Indicates patient is positive for anti-HIV-1 antibody.	2007-02-13 13:49:27.544	\N	34	\N
33	Y	FINAL INTERPRETATION: These results most closely indicate the presence of HIV-1 antibodies.	2007-05-07 14:27:13	H21	3	\N
58	Y	MID = Patient ID ON Specimen and Request Mismatched	2007-10-09 13:23:44.957	\N	34	\N
59	Y	NR = Specimen/Culture Not Received	2007-10-09 13:24:37.161	\N	34	\N
60	Y	GH = Gross Hemolysis of Specimen	2007-10-09 13:22:48.171	\N	34	\N
61	Y	ANO = Please Submit Another Specimen.	2007-10-09 13:22:23.13	\N	34	\N
148	Y	NEGATIVE = No bands are present indicating absence of anti-HIV-1 antibody. Please submit another OraSure (or serum) sample one month following the first sample for repeat testing.	2007-02-13 14:03:58.845	\N	34	\N
67	Y	Influenza Virus A/H5	2007-10-11 08:36:42.02	\N	35	\N
115	Y	SENSITIVE	2006-10-03 09:25:20	\N	3	\N
120	Y	Preliminary	2007-10-09 13:31:55.42	\N	3	\N
121	Y	FINAL	2006-10-03 09:48:58	\N	3	\N
127	Y	Bacillus anthracis not found	2006-10-11 14:25:42	\N	3	\N
128	Y	+	2006-10-23 14:46:29.656	\N	3	\N
358	Y	Variable: Bacilli in pairs	2007-12-11 03:18:22.068	\N	3	\N
44	Y	Influenza Virus A/H3	2007-10-11 08:36:34.112	\N	35	\N
663	Y	Filament Mycelium	2010-06-11 13:00:20.364	MYCELIUM	38	\N
680	Y	Levures bourgeonnante	2010-06-11 13:01:37.136	BOURGEON	38	\N
66	Y	INDETERMINATE = Band pattern does not meet criteria for positive. Repeatedly similar indeterminate patterns indicate bands not specific for HIV. Please submit another OraSure (or serum) sample one month following the first sample for repeat testing.	2007-02-13 13:52:38.554	\N	34	\N
77	Y	No Growth	2007-10-09 13:29:29.012	\N	3	\N
359	Y	Spores Present	2007-12-11 03:49:49.524	\N	3	\N
360	Y	Atypical Suspect Colonies	2007-12-11 04:16:34.021	\N	3	\N
368	Y	ABI 7500	2007-12-11 05:37:39.257	\N	3	\N
34	Y	FINAL INTERPRETATION: These results most closely indicate the presence of HIV-2 antibodies; however, confirmation testing for HIV-2 will be performed at the Centers for Disease Control and Prevention on this current specimen.	2007-05-07 14:27:13	H22	3	\N
80	Y	Gamma Hemolytic	2006-09-20 16:35:46	\N	3	\N
378	Y	BORDERLINE	2007-12-17 07:34:03.607	BOR	3	\N
35	Y	FINAL INTERPRETATION: These results most closely indicate the presence of HIV antibodies (without differentiation). Please submit another specimen one month following the collection of the first specimen for repeat testing. This subsequent specimen may allow for HIV antibody differentiation.	2007-05-07 14:27:13	H23	3	\N
36	Y	FINAL INTERPRETATION: These results most closely indicate the presence of HIV-1 antibodies. Please submit another specimen one month following the first specimen for repeat testing. This subsequent specimen may allow for confirmation of HIV-1 antibodies.	2007-05-07 14:27:13	H24	3	\N
497	Y	A	2009-07-31 10:02:01.984		3	\N
498	Y	AB	2009-07-31 10:04:27.937		34	\N
499	Y	O	2009-07-31 10:04:53.609		35	\N
501	Y	A	\N	\N	\N	\N
502	Y	Trace	2009-07-31 10:33:15.796	TRACE	38	\N
504	Y	AB	2009-07-31 10:33:37.953	AB	38	\N
506	Y	Wucheria Bancrofti	2009-07-31 10:34:20.468	WUCH BANC	38	\N
507	Y	Manzonella Ozardi	2009-07-31 10:34:38.765	MANZ OZ	38	\N
508	Y	Forme trophozoite	2009-07-31 10:34:55.468	F TROPH	38	\N
509	Y	Forme Gametocyte	2009-07-31 10:35:18.484	F GAM	38	\N
510	Y	Forme Shizogonique	2009-07-31 10:35:38.015	F SHIZ	38	\N
511	Y	Intermediare	2009-07-31 10:35:58.671	INTER	38	\N
516	Y	En Amas	2009-07-31 10:37:49.937	AMAS	38	\N
517	Y	Liquide	2009-07-31 10:38:10.468	LIQU	38	\N
518	Y	Diarrheique	2009-07-31 10:38:32	DIAR	38	\N
519	Y	Molle	2009-07-31 10:38:47.187	MOLL	38	\N
521	Y	Moule	2009-07-31 10:39:30.14	MOUL	38	\N
522	Y	Dure	2009-07-31 10:39:46.218	DURE	38	\N
523	Y	Isospora Belli	2009-07-31 10:40:09.546	ISO BELLI	38	\N
524	Y	Cryptosporidium Parvum	2009-07-31 10:40:24.125	CRYP PARV	38	\N
525	Y	Cryptosporidium Cayetanensis	2009-07-31 10:40:42.046	CRYP CAY	38	\N
526	Y	Cyclospora	2009-07-31 10:41:01.093	CYCLOSPORA	38	\N
527	Y	Cryptosporidium canum	2009-07-31 10:41:24.296	CRYP CANUM	38	\N
528	Y	Toxoplasma Gondii	2009-07-31 10:41:39.625	TOX GONDII	38	\N
529	Y	Cryptosporidium andersoni	2009-07-31 10:41:58.812	CRYP ANDE	38	\N
531	Y	Cryptosporidium bailey	2009-07-31 10:42:18.218	CRYP BAIL	38	\N
532	Y	Cryptosporidium canis	2009-07-31 10:42:31.984	CRYP CANIS	38	\N
533	Y	Cryptosporidium felis	2009-07-31 10:42:46.406	CRYP FELIS	38	\N
534	Y	Cryptosporidium galli	2009-07-31 10:43:19.968	CRYP GALLI	38	\N
535	Y	Cryptosporidium hominis	2009-07-31 10:43:38.593	CRYP HOMIN	38	\N
536	Y	Cryptosporidium meleagridis	2009-07-31 10:43:52.828	CRYP MELEA	38	\N
537	Y	Cryptosporidium muris	2009-07-31 10:44:03.921	CRYP MURIS	38	\N
538	Y	Cryptosporidium saurophilum	2009-07-31 10:44:44.187	CRYP SAUR	38	\N
539	Y	Cryptosporidium serpentis	2009-07-31 10:44:57.812	CRYP SERP	38	\N
540	Y	Cryptosporidium wrairi	2009-07-31 10:45:13.5	CRYP WRAIR	38	\N
541	Y	Tres Positive	2009-07-31 10:45:40.156	TRES POS	38	\N
542	Y	Positif	2009-07-31 10:45:59.906	POSITIF	38	\N
543	Y	Faiblement Positif	2009-07-31 10:46:22.171	F POS	38	\N
544	Y	Negatif	2009-07-31 10:46:33.984	NEG	38	\N
545	Y	Normal	2009-07-31 10:47:12.468	NORM	38	\N
546	Y	Anormal	2009-07-31 10:48:06.64	ANORM	38	\N
547	Y	Ascaris Lumbricoides	2009-07-31 10:48:52.656	ASC LUMB	38	\N
548	Y	Enterobius Vermicularis	2009-07-31 10:49:08.578	ENT VERM	38	\N
549	Y	Necator Americanus	2009-07-31 10:49:25.14	NEC AM	38	\N
550	Y	Ancyclostoma Duodenale	2009-07-31 10:49:44.468	ANC DU	38	\N
551	Y	Trichnella Spiralis	2009-07-31 10:50:01.765	TRICH SPIR	38	\N
552	Y	Toxocara Canis	2009-07-31 10:50:21.5	TOX CAN	38	\N
553	Y	Dracunculus Medinensis	2009-07-31 10:50:41.812	DRAC MED	38	\N
554	Y	Entamoeba Histolitica	2009-07-31 10:51:02.718	ENT HIST	38	\N
555	Y	Entamoeba Coli	2009-07-31 10:51:14.984	ENT COLI	38	\N
556	Y	Iodamoeba	2009-07-31 10:51:43.328	IODAMOEBA	38	\N
557	Y	Giardia	2009-07-31 10:51:55	GIARDIA	38	\N
558	Y	Lamblia	2009-07-31 10:52:06.078	LAMBLIA	38	\N
559	Y	Trichomonas Intestinalis	2009-07-31 10:52:32.562	TRICH INT	38	\N
560	Y	Trouble	2009-07-31 10:53:14.656	TROUBLE	38	\N
513	Y	Positif (++)	2009-07-31 10:36:51	++	38	\N
514	Y	Positif (+++)	2009-07-31 10:37:07.5	+++	38	\N
515	Y	Positif (++++)	2009-07-31 10:37:23.781	++++	38	\N
561	Y	Clair	2009-07-31 10:53:32.218	CLAIR	38	\N
562	Y	lipemique	2009-07-31 10:53:44.484	LIPEMIQUE	38	\N
563	Y	icterique	2009-07-31 10:53:55.859	ICTERIQUE	38	\N
564	Y	Autre	2009-07-31 10:54:14.468	AUTRE	38	\N
565	Y	Indetermin	2009-07-31 10:55:02.437	IND	38	\N
566	Y	Jaune Paille	2009-07-31 10:55:31.296	JAU PAI	38	\N
567	Y	Jaune Citrin	2009-07-31 10:55:48.484	JAU CIT	38	\N
568	Y	Jaune Foncee	2009-07-31 10:56:08.375	JAU FONC	38	\N
569	Y	Rouge	2009-07-31 10:56:24.093	ROUG	38	\N
570	Y	Marron	2009-07-31 10:56:38.109	MARR	38	\N
571	Y	Fonce	2009-07-31 10:56:55.39	FONCE	38	\N
572	Y	Granuleux	2009-07-31 10:57:35.468	GRAN	38	\N
573	Y	Cireux	2009-07-31 10:57:52.062	CIREUX	38	\N
505	Y	O+	2009-07-31 10:33:44.359	O	38	\N
377	Y	Ractif	2007-12-17 07:33:39.319	R	3	\N
574	Y	Hyalin	2009-07-31 10:58:03.796	HYALIN	38	\N
512	Y	Positif (+)	2009-07-31 10:36:35.953	+	38	\N
575	Y	Entamoeba Hartmani	\N	ENT HART	38	\N
576	Y	Endolimax Nana	\N	END NANA	38	\N
577	Y	Dientamoeba Fragilis	\N	DIEN FRAG	38	\N
578	Y	Chilomastix Mesnili	\N	CHIL MES	38	\N
579	Y	Balantidium Coli	\N	BAL COLI	38	\N
580	Y	Ankylostome Duodenale	2009-08-05 22:08:36.758	ANK DUO	38	\N
620	Y	GP120	2010-01-12 13:52:20.146	GP120	38	\N
621	Y	P31	2010-01-12 13:53:32.533	P31	38	\N
602	Y	GP41	2010-01-12 13:53:49.129	GP41	38	\N
642	Y	P24	2010-01-12 13:54:05.318	P24	38	\N
622	Y	P17	2010-01-12 13:54:18.086	P17	38	\N
660	Y	Demographic Response Yes (in Yes, No or Unknown)	\N	Yes	57	answer.yes
661	Y	Demographic Response No (Yes, No or Unknown)	\N	No	57	answer.no
662	Y	Demographic Response Unknown (Yes, No or Unknown)	\N	Unknown	57	answer.unknown
665	Y	Leucocytaire	2010-06-11 13:02:26.365	LEUCOCYTA	38	\N
666	Y	Hematique	2010-06-11 13:02:43.815	HEMATIQUE	38	\N
667	Y	Forme Gametocyte +	2010-06-11 13:38:31.725	F GAM +	38	\N
668	Y	Forme Gametocyte ++	2010-06-11 13:38:52.16	F GAM ++	38	\N
669	Y	Forme Gametocyte +++	2010-06-11 13:39:07.458	F GAM +++	38	\N
670	Y	Forme Trophozoite +	2010-06-11 13:39:28.926	FT +	38	\N
671	Y	Forme Trophozoite ++	2010-06-11 13:39:45.658	FT ++	38	\N
672	Y	Forme Trophozoite +++	2010-06-11 13:40:00.668	FT +++	38	\N
673	Y	Forme Schizogonique +	2010-06-11 13:40:33.045	F SCH +	38	\N
674	Y	Forme Schizogonique ++	2010-06-11 13:41:00.281	F SCH ++	38	\N
675	Y	Forme Schizogonique +++	2010-06-11 13:41:14.423	F SCH +++	38	\N
681	Y	Verdatre	2010-06-11 13:47:22.95	VERDATRE	38	\N
682	Y	filament mycelium +	2010-06-11 13:51:11.334	FIL MYC +	38	\N
683	Y	Filament Mycelium ++	2010-06-11 13:51:26.629	FIL MYC ++	38	\N
687	Y	Filament Mycelium +++	2010-06-11 13:52:02.1	FIL MYC+++	38	\N
688	Y	Levures Bourgeonnante +	2010-06-11 13:52:50.848	BOURG +	38	\N
689	Y	Levures Bourgennante ++	2010-06-11 13:53:17.484	BOURG ++	38	\N
690	Y	Levures Bourgeonnante +++	2010-06-11 13:53:46.572	BOURG +++	38	\N
700	Y	1/40	2010-06-11 14:35:01.42	1/40	38	\N
701	Y	1/80	2010-06-11 14:35:13.198	1/80	38	\N
702	Y	1/160	2010-06-11 14:35:23.896	1/160	38	\N
703	Y	1/320	2010-06-11 14:35:32.829	1/320	38	\N
720	Y	The data entry has not yet started	2010-10-28 06:10:34.12594	Not Start	77	record.notStarted
721	Y	The initial entry has been done	2010-10-28 06:10:34.12594	Init Ent	77	record.initialEntry
722	Y	The second, validation, entry has been done	2010-10-28 06:10:34.12594	Valid Ent	77	record.validationEntry
723	Y	There is reason to suspect that the form was not filled out correctly	2010-10-28 06:10:34.12594	Under Inv	77	record.underInvestigation
740	Y	Sanguilant	2010-11-17 09:20:03.11	SANGUILANT	38	\N
741	Y	Rougeatre	2010-11-17 09:22:58.382	ROUGEATRE	38	\N
742	Y	Jaunatre	2010-11-17 09:26:45.571	JAUNATRE	38	\N
744	Y	Absence	2010-11-17 09:31:27.279	ABSENCE	38	\N
500	Y	A+	2009-07-31 10:21:31.718		38	\N
503	Y	B+	2009-07-31 10:33:27.875	B	38	\N
760	Y	A-	2011-01-13 16:38:57.055	A-	38	\N
761	Y	B-	2011-01-13 16:39:04.557	B-	38	\N
762	Y	O-	2011-01-13 16:39:13.848	O-	38	\N
780	Y	Spores	2011-01-28 14:19:29.289	SPORES	38	\N
783	Y	Levures Simple	2011-01-28 14:20:31.926	LEVURES S	38	\N
785	Y	Onchocera Volvulus	2011-01-28 14:28:39.786	ONCH VOLV	38	\N
786	Y	Loa Loa	2011-01-28 14:28:52.194	LOA LOA	38	\N
379	Y	Non Ractif	2007-12-17 07:34:19.397	NR	3	\N
63	Y	Ngatif	2006-09-20 16:28:31	\N	3	\N
62	Y	Positif	2006-09-20 16:28:29	\N	3	\N
94	Y	Indtermin	2006-09-20 16:32:51	\N	3	\N
820	Y	Positive	2011-02-16 12:45:59.612333	\N	117	dict.HIVResult.positive
821	Y	Negative	2011-02-16 12:45:59.612333	\N	117	dict.HIVResult.negative
822	Y	Indeterminate	2011-02-16 12:45:59.612333	\N	117	dict.HIVResult.indeterminate
840	Y	Refrigerated	2011-02-16 14:48:42.955979	Refrig	137	dictionary.condition.Regrigerated
841	Y	Not refrigerated	2011-02-16 14:48:42.955979	notRefrig	137	dictionary.condition.notRegrigerated
842	Y	Frozen	2011-02-16 14:48:42.955979	Frozen	137	dictionary.condition.frozen
843	Y	Leaked Sample	2011-02-16 14:48:42.955979	leaked	137	dictionary.condition.leakedTube
844	Y	Broken Tubes	2011-02-16 14:48:42.955979	broken	137	dictionary.condition.brokenTube
860	Y	Ouest	2011-03-29 15:37:16.61796	\N	157	\N
861	Y	Nord	2011-03-29 15:37:16.61796	\N	157	\N
862	Y	Sud	2011-03-29 15:37:16.61796	\N	157	\N
863	Y	Artibonite	2011-03-29 15:37:16.61796	\N	157	\N
864	Y	Sud-Est	2011-03-29 15:37:16.61796	\N	157	\N
865	Y	Nord'Ouest	2011-03-29 15:37:16.61796	\N	157	\N
866	Y	Centre	2011-03-29 15:37:16.61796	\N	157	\N
867	Y	Grand'Anse	2011-03-29 15:37:16.61796	\N	157	\N
868	Y	Nord'Est	2011-03-29 15:37:16.61796	\N	157	\N
869	Y	Nippes	2011-03-29 15:37:16.61796	\N	157	\N
870	Y	Hemolysis	2011-03-29 15:37:16.698341	Hemo	137	 dictionary.condition.hematolysis
871	Y	Coagulated	2011-03-29 15:37:16.698341	Coag	137	dictionary.condition.coagulated
872	Y	Insuffient Amount	2011-03-29 15:37:16.698341	Insuff	137	dictionary.condition.insufficient
873	Y	Contaminated	2011-03-29 15:37:16.698341	Contamin	137	dictionary.condition.contaminated
874	Y	Inadequate Sampling	2011-03-29 15:37:16.698341	Inadequ	137	dictionary.condition.inadequate
875	Y	Overturned Sample	2011-03-29 15:37:16.698341	Overturned	137	dictionary.condition.overturned
876	Y	Other	2011-03-29 15:37:16.698341	Other	137	dictionary.condition.other
877	Y	Sample without Form	2011-03-29 15:37:16.698341	NoForm	137	dictionary.condition.sampleNoForm
878	Y	Form without Sample	2011-03-29 15:37:16.698341	NoSample	137	dictionary.condition.formNoSample
880	Y	Couleur: Marron	2011-04-11 11:42:45.485352	\N	3	 dict.color.brown 
881	Y	Couleur: Jauntre	2011-04-11 11:42:45.485352	\N	3	 dict.color.yellowish 
882	Y	Couleur: Verdatre	2011-04-11 11:42:45.485352	\N	3	 dict.color.greenish 
883	Y	Couleur: Blanchtre	2011-04-11 11:42:45.485352	\N	3	 dict.color.whitish 
884	Y	Consistance: molle	2011-04-11 11:42:45.485352	\N	3	 dict.consistency.soft 
885	Y	Consistance: glaireuse	2011-04-11 11:42:45.485352	\N	3	 dict.consistency.slimy 
886	Y	Consistance: pteuse	2011-04-11 11:42:45.485352	\N	3	 dict.consistency.pasty  
887	Y	Consistance: ferme	2011-04-11 11:42:45.485352	\N	3	 dict.consistency.firm 
743	Y	Prsence	2010-11-17 09:31:17.195	PRESENCE	38	\N
888	Y	Consistance: liquide	2011-04-11 11:42:45.485352	\N	3	 dict.consistency.liquid 
889	Y	Consistance: semi-liquide	2011-04-11 11:42:45.485352	\N	3	 dict.consistency.semiliquid 
900	Y	Rare	2011-04-22 10:58:27.26805	\N	\N	\N
980	Y	Oxalate de Ca	2011-05-04 08:36:50.930563	\N	\N	\N
981	Y	Phosphate Amorphes	2011-05-04 08:36:50.930563	\N	\N	\N
982	Y	Phosphate Triples	2011-05-04 08:36:50.930563	\N	\N	\N
983	Y	Phosphate de Ca	2011-05-04 08:36:50.930563	\N	\N	\N
984	Y	Phosphate de Mg	2011-05-04 08:36:50.930563	\N	\N	\N
985	Y	Sulfate de Ca	2011-05-04 08:36:50.930563	\N	\N	\N
986	Y	Urates Amorphes	2011-05-04 08:36:50.930563	\N	\N	\N
987	Y	Urates d'Ammonium	2011-05-04 08:36:50.930563	\N	\N	\N
988	Y	Acid Urique	2011-05-04 08:36:50.930563	\N	\N	\N
1000	Y	Invalide	2011-05-05 13:58:38.564045	\N	\N	\N
1040	Y	fr-FR	2012-05-14 11:24:08.802607	fr-FR	197	\N
1041	Y	en-US	2012-05-14 11:24:08.802607	en-US	197	\N
1060	Y	Positif VIH 1	2012-06-01 15:10:58.561702	\N	38	\N
1061	Y	Positif VIH 2	2012-06-01 15:10:58.561702	\N	38	\N
1063	Y	Indetermine	2012-06-01 15:10:58.561702	\N	38	\N
1080	Y	none	2012-06-11 09:33:47.062073	\N	217	dictionary.education.none
1081	Y	primary	2012-06-11 09:33:47.062073	\N	217	dictionary.education.primary
1082	Y	secondary	2012-06-11 09:33:47.062073	\N	217	dictionary.education.secondary
1083	Y	upper	2012-06-11 09:33:47.062073	\N	217	dictionary.education.upper
1084	Y	single	2012-06-11 09:33:47.062073	\N	218	dictionary.marriage.single
1085	Y	married	2012-06-11 09:33:47.062073	\N	218	dictionary.marriage.married
1086	Y	livingWith	2012-06-11 09:33:47.062073	\N	218	dictionary.marriage.livingWith
1087	Y	divorced	2012-06-11 09:33:47.062073	\N	218	dictionary.marriage.divorced
1088	Y	widowed	2012-06-11 09:33:47.062073	\N	218	dictionary.marriage.widowed
1089	Y	DNA	2012-06-11 09:33:47.062073	\N	218	dictionary.marriage.DNA
1090	Y	Ivoirian	2012-06-11 09:33:47.062073	\N	219	dictionary.nationality.Ivoirian
1091	Y	West African	2012-06-11 09:33:47.062073	\N	219	dictionary.nationality.african.west
1092	Y	African	2012-06-11 09:33:47.062073	\N	219	dictionary.nationality.african
1093	Y	other	2012-06-11 09:33:47.062073	\N	219	dictionary.nationality.other
1100	Y	Ngatif	2012-09-19 16:25:05.002327	\N	38	\N
1101	Y	Indtermin	2012-09-19 16:25:05.002327	\N	38	\N
1102	Y	Positif +	2012-09-19 16:25:05.002327	\N	38	\N
1103	Y	Positif ++	2012-09-19 16:25:05.002327	\N	38	\N
1104	Y	Positif +++	2012-09-19 16:25:05.002327	\N	38	\N
1105	Y	HIV1	2012-09-19 16:25:05.002327	\N	38	\N
1106	Y	HIV2	2012-09-19 16:25:05.002327	\N	38	\N
1107	Y	HIVD	2012-09-19 16:25:05.002327	\N	38	\N
1108	Y	Invalid	2012-09-19 16:25:05.002327	\N	38	\N
1120	Y	Normal	2013-03-04 12:24:58.755476	Normal	137	dictionary.condition.normal
1020	N	paidInFull	2012-03-13 15:32:16.552198	\N	177	dictionary.patient.payment.full
1021	N	paidPartial	2012-03-13 15:32:16.552198	\N	177	dictionary.patient.payment.partial
1022	N	paidNone	2012-03-13 15:32:16.552198	\N	177	dictionary.patient.payment.none
1140	Y	normalCash	2013-08-05 11:35:25.0178	\N	177	dictionary.patient.payment.normal.cash
1141	Y	reducedCash	2013-08-05 11:35:25.0178	\N	177	dictionary.patient.payment.reduced.cash
1142	Y	normalInsurance	2013-08-05 11:35:25.0178	\N	177	dictionary.patient.payment.normal.insurance
1143	Y	reducedInsurance	2013-08-05 11:35:25.0178	\N	177	dictionary.patient.payment.reduced.insurance
1062	Y	Positif VIH 1 et 2	2012-06-01 15:10:58.561702	\N	38	\N
1160	Y	+/- 0.15 g/L	2013-11-07 10:00:17.603982	\N	237	\N
1161	Y	Positif + (0.3g/L)	2013-11-07 10:00:17.603982	\N	237	\N
1162	Y	Positif ++ (1.0 g/L)	2013-11-07 10:00:17.603982	\N	237	\N
1163	Y	Positif +++ (3.0 g/L)	2013-11-07 10:00:17.603982	\N	237	\N
1164	Y	Positif ++++ (>= 5.0 g/L)	2013-11-07 10:00:17.603982	\N	237	\N
1165	Y	Positif  (50 mg/dL)	2013-11-07 10:00:17.603982	\N	237	\N
1166	Y	Positif  (100  mg/dL)	2013-11-07 10:00:17.603982	\N	237	\N
1167	Y	Positif + (250 mg/dL)	2013-11-07 10:00:17.603982	\N	237	\N
1168	Y	Positif ++ (500 mg/dL)	2013-11-07 10:00:17.603982	\N	237	\N
1169	Y	Positif +++ (1000 mg/dL)	2013-11-07 10:00:17.603982	\N	237	\N
1170	Y	Positif ++++ (2000 mg/dL)	2013-11-07 10:00:17.603982	\N	237	\N
1180	Y	Measurement not available due to technical problem. Please submit another sample.	2014-05-01 20:40:44.211941	\N	257	dictionary.reject.result.technical.problem
1181	Y	 Sample / request form not / misidentified . Please submit another sample.	2014-05-01 20:40:44.211941	\N	257	dictionary.reject.result.form.misidentified
1182	Y	Sample / request form incompatible . Please submit another sample.	2014-05-01 20:40:44.211941	\N	257	dictionary.reject.result.form.incompatible
1183	Y	Free sample request form or vice versa. Please submit another sample.	2014-05-01 20:40:44.211941	\N	257	dictionary.reject.result.free.request.form
1184	Y	Sample transported / stored incorrectly. Please submit another sample.	2014-05-01 20:40:44.211941	\N	257	dictionary.reject.result.stored.incorrectly
1185	Y	Identification of improper sample. Please submit another sample.	2014-05-01 20:40:44.211941	\N	257	dictionary.reject.result.identification.improper
1186	Y	Sample was collected in the wrong tube. Please submit another sample.	2014-05-01 20:40:44.211941	\N	257	dictionary.reject.result.wrong.tube
1187	Y	 Incorrect quantity of the sample. Please submit another sample.	2014-05-01 20:40:44.211941	\N	257	dictionary.reject.result.incorrect.quantity
1188	Y	The sample received is not suitable for test requested . Please submit the appropriate sample.	2014-05-01 20:40:44.211941	\N	257	dictionary.reject.result.not.suitable
1189	Y	The sample received is coagulated . Please submit another sample.	2014-05-01 20:40:44.211941	\N	257	dictionary.reject.result.coagulated
1190	Y	The received sample was refrigerated . Please submit another sample.	2014-05-01 20:40:44.211941	\N	257	dictionary.reject.result.was.referigerated
1191	Y	Tube received arrived broken or spilled . Please submit another sample.	2014-05-01 20:40:44.211941	\N	257	dictionary.reject.result.broken.tube
1192	Y	The received sample is hemolyzed . Please submit another sample.	2014-05-01 20:40:44.211941	\N	257	dictionary.reject.result.hemolyzed
1193	Y	The sample is contaminated. Please submit another sample.	2014-05-01 20:40:44.211941	\N	257	dictionary.reject.result.contaminated
1194	Y	The sample received was insufficient volume . Please submit another sample.	2014-05-01 20:40:44.211941	\N	257	dictionary.reject.result.insufficient.volume
1195	Y	Following a mistake in sample intake, a not requested test has been scheduled but not executed.	2014-05-01 20:40:44.211941	\N	257	dictionary.reject.result.mistake.not.executed
1196	Y	Please submit another sample. Need to re-test .	2014-05-01 20:40:44.211941	\N	257	dictionary.reject.result.re-test
1197	Y	Need to re-test. Sample already available in the laboratory.	2014-05-01 20:40:44.211941	\N	257	dictionary.reject.result.already.available
\.


--
-- Data for Name: dictionary_category; Type: TABLE DATA; Schema: clinlims; Owner: clinlims
--

COPY dictionary_category (id, description, lastupdated, local_abbrev, name) FROM stdin;
34	VIROLOGY	2006-09-28 09:03:13.541	V	V
35	MOLECULAR EPI	2006-11-08 08:52:56.228	E	E
1	GONORRHEA CULTURE 	2007-10-26 05:15:27.178	GC	GC
3	CLINICAL GENERAL	2007-10-25 16:09:10.239	CG	CG
36	QA Event Type	2007-10-25 10:44:58	Q	Q
37	QA Event Category	2008-10-31 00:00:00	QC	QA Event Category
38	Haiti Lab	2008-10-31 00:00:00	HL	HL
57	Demographic Yes, No, Unknown responses	\N	YesNoUnkn	\N
77	intake status	2010-10-28 06:10:34.12594	REC_STATUS	REC_STATUS
117	Conclusion	2011-02-16 12:45:59.612333	Conclusion	HIVResult
137	specimen reception condition	2011-02-16 14:46:31.952827	reciptCond	specimen reception condition
157	haitiDepartment	2011-03-29 15:37:16.61796	haitDept	haitDepartments
177	patientPayment	2012-03-13 15:32:16.552198	PP	patientPayment
197	possible language locales for the user to select	2012-05-14 11:24:08.802607	locale	locale
217	Possible education levels	2012-06-11 09:33:46.926535	education	Education Level Demographic Information
218	Possible marriage status	2012-06-11 09:33:46.952621	marriage	Marital Status Demographic Information
219	Possible nationalities	2012-06-11 09:33:46.961175	nation	Nationality Demographic Information
237	General test result	2013-11-07 10:00:17.471048	Test Reslt	Test Result
257	Reasons for rejecting test results	2014-05-01 20:40:44.126854	resReject	resultRejectionReasons
\.


--
-- Name: dictionary_category_seq; Type: SEQUENCE SET; Schema: clinlims; Owner: clinlims
--

SELECT pg_catalog.setval('dictionary_category_seq', 276, true);


--
-- Name: dictionary_seq; Type: SEQUENCE SET; Schema: clinlims; Owner: clinlims
--

SELECT pg_catalog.setval('dictionary_seq', 1199, true);


--
-- Data for Name: district; Type: TABLE DATA; Schema: clinlims; Owner: clinlims
--

COPY district (id, city_id, dist_entry, lastupdated, description) FROM stdin;
\.


--
-- Name: district_seq; Type: SEQUENCE SET; Schema: clinlims; Owner: clinlims
--

SELECT pg_catalog.setval('district_seq', 1, false);


--
-- Data for Name: document_track; Type: TABLE DATA; Schema: clinlims; Owner: clinlims
--

COPY document_track (id, table_id, row_id, document_type_id, parent_id, report_generation_time, lastupdated, name) FROM stdin;
\.


--
-- Name: document_track_seq; Type: SEQUENCE SET; Schema: clinlims; Owner: clinlims
--

SELECT pg_catalog.setval('document_track_seq', 171, true);


--
-- Data for Name: document_type; Type: TABLE DATA; Schema: clinlims; Owner: clinlims
--

COPY document_type (id, name, description, lastupdated) FROM stdin;
1	nonConformityNotification	Non_Conformity reports to be sent to clinic	2011-09-27 00:32:05.871573+00
2	resultExport	Results sent electronically to other systems	2012-01-31 23:16:20.902841+00
3	malariaCase	malaria case report sent	2012-05-01 16:46:34.394366+00
4	patientReport	Any patient report, name in report_tracker	2012-09-19 23:25:04.908599+00
\.


--
-- Name: document_type_seq; Type: SEQUENCE SET; Schema: clinlims; Owner: clinlims
--

SELECT pg_catalog.setval('document_type_seq', 4, true);


--
-- Data for Name: electronic_order; Type: TABLE DATA; Schema: clinlims; Owner: clinlims
--

COPY electronic_order (id, external_id, patient_id, status_id, order_timestamp, data, lastupdated) FROM stdin;
\.


--
-- Name: electronic_order_seq; Type: SEQUENCE SET; Schema: clinlims; Owner: clinlims
--

SELECT pg_catalog.setval('electronic_order_seq', 1, false);


--
-- Data for Name: ethnicity; Type: TABLE DATA; Schema: clinlims; Owner: clinlims
--

COPY ethnicity (id, ethnic_type, description, is_active) FROM stdin;
\.


--
-- Data for Name: gender; Type: TABLE DATA; Schema: clinlims; Owner: clinlims
--

COPY gender (id, gender_type, description, lastupdated, name_key) FROM stdin;
145	M	MALE	2006-10-10 13:18:40.094	gender.male
146	F	FEMALE	2006-11-21 12:04:02.372	gender.female
\.


--
-- Name: gender_seq; Type: SEQUENCE SET; Schema: clinlims; Owner: clinlims
--

SELECT pg_catalog.setval('gender_seq', 1, false);


--
-- Name: hibernate_sequence; Type: SEQUENCE SET; Schema: clinlims; Owner: clinlims
--

SELECT pg_catalog.setval('hibernate_sequence', 4819, true);


--
-- Data for Name: history; Type: TABLE DATA; Schema: clinlims; Owner: clinlims
--

COPY history (id, sys_user_id, reference_id, reference_table, "timestamp", activity, changes) FROM stdin;
1	1	0	0	2014-06-27 00:30:15.153	T	\N
2	1	10	184	2014-06-27 00:30:29.001	U	\\x3c76616c75653e747275653c2f76616c75653e0a
\.


--
-- Name: history_seq; Type: SEQUENCE SET; Schema: clinlims; Owner: clinlims
--

SELECT pg_catalog.setval('history_seq', 20, true);


--
-- Name: hl7_encoding_type_seq; Type: SEQUENCE SET; Schema: clinlims; Owner: clinlims
--

SELECT pg_catalog.setval('hl7_encoding_type_seq', 4, true);


--
-- Data for Name: htmldb_plan_table; Type: TABLE DATA; Schema: clinlims; Owner: clinlims
--

COPY htmldb_plan_table (statement_id, plan_id, "timestamp", remarks, operation, options, object_node, object_owner, object_name, object_alias, object_instance, object_type, optimizer, search_columns, id, parent_id, depth, "position", cost, cardinality, bytes, other_tag, partition_start, partition_stop, partition_id, other, distribution, cpu_cost, io_cost, temp_space, access_predicates, filter_predicates, projection, "time", qblock_name) FROM stdin;
7146420525171748	1	2008-05-08 14:33:14	\N	SELECT STATEMENT	\N	\N	\N	\N	\N	\N	\N	ALL_ROWS	\N	0	\N	0	238	238	79529	5726088	\N	\N	\N	\N	\N	\N	33895495	232	\N	\N	\N	\N	3	\N
7146420525171748	1	2008-05-08 14:33:14	<remarks><info type="db_version">10.2.0.1</info><info type="parse_schema"><![CDATA["CLINLIMS"]]></info><info type="plan_hash">288471584</info><outline_data><hint><![CDATA[FULL(@"SEL$1" "CITY_STATE_ZIP"@"SEL$1")]]></hint><hint><![CDATA[OUTLINE_LEAF(@"SEL$1")]]></hint><hint><![CDATA[ALL_ROWS]]></hint><hint><![CDATA[OPTIMIZER_FEATURES_ENABLE('10.2.0.1')]]></hint><hint><![CDATA[IGNORE_OPTIM_EMBEDDED_HINTS]]></hint></outline_data></remarks>	TABLE ACCESS	FULL	\N	CLINLIMS	CITY_STATE_ZIP	CITY_STATE_ZIP@SEL$1	1	TABLE	ANALYZED	\N	1	0	1	1	238	79529	5726088	\N	\N	\N	\N	\N	\N	33895495	232	\N	\N	\N	"CITY_STATE_ZIP"."ID"[NUMBER,22], "CITY_STATE_ZIP"."CITY"[VARCHAR2,30], "CITY_STATE_ZIP"."STATE"[VARCHAR2,2], "CITY_STATE_ZIP"."ZIP_CODE"[VARCHAR2,10], "CITY_STATE_ZIP"."COUNTY_FIPS"[NUMBER,22], "CITY_STATE_ZIP"."COUNTY"[VARCHAR2,25], "CITY_STATE_ZIP"."REGION_ID"[NUMBER,22], "CITY_STATE_ZIP"."REGION"[VARCHAR2,30], "CITY_STATE_ZIP"."STATE_FIPS"[NUMBER,22], "CITY_STATE_ZIP"."STATE_NAME"[VARCHAR2,30], "CITY_STATE_ZIP"."LASTUPDATED"[TIMESTAMP,11]	3	SEL$1
7146722603172428	2	2008-05-08 14:33:20	\N	SELECT STATEMENT	\N	\N	\N	\N	\N	\N	\N	ALL_ROWS	\N	0	\N	0	238	238	79529	5726088	\N	\N	\N	\N	\N	\N	33895495	232	\N	\N	\N	\N	3	\N
7146722603172428	2	2008-05-08 14:33:20	<remarks><info type="db_version">10.2.0.1</info><info type="parse_schema"><![CDATA["CLINLIMS"]]></info><info type="plan_hash">288471584</info><outline_data><hint><![CDATA[FULL(@"SEL$1" "CITY_STATE_ZIP"@"SEL$1")]]></hint><hint><![CDATA[OUTLINE_LEAF(@"SEL$1")]]></hint><hint><![CDATA[ALL_ROWS]]></hint><hint><![CDATA[OPTIMIZER_FEATURES_ENABLE('10.2.0.1')]]></hint><hint><![CDATA[IGNORE_OPTIM_EMBEDDED_HINTS]]></hint></outline_data></remarks>	TABLE ACCESS	FULL	\N	CLINLIMS	CITY_STATE_ZIP	CITY_STATE_ZIP@SEL$1	1	TABLE	ANALYZED	\N	1	0	1	1	238	79529	5726088	\N	\N	\N	\N	\N	\N	33895495	232	\N	\N	\N	"CITY_STATE_ZIP"."ID"[NUMBER,22], "CITY_STATE_ZIP"."CITY"[VARCHAR2,30], "CITY_STATE_ZIP"."STATE"[VARCHAR2,2], "CITY_STATE_ZIP"."ZIP_CODE"[VARCHAR2,10], "CITY_STATE_ZIP"."COUNTY_FIPS"[NUMBER,22], "CITY_STATE_ZIP"."COUNTY"[VARCHAR2,25], "CITY_STATE_ZIP"."REGION_ID"[NUMBER,22], "CITY_STATE_ZIP"."REGION"[VARCHAR2,30], "CITY_STATE_ZIP"."STATE_FIPS"[NUMBER,22], "CITY_STATE_ZIP"."STATE_NAME"[VARCHAR2,30], "CITY_STATE_ZIP"."LASTUPDATED"[TIMESTAMP,11]	3	SEL$1
7146420525171748	1	2008-05-08 14:33:14	\N	SELECT STATEMENT	\N	\N	\N	\N	\N	\N	\N	ALL_ROWS	\N	0	\N	0	238	238	79529	5726088	\N	\N	\N	\N	\N	\N	33895495	232	\N	\N	\N	\N	3	\N
7146420525171748	1	2008-05-08 14:33:14	<remarks><info type="db_version">10.2.0.1</info><info type="parse_schema"><![CDATA["CLINLIMS"]]></info><info type="plan_hash">288471584</info><outline_data><hint><![CDATA[FULL(@"SEL$1" "CITY_STATE_ZIP"@"SEL$1")]]></hint><hint><![CDATA[OUTLINE_LEAF(@"SEL$1")]]></hint><hint><![CDATA[ALL_ROWS]]></hint><hint><![CDATA[OPTIMIZER_FEATURES_ENABLE('10.2.0.1')]]></hint><hint><![CDATA[IGNORE_OPTIM_EMBEDDED_HINTS]]></hint></outline_data></remarks>	TABLE ACCESS	FULL	\N	CLINLIMS	CITY_STATE_ZIP	CITY_STATE_ZIP@SEL$1	1	TABLE	ANALYZED	\N	1	0	1	1	238	79529	5726088	\N	\N	\N	\N	\N	\N	33895495	232	\N	\N	\N	"CITY_STATE_ZIP"."ID"[NUMBER,22], "CITY_STATE_ZIP"."CITY"[VARCHAR2,30], "CITY_STATE_ZIP"."STATE"[VARCHAR2,2], "CITY_STATE_ZIP"."ZIP_CODE"[VARCHAR2,10], "CITY_STATE_ZIP"."COUNTY_FIPS"[NUMBER,22], "CITY_STATE_ZIP"."COUNTY"[VARCHAR2,25], "CITY_STATE_ZIP"."REGION_ID"[NUMBER,22], "CITY_STATE_ZIP"."REGION"[VARCHAR2,30], "CITY_STATE_ZIP"."STATE_FIPS"[NUMBER,22], "CITY_STATE_ZIP"."STATE_NAME"[VARCHAR2,30], "CITY_STATE_ZIP"."LASTUPDATED"[TIMESTAMP,11]	3	SEL$1
7146722603172428	2	2008-05-08 14:33:20	\N	SELECT STATEMENT	\N	\N	\N	\N	\N	\N	\N	ALL_ROWS	\N	0	\N	0	238	238	79529	5726088	\N	\N	\N	\N	\N	\N	33895495	232	\N	\N	\N	\N	3	\N
7146722603172428	2	2008-05-08 14:33:20	<remarks><info type="db_version">10.2.0.1</info><info type="parse_schema"><![CDATA["CLINLIMS"]]></info><info type="plan_hash">288471584</info><outline_data><hint><![CDATA[FULL(@"SEL$1" "CITY_STATE_ZIP"@"SEL$1")]]></hint><hint><![CDATA[OUTLINE_LEAF(@"SEL$1")]]></hint><hint><![CDATA[ALL_ROWS]]></hint><hint><![CDATA[OPTIMIZER_FEATURES_ENABLE('10.2.0.1')]]></hint><hint><![CDATA[IGNORE_OPTIM_EMBEDDED_HINTS]]></hint></outline_data></remarks>	TABLE ACCESS	FULL	\N	CLINLIMS	CITY_STATE_ZIP	CITY_STATE_ZIP@SEL$1	1	TABLE	ANALYZED	\N	1	0	1	1	238	79529	5726088	\N	\N	\N	\N	\N	\N	33895495	232	\N	\N	\N	"CITY_STATE_ZIP"."ID"[NUMBER,22], "CITY_STATE_ZIP"."CITY"[VARCHAR2,30], "CITY_STATE_ZIP"."STATE"[VARCHAR2,2], "CITY_STATE_ZIP"."ZIP_CODE"[VARCHAR2,10], "CITY_STATE_ZIP"."COUNTY_FIPS"[NUMBER,22], "CITY_STATE_ZIP"."COUNTY"[VARCHAR2,25], "CITY_STATE_ZIP"."REGION_ID"[NUMBER,22], "CITY_STATE_ZIP"."REGION"[VARCHAR2,30], "CITY_STATE_ZIP"."STATE_FIPS"[NUMBER,22], "CITY_STATE_ZIP"."STATE_NAME"[VARCHAR2,30], "CITY_STATE_ZIP"."LASTUPDATED"[TIMESTAMP,11]	3	SEL$1
7146420525171748	1	2008-05-08 14:33:14	\N	SELECT STATEMENT	\N	\N	\N	\N	\N	\N	\N	ALL_ROWS	\N	0	\N	0	238	238	79529	5726088	\N	\N	\N	\N	\N	\N	33895495	232	\N	\N	\N	\N	3	\N
7146420525171748	1	2008-05-08 14:33:14	<remarks><info type="db_version">10.2.0.1</info><info type="parse_schema"><![CDATA["CLINLIMS"]]></info><info type="plan_hash">288471584</info><outline_data><hint><![CDATA[FULL(@"SEL$1" "CITY_STATE_ZIP"@"SEL$1")]]></hint><hint><![CDATA[OUTLINE_LEAF(@"SEL$1")]]></hint><hint><![CDATA[ALL_ROWS]]></hint><hint><![CDATA[OPTIMIZER_FEATURES_ENABLE('10.2.0.1')]]></hint><hint><![CDATA[IGNORE_OPTIM_EMBEDDED_HINTS]]></hint></outline_data></remarks>	TABLE ACCESS	FULL	\N	CLINLIMS	CITY_STATE_ZIP	CITY_STATE_ZIP@SEL$1	1	TABLE	ANALYZED	\N	1	0	1	1	238	79529	5726088	\N	\N	\N	\N	\N	\N	33895495	232	\N	\N	\N	"CITY_STATE_ZIP"."ID"[NUMBER,22], "CITY_STATE_ZIP"."CITY"[VARCHAR2,30], "CITY_STATE_ZIP"."STATE"[VARCHAR2,2], "CITY_STATE_ZIP"."ZIP_CODE"[VARCHAR2,10], "CITY_STATE_ZIP"."COUNTY_FIPS"[NUMBER,22], "CITY_STATE_ZIP"."COUNTY"[VARCHAR2,25], "CITY_STATE_ZIP"."REGION_ID"[NUMBER,22], "CITY_STATE_ZIP"."REGION"[VARCHAR2,30], "CITY_STATE_ZIP"."STATE_FIPS"[NUMBER,22], "CITY_STATE_ZIP"."STATE_NAME"[VARCHAR2,30], "CITY_STATE_ZIP"."LASTUPDATED"[TIMESTAMP,11]	3	SEL$1
7146722603172428	2	2008-05-08 14:33:20	\N	SELECT STATEMENT	\N	\N	\N	\N	\N	\N	\N	ALL_ROWS	\N	0	\N	0	238	238	79529	5726088	\N	\N	\N	\N	\N	\N	33895495	232	\N	\N	\N	\N	3	\N
7146722603172428	2	2008-05-08 14:33:20	<remarks><info type="db_version">10.2.0.1</info><info type="parse_schema"><![CDATA["CLINLIMS"]]></info><info type="plan_hash">288471584</info><outline_data><hint><![CDATA[FULL(@"SEL$1" "CITY_STATE_ZIP"@"SEL$1")]]></hint><hint><![CDATA[OUTLINE_LEAF(@"SEL$1")]]></hint><hint><![CDATA[ALL_ROWS]]></hint><hint><![CDATA[OPTIMIZER_FEATURES_ENABLE('10.2.0.1')]]></hint><hint><![CDATA[IGNORE_OPTIM_EMBEDDED_HINTS]]></hint></outline_data></remarks>	TABLE ACCESS	FULL	\N	CLINLIMS	CITY_STATE_ZIP	CITY_STATE_ZIP@SEL$1	1	TABLE	ANALYZED	\N	1	0	1	1	238	79529	5726088	\N	\N	\N	\N	\N	\N	33895495	232	\N	\N	\N	"CITY_STATE_ZIP"."ID"[NUMBER,22], "CITY_STATE_ZIP"."CITY"[VARCHAR2,30], "CITY_STATE_ZIP"."STATE"[VARCHAR2,2], "CITY_STATE_ZIP"."ZIP_CODE"[VARCHAR2,10], "CITY_STATE_ZIP"."COUNTY_FIPS"[NUMBER,22], "CITY_STATE_ZIP"."COUNTY"[VARCHAR2,25], "CITY_STATE_ZIP"."REGION_ID"[NUMBER,22], "CITY_STATE_ZIP"."REGION"[VARCHAR2,30], "CITY_STATE_ZIP"."STATE_FIPS"[NUMBER,22], "CITY_STATE_ZIP"."STATE_NAME"[VARCHAR2,30], "CITY_STATE_ZIP"."LASTUPDATED"[TIMESTAMP,11]	3	SEL$1
7146420525171748	1	2008-05-08 14:33:14	\N	SELECT STATEMENT	\N	\N	\N	\N	\N	\N	\N	ALL_ROWS	\N	0	\N	0	238	238	79529	5726088	\N	\N	\N	\N	\N	\N	33895495	232	\N	\N	\N	\N	3	\N
7146420525171748	1	2008-05-08 14:33:14	<remarks><info type="db_version">10.2.0.1</info><info type="parse_schema"><![CDATA["CLINLIMS"]]></info><info type="plan_hash">288471584</info><outline_data><hint><![CDATA[FULL(@"SEL$1" "CITY_STATE_ZIP"@"SEL$1")]]></hint><hint><![CDATA[OUTLINE_LEAF(@"SEL$1")]]></hint><hint><![CDATA[ALL_ROWS]]></hint><hint><![CDATA[OPTIMIZER_FEATURES_ENABLE('10.2.0.1')]]></hint><hint><![CDATA[IGNORE_OPTIM_EMBEDDED_HINTS]]></hint></outline_data></remarks>	TABLE ACCESS	FULL	\N	CLINLIMS	CITY_STATE_ZIP	CITY_STATE_ZIP@SEL$1	1	TABLE	ANALYZED	\N	1	0	1	1	238	79529	5726088	\N	\N	\N	\N	\N	\N	33895495	232	\N	\N	\N	"CITY_STATE_ZIP"."ID"[NUMBER,22], "CITY_STATE_ZIP"."CITY"[VARCHAR2,30], "CITY_STATE_ZIP"."STATE"[VARCHAR2,2], "CITY_STATE_ZIP"."ZIP_CODE"[VARCHAR2,10], "CITY_STATE_ZIP"."COUNTY_FIPS"[NUMBER,22], "CITY_STATE_ZIP"."COUNTY"[VARCHAR2,25], "CITY_STATE_ZIP"."REGION_ID"[NUMBER,22], "CITY_STATE_ZIP"."REGION"[VARCHAR2,30], "CITY_STATE_ZIP"."STATE_FIPS"[NUMBER,22], "CITY_STATE_ZIP"."STATE_NAME"[VARCHAR2,30], "CITY_STATE_ZIP"."LASTUPDATED"[TIMESTAMP,11]	3	SEL$1
7146722603172428	2	2008-05-08 14:33:20	\N	SELECT STATEMENT	\N	\N	\N	\N	\N	\N	\N	ALL_ROWS	\N	0	\N	0	238	238	79529	5726088	\N	\N	\N	\N	\N	\N	33895495	232	\N	\N	\N	\N	3	\N
7146722603172428	2	2008-05-08 14:33:20	<remarks><info type="db_version">10.2.0.1</info><info type="parse_schema"><![CDATA["CLINLIMS"]]></info><info type="plan_hash">288471584</info><outline_data><hint><![CDATA[FULL(@"SEL$1" "CITY_STATE_ZIP"@"SEL$1")]]></hint><hint><![CDATA[OUTLINE_LEAF(@"SEL$1")]]></hint><hint><![CDATA[ALL_ROWS]]></hint><hint><![CDATA[OPTIMIZER_FEATURES_ENABLE('10.2.0.1')]]></hint><hint><![CDATA[IGNORE_OPTIM_EMBEDDED_HINTS]]></hint></outline_data></remarks>	TABLE ACCESS	FULL	\N	CLINLIMS	CITY_STATE_ZIP	CITY_STATE_ZIP@SEL$1	1	TABLE	ANALYZED	\N	1	0	1	1	238	79529	5726088	\N	\N	\N	\N	\N	\N	33895495	232	\N	\N	\N	"CITY_STATE_ZIP"."ID"[NUMBER,22], "CITY_STATE_ZIP"."CITY"[VARCHAR2,30], "CITY_STATE_ZIP"."STATE"[VARCHAR2,2], "CITY_STATE_ZIP"."ZIP_CODE"[VARCHAR2,10], "CITY_STATE_ZIP"."COUNTY_FIPS"[NUMBER,22], "CITY_STATE_ZIP"."COUNTY"[VARCHAR2,25], "CITY_STATE_ZIP"."REGION_ID"[NUMBER,22], "CITY_STATE_ZIP"."REGION"[VARCHAR2,30], "CITY_STATE_ZIP"."STATE_FIPS"[NUMBER,22], "CITY_STATE_ZIP"."STATE_NAME"[VARCHAR2,30], "CITY_STATE_ZIP"."LASTUPDATED"[TIMESTAMP,11]	3	SEL$1
7146420525171748	1	2008-05-08 14:33:14	\N	SELECT STATEMENT	\N	\N	\N	\N	\N	\N	\N	ALL_ROWS	\N	0	\N	0	238	238	79529	5726088	\N	\N	\N	\N	\N	\N	33895495	232	\N	\N	\N	\N	3	\N
7146420525171748	1	2008-05-08 14:33:14	<remarks><info type="db_version">10.2.0.1</info><info type="parse_schema"><![CDATA["CLINLIMS"]]></info><info type="plan_hash">288471584</info><outline_data><hint><![CDATA[FULL(@"SEL$1" "CITY_STATE_ZIP"@"SEL$1")]]></hint><hint><![CDATA[OUTLINE_LEAF(@"SEL$1")]]></hint><hint><![CDATA[ALL_ROWS]]></hint><hint><![CDATA[OPTIMIZER_FEATURES_ENABLE('10.2.0.1')]]></hint><hint><![CDATA[IGNORE_OPTIM_EMBEDDED_HINTS]]></hint></outline_data></remarks>	TABLE ACCESS	FULL	\N	CLINLIMS	CITY_STATE_ZIP	CITY_STATE_ZIP@SEL$1	1	TABLE	ANALYZED	\N	1	0	1	1	238	79529	5726088	\N	\N	\N	\N	\N	\N	33895495	232	\N	\N	\N	"CITY_STATE_ZIP"."ID"[NUMBER,22], "CITY_STATE_ZIP"."CITY"[VARCHAR2,30], "CITY_STATE_ZIP"."STATE"[VARCHAR2,2], "CITY_STATE_ZIP"."ZIP_CODE"[VARCHAR2,10], "CITY_STATE_ZIP"."COUNTY_FIPS"[NUMBER,22], "CITY_STATE_ZIP"."COUNTY"[VARCHAR2,25], "CITY_STATE_ZIP"."REGION_ID"[NUMBER,22], "CITY_STATE_ZIP"."REGION"[VARCHAR2,30], "CITY_STATE_ZIP"."STATE_FIPS"[NUMBER,22], "CITY_STATE_ZIP"."STATE_NAME"[VARCHAR2,30], "CITY_STATE_ZIP"."LASTUPDATED"[TIMESTAMP,11]	3	SEL$1
7146722603172428	2	2008-05-08 14:33:20	\N	SELECT STATEMENT	\N	\N	\N	\N	\N	\N	\N	ALL_ROWS	\N	0	\N	0	238	238	79529	5726088	\N	\N	\N	\N	\N	\N	33895495	232	\N	\N	\N	\N	3	\N
7146722603172428	2	2008-05-08 14:33:20	<remarks><info type="db_version">10.2.0.1</info><info type="parse_schema"><![CDATA["CLINLIMS"]]></info><info type="plan_hash">288471584</info><outline_data><hint><![CDATA[FULL(@"SEL$1" "CITY_STATE_ZIP"@"SEL$1")]]></hint><hint><![CDATA[OUTLINE_LEAF(@"SEL$1")]]></hint><hint><![CDATA[ALL_ROWS]]></hint><hint><![CDATA[OPTIMIZER_FEATURES_ENABLE('10.2.0.1')]]></hint><hint><![CDATA[IGNORE_OPTIM_EMBEDDED_HINTS]]></hint></outline_data></remarks>	TABLE ACCESS	FULL	\N	CLINLIMS	CITY_STATE_ZIP	CITY_STATE_ZIP@SEL$1	1	TABLE	ANALYZED	\N	1	0	1	1	238	79529	5726088	\N	\N	\N	\N	\N	\N	33895495	232	\N	\N	\N	"CITY_STATE_ZIP"."ID"[NUMBER,22], "CITY_STATE_ZIP"."CITY"[VARCHAR2,30], "CITY_STATE_ZIP"."STATE"[VARCHAR2,2], "CITY_STATE_ZIP"."ZIP_CODE"[VARCHAR2,10], "CITY_STATE_ZIP"."COUNTY_FIPS"[NUMBER,22], "CITY_STATE_ZIP"."COUNTY"[VARCHAR2,25], "CITY_STATE_ZIP"."REGION_ID"[NUMBER,22], "CITY_STATE_ZIP"."REGION"[VARCHAR2,30], "CITY_STATE_ZIP"."STATE_FIPS"[NUMBER,22], "CITY_STATE_ZIP"."STATE_NAME"[VARCHAR2,30], "CITY_STATE_ZIP"."LASTUPDATED"[TIMESTAMP,11]	3	SEL$1
7146420525171748	1	2008-05-08 14:33:14	\N	SELECT STATEMENT	\N	\N	\N	\N	\N	\N	\N	ALL_ROWS	\N	0	\N	0	238	238	79529	5726088	\N	\N	\N	\N	\N	\N	33895495	232	\N	\N	\N	\N	3	\N
7146420525171748	1	2008-05-08 14:33:14	<remarks><info type="db_version">10.2.0.1</info><info type="parse_schema"><![CDATA["CLINLIMS"]]></info><info type="plan_hash">288471584</info><outline_data><hint><![CDATA[FULL(@"SEL$1" "CITY_STATE_ZIP"@"SEL$1")]]></hint><hint><![CDATA[OUTLINE_LEAF(@"SEL$1")]]></hint><hint><![CDATA[ALL_ROWS]]></hint><hint><![CDATA[OPTIMIZER_FEATURES_ENABLE('10.2.0.1')]]></hint><hint><![CDATA[IGNORE_OPTIM_EMBEDDED_HINTS]]></hint></outline_data></remarks>	TABLE ACCESS	FULL	\N	CLINLIMS	CITY_STATE_ZIP	CITY_STATE_ZIP@SEL$1	1	TABLE	ANALYZED	\N	1	0	1	1	238	79529	5726088	\N	\N	\N	\N	\N	\N	33895495	232	\N	\N	\N	"CITY_STATE_ZIP"."ID"[NUMBER,22], "CITY_STATE_ZIP"."CITY"[VARCHAR2,30], "CITY_STATE_ZIP"."STATE"[VARCHAR2,2], "CITY_STATE_ZIP"."ZIP_CODE"[VARCHAR2,10], "CITY_STATE_ZIP"."COUNTY_FIPS"[NUMBER,22], "CITY_STATE_ZIP"."COUNTY"[VARCHAR2,25], "CITY_STATE_ZIP"."REGION_ID"[NUMBER,22], "CITY_STATE_ZIP"."REGION"[VARCHAR2,30], "CITY_STATE_ZIP"."STATE_FIPS"[NUMBER,22], "CITY_STATE_ZIP"."STATE_NAME"[VARCHAR2,30], "CITY_STATE_ZIP"."LASTUPDATED"[TIMESTAMP,11]	3	SEL$1
7146722603172428	2	2008-05-08 14:33:20	\N	SELECT STATEMENT	\N	\N	\N	\N	\N	\N	\N	ALL_ROWS	\N	0	\N	0	238	238	79529	5726088	\N	\N	\N	\N	\N	\N	33895495	232	\N	\N	\N	\N	3	\N
7146722603172428	2	2008-05-08 14:33:20	<remarks><info type="db_version">10.2.0.1</info><info type="parse_schema"><![CDATA["CLINLIMS"]]></info><info type="plan_hash">288471584</info><outline_data><hint><![CDATA[FULL(@"SEL$1" "CITY_STATE_ZIP"@"SEL$1")]]></hint><hint><![CDATA[OUTLINE_LEAF(@"SEL$1")]]></hint><hint><![CDATA[ALL_ROWS]]></hint><hint><![CDATA[OPTIMIZER_FEATURES_ENABLE('10.2.0.1')]]></hint><hint><![CDATA[IGNORE_OPTIM_EMBEDDED_HINTS]]></hint></outline_data></remarks>	TABLE ACCESS	FULL	\N	CLINLIMS	CITY_STATE_ZIP	CITY_STATE_ZIP@SEL$1	1	TABLE	ANALYZED	\N	1	0	1	1	238	79529	5726088	\N	\N	\N	\N	\N	\N	33895495	232	\N	\N	\N	"CITY_STATE_ZIP"."ID"[NUMBER,22], "CITY_STATE_ZIP"."CITY"[VARCHAR2,30], "CITY_STATE_ZIP"."STATE"[VARCHAR2,2], "CITY_STATE_ZIP"."ZIP_CODE"[VARCHAR2,10], "CITY_STATE_ZIP"."COUNTY_FIPS"[NUMBER,22], "CITY_STATE_ZIP"."COUNTY"[VARCHAR2,25], "CITY_STATE_ZIP"."REGION_ID"[NUMBER,22], "CITY_STATE_ZIP"."REGION"[VARCHAR2,30], "CITY_STATE_ZIP"."STATE_FIPS"[NUMBER,22], "CITY_STATE_ZIP"."STATE_NAME"[VARCHAR2,30], "CITY_STATE_ZIP"."LASTUPDATED"[TIMESTAMP,11]	3	SEL$1
\.


--
-- Data for Name: instrument; Type: TABLE DATA; Schema: clinlims; Owner: clinlims
--

COPY instrument (id, scrip_id, name, description, instru_type, is_active, location) FROM stdin;
\.


--
-- Data for Name: instrument_analyte; Type: TABLE DATA; Schema: clinlims; Owner: clinlims
--

COPY instrument_analyte (id, analyte_id, instru_id, method_id, result_group) FROM stdin;
\.


--
-- Data for Name: instrument_log; Type: TABLE DATA; Schema: clinlims; Owner: clinlims
--

COPY instrument_log (id, instru_id, instlog_type, event_begin, event_end) FROM stdin;
\.


--
-- Data for Name: inventory_component; Type: TABLE DATA; Schema: clinlims; Owner: clinlims
--

COPY inventory_component (id, invitem_id, quantity, material_component_id) FROM stdin;
\.


--
-- Data for Name: inventory_item; Type: TABLE DATA; Schema: clinlims; Owner: clinlims
--

COPY inventory_item (id, uom_id, name, description, quantity_min_level, quantity_max_level, quantity_to_reorder, is_reorder_auto, is_lot_maintained, is_active, average_lead_time, average_cost, average_daily_use) FROM stdin;
\.


--
-- Name: inventory_item_seq; Type: SEQUENCE SET; Schema: clinlims; Owner: clinlims
--

SELECT pg_catalog.setval('inventory_item_seq', 21, true);


--
-- Data for Name: inventory_location; Type: TABLE DATA; Schema: clinlims; Owner: clinlims
--

COPY inventory_location (id, storage_id, lot_number, quantity_onhand, expiration_date, inv_item_id) FROM stdin;
\.


--
-- Name: inventory_location_seq; Type: SEQUENCE SET; Schema: clinlims; Owner: clinlims
--

SELECT pg_catalog.setval('inventory_location_seq', 20, true);


--
-- Data for Name: inventory_receipt; Type: TABLE DATA; Schema: clinlims; Owner: clinlims
--

COPY inventory_receipt (id, invitem_id, received_date, quantity_received, unit_cost, qc_reference, external_reference, org_id) FROM stdin;
\.


--
-- Name: inventory_receipt_seq; Type: SEQUENCE SET; Schema: clinlims; Owner: clinlims
--

SELECT pg_catalog.setval('inventory_receipt_seq', 20, true);


--
-- Data for Name: lab_order_item; Type: TABLE DATA; Schema: clinlims; Owner: clinlims
--

COPY lab_order_item (id, lab_order_type_id, table_ref, record_id, identifier, action, lastupdated) FROM stdin;
65	1	5	1	\N	DISPLAY	2012-09-19 23:25:05.924754+00
66	1	5	2	\N	DISPLAY	2012-09-19 23:25:05.924754+00
67	1	5	3	\N	DISPLAY	2012-09-19 23:25:05.924754+00
68	1	5	4	\N	DISPLAY	2012-09-19 23:25:05.924754+00
69	1	5	5	\N	DISPLAY	2012-09-19 23:25:05.924754+00
70	1	5	6	\N	DISPLAY	2012-09-19 23:25:05.924754+00
71	1	5	7	\N	DISPLAY	2012-09-19 23:25:05.924754+00
72	1	5	8	\N	DISPLAY	2012-09-19 23:25:05.924754+00
73	1	5	9	\N	DISPLAY	2012-09-19 23:25:05.924754+00
74	1	5	10	\N	DISPLAY	2012-09-19 23:25:05.924754+00
75	2	5	10	\N	DISPLAY	2012-09-19 23:25:05.924754+00
76	1	5	11	\N	DISPLAY	2012-09-19 23:25:05.924754+00
77	2	5	11	\N	DISPLAY	2012-09-19 23:25:05.924754+00
78	1	5	12	\N	DISPLAY	2012-09-19 23:25:05.924754+00
79	2	5	12	\N	DISPLAY	2012-09-19 23:25:05.924754+00
80	1	5	13	\N	DISPLAY	2012-09-19 23:25:05.924754+00
81	2	5	13	\N	DISPLAY	2012-09-19 23:25:05.924754+00
82	1	5	14	\N	DISPLAY	2012-09-19 23:25:05.924754+00
83	2	5	14	\N	DISPLAY	2012-09-19 23:25:05.924754+00
84	1	5	15	\N	DISPLAY	2012-09-19 23:25:05.924754+00
85	2	5	15	\N	DISPLAY	2012-09-19 23:25:05.924754+00
86	1	5	16	\N	DISPLAY	2012-09-19 23:25:05.924754+00
87	2	5	16	\N	DISPLAY	2012-09-19 23:25:05.924754+00
88	2	5	17	\N	DISPLAY	2012-09-19 23:25:05.924754+00
89	2	5	18	\N	DISPLAY	2012-09-19 23:25:05.924754+00
90	2	5	19	\N	DISPLAY	2012-09-19 23:25:05.924754+00
91	2	5	20	\N	DISPLAY	2012-09-19 23:25:05.924754+00
92	2	5	21	\N	DISPLAY	2012-09-19 23:25:05.924754+00
93	2	5	22	\N	DISPLAY	2012-09-19 23:25:05.924754+00
94	2	5	23	\N	DISPLAY	2012-09-19 23:25:05.924754+00
95	1	5	24	\N	DISPLAY	2012-09-19 23:25:05.924754+00
96	2	5	24	\N	DISPLAY	2012-09-19 23:25:05.924754+00
97	1	5	25	\N	DISPLAY	2012-09-19 23:25:05.924754+00
98	2	5	25	\N	DISPLAY	2012-09-19 23:25:05.924754+00
99	1	5	26	\N	DISPLAY	2012-09-19 23:25:05.924754+00
100	2	5	26	\N	DISPLAY	2012-09-19 23:25:05.924754+00
101	1	5	27	\N	DISPLAY	2012-09-19 23:25:05.924754+00
102	2	5	27	\N	DISPLAY	2012-09-19 23:25:05.924754+00
103	1	5	28	\N	DISPLAY	2012-09-19 23:25:05.924754+00
104	2	5	28	\N	DISPLAY	2012-09-19 23:25:05.924754+00
105	1	5	29	\N	DISPLAY	2012-09-19 23:25:05.924754+00
106	2	5	29	\N	DISPLAY	2012-09-19 23:25:05.924754+00
107	1	5	30	\N	DISPLAY	2012-09-19 23:25:05.924754+00
108	2	5	30	\N	DISPLAY	2012-09-19 23:25:05.924754+00
109	1	5	31	\N	DISPLAY	2012-09-19 23:25:05.924754+00
110	2	5	31	\N	DISPLAY	2012-09-19 23:25:05.924754+00
111	1	5	32	\N	DISPLAY	2012-09-19 23:25:05.924754+00
112	2	5	32	\N	DISPLAY	2012-09-19 23:25:05.924754+00
113	1	5	33	\N	DISPLAY	2012-09-19 23:25:05.924754+00
114	2	5	33	\N	DISPLAY	2012-09-19 23:25:05.924754+00
115	1	5	34	\N	DISPLAY	2012-09-19 23:25:05.924754+00
116	2	5	34	\N	DISPLAY	2012-09-19 23:25:05.924754+00
117	1	5	35	\N	DISPLAY	2012-09-19 23:25:05.924754+00
118	2	5	35	\N	DISPLAY	2012-09-19 23:25:05.924754+00
119	1	5	36	\N	DISPLAY	2012-09-19 23:25:05.924754+00
120	2	5	36	\N	DISPLAY	2012-09-19 23:25:05.924754+00
121	1	5	37	\N	DISPLAY	2012-09-19 23:25:05.924754+00
122	2	5	37	\N	DISPLAY	2012-09-19 23:25:05.924754+00
123	1	5	38	\N	DISPLAY	2012-09-19 23:25:05.924754+00
124	2	5	38	\N	DISPLAY	2012-09-19 23:25:05.924754+00
125	1	5	39	\N	DISPLAY	2012-09-19 23:25:05.924754+00
126	2	5	39	\N	DISPLAY	2012-09-19 23:25:05.924754+00
127	1	5	40	\N	DISPLAY	2012-09-19 23:25:05.924754+00
128	2	5	40	\N	DISPLAY	2012-09-19 23:25:05.924754+00
129	1	5	41	\N	DISPLAY	2012-09-19 23:25:05.924754+00
130	2	5	41	\N	DISPLAY	2012-09-19 23:25:05.924754+00
131	1	5	42	\N	DISPLAY	2012-09-19 23:25:05.924754+00
132	2	5	42	\N	DISPLAY	2012-09-19 23:25:05.924754+00
133	1	5	43	\N	DISPLAY	2012-09-19 23:25:05.924754+00
134	2	5	43	\N	DISPLAY	2012-09-19 23:25:05.924754+00
135	1	5	44	\N	DISPLAY	2012-09-19 23:25:05.924754+00
136	2	5	44	\N	DISPLAY	2012-09-19 23:25:05.924754+00
137	1	5	45	\N	DISPLAY	2012-09-19 23:25:05.924754+00
138	2	5	45	\N	DISPLAY	2012-09-19 23:25:05.924754+00
139	1	5	46	\N	DISPLAY	2012-09-19 23:25:05.924754+00
140	2	5	46	\N	DISPLAY	2012-09-19 23:25:05.924754+00
141	1	5	47	\N	DISPLAY	2012-09-19 23:25:05.924754+00
142	2	5	47	\N	DISPLAY	2012-09-19 23:25:05.924754+00
143	1	5	48	\N	DISPLAY	2012-09-19 23:25:05.924754+00
144	2	5	48	\N	DISPLAY	2012-09-19 23:25:05.924754+00
145	1	5	49	\N	DISPLAY	2012-09-19 23:25:05.924754+00
146	2	5	49	\N	DISPLAY	2012-09-19 23:25:05.924754+00
147	1	5	50	\N	DISPLAY	2012-09-19 23:25:05.924754+00
148	2	5	50	\N	DISPLAY	2012-09-19 23:25:05.924754+00
149	2	5	51	\N	DISPLAY	2012-09-19 23:25:05.924754+00
150	2	5	52	\N	DISPLAY	2012-09-19 23:25:05.924754+00
151	2	5	53	\N	DISPLAY	2012-09-19 23:25:05.924754+00
152	2	5	54	\N	DISPLAY	2012-09-19 23:25:05.924754+00
153	2	5	55	\N	DISPLAY	2012-09-19 23:25:05.924754+00
154	2	5	56	\N	DISPLAY	2012-09-19 23:25:05.924754+00
155	2	5	57	\N	DISPLAY	2012-09-19 23:25:05.924754+00
156	1	5	58	\N	DISPLAY	2013-11-07 18:00:17.778688+00
157	2	5	58	\N	DISPLAY	2013-11-07 18:00:17.778688+00
158	1	5	59	\N	DISPLAY	2013-11-07 18:00:17.778688+00
159	2	5	59	\N	DISPLAY	2013-11-07 18:00:17.778688+00
160	1	5	60	\N	DISPLAY	2013-11-07 18:00:17.778688+00
161	2	5	60	\N	DISPLAY	2013-11-07 18:00:17.778688+00
162	1	5	61	\N	DISPLAY	2013-11-07 18:00:17.778688+00
163	2	5	61	\N	DISPLAY	2013-11-07 18:00:17.778688+00
\.


--
-- Name: lab_order_item_seq; Type: SEQUENCE SET; Schema: clinlims; Owner: clinlims
--

SELECT pg_catalog.setval('lab_order_item_seq', 163, true);


--
-- Data for Name: lab_order_type; Type: TABLE DATA; Schema: clinlims; Owner: clinlims
--

COPY lab_order_type (id, domain, type, context, description, sort_order, lastupdated, display_key) FROM stdin;
1	HUMAN	HIV_firstVisit	samplePatientEntryPrimary	The first visit for an HIV patient	10	2012-06-01 22:10:58.46714+00	labOrder.hiv.inital
2	HUMAN	HIV_followupVisit	samplePatientEntryPrimary	The followup visit for an HIV patient	20	2012-06-01 22:10:58.46714+00	labOrder.hiv.followup
3	HUMAN	J15	samplePatientEntryPrimaryHIV_follow_up	The followup visit for an HIV patient by period	10	2012-06-05 23:56:27.143822+00	labOrder.hiv.followup.byPeriod.j15
4	HUMAN	M1	samplePatientEntryPrimaryHIV_follow_up	The followup visit for an HIV patient by period	20	2012-06-05 23:56:27.143822+00	labOrder.hiv.followup.byPeriod.m1
5	HUMAN	M3	samplePatientEntryPrimaryHIV_follow_up	The followup visit for an HIV patient by period	30	2012-06-05 23:56:27.143822+00	labOrder.hiv.followup.byPeriod.m3
6	HUMAN	M6	samplePatientEntryPrimaryHIV_follow_up	The followup visit for an HIV patient by period	40	2012-06-05 23:56:27.143822+00	labOrder.hiv.followup.byPeriod.m6
7	HUMAN	M12	samplePatientEntryPrimaryHIV_follow_up	The followup visit for an HIV patient by period	50	2012-06-05 23:56:27.143822+00	labOrder.hiv.followup.byPeriod.m12
8	HUMAN	other	samplePatientEntryPrimaryHIV_follow_up	The followup visit for an HIV patient by period	60	2012-06-05 23:56:27.143822+00	labOrder.hiv.followup.byPeriod.other
9	HUMAN	B1	samplePatientEntryPrimaryHIV_initial	The initial visit for an HIV patient by period	10	2012-06-11 16:33:46.975825+00	labOrder.hiv.followup.byPeriod.b1
10	HUMAN	J0	samplePatientEntryPrimaryHIV_initial	The initial visit for an HIV patient by period	20	2012-06-11 16:33:46.975825+00	labOrder.hiv.followup.byPeriod.j0
11	HUMAN	other	samplePatientEntryPrimaryHIV_initial	The initial visit for an HIV patient by period	30	2012-06-11 16:33:46.975825+00	labOrder.hiv.followup.byPeriod.other
\.


--
-- Name: lab_order_type_seq; Type: SEQUENCE SET; Schema: clinlims; Owner: clinlims
--

SELECT pg_catalog.setval('lab_order_type_seq', 11, true);


--
-- Data for Name: label; Type: TABLE DATA; Schema: clinlims; Owner: clinlims
--

COPY label (id, name, description, printer_type, scriptlet_id, lastupdated) FROM stdin;
62	MOLECULAR EPI - TEST	TEST LABEL FOR MOLECULAR EPIDEMIOLOGY	P	13	2008-05-01 21:25:56.575
65	labelname1	labeldescr1	P	12	2006-11-20 15:31:47
68	testa	test	t	11	2006-12-13 10:06:03.873
69	testb	test	t	12	2006-12-13 10:05:58.435
70	testc	test	t	12	2006-12-13 10:05:43.107
60	Diane Test	Diane Test	P	11	2008-05-01 21:26:17.387
61	VIROLOGY-TEST	TEST LABELS FOR VIROLOGY	P	12	2006-09-07 08:06:40
71	12	12	1	11	2006-12-13 10:56:53.37
67	test	test	t	12	2006-12-13 10:05:04.56
64	NO LABEL	NO LABEL	P	\N	2006-10-25 08:09:35
66	Label Name 2	Label Desc 2	P	13	2008-05-05 23:13:30.414
1	aaa	aaa	\N	\N	2007-10-11 09:33:32.059
2	a	a	\N	\N	2007-10-10 16:45:24.842
\.


--
-- Name: label_seq; Type: SEQUENCE SET; Schema: clinlims; Owner: clinlims
--

SELECT pg_catalog.setval('label_seq', 3, false);


--
-- Data for Name: login_user; Type: TABLE DATA; Schema: clinlims; Owner: clinlims
--

COPY login_user (id, login_name, password, password_expired_dt, account_locked, account_disabled, is_admin, user_time_out) FROM stdin;
1	admin	n2OrWHXVm/BQsgd1YZJoCA==	2020-04-02	N	N	Y	220
\.


--
-- Name: login_user_seq; Type: SEQUENCE SET; Schema: clinlims; Owner: clinlims
--

SELECT pg_catalog.setval('login_user_seq', 133, true);


--
-- Data for Name: menu; Type: TABLE DATA; Schema: clinlims; Owner: clinlims
--

COPY menu (id, parent_id, presentation_order, element_id, action_url, click_action, display_key, tool_tip_key, new_window) FROM stdin;
1	\N	1	menu_home	/Dashboard.do	\N	banner.menu.home	tooltip.bannner.menu.home	f
2	\N	2	menu_sample	\N	\N	banner.menu.register	bannner.menu.register	f
3	2	1	menu_sample_add	/SamplePatientEntry.do	\N	banner.menu.register.create	bannner.menu.register.create	f
4	2	3	menu_sample_confirmation	/SampleConfirmationEntry.do	\N	banner.menu.sample.confirmation.add	tooltip.banner.menu.sample.confirmation.add	f
5	2	4	menu_sample_edit	/SampleEdit.do?type=readwrite	\N	banner.menu.sampleEdit	tooltip.banner.menu.sampleEdit	f
6	\N	3	menu_patient	\N	\N	banner.menu.patient	tooltip.bannner.menu.patient	f
7	6	1	menu_patient_add_or_edit	/PatientManagement.do	\N	banner.menu.patient.addOrEdit	tooltip.banner.menu.patient.addOrEdit	f
8	\N	4	menu_nonconformity	/NonConformity.do	\N	banner.menu.nonconformity	tooltip.banner.menu.nonconformity	f
9	\N	5	menu_workplan	\N	\N	banner.menu.workplan	tooltip.bannner.menu.workplan	f
10	9	1	menu_workplan_test	/WorkPlanByTest.do?type=test	\N	banner.menu.workplan.test	tooltip.bannner.menu.workplan.test	f
11	9	2	menu_workplan_panel	/WorkPlanByPanel.do?type=panel	\N	banner.menu.workplan.panel	tooltip.bannner.menu.workplan.panel	f
12	9	3	menu_workplan_bench	\N	\N	banner.menu.workplan.bench	tooltip.bannner.menu.workplan.bench	f
13	12	20	menu_workplan_hemato-immunology	/WorkPlanByTestSection.do?type=hemato-immunology	\N	banner.menu.results.logbook.hemato-immunology	tooltip.banner.menu.results.logbook.hemato-immunology	f
14	12	30	menu_workplan_biochemistry	/WorkPlanByTestSection.do?type=biochemistry	\N	banner.menu.workplan.Biochemistry	tooltip.bannner.menu.workplan.Biochemistry	f
15	12	40	menu_workplan_hematology	/WorkPlanByTestSection.do?type=hematology	\N	banner.menu.workplan.Hematology	banner.menu.workplan.Hematology	f
16	12	10	menu_workplan_serology	/WorkPlanByTestSection.do?type=serology-immunology	\N	banner.menu.workplan.Serology	banner.menu.workplan.Serology	f
17	\N	6	menu_results	\N	\N	banner.menu.results	tooltip.bannner.menu.results	f
18	17	1	menu_results_logbook	\N	\N	banner.menu.results.logbook	tooltip.banner.menu.results.logbook	f
19	18	20	menu_results_hemato-immunology	/LogbookResults.do?type=hemato-immunology	\N	banner.menu.results.logbook.hemato-immunology	banner.menu.results.logbook.hemato-immunology	f
20	18	30	menu_results_biochemistry	/LogbookResults.do?type=biochemistry	\N	banner.menu.results.logbook.biochemistry	banner.menu.results.logbook.biochemistry	f
21	18	40	menu_results_hematology	/LogbookResults.do?type=hematology	\N	banner.menu.results.logbook.hemato	banner.menu.results.logbook.hemato	f
22	18	10	menu_results_serology	/LogbookResults.do?type=serolo-immunology	\N	banner.menu.results.logbook.serology	banner.menu.results.logbook.serology	f
23	17	2	menu_results_search	\N	\N	banner.menu.results.search	tooltip.banner.menu.results.search	f
24	23	1	menu_results_patient	/PatientResults.do	\N	banner.menu.results.patient	tooltip.banner.menu.results.patient	f
25	23	2	menu_results_accession	/AccessionResults.do	\N	banner.menu.results.accession	tooltip.banner.menu.results.accession	f
26	23	3	menu_results_status	/StatusResults.do?blank=true	\N	banner.menu.results.status	tooltip.banner.menu.results.status	f
27	17	3	menu_results_referred	/ReferredOutTests.do	\N	banner.menu.referredOut	tooltip.banner.menu.referredOut	f
28	\N	7	menu_resultvalidation	\N	\N	banner.menu.resultvalidation	tooltip.banner.menu.resultvalidation	f
29	28	20	menu_resultvalidation_hemato-immunology	/ResultValidation.do?type=Hemto-Immunology&test=	\N	banner.menu.resultvalidation.hemato-immunology	banner.menu.resultvalidation.hemato-immunology	f
30	28	30	menu_resultvalidation_biochemistry	/ResultValidation.do?type=biochemistry&test=	\N	banner.menu.resultvalidation.biochemistry	banner.menu.resultvalidation.biochemistry	f
31	28	40	menu_resultvalidation_hematology	/ResultValidation.do?type=hematology&test=	\N	banner.menu.resultvalidation.hematology	tooltip.banner.menu.resultvalidation.hematology	f
32	28	10	menu_resultvalidation_serology	/ResultValidation.do?type=Serology-Immunology&test=	\N	banner.menu.resultvalidation.serology	banner.menu.resultvalidation.serology	f
33	\N	8	menu_reports	\N	\N	banner.menu.reports	tooltip.banner.menu.reports	f
34	33	1	menu_reports_status	\N	\N	openreports.statusreports.title	tooltip.openreports.statusreports.title	f
35	34	1	menu_reports_status_patient	/Report.do?type=patient&report=patientCILNSP	\N	openreports.patientTestStatus	tooltip.openreports.patientTestStatus	f
36	33	2	menu_reports_aggregate	\N	\N	openreports.aggregate.title	tooltip.openreports.aggregate.title	f
37	36	1	menu_reports_aggregate_hiv	/Report.do?type=indicator&report=indicatorCDILNSPHIV	\N	openreports.hiv.aggregate	tooltip.openreports.hiv.aggregate	f
38	36	2	menu_reports_aggregate_all	/Report.do?type=indicator&report=indicatorHaitiLNSPAllTests	\N	openreports.all.tests.aggregate	tooltip.openreports.all.tests.aggregate	f
39	36	3	menu_reports_confirmation	/Report.do?type=indicator&report=indicatorConfirmation	\N	report.confirmation	tooltip.report.confirmation	f
40	36	4	menu_reports_validation_backlog	/ReportPrint.do?type=indicator&report=validationBacklog	\N	banner.menu.report.validation.backlog	banner.menu.report.validation.backlog	t
41	33	3	menu_reports_nonconformity	\N	\N	reports.nonConformity.menu	tooltip.reports.nonConformity.menu	f
42	41	1	menu_reports_nonconformity_date	/Report.do?type=patient&report=haitiNonConformityByDate	\N	reports.nonConformity.byDate.report	tooltip.reports.nonConformity.byDate.report	f
43	41	2	menu_reports_nonconformity_section	/Report.do?type=patient&report=haitiNonConformityBySectionReason	\N	reports.nonConformity.bySectionReason.report	tooltip.reports.nonConformity.bySectionReason.report	f
44	33	4	menu_reports_referred	/Report.do?type=patient&report=referredOut	\N	reports.label.referred.out	tooltip.reports.label.referred.out	f
45	33	5	menu_reports_auditTrail	/AuditTrailReport.do	\N	reports.auditTrail	reports.auditTrail	f
46	\N	9	menu_administration	/MasterListsPage.do	\N	banner.menu.administration	tooltip.banner.menu.administration	f
47	\N	10	menu_help	/documentation/CILNSP_fr.pdf	\N	banner.menu.help	tooltip.banner.menu.help	t
\.


--
-- Name: menu_seq; Type: SEQUENCE SET; Schema: clinlims; Owner: clinlims
--

SELECT pg_catalog.setval('menu_seq', 47, true);


--
-- Data for Name: message_org; Type: TABLE DATA; Schema: clinlims; Owner: clinlims
--

COPY message_org (id, org_id, is_active, active_begin, active_end, description, lastupdated) FROM stdin;
25	1956	Y	2007-03-07 00:00:00	\N	COLORADO	2007-03-07 15:21:05.819
21	2133	Y	2007-03-07 00:00:00	\N	CDC	2007-03-07 15:19:35.712
22	2294	Y	2007-03-07 00:00:00	\N	IOWA	2007-03-07 15:19:56.455
23	2015	Y	2007-03-07 00:00:00	\N	CALIFORNIA	2007-03-07 15:25:42.987
24	2296	Y	2007-03-07 00:00:00	\N	NEBRASKA	2007-03-07 15:20:35.645
\.


--
-- Name: message_org_seq; Type: SEQUENCE SET; Schema: clinlims; Owner: clinlims
--

SELECT pg_catalog.setval('message_org_seq', 41, false);


--
-- Name: messagecontrolidseq; Type: SEQUENCE SET; Schema: clinlims; Owner: clinlims
--

SELECT pg_catalog.setval('messagecontrolidseq', 1, false);


--
-- Data for Name: method; Type: TABLE DATA; Schema: clinlims; Owner: clinlims
--

COPY method (id, name, description, reporting_description, is_active, active_begin, active_end, lastupdated) FROM stdin;
1	EIA 	Enzyme-linked immunoassay	EIA 	Y	2007-04-24 00:00:00	\N	2007-04-24 13:46:47.063
31	PCR	Polymerase Chain Reaction	\N	Y	2006-09-18 00:00:00	\N	2006-09-29 14:32:51
32	STAIN	Stain	\N	Y	2006-09-29 00:00:00	\N	2006-09-29 14:32:57
33	CULTURE	Culture	\N	Y	2006-09-29 00:00:00	\N	2006-11-01 08:10:49.606
34	PROBE	Probe	\N	Y	2006-09-29 00:00:00	\N	2006-09-29 14:33:05
35	BIOCHEMICAL	Biochemical	\N	Y	2006-09-29 00:00:00	\N	2006-11-08 09:16:24.377
27	Diane Test	Diane Test	\N	Y	2006-09-06 00:00:00	\N	2006-10-23 15:35:39.534
36	HPLC	High Pressure Liquid Chromatography	\N	Y	2006-09-29 00:00:00	\N	2006-09-29 14:31:50
37	DNA SEQUENCING	DNA Sequencing	\N	Y	2006-09-29 00:00:00	\N	2006-10-23 15:35:40.691
3	AUTO	Automated (Haiti)		Y	2009-02-24 00:00:00	\N	2009-02-24 16:26:17.507
4	MANUAL	test done manually (Haiti)		Y	2009-02-24 00:00:00	\N	2009-02-24 16:26:47.604
5	HIV_TEST_KIT	Uses Hiv test kit		Y	2009-03-05 00:00:00	\N	2009-03-05 14:26:19.46
6	SYPHILIS_TEST_KIT	Test kit for syphilis		Y	2009-03-05 00:00:00	\N	2009-03-05 14:28:11.61
\.


--
-- Data for Name: method_analyte; Type: TABLE DATA; Schema: clinlims; Owner: clinlims
--

COPY method_analyte (id, method_id, analyte_id, result_group, sort_order, ma_type) FROM stdin;
\.


--
-- Data for Name: method_result; Type: TABLE DATA; Schema: clinlims; Owner: clinlims
--

COPY method_result (id, scrip_id, result_group, flags, methres_type, value, quant_limit, cont_level, method_id) FROM stdin;
\.


--
-- Name: method_seq; Type: SEQUENCE SET; Schema: clinlims; Owner: clinlims
--

SELECT pg_catalog.setval('method_seq', 6, true);


--
-- Data for Name: mls_lab_type; Type: TABLE DATA; Schema: clinlims; Owner: clinlims
--

COPY mls_lab_type (id, description, org_mlt_org_mlt_id) FROM stdin;
\.


--
-- Data for Name: note; Type: TABLE DATA; Schema: clinlims; Owner: clinlims
--

COPY note (id, sys_user_id, reference_id, reference_table, note_type, subject, text, lastupdated) FROM stdin;
\.


--
-- Name: note_seq; Type: SEQUENCE SET; Schema: clinlims; Owner: clinlims
--

SELECT pg_catalog.setval('note_seq', 1, false);


--
-- Data for Name: observation_history; Type: TABLE DATA; Schema: clinlims; Owner: clinlims
--

COPY observation_history (id, patient_id, sample_id, observation_history_type_id, value_type, value, lastupdated, sample_item_id) FROM stdin;
\.


--
-- Name: observation_history_seq; Type: SEQUENCE SET; Schema: clinlims; Owner: clinlims
--

SELECT pg_catalog.setval('observation_history_seq', 227, true);


--
-- Data for Name: observation_history_type; Type: TABLE DATA; Schema: clinlims; Owner: clinlims
--

COPY observation_history_type (id, type_name, description, lastupdated) FROM stdin;
1	initialSampleCondition	The condition of the sample when it was delievered to the lab	2011-02-16 22:48:45.08403+00
2	paymentStatus	The payment status of the patient	2012-03-13 22:32:16.615986+00
3	requestDate	When the order was requested	2012-06-11 16:33:46.997733+00
4	nextVisitDate	When the patient should return	2012-06-11 16:33:46.997733+00
5	referringSite	Non-lab referring organization	2012-06-11 16:33:46.997733+00
6	primaryOrderType	What kind of order is this	2012-06-11 16:33:46.997733+00
7	secondaryOrderType	The sub order kind	2012-06-11 16:33:46.997733+00
8	otherSecondaryOrderType	The sub order kind	2012-06-11 16:33:46.997733+00
\.


--
-- Name: observation_history_type_seq; Type: SEQUENCE SET; Schema: clinlims; Owner: clinlims
--

SELECT pg_catalog.setval('observation_history_type_seq', 8, true);


--
-- Data for Name: occupation; Type: TABLE DATA; Schema: clinlims; Owner: clinlims
--

COPY occupation (id, occupation, lastupdated) FROM stdin;
\.


--
-- Name: occupation_seq; Type: SEQUENCE SET; Schema: clinlims; Owner: clinlims
--

SELECT pg_catalog.setval('occupation_seq', 1, false);


--
-- Data for Name: or_properties; Type: TABLE DATA; Schema: clinlims; Owner: clinlims
--

COPY or_properties (property_id, property_key, property_value) FROM stdin;
1870	base.directory	/usr/share/tomcat5.5/webapps/openreports/reports/
1871	temp.directory	/usr/share/tomcat5.5/webapps/openreports/temp/
1872	report.generation.directory	/usr/share/tomcat5.5/webapps/openreports/generatedreports/
1873	date.format	dd/MM/yyyy
1874	mail.auth.password	barLAC28
1875	mail.auth.user	admin
1876	mail.smtp.auth	false
1877	mail.smtp.host	
1878	xmla.catalog	
1879	xmla.datasource	
1880	xmla.uri	
\.


--
-- Data for Name: or_tags; Type: TABLE DATA; Schema: clinlims; Owner: clinlims
--

COPY or_tags (tag_id, tagged_object_id, tagged_object_class, tag_value, tag_type) FROM stdin;
\.


--
-- Data for Name: order_item; Type: TABLE DATA; Schema: clinlims; Owner: clinlims
--

COPY order_item (id, ord_id, quantity_requested, quantity_received, inv_loc_id) FROM stdin;
\.


--
-- Data for Name: orders; Type: TABLE DATA; Schema: clinlims; Owner: clinlims
--

COPY orders (id, org_id, sys_user_id, ordered_date, neededby_date, requested_by, cost_center, shipping_type, shipping_carrier, shipping_cost, delivered_date, is_external, external_order_number, is_filled) FROM stdin;
\.


--
-- Data for Name: org_hl7_encoding_type; Type: TABLE DATA; Schema: clinlims; Owner: clinlims
--

COPY org_hl7_encoding_type (organization_id, encoding_type_id, lastupdated) FROM stdin;
\.


--
-- Data for Name: org_mls_lab_type; Type: TABLE DATA; Schema: clinlims; Owner: clinlims
--

COPY org_mls_lab_type (org_id, mls_lab_id, org_mlt_id) FROM stdin;
\.


--
-- Data for Name: organization; Type: TABLE DATA; Schema: clinlims; Owner: clinlims
--

COPY organization (id, name, city, zip_code, mls_sentinel_lab_flag, org_mlt_org_mlt_id, org_id, short_name, multiple_unit, street_address, state, internet_address, clia_num, pws_id, lastupdated, mls_lab_flag, is_active, local_abbrev, code) FROM stdin;
7	Inconnu		\N	N	\N	\N				MN		\N	\N	2011-02-25 11:19:16.449	N	Y	\N	\N
3	CI	Seattle	98103	N	\N	\N			DNA	WA			\N	2008-11-20 13:48:42.141	N	Y	22	\N
1329	AGNEBY-TIASSA-ME	\N	\N	N	\N	\N	1	\N	\N	\N	\N	\N	\N	2012-06-05 16:56:26.981998	\N	Y	\N	\N
1336	GBOKLE-NAWA-SAN PDRO	\N	\N	N	\N	\N	2	\N	\N	\N	\N	\N	\N	2012-06-05 16:56:26.981998	\N	Y	\N	\N
1394	NZI-IFOU	\N	\N	N	\N	\N	12	\N	\N	\N	\N	\N	\N	2012-06-05 16:56:26.981998	\N	Y	\N	\N
1436	PROJECT RETROCI	\N	\N	N	\N	\N	\N	\N	\N	\N	\N	\N	\N	2012-06-20 13:28:12.485542	\N	Y	\N	\N
1342	KABADOUGOU-BAFIN-FOLON	\N	\N	N	\N	\N	3	\N	\N	\N	\N	\N	\N	2012-06-05 16:56:26.981998	\N	Y	\N	\N
1345	HAUT SASSANDRA	\N	\N	N	\N	\N	4	\N	\N	\N	\N	\N	\N	2012-06-05 16:56:26.981998	\N	Y	\N	\N
1349	GOH	\N	\N	N	\N	\N	5	\N	\N	\N	\N	\N	\N	2012-06-05 16:56:26.981998	\N	Y	\N	\N
1352	BELIER	\N	\N	N	\N	\N	6	\N	\N	\N	\N	\N	\N	2012-06-05 16:56:26.981998	\N	Y	\N	\N
1357	ABIDJAN 1-GRANDS PONTS	\N	\N	N	\N	\N	7	\N	\N	\N	\N	\N	\N	2012-06-05 16:56:26.981998	\N	Y	\N	\N
1367	ABIDJAN 2	\N	\N	N	\N	\N	8	\N	\N	\N	\N	\N	\N	2012-06-05 16:56:26.981998	\N	Y	\N	\N
1378	MARAHOUE	\N	\N	N	\N	\N	9	\N	\N	\N	\N	\N	\N	2012-06-05 16:56:26.981998	\N	Y	\N	\N
1382	TONPKI	\N	\N	N	\N	\N	10	\N	\N	\N	\N	\N	\N	2012-06-05 16:56:26.981998	\N	Y	\N	\N
1387	CAVALLY-GUEMON	\N	\N	N	\N	\N	11	\N	\N	\N	\N	\N	\N	2012-06-05 16:56:26.981998	\N	Y	\N	\N
1401	INDENIE-DJUABLIN	\N	\N	N	\N	\N	13	\N	\N	\N	\N	\N	\N	2012-06-05 16:56:26.981998	\N	Y	\N	\N
1405	PORO-TCHOLOGO-BAGOUE	\N	\N	N	\N	\N	14	\N	\N	\N	\N	\N	\N	2012-06-05 16:56:26.981998	\N	Y	\N	\N
1417	GBK	\N	\N	N	\N	\N	17	\N	\N	\N	\N	\N	\N	2012-06-05 16:56:26.981998	\N	Y	\N	\N
1399	MBAHIAKRO	\N	\N	N	\N	1394	12.5	\N	\N	\N	\N	\N	\N	2012-06-05 16:56:26.981998	\N	Y	\N	\N
1410	LOH-DJIBOUA	\N	\N	N	\N	\N	15	\N	\N	\N	\N	\N	\N	2012-06-05 16:56:26.981998	\N	Y	\N	\N
1413	SUD-COMOE	\N	\N	N	\N	\N	16	\N	\N	\N	\N	\N	\N	2012-06-05 16:56:26.981998	\N	Y	\N	\N
1423	HAMBOL	\N	\N	N	\N	\N	18	\N	\N	\N	\N	\N	\N	2012-06-05 16:56:26.981998	\N	Y	\N	\N
1427	WORODOUGOU-BERE	\N	\N	N	\N	\N	19	\N	\N	\N	\N	\N	\N	2012-06-05 16:56:26.981998	\N	Y	\N	\N
1430	BOUNKANI-GONTOUGO	\N	\N	N	\N	\N	20	\N	\N	\N	\N	\N	\N	2012-06-05 16:56:26.981998	\N	Y	\N	\N
1330	ADZOPE	\N	\N	N	\N	1329	1.1	\N	\N	\N	\N	\N	\N	2012-06-05 16:56:26.981998	\N	Y	\N	\N
1331	AGBOVILLE	\N	\N	N	\N	1329	1.2	\N	\N	\N	\N	\N	\N	2012-06-05 16:56:26.981998	\N	Y	\N	\N
1332	AKOUPE	\N	\N	N	\N	1329	1.3	\N	\N	\N	\N	\N	\N	2012-06-05 16:56:26.981998	\N	Y	\N	\N
1333	ALEPE	\N	\N	N	\N	1329	1.4	\N	\N	\N	\N	\N	\N	2012-06-05 16:56:26.981998	\N	Y	\N	\N
1334	SIKENSI	\N	\N	N	\N	1329	1.5	\N	\N	\N	\N	\N	\N	2012-06-05 16:56:26.981998	\N	Y	\N	\N
1335	TIASSALE	\N	\N	N	\N	1329	1.6	\N	\N	\N	\N	\N	\N	2012-06-05 16:56:26.981998	\N	Y	\N	\N
1337	SAN-PEDRO	\N	\N	N	\N	1336	2.1	\N	\N	\N	\N	\N	\N	2012-06-05 16:56:26.981998	\N	Y	\N	\N
1338	TABOU	\N	\N	N	\N	1336	2.2	\N	\N	\N	\N	\N	\N	2012-06-05 16:56:26.981998	\N	Y	\N	\N
1339	SOUBRE	\N	\N	N	\N	1336	2.3	\N	\N	\N	\N	\N	\N	2012-06-05 16:56:26.981998	\N	Y	\N	\N
1340	SASSANDRA	\N	\N	N	\N	1336	2.4	\N	\N	\N	\N	\N	\N	2012-06-05 16:56:26.981998	\N	Y	\N	\N
1341	GUEYO	\N	\N	N	\N	1336	2.5	\N	\N	\N	\N	\N	\N	2012-06-05 16:56:26.981998	\N	Y	\N	\N
1343	ODIENNE	\N	\N	N	\N	1342	3.1	\N	\N	\N	\N	\N	\N	2012-06-05 16:56:26.981998	\N	Y	\N	\N
1344	TOUBA	\N	\N	N	\N	1342	3.2	\N	\N	\N	\N	\N	\N	2012-06-05 16:56:26.981998	\N	Y	\N	\N
1346	DALOA	\N	\N	N	\N	1345	4.1	\N	\N	\N	\N	\N	\N	2012-06-05 16:56:26.981998	\N	Y	\N	\N
1347	VAVOUA	\N	\N	N	\N	1345	4.2	\N	\N	\N	\N	\N	\N	2012-06-05 16:56:26.981998	\N	Y	\N	\N
1348	ISSIA	\N	\N	N	\N	1345	4.3	\N	\N	\N	\N	\N	\N	2012-06-05 16:56:26.981998	\N	Y	\N	\N
1350	GAGNOA	\N	\N	N	\N	1349	5.1	\N	\N	\N	\N	\N	\N	2012-06-05 16:56:26.981998	\N	Y	\N	\N
1351	OUME	\N	\N	N	\N	1349	5.2	\N	\N	\N	\N	\N	\N	2012-06-05 16:56:26.981998	\N	Y	\N	\N
1353	YAMOUSSOUKRO	\N	\N	N	\N	1352	6.1	\N	\N	\N	\N	\N	\N	2012-06-05 16:56:26.981998	\N	Y	\N	\N
1354	TIEBISSOU	\N	\N	N	\N	1352	6.2	\N	\N	\N	\N	\N	\N	2012-06-05 16:56:26.981998	\N	Y	\N	\N
1355	TOUMODI	\N	\N	N	\N	1352	6.3	\N	\N	\N	\N	\N	\N	2012-06-05 16:56:26.981998	\N	Y	\N	\N
1356	DIDIEVI	\N	\N	N	\N	1352	6.4	\N	\N	\N	\N	\N	\N	2012-06-05 16:56:26.981998	\N	Y	\N	\N
1358	ADJAME	\N	\N	N	\N	1357	7.1	\N	\N	\N	\N	\N	\N	2012-06-05 16:56:26.981998	\N	Y	\N	\N
1359	PLATEAU	\N	\N	N	\N	1357	7.2	\N	\N	\N	\N	\N	\N	2012-06-05 16:56:26.981998	\N	Y	\N	\N
1360	ATTECOUBE	\N	\N	N	\N	1357	7.3	\N	\N	\N	\N	\N	\N	2012-06-05 16:56:26.981998	\N	Y	\N	\N
1361	YOUPOUGON EST	\N	\N	N	\N	1357	7.4	\N	\N	\N	\N	\N	\N	2012-06-05 16:56:26.981998	\N	Y	\N	\N
1362	YOPOUGON OUST	\N	\N	N	\N	1357	7.5	\N	\N	\N	\N	\N	\N	2012-06-05 16:56:26.981998	\N	Y	\N	\N
1363	SONGON	\N	\N	N	\N	1357	7.6	\N	\N	\N	\N	\N	\N	2012-06-05 16:56:26.981998	\N	Y	\N	\N
1364	DABOU	\N	\N	N	\N	1357	7.7	\N	\N	\N	\N	\N	\N	2012-06-05 16:56:26.981998	\N	Y	\N	\N
1365	JACQUEVILLE	\N	\N	N	\N	1357	7.8	\N	\N	\N	\N	\N	\N	2012-06-05 16:56:26.981998	\N	Y	\N	\N
1366	GRAND-LAHOU	\N	\N	N	\N	1357	7.9	\N	\N	\N	\N	\N	\N	2012-06-05 16:56:26.981998	\N	Y	\N	\N
1368	TREICHVILLE	\N	\N	N	\N	1367	8.1	\N	\N	\N	\N	\N	\N	2012-06-05 16:56:26.981998	\N	Y	\N	\N
1369	MARCORY	\N	\N	N	\N	1367	8.2	\N	\N	\N	\N	\N	\N	2012-06-05 16:56:26.981998	\N	Y	\N	\N
1370	KOUMASSI	\N	\N	N	\N	1367	8.3	\N	\N	\N	\N	\N	\N	2012-06-05 16:56:26.981998	\N	Y	\N	\N
1371	PORT-BOUET	\N	\N	N	\N	1367	8.4	\N	\N	\N	\N	\N	\N	2012-06-05 16:56:26.981998	\N	Y	\N	\N
1372	VRIDI	\N	\N	N	\N	1367	8.5	\N	\N	\N	\N	\N	\N	2012-06-05 16:56:26.981998	\N	Y	\N	\N
1373	COCODY	\N	\N	N	\N	1367	8.6	\N	\N	\N	\N	\N	\N	2012-06-05 16:56:26.981998	\N	Y	\N	\N
1374	BINGERVILLE	\N	\N	N	\N	1367	8.7	\N	\N	\N	\N	\N	\N	2012-06-05 16:56:26.981998	\N	Y	\N	\N
1375	ABOBO EST	\N	\N	N	\N	1367	8.8	\N	\N	\N	\N	\N	\N	2012-06-05 16:56:26.981998	\N	Y	\N	\N
1376	ABOBO OUEST	\N	\N	N	\N	1367	8.9	\N	\N	\N	\N	\N	\N	2012-06-05 16:56:26.981998	\N	Y	\N	\N
1377	ANYAMA	\N	\N	N	\N	1367	8.10	\N	\N	\N	\N	\N	\N	2012-06-05 16:56:26.981998	\N	Y	\N	\N
1379	BOUAFLE	\N	\N	N	\N	1378	9.1	\N	\N	\N	\N	\N	\N	2012-06-05 16:56:26.981998	\N	Y	\N	\N
1380	SINFRA	\N	\N	N	\N	1378	9.2	\N	\N	\N	\N	\N	\N	2012-06-05 16:56:26.981998	\N	Y	\N	\N
1381	ZUENOULA	\N	\N	N	\N	1378	9.3	\N	\N	\N	\N	\N	\N	2012-06-05 16:56:26.981998	\N	Y	\N	\N
1383	MAN	\N	\N	N	\N	1382	10.1	\N	\N	\N	\N	\N	\N	2012-06-05 16:56:26.981998	\N	Y	\N	\N
1384	BIANKOUMAN	\N	\N	N	\N	1382	10.2	\N	\N	\N	\N	\N	\N	2012-06-05 16:56:26.981998	\N	Y	\N	\N
1385	DANANE	\N	\N	N	\N	1382	10.3	\N	\N	\N	\N	\N	\N	2012-06-05 16:56:26.981998	\N	Y	\N	\N
1386	ZOUAN-HOUNIEN	\N	\N	N	\N	1382	10.4	\N	\N	\N	\N	\N	\N	2012-06-05 16:56:26.981998	\N	Y	\N	\N
1388	GUIGLO	\N	\N	N	\N	1387	11.1	\N	\N	\N	\N	\N	\N	2012-06-05 16:56:26.981998	\N	Y	\N	\N
1389	TOULEUPLEU	\N	\N	N	\N	1387	11.2	\N	\N	\N	\N	\N	\N	2012-06-05 16:56:26.981998	\N	Y	\N	\N
1390	DUEKOUE	\N	\N	N	\N	1387	11.3	\N	\N	\N	\N	\N	\N	2012-06-05 16:56:26.981998	\N	Y	\N	\N
1391	BLOLEQUIN	\N	\N	N	\N	1387	11.4	\N	\N	\N	\N	\N	\N	2012-06-05 16:56:26.981998	\N	Y	\N	\N
1392	BANGOLO	\N	\N	N	\N	1387	11.5	\N	\N	\N	\N	\N	\N	2012-06-05 16:56:26.981998	\N	Y	\N	\N
1393	KOUIBLY	\N	\N	N	\N	1387	11.6	\N	\N	\N	\N	\N	\N	2012-06-05 16:56:26.981998	\N	Y	\N	\N
1395	DIMBOKRO	\N	\N	N	\N	1394	12.1	\N	\N	\N	\N	\N	\N	2012-06-05 16:56:26.981998	\N	Y	\N	\N
1396	BOCANDA	\N	\N	N	\N	1394	12.2	\N	\N	\N	\N	\N	\N	2012-06-05 16:56:26.981998	\N	Y	\N	\N
1397	BONGOUANOU	\N	\N	N	\N	1394	12.3	\N	\N	\N	\N	\N	\N	2012-06-05 16:56:26.981998	\N	Y	\N	\N
1398	DAOUKRO	\N	\N	N	\N	1394	12.4	\N	\N	\N	\N	\N	\N	2012-06-05 16:56:26.981998	\N	Y	\N	\N
1400	PRIKRO	\N	\N	N	\N	1394	12.6	\N	\N	\N	\N	\N	\N	2012-06-05 16:56:26.981998	\N	Y	\N	\N
1402	ABENGOUROU	\N	\N	N	\N	1401	13.1	\N	\N	\N	\N	\N	\N	2012-06-05 16:56:26.981998	\N	Y	\N	\N
1403	AGNIBILEKRO	\N	\N	N	\N	1401	13.2	\N	\N	\N	\N	\N	\N	2012-06-05 16:56:26.981998	\N	Y	\N	\N
1404	BETTIE	\N	\N	N	\N	1401	13.3	\N	\N	\N	\N	\N	\N	2012-06-05 16:56:26.981998	\N	Y	\N	\N
1406	KORHOGO	\N	\N	N	\N	1405	14.1	\N	\N	\N	\N	\N	\N	2012-06-05 16:56:26.981998	\N	Y	\N	\N
1407	BOUDIALI	\N	\N	N	\N	1405	14.2	\N	\N	\N	\N	\N	\N	2012-06-05 16:56:26.981998	\N	Y	\N	\N
1408	FERKESSEDOUGOU	\N	\N	N	\N	1405	14.3	\N	\N	\N	\N	\N	\N	2012-06-05 16:56:26.981998	\N	Y	\N	\N
1409	TENGRELA	\N	\N	N	\N	1405	14.4	\N	\N	\N	\N	\N	\N	2012-06-05 16:56:26.981998	\N	Y	\N	\N
1411	DIVO	\N	\N	N	\N	1410	15.1	\N	\N	\N	\N	\N	\N	2012-06-05 16:56:26.981998	\N	Y	\N	\N
1412	LAKOTA	\N	\N	N	\N	1410	15.2	\N	\N	\N	\N	\N	\N	2012-06-05 16:56:26.981998	\N	Y	\N	\N
1414	ABOISSO	\N	\N	N	\N	1413	16.1	\N	\N	\N	\N	\N	\N	2012-06-05 16:56:26.981998	\N	Y	\N	\N
1415	ADIAKE	\N	\N	N	\N	1413	16.2	\N	\N	\N	\N	\N	\N	2012-06-05 16:56:26.981998	\N	Y	\N	\N
1416	GRAND-BASSAM	\N	\N	N	\N	1413	16.3	\N	\N	\N	\N	\N	\N	2012-06-05 16:56:26.981998	\N	Y	\N	\N
1418	BOUAKE NORD-OUEST	\N	\N	N	\N	1417	17.1	\N	\N	\N	\N	\N	\N	2012-06-05 16:56:26.981998	\N	Y	\N	\N
1419	BOUAKE NORD-EST	\N	\N	N	\N	1417	17.2	\N	\N	\N	\N	\N	\N	2012-06-05 16:56:26.981998	\N	Y	\N	\N
1420	BOUAKE SUD	\N	\N	N	\N	1417	17.3	\N	\N	\N	\N	\N	\N	2012-06-05 16:56:26.981998	\N	Y	\N	\N
1421	SAKASSOU	\N	\N	N	\N	1417	17.4	\N	\N	\N	\N	\N	\N	2012-06-05 16:56:26.981998	\N	Y	\N	\N
1422	BEOUMI	\N	\N	N	\N	1417	17.5	\N	\N	\N	\N	\N	\N	2012-06-05 16:56:26.981998	\N	Y	\N	\N
1424	DABAKALA	\N	\N	N	\N	1423	18.1	\N	\N	\N	\N	\N	\N	2012-06-05 16:56:26.981998	\N	Y	\N	\N
1425	KATIOLA	\N	\N	N	\N	1423	18.2	\N	\N	\N	\N	\N	\N	2012-06-05 16:56:26.981998	\N	Y	\N	\N
1426	NIAKARAMADOUGOU	\N	\N	N	\N	1423	18.3	\N	\N	\N	\N	\N	\N	2012-06-05 16:56:26.981998	\N	Y	\N	\N
1428	SEGUELA	\N	\N	N	\N	1427	19.1	\N	\N	\N	\N	\N	\N	2012-06-05 16:56:26.981998	\N	Y	\N	\N
1429	MANKONO	\N	\N	N	\N	1427	19.2	\N	\N	\N	\N	\N	\N	2012-06-05 16:56:26.981998	\N	Y	\N	\N
1431	BONDOUKOU	\N	\N	N	\N	1430	20.1	\N	\N	\N	\N	\N	\N	2012-06-05 16:56:26.981998	\N	Y	\N	\N
1432	BOUNA	\N	\N	N	\N	1430	20.2	\N	\N	\N	\N	\N	\N	2012-06-05 16:56:26.981998	\N	Y	\N	\N
1433	TANDA	\N	\N	N	\N	1430	20.3	\N	\N	\N	\N	\N	\N	2012-06-05 16:56:26.981998	\N	Y	\N	\N
1434	NASSIAN	\N	\N	N	\N	1430	20.4	\N	\N	\N	\N	\N	\N	2012-06-05 16:56:26.981998	\N	Y	\N	\N
1441	FRED	\N	\N	N	\N	\N		\N	\N	\N	\N	\N	\N	2012-09-19 17:30:06.936	\N	Y	\N	\N
1442	TEST	\N	\N	N	\N	\N		\N	\N	\N	\N	\N	\N	2012-09-25 16:10:43.731	\N	Y	\N	\N
1443	HUEH	\N	\N	N	\N	\N		\N	\N	\N	\N	\N	\N	2012-10-02 13:04:44.622	\N	Y	\N	\N
1444	TEZTT	\N	\N	N	\N	\N	\N	\N	\N	\N	\N	\N	\N	2012-10-08 16:07:57.545	\N	Y	\N	\N
1445	BALLARD	\N	\N	N	\N	\N		\N	\N	\N	\N	\N	\N	2012-10-25 16:48:22.917	\N	Y	\N	\N
1447	FFFRED	\N	\N	N	\N	\N	\N	\N	\N	\N	\N	\N	\N	2013-03-24 19:04:14.749	\N	Y	\N	500
1448	MARS	\N	\N	N	\N	\N	\N	\N	\N	\N	\N	\N	\N	2013-03-26 11:28:15.37	\N	Y	\N	
1449	CHR ABENGOUROU	\N	\N	N	\N	\N	\N	\N	\N	\N	\N	\N	\N	2013-03-28 15:45:53.181	\N	Y	\N	
1446	CHR YAMOUSSOUKRO	\N	\N	N	\N	\N	\N	\N	\N	\N	\N	\N	\N	2013-03-29 12:15:52.789	\N	Y	\N	1234
1450	EARTH	\N	\N	N	\N	\N	\N	\N	\N	\N	\N	\N	\N	2013-03-29 12:43:45.978	\N	Y	\N	
1435	CIRBA	\N	\N	N	\N	\N	\N	\N	\N	\N	\N	\N	\N	2012-06-20 13:28:12.485542	\N	Y	\N	\N
1451	LNSP	\N	\N	N	\N	\N	\N	\N	\N	\N	\N	\N	\N	2014-05-13 07:53:58.757	\N	Y	\N	
\.


--
-- Data for Name: organization_address; Type: TABLE DATA; Schema: clinlims; Owner: clinlims
--

COPY organization_address (organization_id, address_part_id, type, value) FROM stdin;
\.


--
-- Data for Name: organization_contact; Type: TABLE DATA; Schema: clinlims; Owner: clinlims
--

COPY organization_contact (id, organization_id, person_id, "position") FROM stdin;
\.


--
-- Name: organization_contact_seq; Type: SEQUENCE SET; Schema: clinlims; Owner: clinlims
--

SELECT pg_catalog.setval('organization_contact_seq', 20, true);


--
-- Data for Name: organization_organization_type; Type: TABLE DATA; Schema: clinlims; Owner: clinlims
--

COPY organization_organization_type (org_id, org_type_id) FROM stdin;
7	1
1329	8
1330	7
1331	7
1332	7
1333	7
1334	7
1335	7
1336	8
1337	7
1338	7
1339	7
1340	7
1341	7
1342	8
1343	7
1344	7
1345	8
1346	7
1347	7
1348	7
1349	8
1350	7
1351	7
1352	8
1353	7
1354	7
1355	7
1356	7
1357	8
1358	7
1359	7
1360	7
1361	7
1362	7
1363	7
1364	7
1365	7
1366	7
1367	8
1368	7
1369	7
1370	7
1371	7
1372	7
1373	7
1374	7
1375	7
1376	7
1377	7
1378	8
1379	7
1380	7
1381	7
1382	8
1383	7
1384	7
1385	7
1386	7
1387	8
1388	7
1389	7
1390	7
1391	7
1392	7
1393	7
1394	8
1395	7
1396	7
1397	7
1398	7
1399	7
1400	7
1401	8
1402	7
1403	7
1404	7
1405	8
1406	7
1407	7
1408	7
1409	7
1410	8
1411	7
1412	7
1413	8
1414	7
1415	7
1416	7
1417	8
1418	7
1419	7
1420	7
1421	7
1422	7
1423	8
1424	7
1425	7
1426	7
1427	8
1428	7
1429	7
1430	8
1431	7
1432	7
1433	7
1434	7
1435	6
1436	6
1441	5
1442	5
1443	5
1444	5
1445	5
1446	5
1447	5
1448	5
1449	5
1450	5
1451	5
\.


--
-- Name: organization_seq; Type: SEQUENCE SET; Schema: clinlims; Owner: clinlims
--

SELECT pg_catalog.setval('organization_seq', 1451, true);


--
-- Data for Name: organization_type; Type: TABLE DATA; Schema: clinlims; Owner: clinlims
--

COPY organization_type (id, short_name, description, name_display_key, lastupdated) FROM stdin;
1	TestKitVender	Organization selling HIV test kits	db.organization.type.name.testkit	2009-12-17 12:07:12.477554
5	referring clinic	Name of org who can order lab tests	\N	2011-05-31 17:21:14.17387
6	referralLab	An organization to which samples may be sent	orgainzation.type.referral.lab	2011-05-31 17:21:14.17387
7	Health District	District in region hospital is located	organization.type.healt.region	2012-06-05 16:56:26.981998
8	Health Region	Region hospital is located	organization.type.healt.region	2012-06-05 16:56:26.981998
9	patient referral	Clinic which referred the lab	organization.type.patient.referral	2012-06-11 09:33:47.020679
\.


--
-- Name: organization_type_seq; Type: SEQUENCE SET; Schema: clinlims; Owner: clinlims
--

SELECT pg_catalog.setval('organization_type_seq', 9, true);


--
-- Data for Name: package_1; Type: TABLE DATA; Schema: clinlims; Owner: clinlims
--

COPY package_1 (id) FROM stdin;
\.


--
-- Data for Name: panel; Type: TABLE DATA; Schema: clinlims; Owner: clinlims
--

COPY panel (id, name, description, lastupdated, display_key, sort_order, is_active) FROM stdin;
1	CD4	CD4	2012-09-19 16:25:05.452448	panel.name.CD4	10	Y
2	NFS	NFS	2012-09-19 16:25:05.452448	panel.name.NFS	20	Y
\.


--
-- Data for Name: panel_item; Type: TABLE DATA; Schema: clinlims; Owner: clinlims
--

COPY panel_item (id, panel_id, sort_order, test_local_abbrev, method_name, lastupdated, test_name, test_id) FROM stdin;
1	1	\N	\N	\N	2012-09-19 16:25:05.576147	\N	10
2	1	\N	\N	\N	2012-09-19 16:25:05.576147	\N	11
3	2	\N	\N	\N	2012-09-19 16:25:05.576147	\N	24
4	2	\N	\N	\N	2012-09-19 16:25:05.576147	\N	25
5	2	\N	\N	\N	2012-09-19 16:25:05.576147	\N	26
6	2	\N	\N	\N	2012-09-19 16:25:05.576147	\N	27
7	2	\N	\N	\N	2012-09-19 16:25:05.576147	\N	28
8	2	\N	\N	\N	2012-09-19 16:25:05.576147	\N	29
9	2	\N	\N	\N	2012-09-19 16:25:05.576147	\N	30
10	2	\N	\N	\N	2012-09-19 16:25:05.576147	\N	31
11	2	\N	\N	\N	2012-09-19 16:25:05.576147	\N	32
12	2	\N	\N	\N	2012-09-19 16:25:05.576147	\N	33
13	2	\N	\N	\N	2012-09-19 16:25:05.576147	\N	34
14	2	\N	\N	\N	2012-09-19 16:25:05.576147	\N	35
15	2	\N	\N	\N	2012-09-19 16:25:05.576147	\N	36
16	2	\N	\N	\N	2012-09-19 16:25:05.576147	\N	37
17	2	\N	\N	\N	2012-09-19 16:25:05.576147	\N	38
18	2	\N	\N	\N	2012-09-19 16:25:05.576147	\N	39
19	2	\N	\N	\N	2012-09-19 16:25:05.576147	\N	40
20	2	\N	\N	\N	2012-09-19 16:25:05.576147	\N	41
\.


--
-- Name: panel_item_seq; Type: SEQUENCE SET; Schema: clinlims; Owner: clinlims
--

SELECT pg_catalog.setval('panel_item_seq', 20, true);


--
-- Name: panel_seq; Type: SEQUENCE SET; Schema: clinlims; Owner: clinlims
--

SELECT pg_catalog.setval('panel_seq', 2, true);


--
-- Data for Name: patient; Type: TABLE DATA; Schema: clinlims; Owner: clinlims
--

COPY patient (id, person_id, race, gender, birth_date, epi_first_name, epi_middle_name, epi_last_name, birth_time, death_date, national_id, ethnicity, school_attend, medicare_id, medicaid_id, birth_place, lastupdated, external_id, chart_number, entered_birth_date) FROM stdin;
\.


--
-- Data for Name: patient_identity; Type: TABLE DATA; Schema: clinlims; Owner: clinlims
--

COPY patient_identity (id, identity_type_id, patient_id, identity_data, lastupdated) FROM stdin;
\.


--
-- Name: patient_identity_seq; Type: SEQUENCE SET; Schema: clinlims; Owner: clinlims
--

SELECT pg_catalog.setval('patient_identity_seq', 1, false);


--
-- Data for Name: patient_identity_type; Type: TABLE DATA; Schema: clinlims; Owner: clinlims
--

COPY patient_identity_type (id, identity_type, description, lastupdated) FROM stdin;
2	ST	ST Number	2008-11-05 10:36:39.615
3	AKA	Also known as name	2008-11-05 10:36:39.615
4	MOTHER	Mothers name	2008-11-05 10:36:39.615
1	NATIONAL	National ID	2008-11-05 10:36:39.615
5	INSURANCE	Primary insurance number	\N
6	OCCUPATION	patients occupation	\N
9	SUBJECT	Subject Number	2010-01-06 12:56:16.166813
8	ORG_SITE	Organization Site	2010-01-06 12:56:39.622399
11	MOTHERS_INITIAL	Initial of mothers first name	2010-03-15 13:15:08.22301
14	GUID	A GUID for the patient.  May be generated by a master patient index	2011-03-29 15:37:16.635053
15	EDUCATION	Patients education level	2012-06-14 12:12:44.334473
16	MARITIAL	Patients maritial status	2012-06-14 12:12:44.334473
17	NATIONALITY	Patients nationality	2012-06-14 12:12:44.334473
18	OTHER NATIONALITY	Named nationality if OTHER is selected	2012-06-14 12:12:44.334473
19	HEALTH DISTRICT	Patients health district	2012-06-14 12:12:44.334473
20	HEALTH REGION	Patients health region	2012-06-14 12:12:44.334473
21	OB_NUMBER	Obstetrics ID number	2013-04-29 10:44:50.63979
22	PC_NUMBER	Primary care ID number	2013-04-29 10:44:50.63979
\.


--
-- Name: patient_identity_type_seq; Type: SEQUENCE SET; Schema: clinlims; Owner: clinlims
--

SELECT pg_catalog.setval('patient_identity_type_seq', 22, true);


--
-- Data for Name: patient_occupation; Type: TABLE DATA; Schema: clinlims; Owner: clinlims
--

COPY patient_occupation (id, patient_id, occupation, lastupdated) FROM stdin;
\.


--
-- Name: patient_occupation_seq; Type: SEQUENCE SET; Schema: clinlims; Owner: clinlims
--

SELECT pg_catalog.setval('patient_occupation_seq', 1, false);


--
-- Data for Name: patient_patient_type; Type: TABLE DATA; Schema: clinlims; Owner: clinlims
--

COPY patient_patient_type (id, patient_type_id, patient_id, lastupdated) FROM stdin;
\.


--
-- Name: patient_patient_type_seq; Type: SEQUENCE SET; Schema: clinlims; Owner: clinlims
--

SELECT pg_catalog.setval('patient_patient_type_seq', 1, false);


--
-- Name: patient_relation_seq; Type: SEQUENCE SET; Schema: clinlims; Owner: clinlims
--

SELECT pg_catalog.setval('patient_relation_seq', 1, false);


--
-- Data for Name: patient_relations; Type: TABLE DATA; Schema: clinlims; Owner: clinlims
--

COPY patient_relations (id, pat_id_source, pat_id, relation) FROM stdin;
\.


--
-- Name: patient_seq; Type: SEQUENCE SET; Schema: clinlims; Owner: clinlims
--

SELECT pg_catalog.setval('patient_seq', 1, false);


--
-- Data for Name: patient_type; Type: TABLE DATA; Schema: clinlims; Owner: clinlims
--

COPY patient_type (id, type, description, lastupdated) FROM stdin;
1	R	Referr	2009-07-09 13:06:10.215545
2	E	Patient Externe	2009-07-09 13:06:10.215545
3	H	Hospitalis	2009-07-09 13:06:10.215545
4	U	Urgences	2009-07-09 13:06:10.215545
5	P	Patient Priv	2009-07-09 13:06:10.215545
\.


--
-- Name: patient_type_seq; Type: SEQUENCE SET; Schema: clinlims; Owner: clinlims
--

SELECT pg_catalog.setval('patient_type_seq', 20, true);


--
-- Data for Name: payment_type; Type: TABLE DATA; Schema: clinlims; Owner: clinlims
--

COPY payment_type (id, type, description) FROM stdin;
\.


--
-- Name: payment_type_seq; Type: SEQUENCE SET; Schema: clinlims; Owner: clinlims
--

SELECT pg_catalog.setval('payment_type_seq', 1, false);


--
-- Data for Name: person; Type: TABLE DATA; Schema: clinlims; Owner: clinlims
--

COPY person (id, last_name, first_name, middle_name, multiple_unit, street_address, city, state, zip_code, country, work_phone, home_phone, cell_phone, fax, email, lastupdated) FROM stdin;
\.


--
-- Data for Name: person_address; Type: TABLE DATA; Schema: clinlims; Owner: clinlims
--

COPY person_address (person_id, address_part_id, type, value) FROM stdin;
\.


--
-- Name: person_seq; Type: SEQUENCE SET; Schema: clinlims; Owner: clinlims
--

SELECT pg_catalog.setval('person_seq', 1, false);


--
-- Data for Name: program; Type: TABLE DATA; Schema: clinlims; Owner: clinlims
--

COPY program (id, code, name, lastupdated) FROM stdin;
\.


--
-- Name: program_seq; Type: SEQUENCE SET; Schema: clinlims; Owner: clinlims
--

SELECT pg_catalog.setval('program_seq', 1, false);


--
-- Data for Name: project; Type: TABLE DATA; Schema: clinlims; Owner: clinlims
--

COPY project (id, name, sys_user_id, description, started_date, completed_date, is_active, reference_to, program_code, lastupdated, scriptlet_id, local_abbrev, display_key) FROM stdin;
1	Testing	\N	Sample sent to lab for testing	\N	\N	1	\N	\N	2011-02-15 15:28:32.157041	\N	\N	database.project.testing
2	Confirmation	\N	Sample sent to lab for confirmation of result	\N	\N	1	\N	\N	2011-02-15 15:28:32.157041	\N	\N	database.project.confirmation
3	Quality Control	\N	Sample is part of quality control	\N	\N	1	\N	\N	2011-02-15 15:28:32.157041	\N	\N	database.project.quality_control
4	EEQ	\N	Sample is part of external quality control	\N	\N	1	\N	\N	2011-02-15 15:28:32.157041	\N	\N	database.project.eeq
\.


--
-- Data for Name: project_organization; Type: TABLE DATA; Schema: clinlims; Owner: clinlims
--

COPY project_organization (project_id, org_id) FROM stdin;
\.


--
-- Data for Name: project_parameter; Type: TABLE DATA; Schema: clinlims; Owner: clinlims
--

COPY project_parameter (id, projparam_type, operation, value, project_id, param_name) FROM stdin;
\.


--
-- Name: project_seq; Type: SEQUENCE SET; Schema: clinlims; Owner: clinlims
--

SELECT pg_catalog.setval('project_seq', 5, false);


--
-- Data for Name: provider; Type: TABLE DATA; Schema: clinlims; Owner: clinlims
--

COPY provider (id, npi, person_id, external_id, provider_type, lastupdated) FROM stdin;
\.


--
-- Name: provider_seq; Type: SEQUENCE SET; Schema: clinlims; Owner: clinlims
--

SELECT pg_catalog.setval('provider_seq', 1, false);


--
-- Data for Name: qa_event; Type: TABLE DATA; Schema: clinlims; Owner: clinlims
--

COPY qa_event (id, name, description, is_billable, reporting_sequence, reporting_text, test_id, is_holdable, lastupdated, type, category, display_key) FROM stdin;
22	Insufficient	Insufficient sample	\N	\N	\N	\N	Y	2012-09-19 16:37:59.853808	\N	\N	qa_event.insufficient
23	Hemolytic	Hemolytic sample	\N	\N	\N	\N	Y	2012-09-19 16:37:59.853808	\N	\N	qa_event.hemolytic
24	Mislabeled	Bad or mislabled sample	\N	\N	\N	\N	Y	2012-09-19 16:37:59.853808	\N	\N	qa_event.mislabled
25	No form	 No form with sample	\N	\N	\N	\N	Y	2012-09-19 16:37:59.853808	\N	\N	qa_event.noForm
26	Incorrect Form	Form not filled out correctly	\N	\N	\N	\N	Y	2012-09-19 16:37:59.853808	\N	\N	qa_event.formNotCorrect
27	No Sample	No sample with form	\N	\N	\N	\N	Y	2012-09-19 16:37:59.853808	\N	\N	qa_event.noSample
28	Bloodstained Tube	Bloodstained tube	\N	\N	\N	\N	Y	2012-09-19 16:37:59.853808	\N	\N	qa_event.bloodstained.tube
29	Bloodstained Form	Bloodstained form	\N	\N	\N	\N	Y	2012-09-19 16:37:59.853808	\N	\N	qa_event.bloodstained.form
30	Other	Other	\N	\N	\N	\N	Y	2012-09-19 16:37:59.853808	\N	\N	qa_event.other
31	Broken	Broken tube/container	\N	\N	\N	\N	Y	2012-09-19 16:37:59.853808	\N	\N	qa_event.broken
32	Contaminated	Contaminated sample	\N	\N	\N	\N	Y	2012-09-19 16:37:59.853808	\N	\N	qa_event.contaminated
33	Frozen	Frozen sample	\N	\N	\N	\N	Y	2012-09-19 16:37:59.853808	\N	\N	qa_event.frozen
34	Inadequate	Inadequate sample	\N	\N	\N	\N	Y	2012-09-19 16:37:59.853808	\N	\N	qa_event.inadequate
35	unrefrigerated	unrefrigerated sample	\N	\N	\N	\N	Y	2012-09-19 16:37:59.853808	\N	\N	qa_event.unrefrigerated
36	Overturned	Overturned specimen	\N	\N	\N	\N	Y	2012-09-19 16:37:59.853808	\N	\N	qa_event.overturned
21	Coagulated	Coagulated sample	\N	\N	\N	\N	Y	2012-09-19 16:37:59.853808	\N	\N	qa_event.coagulated
\.


--
-- Name: qa_event_seq; Type: SEQUENCE SET; Schema: clinlims; Owner: clinlims
--

SELECT pg_catalog.setval('qa_event_seq', 40, true);


--
-- Data for Name: qa_observation; Type: TABLE DATA; Schema: clinlims; Owner: clinlims
--

COPY qa_observation (id, observed_id, observed_type, qa_observation_type_id, value_type, value, lastupdated) FROM stdin;
\.


--
-- Name: qa_observation_seq; Type: SEQUENCE SET; Schema: clinlims; Owner: clinlims
--

SELECT pg_catalog.setval('qa_observation_seq', 1, false);


--
-- Data for Name: qa_observation_type; Type: TABLE DATA; Schema: clinlims; Owner: clinlims
--

COPY qa_observation_type (id, name, description, lastupdated) FROM stdin;
1	authorizer	The name of the person who authorized the event	2012-09-19 23:25:04.747604+00
2	section	The section in which this happened	2012-09-19 23:25:04.747604+00
3	documentNumber	The qa document tracking number	2012-09-19 23:25:04.747604+00
\.


--
-- Name: qa_observation_type_seq; Type: SEQUENCE SET; Schema: clinlims; Owner: clinlims
--

SELECT pg_catalog.setval('qa_observation_type_seq', 3, true);


--
-- Data for Name: qc; Type: TABLE DATA; Schema: clinlims; Owner: clinlims
--

COPY qc (id, uom_id, sys_user_id, name, source, lot_number, prepared_date, prepared_volume, usable_date, expire_date) FROM stdin;
\.


--
-- Data for Name: qc_analytes; Type: TABLE DATA; Schema: clinlims; Owner: clinlims
--

COPY qc_analytes (id, qcanaly_type, value, analyte_id) FROM stdin;
\.


--
-- Data for Name: qrtz_blob_triggers; Type: TABLE DATA; Schema: clinlims; Owner: clinlims
--

COPY qrtz_blob_triggers (trigger_name, trigger_group, blob_data) FROM stdin;
\.


--
-- Data for Name: qrtz_calendars; Type: TABLE DATA; Schema: clinlims; Owner: clinlims
--

COPY qrtz_calendars (calendar_name, calendar) FROM stdin;
\.


--
-- Data for Name: qrtz_cron_triggers; Type: TABLE DATA; Schema: clinlims; Owner: clinlims
--

COPY qrtz_cron_triggers (trigger_name, trigger_group, cron_expression, time_zone_id) FROM stdin;
\.


--
-- Data for Name: qrtz_fired_triggers; Type: TABLE DATA; Schema: clinlims; Owner: clinlims
--

COPY qrtz_fired_triggers (entry_id, trigger_name, trigger_group, is_volatile, instance_name, fired_time, priority, state, job_name, job_group, is_stateful, requests_recovery) FROM stdin;
\.


--
-- Data for Name: qrtz_job_details; Type: TABLE DATA; Schema: clinlims; Owner: clinlims
--

COPY qrtz_job_details (job_name, job_group, description, job_class_name, is_durable, is_volatile, is_stateful, requests_recovery, job_data) FROM stdin;
\.


--
-- Data for Name: qrtz_job_listeners; Type: TABLE DATA; Schema: clinlims; Owner: clinlims
--

COPY qrtz_job_listeners (job_name, job_group, job_listener) FROM stdin;
\.


--
-- Data for Name: qrtz_locks; Type: TABLE DATA; Schema: clinlims; Owner: clinlims
--

COPY qrtz_locks (lock_name) FROM stdin;
TRIGGER_ACCESS
JOB_ACCESS
CALENDAR_ACCESS
STATE_ACCESS
MISFIRE_ACCESS
\.


--
-- Data for Name: qrtz_paused_trigger_grps; Type: TABLE DATA; Schema: clinlims; Owner: clinlims
--

COPY qrtz_paused_trigger_grps (trigger_group) FROM stdin;
\.


--
-- Data for Name: qrtz_scheduler_state; Type: TABLE DATA; Schema: clinlims; Owner: clinlims
--

COPY qrtz_scheduler_state (instance_name, last_checkin_time, checkin_interval) FROM stdin;
\.


--
-- Data for Name: qrtz_simple_triggers; Type: TABLE DATA; Schema: clinlims; Owner: clinlims
--

COPY qrtz_simple_triggers (trigger_name, trigger_group, repeat_count, repeat_interval, times_triggered) FROM stdin;
\.


--
-- Data for Name: qrtz_trigger_listeners; Type: TABLE DATA; Schema: clinlims; Owner: clinlims
--

COPY qrtz_trigger_listeners (trigger_name, trigger_group, trigger_listener) FROM stdin;
\.


--
-- Data for Name: qrtz_triggers; Type: TABLE DATA; Schema: clinlims; Owner: clinlims
--

COPY qrtz_triggers (trigger_name, trigger_group, job_name, job_group, is_volatile, description, next_fire_time, prev_fire_time, priority, trigger_state, trigger_type, start_time, end_time, calendar_name, misfire_instr, job_data) FROM stdin;
\.


--
-- Data for Name: quartz_cron_scheduler; Type: TABLE DATA; Schema: clinlims; Owner: clinlims
--

COPY quartz_cron_scheduler (id, cron_statement, last_run, active, run_if_past, name, job_name, display_key, description_key) FROM stdin;
1	never	\N	f	t	send site indicators	sendSiteIndicators	schedule.name.sendSiteIndicators	schedule.description.sendSiteIndicators
2	never	\N	f	t	gather site indicators	gatherSiteIndicators	schedule.name.gatherSiteIndicators	schedule.description.gatherSiteIndicators
3	never	\N	f	t	send malaria surviellance report	sendMalariaSurviellanceReport	schedule.name.sendMalariaServiellanceReport	schedule.description.sendMalariaServiellanceReport
\.


--
-- Name: quartz_cron_scheduler_seq; Type: SEQUENCE SET; Schema: clinlims; Owner: clinlims
--

SELECT pg_catalog.setval('quartz_cron_scheduler_seq', 3, true);


--
-- Data for Name: race; Type: TABLE DATA; Schema: clinlims; Owner: clinlims
--

COPY race (id, description, race_type, is_active) FROM stdin;
\.


--
-- Data for Name: receiver_code_element; Type: TABLE DATA; Schema: clinlims; Owner: clinlims
--

COPY receiver_code_element (id, identifier, text, code_system, lastupdated, message_org_id, code_element_type_id) FROM stdin;
1	40981-3	FLUA RNA XXX Ql PCR	LN	2007-03-07 15:33:45.297	22	1
2	40982-1	FLUB RNA XXX Ql PCR	LN	2007-03-07 15:34:15.205	22	1
3	FLU A (H1)	Influenza A subtype H1	L	2007-03-07 15:34:45.306	22	1
4	FLU A (H3)	Influenza A subtype H3	L	2007-03-07 15:35:15.408	22	1
\.


--
-- Name: receiver_code_element_seq; Type: SEQUENCE SET; Schema: clinlims; Owner: clinlims
--

SELECT pg_catalog.setval('receiver_code_element_seq', 21, false);


--
-- Data for Name: reference_tables; Type: TABLE DATA; Schema: clinlims; Owner: clinlims
--

COPY reference_tables (id, name, keep_history, is_hl7_encoded, lastupdated) FROM stdin;
40	STATUS_OF_SAMPLE	Y	Y	\N
39	NOTE	Y	N	\N
1	SAMPLE	Y	N	\N
2	GENDER	Y	N	\N
3	SAMPLE_ORGANIZATION	Y	N	\N
4	ANALYSIS	Y	N	\N
5	TEST	Y	Y	\N
6	CITY	Y	N	\N
7	ANALYTE	Y	Y	\N
8	COUNTY	Y	N	\N
9	DICTIONARY	Y	N	\N
10	DICTIONARY_CATEGORY	Y	N	\N
11	LABEL	Y	N	\N
12	METHOD	Y	N	\N
13	PANEL	Y	N	\N
14	PANEL_ITEM	Y	N	\N
15	PATIENT	Y	N	\N
16	PERSON	Y	N	\N
17	PROGRAM	Y	N	\N
18	PROJECT	Y	N	\N
19	PROVIDER	Y	N	\N
20	REGION	Y	N	\N
21	RESULT	Y	N	\N
22	SAMPLE_DOMAIN	Y	N	\N
23	SAMPLE_ITEM	Y	N	\N
24	SAMPLE_PROJECTS	Y	N	\N
25	SCRIPTLET	Y	N	\N
26	SOURCE_OF_SAMPLE	Y	N	\N
27	STATE_CODE	Y	N	\N
28	SYSTEM_USER	Y	N	\N
29	TEST_SECTION	Y	N	\N
30	TEST_ANALYTE	Y	N	\N
31	TEST_REFLEX	Y	N	\N
32	TEST_RESULT	Y	N	\N
33	TEST_TRAILER	Y	N	\N
34	TYPE_OF_SAMPLE	Y	N	\N
35	TYPE_OF_TEST_RESULT	Y	N	\N
36	UNIT_OF_MEASURE	Y	Y	\N
37	ZIP_CODE	Y	N	\N
38	ORGANIZATION	Y	N	\N
45	SAMPLE_HUMAN	Y	N	\N
46	QA_EVENT	Y	N	\N
48	ANALYSIS_QAEVENT	Y	N	\N
47	ACTION	Y	N	\N
49	ANALYSIS_QAEVENT_ACTION	Y	N	\N
70	REFERENCE_TABLES	N	N	\N
41	CODE_ELEMENT_TYPE	Y	N	\N
42	CODE_ELEMENT_XREF	Y	N	\N
43	MESSAGE_ORG	Y	N	\N
44	RECEIVER_CODE_ELEMENT	Y	N	\N
50	LOGIN_USER	Y	N	\N
51	SYSTEM_MODULE	Y	N	\N
52	SYSTEM_USER_MODULE	Y	N	\N
53	SYSTEM_USER_SECTION	Y	N	\N
110	SAMPLE_NEWBORN	Y	N	\N
111	PATIENT_RELATIONS	Y	N	\N
112	PATIENT_IDENTITY	Y	N	\N
113	PATIENT_PATIENT_TYPE	Y	N	\N
130	PATIENT_TYPE	N	N	\N
154	RESULT_LIMITS	Y	N	2009-02-10 17:11:57.227
155	RESULT_SIGNATURE	Y	N	2009-02-20 13:05:56.666
167	INVENTORY_LOCATION	N	N	2009-03-19 12:20:50.594
168	INVENTORY_ITEM	N	N	2009-03-19 12:20:50.594
169	INVENTORY_RECEIPT	N	N	2009-03-19 12:20:50.594
171	RESULT_INVENTORY	Y	N	2009-03-25 16:20:17.301
172	SYSTEM_ROLE	Y	N	2009-05-20 09:56:52.877513
173	SYSTEM_ROLE_MODULE	Y	N	2009-06-05 11:49:44.562736
174	SYSTEM_ROLE	Y	N	2009-06-05 11:50:56.86615
175	SYSTEM_USER_ROLE	Y	N	2009-06-05 11:59:25.708258
176	SYSTEM_USER_ROLE	Y	N	2009-06-05 12:03:40.526192
177	SYSTEM_ROLE	Y	N	2009-06-05 12:04:41.627999
178	SYSTEM_USER_ROLE	Y	N	2009-06-05 12:04:48.416696
179	SYSTEM_ROLE_MODULE	Y	N	2009-06-05 12:05:01.033811
182	analyzer	Y	N	2009-11-25 15:35:31.308859
183	analyzer_results	Y	N	2009-11-25 15:35:31.569744
184	site_information	Y	N	2010-03-23 17:04:19.671634
187	observation_history_type	Y	N	2010-04-28 14:13:23.717515
186	observation_history	Y	N	2010-04-21 10:38:59.516839
185	observation_history_type	Y	N	2010-04-21 10:38:50.05707
188	SAMPLE_QAEVENT	Y	N	2010-10-28 06:12:39.992393
189	referral_reason	Y	N	2010-10-28 06:13:55.299708
190	referral_type	Y	N	2010-10-28 06:13:55.299708
191	referral	Y	N	2010-10-28 06:13:55.299708
192	referral_result	Y	N	2010-11-23 10:30:22.045552
193	org_hl7_encoding_type	Y	N	2011-03-29 15:37:16.309479
197	address_part	Y	N	2011-03-29 15:37:16.455514
198	person_address	Y	N	2011-03-29 15:37:16.455514
199	organization_address	Y	N	2011-03-29 15:37:16.455514
200	organization_contact	Y	N	2011-03-29 15:37:16.469568
201	MENU	Y	N	2011-06-23 15:45:30.149806
202	SITE_INFORMATION_DOMAIN	Y	N	2011-06-27 12:43:01.432582
203	QUARTZ_CRON_SCHEDULER	Y	N	2011-06-28 16:58:12.97017
204	REPORT_QUEUE_TYPE	Y	N	2011-06-28 16:58:16.214669
205	REPORT_QUEUE	Y	N	2011-06-28 16:58:16.241375
206	REPORT_EXTERNAL_IMPORT	Y	N	2011-07-19 12:03:32.332874
207	document_type	Y	N	2011-09-26 11:52:19.215432
208	document_track	Y	N	2011-09-26 11:52:19.215432
209	ANALYZER_TEST_MAP	Y	N	2011-12-27 15:41:43.751219
210	PATIENT_IDENTITY_TYPE	Y	N	2011-12-27 15:41:43.751219
211	SAMPLETYPE_TEST	Y	N	2011-12-27 15:41:43.751219
212	SAMPLETYPE_PANEL	Y	N	2011-12-27 15:41:43.751219
213	SAMPLE_REQUESTER	Y	N	2011-12-27 15:41:43.751219
195	TEST_CODE	Y	N	2011-03-29 15:37:16.309479
194	TEST_CODE_TYPE	Y	N	2011-03-29 15:37:16.309479
214	QA_OBSERVATION	Y	N	2012-09-19 16:25:04.676635
215	ELECTROINIC_ORDER	Y	N	2013-04-17 10:43:49.56206
\.


--
-- Name: reference_tables_seq; Type: SEQUENCE SET; Schema: clinlims; Owner: clinlims
--

SELECT pg_catalog.setval('reference_tables_seq', 215, true);


--
-- Data for Name: referral; Type: TABLE DATA; Schema: clinlims; Owner: clinlims
--

COPY referral (id, analysis_id, organization_id, organization_name, send_ready_date, sent_date, result_recieved_date, referral_reason_id, referral_type_id, requester_name, lastupdated, canceled, referral_request_date) FROM stdin;
\.


--
-- Data for Name: referral_reason; Type: TABLE DATA; Schema: clinlims; Owner: clinlims
--

COPY referral_reason (id, name, description, display_key, lastupdated) FROM stdin;
1	Test not performed	Test was not performed	referral.reason.testNotPerformed	2011-02-16 20:45:59.445136+00
2	Confirmation requested	Confirmation requested	referral.reason.confirmation	2011-02-16 20:45:59.445136+00
3	Further testing required 	Further testing required 	referral.reason.moreTests	2011-02-16 20:45:59.445136+00
4	Reagent expired	Reagent expired	referral.reason.reagent.expired	2011-02-16 20:45:59.445136+00
5	Reagents unavailable 	Reagents unavailable 	referral.reason.reagent.unavailabe	2011-02-16 20:45:59.445136+00
6	Equipment failure	Equipment failure	referral.reason.equipment	2011-02-16 20:45:59.445136+00
7	Verification of EQA	Verification of EQA	referral.reason.EQA.verification	2011-02-16 20:45:59.445136+00
8	Specimen sent for serotyping	Specimen sent for serotyping	referral.reason.serotyping	2011-02-16 20:45:59.445136+00
9	EQA by Repeat Testing	EQA by Repeat Testing	referral.reason.EQA.testing	2011-02-16 20:45:59.445136+00
10	Other	Some reason not on list	referral.reason.other	2011-02-16 20:45:59.464429+00
\.


--
-- Name: referral_reason_seq; Type: SEQUENCE SET; Schema: clinlims; Owner: clinlims
--

SELECT pg_catalog.setval('referral_reason_seq', 10, true);


--
-- Data for Name: referral_result; Type: TABLE DATA; Schema: clinlims; Owner: clinlims
--

COPY referral_result (id, referral_id, test_id, result_id, referral_report_date, lastupdated) FROM stdin;
\.


--
-- Name: referral_result_seq; Type: SEQUENCE SET; Schema: clinlims; Owner: clinlims
--

SELECT pg_catalog.setval('referral_result_seq', 22, true);


--
-- Name: referral_seq; Type: SEQUENCE SET; Schema: clinlims; Owner: clinlims
--

SELECT pg_catalog.setval('referral_seq', 134, true);


--
-- Data for Name: referral_type; Type: TABLE DATA; Schema: clinlims; Owner: clinlims
--

COPY referral_type (id, name, description, display_key, lastupdated) FROM stdin;
1	Confirmation	Sent out to confirm result	referral.type.confirmation	2011-02-16 20:45:59.428687+00
2	QA	Quality assurance	referral.type.qa	2011-02-16 20:45:59.428687+00
3	EQA	External Qaulity Assurance	referral.type.eqa	2011-02-16 20:45:59.428687+00
\.


--
-- Name: referral_type_seq; Type: SEQUENCE SET; Schema: clinlims; Owner: clinlims
--

SELECT pg_catalog.setval('referral_type_seq', 3, true);


--
-- Data for Name: region; Type: TABLE DATA; Schema: clinlims; Owner: clinlims
--

COPY region (id, region, lastupdated) FROM stdin;
1	Central	2006-10-24 08:46:59.692
2	Metro	2006-11-08 10:47:34.147
3	Northeast	2006-10-24 08:47:01.645
4	Northwest	2006-10-24 08:47:02.427
5	South Central	2006-10-24 08:47:03.427
6	Southeast	2006-10-24 08:47:04.489
7	Southwest	2006-10-24 08:47:06.317
8	West Central	2006-10-24 08:47:09.942
9	update	2006-10-24 08:47:09.442
\.


--
-- Name: region_seq; Type: SEQUENCE SET; Schema: clinlims; Owner: clinlims
--

SELECT pg_catalog.setval('region_seq', 1, false);


--
-- Data for Name: report_external_export; Type: TABLE DATA; Schema: clinlims; Owner: clinlims
--

COPY report_external_export (id, event_date, collection_date, sent_date, type, data, lastupdated, send_flag, bookkeeping) FROM stdin;
\.


--
-- Data for Name: report_external_import; Type: TABLE DATA; Schema: clinlims; Owner: clinlims
--

COPY report_external_import (id, sending_site, event_date, recieved_date, type, updated_flag, data, lastupdated) FROM stdin;
\.


--
-- Name: report_external_import_seq; Type: SEQUENCE SET; Schema: clinlims; Owner: clinlims
--

SELECT pg_catalog.setval('report_external_import_seq', 1, false);


--
-- Name: report_queue_seq; Type: SEQUENCE SET; Schema: clinlims; Owner: clinlims
--

SELECT pg_catalog.setval('report_queue_seq', 1, false);


--
-- Data for Name: report_queue_type; Type: TABLE DATA; Schema: clinlims; Owner: clinlims
--

COPY report_queue_type (id, name, description) FROM stdin;
1	labIndicator	Lab indicator reports.  Number of tests run etc
2	Results	Result sharing with iSante
3	malariaCase	malaria case report
\.


--
-- Name: report_queue_type_seq; Type: SEQUENCE SET; Schema: clinlims; Owner: clinlims
--

SELECT pg_catalog.setval('report_queue_type_seq', 3, true);


--
-- Data for Name: requester_type; Type: TABLE DATA; Schema: clinlims; Owner: clinlims
--

COPY requester_type (id, requester_type) FROM stdin;
1	organization
2	provider
\.


--
-- Name: requester_type_seq; Type: SEQUENCE SET; Schema: clinlims; Owner: clinlims
--

SELECT pg_catalog.setval('requester_type_seq', 2, false);


--
-- Data for Name: result; Type: TABLE DATA; Schema: clinlims; Owner: clinlims
--

COPY result (id, analysis_id, sort_order, is_reportable, result_type, value, analyte_id, test_result_id, lastupdated, min_normal, max_normal, parent_id, significant_digits, grouping) FROM stdin;
\.


--
-- Data for Name: result_inventory; Type: TABLE DATA; Schema: clinlims; Owner: clinlims
--

COPY result_inventory (id, inventory_location_id, result_id, description, lastupdated) FROM stdin;
\.


--
-- Name: result_inventory_seq; Type: SEQUENCE SET; Schema: clinlims; Owner: clinlims
--

SELECT pg_catalog.setval('result_inventory_seq', 1, false);


--
-- Data for Name: result_limits; Type: TABLE DATA; Schema: clinlims; Owner: clinlims
--

COPY result_limits (id, test_id, test_result_type_id, min_age, max_age, gender, low_normal, high_normal, low_valid, high_valid, lastupdated, normal_dictionary_id, always_validate) FROM stdin;
1	10	4	0	Infinity	 	400	1750	0	3000	2012-09-19 16:25:05.832522	\N	f
2	11	4	0	Infinity	 	35	55	0	5000	2012-09-19 16:25:05.832522	\N	f
3	12	4	0	Infinity	 	7	40	7	350	2012-09-19 16:25:05.832522	\N	f
4	13	4	0	Infinity	 	3	40	3	350	2012-09-19 16:25:05.832522	\N	f
5	14	4	0	Infinity	 	0.699999999999999956	1.10000000000000009	0.100000000000000006	5	2012-09-19 16:25:05.832522	\N	f
6	15	4	0	Infinity	 	0.699999999999999956	1.10000000000000009	0.100000000000000006	5	2012-09-19 16:25:05.832522	\N	f
7	16	4	0	Infinity	 	6	13	2.0299999999999998	150	2012-09-19 16:25:05.832522	\N	f
8	17	4	0	Infinity	 	1	486	1	1000	2012-09-19 16:25:05.832522	\N	f
9	18	4	0	Infinity	 	36	50	0	100	2012-09-19 16:25:05.832522	\N	f
10	19	4	0	Infinity	 	1.5	2.60000000000000009	0.0100000000000000002	5	2012-09-19 16:25:05.832522	\N	f
11	20	4	0	Infinity	 	0.349999999999999978	0.699999999999999956	0	150	2012-09-19 16:25:05.832522	\N	f
12	21	4	0	Infinity	 	0.349999999999999978	1.69999999999999996	0.100000000000000006	7	2012-09-19 16:25:05.832522	\N	f
13	22	4	0	Infinity	 	1	300	1	200000	2012-09-19 16:25:05.832522	\N	f
14	23	4	0	Infinity	 	0.0500000000000000028	0.200000000000000011	0.0500000000000000028	1.5	2012-09-19 16:25:05.832522	\N	f
15	24	4	120	Infinity	 	4	10	0	100	2012-09-19 16:25:05.832522	\N	f
16	24	4	0	3	 	10	25	0	100	2012-09-19 16:25:05.832522	\N	f
17	24	4	3	8	 	8	15	0	100	2012-09-19 16:25:05.832522	\N	f
18	24	4	8	12	 	6	15	0	100	2012-09-19 16:25:05.832522	\N	f
19	24	4	12	48	 	4.5	13	0	100	2012-09-19 16:25:05.832522	\N	f
20	24	4	48	120	 	4	10	0	100	2012-09-19 16:25:05.832522	\N	f
21	25	4	12	Infinity	M	4.5	6	0	10	2012-09-19 16:25:05.832522	\N	f
22	25	4	12	Infinity	F	4.79999999999999982	5.5	0	10	2012-09-19 16:25:05.832522	\N	f
23	25	4	0	3	 	5	6.20000000000000018	0	10	2012-09-19 16:25:05.832522	\N	f
24	25	4	3	12	 	3.60000000000000009	5	0	10	2012-09-19 16:25:05.832522	\N	f
25	26	4	168	Infinity	F	12	16	0	30	2012-09-19 16:25:05.832522	\N	f
26	26	4	168	Infinity	M	13	18	0	30	2012-09-19 16:25:05.832522	\N	f
27	26	4	0	3	 	16	20	0	30	2012-09-19 16:25:05.832522	\N	f
28	26	4	3	168	 	12	16	0	30	2012-09-19 16:25:05.832522	\N	f
29	27	4	168	Infinity	F	37	47	0	80	2012-09-19 16:25:05.832522	\N	f
30	27	4	0	Infinity	M	40	52	0	80	2012-09-19 16:25:05.832522	\N	f
31	27	4	0	3	 	44	62	0	80	2012-09-19 16:25:05.832522	\N	f
32	27	4	3	168	 	36	42	0	80	2012-09-19 16:25:05.832522	\N	f
33	28	4	3	Infinity	 	85	95	0	266	2012-09-19 16:25:05.832522	\N	f
34	28	4	0	3	 	106	106	0	266	2012-09-19 16:25:05.832522	\N	f
35	29	4	0	Infinity	 	27	31	0	50	2012-09-19 16:25:05.832522	\N	f
36	30	4	0	Infinity	 	32	36	0	100	2012-09-19 16:25:05.832522	\N	f
37	31	4	0	Infinity	 	150	400	0	1500	2012-09-19 16:25:05.832522	\N	f
38	32	4	0	Infinity	 	45	70	0	100	2012-09-19 16:25:05.832522	\N	f
39	33	4	0	Infinity	 	1500	7000	0	100000	2012-09-19 16:25:05.832522	\N	f
40	34	4	0	Infinity	 	0	4	0	100	2012-09-19 16:25:05.832522	\N	f
41	35	4	0	Infinity	 	0	400	0	100000	2012-09-19 16:25:05.832522	\N	f
42	36	4	0	Infinity	 	0	0.5	0	100	2012-09-19 16:25:05.832522	\N	f
43	37	4	0	Infinity	 	0	50	0	100000	2012-09-19 16:25:05.832522	\N	f
44	38	4	0	Infinity	 	20	40	0	100	2012-09-19 16:25:05.832522	\N	f
45	39	4	0	Infinity	 	1500	4000	0	100000	2012-09-19 16:25:05.832522	\N	f
46	40	4	0	Infinity	 	2	10	0	100	2012-09-19 16:25:05.832522	\N	f
47	41	4	0	Infinity	 	0	1000	0	100000	2012-09-19 16:25:05.832522	\N	f
48	1	2	0	Infinity	\N	-Infinity	Infinity	-Infinity	Infinity	2012-09-19 16:25:05.880163	1100	f
49	2	2	0	Infinity	\N	-Infinity	Infinity	-Infinity	Infinity	2012-09-19 16:25:05.880163	1100	f
50	3	2	0	Infinity	\N	-Infinity	Infinity	-Infinity	Infinity	2012-09-19 16:25:05.880163	1100	f
51	4	2	0	Infinity	\N	-Infinity	Infinity	-Infinity	Infinity	2012-09-19 16:25:05.880163	1100	f
52	5	2	0	Infinity	\N	-Infinity	Infinity	-Infinity	Infinity	2012-09-19 16:25:05.880163	1100	f
53	6	2	0	Infinity	\N	-Infinity	Infinity	-Infinity	Infinity	2012-09-19 16:25:05.880163	1100	f
54	7	2	0	Infinity	\N	-Infinity	Infinity	-Infinity	Infinity	2012-09-19 16:25:05.880163	1100	f
55	8	2	0	Infinity	\N	-Infinity	Infinity	-Infinity	Infinity	2012-09-19 16:25:05.880163	1100	f
56	9	2	0	Infinity	\N	-Infinity	Infinity	-Infinity	Infinity	2012-09-19 16:25:05.880163	1100	f
57	42	2	0	Infinity	\N	-Infinity	Infinity	-Infinity	Infinity	2012-09-19 16:25:05.880163	1100	f
58	43	2	0	Infinity	\N	-Infinity	Infinity	-Infinity	Infinity	2012-09-19 16:25:05.880163	1100	f
59	44	2	0	Infinity	\N	-Infinity	Infinity	-Infinity	Infinity	2012-09-19 16:25:05.880163	1100	f
60	45	2	0	Infinity	\N	-Infinity	Infinity	-Infinity	Infinity	2012-09-19 16:25:05.880163	1100	f
61	46	2	0	Infinity	\N	-Infinity	Infinity	-Infinity	Infinity	2012-09-19 16:25:05.880163	1100	f
62	47	2	0	Infinity	\N	-Infinity	Infinity	-Infinity	Infinity	2012-09-19 16:25:05.880163	1100	f
63	48	2	0	Infinity	\N	-Infinity	Infinity	-Infinity	Infinity	2012-09-19 16:25:05.880163	1100	f
64	49	2	0	Infinity	\N	-Infinity	Infinity	-Infinity	Infinity	2012-09-19 16:25:05.880163	1100	f
65	50	2	0	Infinity	\N	-Infinity	Infinity	-Infinity	Infinity	2012-09-19 16:25:05.880163	1100	f
66	51	2	0	Infinity	\N	-Infinity	Infinity	-Infinity	Infinity	2012-09-19 16:25:05.880163	1100	f
67	52	2	0	Infinity	\N	-Infinity	Infinity	-Infinity	Infinity	2012-09-19 16:25:05.880163	1100	f
68	53	2	0	Infinity	\N	-Infinity	Infinity	-Infinity	Infinity	2012-09-19 16:25:05.880163	1100	f
69	54	2	0	Infinity	\N	-Infinity	Infinity	-Infinity	Infinity	2012-09-19 16:25:05.880163	1100	f
70	55	2	0	Infinity	\N	-Infinity	Infinity	-Infinity	Infinity	2012-09-19 16:25:05.880163	1100	f
71	56	2	0	Infinity	\N	-Infinity	Infinity	-Infinity	Infinity	2012-09-19 16:25:05.880163	1100	f
72	57	2	0	Infinity	\N	-Infinity	Infinity	-Infinity	Infinity	2012-09-19 16:25:05.880163	1100	f
73	58	2	0	Infinity	\N	-Infinity	Infinity	-Infinity	Infinity	2013-11-07 10:00:17.778688	1100	f
74	59	2	0	Infinity	\N	-Infinity	Infinity	-Infinity	Infinity	2013-11-07 10:00:17.778688	1100	f
75	60	2	0	Infinity	\N	-Infinity	Infinity	-Infinity	Infinity	2013-11-07 10:00:17.778688	1100	f
76	61	2	0	Infinity	\N	-Infinity	Infinity	-Infinity	Infinity	2013-11-07 10:00:17.778688	1100	f
\.


--
-- Name: result_limits_seq; Type: SEQUENCE SET; Schema: clinlims; Owner: clinlims
--

SELECT pg_catalog.setval('result_limits_seq', 76, true);


--
-- Name: result_seq; Type: SEQUENCE SET; Schema: clinlims; Owner: clinlims
--

SELECT pg_catalog.setval('result_seq', 1, false);


--
-- Data for Name: result_signature; Type: TABLE DATA; Schema: clinlims; Owner: clinlims
--

COPY result_signature (id, result_id, system_user_id, is_supervisor, lastupdated, non_user_name) FROM stdin;
\.


--
-- Name: result_signature_seq; Type: SEQUENCE SET; Schema: clinlims; Owner: clinlims
--

SELECT pg_catalog.setval('result_signature_seq', 1, false);


--
-- Data for Name: sample; Type: TABLE DATA; Schema: clinlims; Owner: clinlims
--

COPY sample (id, accession_number, package_id, domain, next_item_sequence, revision, entered_date, received_date, collection_date, client_reference, status, released_date, sticker_rcvd_flag, sys_user_id, barcode, transmission_date, lastupdated, spec_or_isolate, priority, status_id, referring_id, clinical_order_id) FROM stdin;
\.


--
-- Data for Name: sample_animal; Type: TABLE DATA; Schema: clinlims; Owner: clinlims
--

COPY sample_animal (id, sci_name_id, comm_anim_id, sampling_location, collector, samp_id, multiple_unit, street_address, city, state, country, zip_code) FROM stdin;
\.


--
-- Data for Name: sample_domain; Type: TABLE DATA; Schema: clinlims; Owner: clinlims
--

COPY sample_domain (id, domain_description, domain, lastupdated) FROM stdin;
28	ANIMAL SAMPLES	A	2006-11-08 10:58:03.229
29	ENVIRONMENTAL	E	2006-09-21 10:06:53
27	HUMAN SAMPLES	H	2006-09-21 10:06:01
2	NEWBORN SAMPLES	N	2008-10-31 15:19:03.544
\.


--
-- Name: sample_domain_seq; Type: SEQUENCE SET; Schema: clinlims; Owner: clinlims
--

SELECT pg_catalog.setval('sample_domain_seq', 2, true);


--
-- Data for Name: sample_environmental; Type: TABLE DATA; Schema: clinlims; Owner: clinlims
--

COPY sample_environmental (id, samp_id, is_hazardous, lot_nbr, description, chem_samp_num, street_address, multiple_unit, city, state, zip_code, country, collector, sampling_location) FROM stdin;
\.


--
-- Data for Name: sample_human; Type: TABLE DATA; Schema: clinlims; Owner: clinlims
--

COPY sample_human (id, provider_id, samp_id, patient_id, lastupdated) FROM stdin;
\.


--
-- Name: sample_human_seq; Type: SEQUENCE SET; Schema: clinlims; Owner: clinlims
--

SELECT pg_catalog.setval('sample_human_seq', 1, false);


--
-- Data for Name: sample_item; Type: TABLE DATA; Schema: clinlims; Owner: clinlims
--

COPY sample_item (id, sort_order, sampitem_id, samp_id, source_id, typeosamp_id, uom_id, source_other, quantity, lastupdated, external_id, collection_date, status_id, collector) FROM stdin;
\.


--
-- Name: sample_item_seq; Type: SEQUENCE SET; Schema: clinlims; Owner: clinlims
--

SELECT pg_catalog.setval('sample_item_seq', 1, false);


--
-- Data for Name: sample_newborn; Type: TABLE DATA; Schema: clinlims; Owner: clinlims
--

COPY sample_newborn (id, weight, multi_birth, birth_order, gestational_week, date_first_feeding, breast, tpn, formula, milk, soy, jaundice, antibiotics, transfused, date_transfusion, medical_record_numeric, nicu, birth_defect, pregnancy_complication, deceased_sibling, cause_of_death, family_history, other, y_numeric, yellow_card, lastupdated) FROM stdin;
\.


--
-- Name: sample_org_seq; Type: SEQUENCE SET; Schema: clinlims; Owner: clinlims
--

SELECT pg_catalog.setval('sample_org_seq', 112, false);


--
-- Data for Name: sample_organization; Type: TABLE DATA; Schema: clinlims; Owner: clinlims
--

COPY sample_organization (id, org_id, samp_id, samp_org_type, lastupdated) FROM stdin;
\.


--
-- Data for Name: sample_pdf; Type: TABLE DATA; Schema: clinlims; Owner: clinlims
--

COPY sample_pdf (id, accession_number, allow_view, barcode) FROM stdin;
\.


--
-- Name: sample_pdf_seq; Type: SEQUENCE SET; Schema: clinlims; Owner: clinlims
--

SELECT pg_catalog.setval('sample_pdf_seq', 1, false);


--
-- Name: sample_proj_seq; Type: SEQUENCE SET; Schema: clinlims; Owner: clinlims
--

SELECT pg_catalog.setval('sample_proj_seq', 1, false);


--
-- Data for Name: sample_projects; Type: TABLE DATA; Schema: clinlims; Owner: clinlims
--

COPY sample_projects (samp_id, proj_id, is_permanent, id, lastupdated) FROM stdin;
\.


--
-- Data for Name: sample_qaevent; Type: TABLE DATA; Schema: clinlims; Owner: clinlims
--

COPY sample_qaevent (id, qa_event_id, sample_id, completed_date, lastupdated, sampleitem_id, entered_date) FROM stdin;
\.


--
-- Data for Name: sample_qaevent_action; Type: TABLE DATA; Schema: clinlims; Owner: clinlims
--

COPY sample_qaevent_action (id, sample_qaevent_id, action_id, created_date, lastupdated, sys_user_id) FROM stdin;
\.


--
-- Name: sample_qaevent_action_seq; Type: SEQUENCE SET; Schema: clinlims; Owner: clinlims
--

SELECT pg_catalog.setval('sample_qaevent_action_seq', 1, false);


--
-- Name: sample_qaevent_seq; Type: SEQUENCE SET; Schema: clinlims; Owner: clinlims
--

SELECT pg_catalog.setval('sample_qaevent_seq', 1, false);


--
-- Data for Name: sample_requester; Type: TABLE DATA; Schema: clinlims; Owner: clinlims
--

COPY sample_requester (sample_id, requester_id, requester_type_id, lastupdated, id) FROM stdin;
\.


--
-- Name: sample_requester_seq; Type: SEQUENCE SET; Schema: clinlims; Owner: clinlims
--

SELECT pg_catalog.setval('sample_requester_seq', 37, true);


--
-- Name: sample_seq; Type: SEQUENCE SET; Schema: clinlims; Owner: clinlims
--

SELECT pg_catalog.setval('sample_seq', 1, false);


--
-- Name: sample_type_panel_seq; Type: SEQUENCE SET; Schema: clinlims; Owner: clinlims
--

SELECT pg_catalog.setval('sample_type_panel_seq', 2, true);


--
-- Name: sample_type_test_seq; Type: SEQUENCE SET; Schema: clinlims; Owner: clinlims
--

SELECT pg_catalog.setval('sample_type_test_seq', 61, true);


--
-- Data for Name: sampletype_panel; Type: TABLE DATA; Schema: clinlims; Owner: clinlims
--

COPY sampletype_panel (id, sample_type_id, panel_id) FROM stdin;
1	3	1
2	3	2
\.


--
-- Data for Name: sampletype_test; Type: TABLE DATA; Schema: clinlims; Owner: clinlims
--

COPY sampletype_test (id, sample_type_id, test_id, is_panel) FROM stdin;
1	1	1	f
2	2	2	f
3	3	3	f
4	1	4	f
5	2	5	f
6	3	6	f
7	1	7	f
8	2	8	f
9	3	9	f
10	3	10	f
11	3	11	f
12	2	12	f
13	2	13	f
14	1	14	f
15	2	15	f
16	2	16	f
17	2	17	f
18	4	18	f
19	2	19	f
20	2	20	f
21	2	21	f
22	3	22	f
23	4	23	f
24	3	24	f
25	3	25	f
26	3	26	f
27	3	27	f
28	3	28	f
29	3	29	f
30	3	30	f
31	3	31	f
32	3	32	f
33	3	33	f
34	3	34	f
35	3	35	f
36	3	36	f
37	3	37	f
38	3	38	f
39	3	39	f
40	3	40	f
41	3	41	f
42	2	42	f
43	4	43	f
44	4	44	f
45	2	45	f
46	1	46	f
47	2	47	f
48	1	48	f
49	2	49	f
50	1	50	f
51	2	51	f
52	2	52	f
53	2	53	f
54	2	54	f
55	2	55	f
56	2	56	f
57	2	57	f
58	4	58	f
59	1	59	f
60	2	60	f
61	3	61	f
\.


--
-- Data for Name: scriptlet; Type: TABLE DATA; Schema: clinlims; Owner: clinlims
--

COPY scriptlet (id, name, code_type, code_source, lastupdated) FROM stdin;
13	Ais Test	B	C	2006-12-13 11:00:01.748
11	Diane Test	T	Diane test	2006-11-01 13:34:49.667
12	SCRIPTLET	S	test	2006-11-08 10:58:32.964
1	HIV Status Indeterminate	I	HIV Indeterminate	2011-02-02 11:55:53.344606
2	HIV Status Negative	I	HIV N	2011-02-02 11:55:53.344606
3	HIV Status Positive	I	HIV Positive	2011-02-02 11:55:53.344606
\.


--
-- Name: scriptlet_seq; Type: SEQUENCE SET; Schema: clinlims; Owner: clinlims
--

SELECT pg_catalog.setval('scriptlet_seq', 3, true);


--
-- Data for Name: sequence; Type: TABLE DATA; Schema: clinlims; Owner: clinlims
--

COPY sequence (seq_name, seq_count) FROM stdin;
\.


--
-- Data for Name: site_information; Type: TABLE DATA; Schema: clinlims; Owner: clinlims
--

COPY site_information (id, name, lastupdated, description, value, encrypted, domain_id, value_type, instruction_key, "group", schedule_id, tag, dictionary_category_id) FROM stdin;
20	reflex_rules	2011-07-28 20:20:19.341221+00	What set of reflex rules are used. From a predefined list	\N	f	5	text	\N	0	\N	\N	\N
21	testUsageAggregationUrl	2011-07-28 20:20:19.341221+00	The url of the site to which test usage will be sent	\N	f	6	text	\N	0	\N	\N	\N
22	testUsageAggregationUserName	2011-07-28 20:20:19.341221+00	The user name for accesses to the service for aggregating test usage	\N	f	6	text	\N	0	\N	\N	\N
23	testUsageAggregationPassword	2011-07-28 20:20:19.341221+00	The password for accesser to the service for aggregating test usage	\N	f	6	text	\N	0	\N	\N	\N
24	testUsageSendStatus	2011-07-29 22:20:48.289962+00	The status of what happened the last time an attempt was made to send the report	N/A	f	6	text	\N	0	\N	\N	\N
6	patientSearchURL	2010-10-28 11:13:56.491221+00	The service URL from which to import patient demographics	https://67.47.153.78:8180/PatientSearchService/iSante/services/patients	f	1	text	\N	0	\N	\N	\N
7	patientSearchLogOnUser	2010-10-28 11:13:56.491221+00	The user name for using the service	iSanteSvcUser	f	1	text	\N	0	\N	\N	\N
8	patientSearchPassword	2010-10-28 11:13:56.491221+00	The password for using the service	cq:qzhuxpVz80oD	f	1	text	\N	0	\N	\N	\N
9	useExternalPatientSource	2010-10-28 11:13:56.491221+00	Use an external source patient demographics true/false	false	f	1	boolean	\N	0	\N	\N	\N
27	modify results role	2011-10-27 17:04:30.983894+00	Should a separate role be required to be able to modify results	false	f	9	boolean	\N	0	\N	\N	\N
28	modify results note required	2011-10-27 17:04:30.983894+00	Is a note required when results are modified	false	f	9	boolean	\N	0	\N	\N	\N
29	ResultTechnicianName	2011-11-05 00:08:50.863368+00	If true then the technician name is required for entering results	false	f	9	boolean	instructions.results.technician	0	\N	\N	\N
30	autoFillTechNameBox	2011-11-05 00:08:50.863368+00	If the techs name is required on results then add a box for autofill	false	f	9	boolean	instructions.results.autofilltechbox	0	\N	\N	\N
31	autoFillTechNameUser	2011-11-05 00:08:50.863368+00	If the techs name is required on results then autofill with logged in user	false	f	9	boolean	instructions.results.autofilltech.user	0	\N	\N	\N
12	allowLanguageChange	2011-05-20 17:01:40.934926+00	Allows the user to change the language at login	true	f	1	boolean	\N	0	\N	\N	\N
36	trackPayment	2012-03-13 22:32:16.688023+00	If true track patient payment for services	true	f	10	boolean	instructions.patient.payment	0	\N	\N	\N
38	statusRules	2012-03-16 21:09:50.468456+00	statusRules determine specific status values for the application, ex: LNSP_haiti	LNSP_haiti	f	11	text	\N	0	\N	\N	\N
39	reflexAction	2012-03-16 21:09:50.468456+00	reflexActions determine the meaning of the flags in reflexes, ex: RetroCI	LNSP_Haiti	f	11	text	\N	0	\N	\N	\N
41	passwordRequirements	2012-03-16 21:09:50.468456+00	changes the password requirements depending on site, ex: HAITI	HAITI	f	11	text	\N	0	\N	\N	\N
42	setFieldForm	2012-03-16 21:09:50.468456+00	set form fields for each different implementation, ex: Haiti	LNSP_CI	f	11	text	\N	0	\N	\N	\N
43	alertWhenInvalidResult	2012-04-03 16:41:04.884938+00	Should there be an alert when the user enters a result outside of the valid range	false	f	9	boolean	instructions.results.invalidAlert	0	\N	\N	\N
51	configuration name	2012-05-14 18:24:08.911214+00	The name which will appear after the version number in header	CI LNSP	f	1	text	\N	0	\N	\N	\N
25	resultReporting	2011-08-13 00:26:20.61669+00	Should reporting results electronically be enabled	false	f	8	boolean	\N	1	\N	enable	\N
26	resultReportingURL	2011-08-13 00:26:20.61669+00	Where reporting results electronically should be sent	disable	f	8	text	\N	1	\N	url	\N
44	malariaSurURL	2012-04-20 18:20:34.0183+00	The URL for malaria Surveillance reports		f	8	text	instructions.result.malaria.sur.url	2	\N	url	\N
45	malariaSurReport	2012-04-20 18:20:34.0183+00	True to send reports, false otherwise	false	f	8	boolean	instructions.result.malaria.surveillance	2	3	enable	\N
46	malariaCaseURL	2012-04-20 18:20:34.0183+00	The URL for malaria case reports		f	8	text	instructions.result.malaria.case.url	3	\N	url	\N
47	malariaCaseReport	2012-04-20 18:20:34.0183+00	True to send reports, false otherwise	false	f	8	boolean	instructions.result.malaria.case	3	\N	enable	\N
48	testUsageReporting	2012-05-02 20:18:22.637167+00	Should reporting testUsage electronically be enabled	false	f	6	boolean	instructions.test.usage	0	\N	enable	\N
49	default language locale	2012-05-14 18:24:08.802607+00	The default language local	fr-FR	f	1	dictionary	\N	0	\N	\N	197
50	default date locale	2012-05-14 18:24:08.802607+00	The default date local	fr-FR	f	1	dictionary	\N	0	\N	\N	197
52	condenseNSF	2012-06-01 22:10:58.452758+00	Should NFS be represented as NFS or as individual tests	false	f	11	boolean	\N	0	\N	\N	\N
37	stringContext	2012-03-16 21:09:50.468456+00	The context for the property, ex: Cote d' Iviore	CI_LNSP	f	11	text	\N	0	\N	\N	\N
53	roleForPatientOnResults	2012-06-19 17:05:53.340299+00	Is patient information restricted to those in correct role	false	f	9	boolean	\N	0	\N	\N	\N
54	reportPageNumbers	2012-09-19 23:25:04.918829+00	use page numbers on reports	false	f	12	boolean	siteInformation.instruction.pageNumbers	0	\N	\N	\N
33	SiteName	2012-01-27 17:40:08.80713+00	The name of the site for reports and header		f	12	text	instructions.site.name	0	\N	\N	\N
34	lab director	2012-01-27 17:40:12.362877+00	The lab directors name for the reports		f	12	text	instructions.site.lab.director	0	\N	\N	\N
35	useLogoInReport	2012-02-08 22:35:14.376131+00	Should the site logo be used in the report	true	f	12	boolean	instructions.site.logo	0	\N	\N	\N
40	acessionFormat	2012-03-16 21:09:50.468456+00	specifies the format of the acession number,ex: SiteYearNum	YEARNUM_DASH_SEVEN	f	11	text	\N	0	\N	\N	\N
55	sortQaEvents	2012-10-10 19:03:05.827874+00	sort qa events in lists	false	f	1	boolean	siteInformation.instruction.sortQaEvents	0	\N	\N	\N
56	validate all results	2012-11-06 00:48:36.305942+00	all results should be validated even if normal	true	f	9	boolean	siteInformation.instruction.validate.all	0	\N	\N	\N
57	additional site info	2012-12-19 19:22:09.160118+00	additional information for report header		f	12	freeText	siteInformation.instruction.headerInfo	0	\N	\N	\N
58	lab logo	2012-12-19 20:15:46.157219+00	Provides for uploading lab logo		f	12	logoUpload	siteInformation.instruction.labLogo	0	\N	\N	\N
59	subject on workplan	2013-03-06 00:27:45.360574+00	Use the subject number on the workplan	true	f	13	boolean	instructions.workplan.subject	0	\N	\N	\N
60	next visit on workplan	2013-03-06 00:27:45.381027+00	Show the date of the next visit on the workplan	true	f	13	boolean	instructions.workplan.next.visit	0	\N	\N	\N
32	showValidationFailureIcon	2011-11-08 19:48:47.778057+00	If the analysis has failed validation show icon on results page	true	f	9	boolean	instructions.results.validationFailIcon	0	\N	\N	\N
61	external orders	2013-04-17 17:43:49.617301+00	Allow external sites to send electronic orders	false	f	10	boolean	instructions.sampleEntry.acceptOrders	0	\N	\N	\N
62	non-conformity signature	2013-05-04 00:13:23.790851+00	Add line for supervisor signature on non-conformity report	false	f	12	boolean	instructions.reports.nonconformity.sig	0	\N	\N	\N
4	siteNumber	2011-02-22 20:53:56.436532+00	site Id Number	lnsp	f	1	text	\N	0	\N	\N	\N
64	results on workplan	2013-05-21 00:20:31.845157+00	Should there be a space for results on workplan	false	f	13	boolean	instructions.workplan.result	0	\N	\N	\N
10	TrainingInstallation	\N	Allows for deletion of all patient and sample data	false	f	1	boolean	\N	0	\N	\N	\N
63	auto-fill collection date/time	2013-05-21 00:20:31.821261+00	Should the specimen collection time and date be autofilled	false	f	10	boolean	instructions.sampleEntry.autofillColl	0	\N	\N	\N
65	Reception as unit	2013-05-30 23:32:40.490605+00	Should reception be a place where a non-conformity is reported	true	f	14	boolean	instructions.nonconformnity.reception	0	\N	\N	\N
66	Collection as unit	2013-05-30 23:32:40.490605+00	Should sample collection be a place where a non-conformity is reported	false	f	14	boolean	instructions.nonconformity.collection	0	\N	\N	\N
68	Accession number prefix	2013-06-17 18:45:02.751784+00	Prefix for SITEYEARNUM format.  Can not be changed if there are samples	lnsp	f	1	text	instructions.accession.prefix	0	\N	\N	\N
71	validate phone format	2013-08-29 19:35:44.857923+00	Should the format for a phone number be validated	true	f	1	boolean	instructions.site.phone.validation	0	\N	\N	\N
70	phone format	2013-08-29 19:35:44.83159+00	The acceptable format for a phone number	+225-xx-xx-xx-xx	f	1	text	instructions.site.phone	0	\N	numericOnly	\N
72	Allow duplicate subject number	2013-10-10 23:52:47.854743+00	Allow more than one patient to have same subject number	true	f	15	boolean	instructions.patient.duplicate.subject	0	\N	\N	\N
73	validateTechnicalRejection	2014-03-26 19:26:54.869331+00	If true and a technician rejects test results then they are ready to be validated	true	f	9	boolean	instructions.validation.techRejection	0	\N	\N	\N
69	validationOnlyNotesAreExternal	2013-08-07 16:27:02.999276+00	If true note are internal except validation	true	f	11	boolean	\N	0	\N	\N	\N
74	allowResultRejection	2014-05-02 03:40:44.293752+00	If true then a technician has the ability to reject an individual test and select a reason for rejection	false	f	9	boolean	allow.result.rejections	0	\N	\N	\N
\.


--
-- Data for Name: site_information_domain; Type: TABLE DATA; Schema: clinlims; Owner: clinlims
--

COPY site_information_domain (id, name, description) FROM stdin;
1	siteIdentity	Identityfing items which don't change the behavior
2	patientSharing	Items needed to share patient information
3	siteExtras	Items which turn extra capacity on and off
4	formating	Items which specify the format of artifacts
5	rules	Items which change the busness rules and effect the workflow
6	testUsage	Items which change the busness rules and effect the workflow
9	resultConfiguration	site information which effects the handling of results
10	sampleEntryConfig	Configuration for those items which can appear on the sample entry form
11	hiddenProperties	Configuration properties invisible to the user
8	resultReporting	Items which effect reports being sent electronically
12	printedReportsConfig	items which effect printed reports
13	workplanConfig	Items having to do with the configuration of workplans
14	non_conformityConfig	Items which have to do with configuration of non-conformity page
15	patientEntryConfig	Configuration items for patient entry
\.


--
-- Name: site_information_domain_seq; Type: SEQUENCE SET; Schema: clinlims; Owner: clinlims
--

SELECT pg_catalog.setval('site_information_domain_seq', 15, true);


--
-- Name: site_information_seq; Type: SEQUENCE SET; Schema: clinlims; Owner: clinlims
--

SELECT pg_catalog.setval('site_information_seq', 74, true);


--
-- Data for Name: source_of_sample; Type: TABLE DATA; Schema: clinlims; Owner: clinlims
--

COPY source_of_sample (id, description, domain, lastupdated) FROM stdin;
43	Ankle	H	2006-09-12 10:09:25
56	Bone marrow	H	2006-09-12 10:14:26
62	Brain meninges	H	2006-09-12 10:24:32
88	Eye lid	H	2006-09-12 10:34:28
91	Finger 1st	H	2006-09-12 10:35:08
102	Head	H	2006-09-12 10:38:14
109	Lingula	H	2006-09-12 10:39:28
205	test11	A	2006-12-11 14:48:24
26	Left Lower Lobe	H	2006-09-12 10:03:04
29	Right Lower Lobe	H	2006-09-12 10:03:24
30	Middle Lobe	H	2006-09-12 10:03:37
31	Acute	H	2006-09-12 10:05:06
32	Convalescent	H	2006-09-12 10:05:19
33	Abdominal	H	2006-11-08 11:10:05.484
34	Amniotic	H	2006-09-12 10:05:53
35	Joint	H	2006-09-12 10:06:04
36	Paracentesis	H	2006-09-12 10:07:23
37	Pericardial	H	2006-09-12 10:07:33
38	Synovial	H	2006-09-12 10:07:43
39	Thoracentesis	H	2006-09-12 10:08:09
40	Vitreous	H	2006-09-12 10:08:20
41	Abdomen	H	2006-11-08 11:09:50.202
42	Adenoid	H	2006-09-12 10:09:17
44	Aorta	H	2006-09-12 10:09:34
45	Arm	H	2006-09-12 10:09:42
46	Axilla	H	2006-09-12 10:09:53
47	Back	H	2006-09-12 10:10:00
48	Bladder	H	2006-09-12 10:10:36
49	Bone	A	2006-11-27 09:21:04
50	Bone tibia	H	2006-09-12 10:13:00
51	Bone femur	H	2006-09-12 10:12:33
52	Bone coccyx	H	2006-09-12 10:13:18
53	Bone clavicle	H	2006-09-12 10:13:32
54	Bone cranium	H	2006-09-12 10:13:46
55	Bone mastoid	H	2006-09-12 10:14:01
57	Bowel	H	2006-09-12 10:14:37
58	Brain	H	2006-09-12 10:23:28
59	Brain frontal lobe	H	2006-09-12 10:23:48
60	Brain subgaleal	H	2006-09-12 10:24:07
61	Brain subdural	H	2006-09-12 10:24:21
63	Brain parietal lobe	H	2006-09-12 10:24:46
64	Brain dura	H	2006-09-12 10:24:56
65	Brain cerebellum	H	2006-09-12 10:25:10
66	Breast	H	2006-09-12 10:25:19
67	Buccal	H	2006-09-12 10:25:37
68	Buttock	H	2006-09-12 10:26:10
69	Calf	H	2006-09-12 10:26:19
70	Cervix	H	2006-09-12 10:26:47
71	Chest	H	2006-09-12 10:26:56
72	Coccyx	H	2006-09-12 10:27:19
73	Colon	H	2006-09-12 10:27:27
74	Composite	H	2006-09-12 10:27:35
75	Disc	H	2006-09-12 10:27:47
76	Duodenum	H	2006-09-12 10:27:58
77	Ear	H	2006-09-12 10:28:05
78	Ear canal	H	2006-09-12 10:28:20
79	Ear mastoid	H	2006-09-12 10:28:32
80	Elbow	H	2006-09-12 10:28:43
81	Endometrium	H	2006-09-12 10:28:53
82	Epidural	H	2006-09-12 10:29:03
83	Epiglottis	H	2006-09-12 10:29:17
84	Esophagus	H	2006-09-12 10:29:37
85	Eye	H	2006-09-12 10:33:46
86	Eye cornea	H	2006-09-12 10:34:00
87	Eye conjunctiva	H	2006-09-12 10:34:19
89	Face	H	2006-09-12 10:34:40
90	Finger	H	2006-09-12 10:34:48
92	Finger 2nd	H	2006-09-12 10:35:19
93	Finger 3rd	H	2006-09-12 10:35:28
94	Finger 4th	H	2006-09-12 10:35:36
95	Finger thumb	H	2006-09-12 10:35:47
96	Foot	H	2006-09-12 10:36:00
97	Gall Bladder	H	2006-09-12 10:37:27
98	Gastric	H	2006-09-12 10:37:35
99	Hair	H	2006-09-12 10:37:42
100	Hand	H	2006-09-12 10:37:52
101	Hard Palate	H	2006-09-12 10:38:03
103	Hip	H	2006-09-12 10:38:25
104	Intestine	H	2006-09-12 10:38:38
105	Jaw	H	2006-09-12 10:38:48
106	Kidney	H	2006-09-12 10:38:58
107	Knee	H	2006-09-12 10:39:07
108	Leg	H	2006-09-12 10:39:20
110	Lip	H	2006-09-12 10:39:43
111	Lumbar	H	2006-09-12 10:39:51
112	Lumbar Disc Space	H	2006-09-12 10:40:03
113	Lymph Node	H	2006-09-12 10:40:14
114	Lymph Node abdominal	H	2006-09-12 10:40:36
115	Lymph Node axillary	H	2006-09-12 10:40:50
116	Lymph Node cervical	H	2006-09-12 10:41:04
117	Lymph Node hilar	H	2006-09-12 10:41:22
118	Lymph Node inguinal	H	2006-09-12 10:41:47
124	Neck	H	2006-09-12 11:34:26
125	Nose	H	2006-09-12 11:34:34
140	Rectum	H	2006-09-12 11:38:12
143	Scrotum	H	2006-09-12 11:39:22
144	Shin	H	2006-09-12 11:39:30
174	Wrist	H	2006-09-12 11:46:47
185	Heart	H	2006-09-12 11:58:15
189	Lymph Node mediastinal	H	2006-09-12 12:45:59
190	Lymph Node mesenteric	H	2006-09-12 12:46:17
191	Lymph Node paratracheal	H	2006-09-12 12:46:30
192	Lymph Node portal	H	2006-09-12 12:47:25
193	Lymph Node post auricular	H	2006-09-12 12:47:42
194	Lymph Node submandibular	H	2006-09-12 12:47:57
195	Lymph Node supraclavicular	H	2006-09-12 12:48:23
196	Lymph Node tracheal	H	2006-09-12 12:48:33
197	Port-a-Cath	H	2006-09-13 08:49:45
198	IV Catheter Tip	H	2006-09-13 08:50:14
120	Urethral	H	2006-09-12 11:33:15
28	Right Upper Lobe	H	2006-09-12 10:03:14
119	Cervical	H	2006-09-12 11:33:05
121	Oral	H	2006-09-12 11:33:38
122	Mandible	H	2006-09-12 11:34:14
123	Nail	H	2006-09-12 11:34:20
126	Nose anterior nares	H	2006-09-12 11:34:59
127	Nose nares	H	2006-09-12 11:35:12
128	Nose turbinate	H	2006-09-12 11:35:22
129	Omentum	H	2006-09-12 11:35:33
130	Paraspinal	H	2006-09-12 11:35:44
131	Paratracheal	H	2006-09-12 11:36:11
132	Parotid	H	2006-09-12 11:36:21
133	Penis	H	2006-09-12 11:36:59
134	Pericardium	H	2006-09-12 11:37:09
135	Perineum	H	2006-09-12 11:37:22
136	Peritoneum	H	2006-09-12 11:37:37
137	Placenta	H	2006-09-12 11:37:45
138	Pleura	H	2006-09-12 11:37:56
139	Prostate	H	2006-09-12 11:38:04
141	Sacrum	H	2006-09-12 11:38:26
142	Scalp	H	2006-09-12 11:38:36
145	Shoulder	H	2006-09-12 11:39:38
146	Sinus	H	2006-09-12 11:39:49
147	Sinus ethmoid	H	2006-09-12 11:40:08
148	Sinus frontal	H	2006-09-12 11:40:17
149	Sinus maxillary	H	2006-09-12 11:41:30
150	Sinus sphenoid	H	2006-09-12 11:41:42
151	Skin	H	2006-09-12 11:41:55
152	Small Bowel	H	2006-09-12 11:42:04
153	Spine	H	2006-09-12 11:42:11
154	Spleen	H	2006-09-12 11:42:20
155	Sternum	H	2006-09-12 11:42:30
156	Stomach	H	2006-09-12 11:42:38
157	Synovium	H	2006-09-12 11:43:00
158	Testicle	H	2006-09-12 11:43:17
159	Thigh	H	2006-09-12 11:43:25
160	Toe	H	2006-09-12 11:43:33
161	Toe great	H	2006-09-12 11:43:58
162	Toe 1st	H	2006-09-12 11:44:10
163	Toe 2nd	H	2006-09-12 11:44:19
164	Toe 3rd	H	2006-09-12 11:44:29
165	Toe 4th	H	2006-09-12 11:44:38
166	Toe 5th	H	2006-09-12 11:45:37
167	Toenail	H	2006-09-12 11:45:48
168	Tongue	H	2006-09-12 11:45:57
169	Tonsil	H	2006-09-12 11:46:04
170	Vagina	H	2006-09-12 11:46:18
171	Vein	H	2006-09-12 11:46:25
172	Vertebra	H	2006-09-12 11:46:32
173	Vulva	H	2006-09-12 11:46:40
175	Other	H	2006-09-12 11:47:35
176	Midstream	H	2006-09-12 11:47:54
177	Clean Catch	H	2006-09-12 11:48:05
178	Catheter	H	2006-09-12 11:48:12
179	Foley Catheter	H	2006-09-12 11:48:33
180	Peripheral	H	2006-09-12 11:48:45
181	EDTA	H	2006-09-12 11:48:51
182	Whole	H	2006-09-12 11:48:57
183	Venous	H	2006-09-12 11:49:06
184	Cord	H	2006-09-12 11:49:11
186	Heart valve	H	2006-09-12 11:58:28
187	Heart aortic	H	2006-09-12 11:58:38
188	Heart pericardium	H	2006-09-12 11:58:49
25	Left Upper Lobe 	H	2006-09-12 10:02:44
\.


--
-- Name: source_of_sample_seq; Type: SEQUENCE SET; Schema: clinlims; Owner: clinlims
--

SELECT pg_catalog.setval('source_of_sample_seq', 1, false);


--
-- Data for Name: state_code; Type: TABLE DATA; Schema: clinlims; Owner: clinlims
--

COPY state_code (id, code, description, lastupdated) FROM stdin;
17	MB	Manitoba	2006-08-11 14:14:02
18	NB	New Brunswick	2006-08-11 14:14:02
19	NL	Newfoundland and Labrador	2006-08-11 14:14:02
20	NT	Northwest Territories	2006-08-11 14:14:02
21	NS	Nova Scotia	2006-08-11 14:14:02
22	NU	Nunavut	2006-08-11 14:14:02
23	ON	Ontario	2006-08-11 14:14:02
24	PE	Prince Edward Island	2006-08-11 14:14:02
25	QC	Quebec	2006-08-11 14:14:02
15	AA	Alberta	2006-11-08 11:10:52.625
16	BC	British Columbia	2006-08-11 14:14:02
26	SK	Saskatchewan	2006-08-11 14:14:02
27	YU	Yukon	2006-08-11 14:14:02
30	AL	ALABAMA             	2006-08-11 14:14:02
31	AK	ALASKA              	2006-08-11 14:14:02
32	AZ	ARIZONA             	2006-08-11 14:14:02
33	AR	ARKANSAS            	2006-08-11 14:14:02
34	CA	CALIFORNIA          	2006-08-11 14:14:02
35	CO	COLORADO            	2006-08-11 14:14:02
36	CT	CONNECTICUT         	2006-08-11 14:14:02
37	DE	DELAWARE            	2006-08-11 14:14:02
38	DC	DISTRICT OF COLUMBIA	2006-08-11 14:14:02
39	FL	FLORIDA             	2006-08-11 14:14:02
40	GA	GEORGIA             	2006-08-11 14:14:02
41	HI	HAWAII              	2006-08-11 14:14:02
42	ID	IDAHO               	2006-08-11 14:14:02
43	IL	ILLINOIS            	2006-08-11 14:14:02
44	IN	INDIANA             	2006-08-11 14:14:02
45	IA	IOWA                	2006-08-11 14:14:02
46	KS	KANSAS              	2006-08-11 14:14:02
47	KY	KENTUCKY            	2006-08-11 14:14:02
48	LA	LOUISIANA           	2006-08-11 14:14:02
49	ME	MAINE               	2006-08-11 14:14:02
50	MD	MARYLAND            	2006-08-11 14:14:02
51	MA	MASSACHUSETTS       	2006-08-11 14:14:02
52	MI	MICHIGAN            	2006-08-11 14:14:02
53	MN	MINNESOTA           	2006-08-11 14:14:02
54	MS	MISSISSIPPI         	2006-08-11 14:14:02
55	MO	MISSOURI            	2006-08-11 14:14:02
56	MT	MONTANA             	2006-08-11 14:14:02
57	NE	NEBRASKA            	2006-08-11 14:14:02
58	NV	NEVADA              	2006-08-11 14:14:02
59	NH	NEW HAMPSHIRE       	2006-08-11 14:14:02
60	NJ	NEW JERSEY          	2006-08-11 14:14:02
61	NM	NEW MEXICO          	2006-08-11 14:14:02
62	NY	NEW YORK            	2006-08-11 14:14:02
63	NC	NORTH CAROLINA      	2006-08-11 14:14:02
64	ND	NORTH DAKOTA        	2006-08-11 14:14:02
65	OH	OHIO                	2006-08-11 14:14:02
66	OK	OKLAHOMA            	2006-08-11 14:14:02
67	OR	OREGON              	2006-08-11 14:14:02
68	PA	PENNSYLVANIA        	2006-08-11 14:14:02
69	RI	RHODE ISLAND        	2006-08-11 14:14:02
70	SC	SOUTH CAROLINA      	2006-08-11 14:14:02
71	SD	SOUTH DAKOTA        	2006-08-11 14:14:02
72	TN	TENNESSEE           	2006-08-11 14:14:02
73	TX	TEXAS               	2006-08-11 14:14:02
74	UT	UTAH                	2006-08-11 14:14:02
75	VT	VERMONT             	2006-08-11 14:14:02
76	VA	VIRGINIA            	2006-08-11 14:14:02
77	WA	WASHINGTON          	2006-08-11 14:14:02
78	WV	WEST VIRGINIA       	2006-08-11 14:14:02
79	WI	WISCONSIN           	2006-08-11 14:14:02
80	WY	WYOMING             	2006-08-11 14:14:02
85	CF	Confusion	2006-08-30 15:49:37
82	AB	new test update	2006-08-11 14:14:02
\.


--
-- Name: state_code_seq; Type: SEQUENCE SET; Schema: clinlims; Owner: clinlims
--

SELECT pg_catalog.setval('state_code_seq', 1, false);


--
-- Data for Name: status_of_sample; Type: TABLE DATA; Schema: clinlims; Owner: clinlims
--

COPY status_of_sample (id, description, code, status_type, lastupdated, name, display_key, is_active) FROM stdin;
4	This test has not yet been done	1	ANALYSIS	2011-02-16 12:45:57.196561	Not Tested	status.test.notStarted	Y
11	test has been done at an outside lab and then referred to this lab	1	ANALYSIS	2011-03-29 15:37:16.322524	referred in	status.test.referred.in	Y
7	The Biologist did not accept this result as valid	1	ANALYSIS	2011-11-08 11:48:51.093674	Biologist Rejection	status.test.biologist.reject	Y
14	Test was requested but then canceled	1	ANALYSIS	2011-11-08 11:48:51.093674	Test Canceled	status.test.canceled	Y
15	The results of the test were accepted by technician as being valid	1	ANALYSIS	2011-11-08 11:48:51.093674	Technical Acceptance	status.test.tech.accepted	Y
16	The results of the test were not accepted by the technicain	1	ANALYSIS	2011-11-08 11:48:51.093674	Technical Rejected	status.test.tech.rejected	Y
6	The results of the analysis are final	1	ANALYSIS	2011-02-16 12:45:57.196561	Finalized	status.test.valid	Y
1	No tests have been run for this order	1	ORDER	2011-02-16 12:45:57.196561	Test Entered	status.sample.notStarted	Y
2	Some tests have been run on this order	1	ORDER	2011-02-16 12:45:57.196561	Testing Started	status.sample.started	Y
3	All tests have been run on this order	1	ORDER	2011-02-16 12:45:57.196561	Testing finished	status.sample.finished	Y
19	The sample has been canceled by the user	1	SAMPLE	2012-05-14 11:24:08.768263	SampleCanceled	status.sample.entered	Y
20	The sample has been entered into the system	1	SAMPLE	2012-05-14 11:24:08.768263	SampleEntered	status.sample.entered	Y
12	The order is non-conforming	1	ORDER	2011-08-23 09:30:01.227121	NonConforming	status.sample.nonConforming	N
13	The order is non-conforming	1	ANALYSIS	2011-08-23 09:30:01.227121	NonConforming	status.analysis.nonConforming	N
21	The electronic order has been entered into OE	1	EXTERNAL_ORDER	2013-04-10 15:59:53.458765	Entered	status.sample.entered	Y
22	The electronic order has been cancelled	1	EXTERNAL_ORDER	2013-04-10 15:59:53.458765	Cancelled	status.sample.cancelled	Y
23	The patient associated with the electronic order has appeared at the lab	1	EXTERNAL_ORDER	2013-04-10 15:59:53.458765	Realized	status.sample.realized	Y
\.


--
-- Name: status_of_sample_seq; Type: SEQUENCE SET; Schema: clinlims; Owner: clinlims
--

SELECT pg_catalog.setval('status_of_sample_seq', 23, true);


--
-- Data for Name: storage_location; Type: TABLE DATA; Schema: clinlims; Owner: clinlims
--

COPY storage_location (id, sort_order, name, location, is_available, parent_storageloc_id, storage_unit_id) FROM stdin;
\.


--
-- Data for Name: storage_unit; Type: TABLE DATA; Schema: clinlims; Owner: clinlims
--

COPY storage_unit (id, category, description, is_singular) FROM stdin;
\.


--
-- Data for Name: system_module; Type: TABLE DATA; Schema: clinlims; Owner: clinlims
--

COPY system_module (id, name, description, has_select_flag, has_add_flag, has_update_flag, has_delete_flag) FROM stdin;
1	PanelItem	Master Lists => Panel Item => edit	Y	Y	Y	N
2	DictionaryCategory	Master Lists => Dictionary Category => edit	Y	Y	Y	N
3	Dictionary	Master Lists => Dictonary => edit	Y	Y	Y	N
4	Gender	Master Lists => Gender => edit	Y	Y	Y	N
5	LoginUser	Master Lists => Login User => Edit	Y	Y	Y	N
6	Organization	Master Lists => Organization => edit	Y	Y	Y	N
7	Panel	Master Lists => Panel	Y	Y	Y	Y
8	PatientResults	Results->By Patient	N	N	N	N
9	ResultLimits	Master Lists => ResultLimits => edit	Y	Y	Y	N
10	Result	Master Lists => Result => edit	Y	Y	Y	N
11	Role	Master Lists => Role => edit	Y	Y	Y	N
12	StatusOfSample	Master Lists => StatusOfSample => edit	Y	Y	Y	N
13	SystemModule	Master Lists => System Module	Y	Y	Y	N
14	SystemUser	Master Lists => System User	Y	Y	Y	N
15	Test	Master Lists => Test	Y	Y	Y	N
16	SampleEntry	Sample->Sample Entry	N	N	N	N
17	MasterList	Administration	N	N	N	N
18	Inventory	Inventory	N	N	N	N
26	StatusResults	Results->By Status	N	N	N	N
27	ReportAdmin	Master Lists => OR Admin	Y	Y	Y	N
28	ReportUserDetail	Reports	Y	Y	Y	N
29	ReportUserOption	Reports	Y	Y	Y	N
30	ReportUserRun	Reports	Y	Y	Y	N
31	TypeOfTestResult	Master Lists => Type Of Test Result	Y	Y	Y	N
32	SystemUserModule	Master Lists => System User Module	Y	Y	Y	N
33	ResultsEntry	Result Management => Results Entry	Y	Y	Y	N
34	TestSection	Master Lists => Test Section	Y	Y	Y	N
35	TypeOfSample	Master Lists => Type Of Sample	Y	Y	Y	N
36	UnitOfMeasure	Master Lists => Unit Of Measure	N	N	N	N
40	UserRole	MasterList => UserRole	Y	Y	Y	Y
41	PatientType	MasterList => PatientType	Y	Y	Y	Y
42	TypeOfSamplePanel	MasterList => Associtate type of sample with panel	Y	Y	Y	Y
43	TypeOfSampleTest	MasterList => Associtate type of sample with tests	Y	Y	Y	Y
44	UnifiedSystemUser	MasterList->ManageUsers	Y	Y	Y	Y
45	LogbookResults	Results=>logbook=>save	Y	Y	Y	Y
46	SamplePatientEntry	Sample->SampleEntry	Y	Y	Y	Y
47	SiteInformation	MasterList=>Site Information	Y	Y	Y	Y
48	AnalyzerTestName	MasterList->Analyzer Test Name	Y	Y	Y	Y
49	AnalyzerResults	Results->Analyzers	Y	Y	Y	Y
51	SampleEntryByProject:initial	Sample=>CreateSample=>initial	Y	Y	Y	Y
52	SampleEntryByProject:verify	Sample=>CreateSample=>verify	Y	Y	Y	Y
55	PatientEntryByProject:initial	Patient=>Enter=>initial	Y	Y	Y	Y
56	PatientEntryByProject:verify	Patient=>Enter=>verify	Y	Y	Y	Y
60	LogbookResults:serology	Results=>Enter=>serology	Y	Y	Y	Y
61	LogbookResults:virology	Results=>Enter=>virology	Y	Y	Y	Y
63	AccessionResults	Results=>Search=>Lab No.	Y	Y	Y	Y
65	AnalyzerResults:cobas_integra	Results=>Analyzer=>cobas_integra	Y	Y	Y	Y
66	AnalyzerResults:sysmex	Results=>Analyzer=>sysmex	Y	Y	Y	Y
67	AnalyzerResults:facscalibur	Results=>Analyzer=>facscalibur	Y	Y	Y	Y
68	AnalyzerResults:evolis	Results=>Analyzer=>evolis	Y	Y	Y	Y
69	Workplan:test	Workplan=>test	Y	Y	Y	Y
70	Workplan:serology	Workplan=>serology	Y	Y	Y	Y
71	Workplan:immunology	Workplan=>immunology	Y	Y	Y	Y
72	Workplan:hematology	Workplan=>hematology	Y	Y	Y	Y
73	Workplan:biochemistry	Workplan=>biochemistry	Y	Y	Y	Y
74	Workplan:virology	Workplan=>virology	Y	Y	Y	Y
84	TestResult	Admin=>TestResult	Y	Y	Y	Y
86	TestReflex	Admin=>TestReflex	Y	Y	Y	Y
87	TestAnalyte	Admin=>TestAnalyte	Y	Y	Y	Y
97	Method	Admin=>Method	Y	Y	Y	Y
53	SampleEditByProject:readwrite	Sample=>SampleEditByProject:readwrite	Y	Y	Y	Y
54	SampleEditByProject:readonly	Sample=>SampleEditByProject:readonly	Y	Y	Y	Y
20	LogbookResults:chem	Results->By Logbook->Chem	N	N	N	N
25	LogbookResults:HIV	Results->By Logbook->VCT	N	N	N	N
19	LogbookResults:bacteriology	Results->By Logbook->Bacteria	N	N	N	N
21	LogbookResults:ECBU	Results->By Logbook->ECBU	N	N	N	N
22	LogbookResults:hematology	Results->By Logbook->Hemaology	N	N	N	N
23	LogbookResults:immuno	Results->By Logbook->Immuno	N	N	N	N
24	LogbookResults:parasitology	Results->By Logbook->Parasitology	N	N	N	N
101	Analyte	Admin=>Analyte	Y	Y	Y	Y
106	SampleEdit	Sample=>edit	Y	Y	Y	Y
107	NonConformity	NonConformity	Y	Y	Y	Y
108	Report:patient	Patient reports	Y	Y	Y	Y
109	Report:summary	Lab summary reports	Y	Y	Y	Y
110	Report:indicator	Lab quality indicator reports	Y	Y	Y	Y
111	ResultValidation:serology	Validation=>serology	Y	Y	Y	Y
112	ResultValidation:immunology	Validation=>immunology	Y	Y	Y	Y
113	ResultValidation:hematology	Validation=>hematology	Y	Y	Y	Y
114	ResultValidation:biochemistry	Validation=>biochemistry	Y	Y	Y	Y
115	ResultValidation:virology	Validation=>virology	Y	Y	Y	Y
116	PatientEditByProject:readwrite	Patient=>PatientEdit	Y	Y	Y	Y
117	PatientEditByProject:readonly	Patient=>PatientConsult	Y	Y	Y	Y
118	SampleEdit:readwrite	Sample -> edit	Y	Y	Y	Y
123	SampleEdit:readonly	Sample=>SampleConsult	Y	Y	Y	Y
173	ReportUserDetail:patientARV2	Report=>patient=>ARV follow-up Save	Y	Y	Y	Y
174	ReportUserDetail:patientEID	Report=>patient=>EID	Y	Y	Y	Y
185	ReferredOutTests	Results=>Referrals	Y	Y	Y	Y
253	SampleConfirmationEntry	Sample=>sample confirmation	Y	Y	Y	Y
322	LogbookResults:mycobacteriology	Results=>logbooks=>mycobacteriology	Y	Y	Y	Y
561	Workplan:panel	Workplan=>panel	Y	Y	Y	Y
393	LogbookResults:mycrobacteriology	Results=>logbooks=>mycrobacteriology	Y	Y	Y	Y
394	LogbookResults:cytobacteriology	Results=>logbooks=>cytobacteriology	Y	Y	Y	Y
395	LogbookResults:molecularBio	Results=>logbooks=>molecularBio	Y	Y	Y	Y
396	LogbookResults:liquidBio	Results=>logbooks=>liquidBio	Y	Y	Y	Y
397	LogbookResults:endocrin	Results=>logbooks=>endocrin	Y	Y	Y	Y
341	AnalyzerResults:facscanto	Results=>Analyzer=>facscanto	Y	Y	Y	Y
657	LogbookResults:serologie	Results=>Enter=>serologie	Y	Y	Y	Y
507	Workplan:bacteriology	Workplan=>bacteriology	Y	Y	Y	Y
424	Workplan:chem	Workplan=>chem	Y	Y	Y	Y
425	Workplan:cytobacteriology	Workplan=>cytobacteriology	Y	Y	Y	Y
426	Workplan:ECBU	Workplan=>ECBU	Y	Y	Y	Y
427	Workplan:parasitology	Workplan=>parasitology	Y	Y	Y	Y
428	Workplan:immuno	Workplan=>immuno	Y	Y	Y	Y
429	Workplan:HIV	Workplan=>HIV	Y	Y	Y	Y
430	Workplan:molecularBio	Workplan=>molecularBio	Y	Y	Y	Y
431	Workplan:liquidBio	Workplan=>liquidBio	Y	Y	Y	Y
432	Workplan:mycrobacteriology	Workplan=>mycrobacteriology	Y	Y	Y	Y
433	Workplan:endocrin	Workplan=>endocrin	Y	Y	Y	Y
434	Workplan:serologie	Workplan=>serologie	Y	Y	Y	Y
644	Workplan:mycology	Workplan=>mycology	Y	Y	Y	Y
645	LogbookResults:mycology	LogbookResults=>mycology	Y	Y	Y	Y
816	Workplan:hemato-immunology	workplan=>units=>hemato-immunology	Y	Y	Y	Y
1178	LogbookResults:serolo-immunology	LogbookResults=>serology-immunology	Y	Y	Y	Y
1179	LogbookResults:immunology	LogbookResults=>immunology	Y	Y	Y	Y
1180	LogbookResults:hemato-immunology	LogbookResults=>hemato-immunology	Y	Y	Y	Y
1181	LogbookResults:biochemistry	LogbookResults=>biochemistry	Y	Y	Y	Y
1183	Workplan:serology-immunology	workplan=>units=>serology-immunology	Y	Y	Y	Y
1184	ResultValidation:Hemto-Immunology	validation=>units=>Hemato-Immunity	Y	Y	Y	Y
1186	ResultValidation:Serology-Immunology	validation=>units=>Serology-Immunity	Y	Y	Y	Y
1281	PatientDataOnResults	Able to view patient data when looking at results	Y	Y	Y	Y
1381	PrintedReportsConfiguration	admin->PrintedReportsConfiguration	N	N	N	N
1382	ResultConfiguration	admin->ResultConfiguration	N	N	N	N
1394	AnalyzerResults:cobasc311	AnalyzerResults=>cobasc311	Y	Y	Y	Y
1383	ResultValidation:Cytobacteriologie	ResultValidation=>Cytobacteriologie	Y	Y	Y	Y
1384	ResultValidation:ECBU	ResultValidation=>ECBU	Y	Y	Y	Y
1385	ResultValidation:Parasitology	ResultValidation=>Parasitology	Y	Y	Y	Y
1386	ResultValidation:Liquides biologique	ResultValidation=>Liquides biologique	Y	Y	Y	Y
1387	ResultValidation:Mycobacteriology	ResultValidation=>Mycobacteriology	Y	Y	Y	Y
1388	ResultValidation:Endocrinologie	ResultValidation=>Endocrinologie	Y	Y	Y	Y
1389	ResultValidation:Serologie	ResultValidation=>Serologie	Y	Y	Y	Y
1390	ResultValidation:VCT	ResultValidation=>VCT	Y	Y	Y	Y
1391	ResultValidation:virologie	ResultValidation=>virologie	Y	Y	Y	Y
1392	ResultValidation:Bacteria	ResultValidation=>Bacteria	Y	Y	Y	Y
1393	ResultValidation:mycology	ResultValidation=>mycology	Y	Y	Y	Y
1395	SampleEntryConfig	Admin=>Sample entry config	Y	Y	Y	Y
1396	WorkplanConfiguration	Admin=>Workplan configuration	Y	Y	Y	Y
1376	ResultValidation	validation return	Y	Y	Y	Y
1378	AuditTrailView	Report=>view audit log	Y	Y	Y	Y
1379	AnalyzerResults:cobasDBS	Result=>analyzers=>CobasTaqmanDBS	Y	Y	Y	Y
1380	ResultValidation:molecularBio	ResultValidation=>molecularBio	Y	Y	Y	Y
\.


--
-- Name: system_module_seq; Type: SEQUENCE SET; Schema: clinlims; Owner: clinlims
--

SELECT pg_catalog.setval('system_module_seq', 1396, true);


--
-- Data for Name: system_role; Type: TABLE DATA; Schema: clinlims; Owner: clinlims
--

COPY system_role (id, name, description, is_grouping_role, grouping_parent, display_key, active, editable) FROM stdin;
1	Maintenance Admin   	Change tests, panels etc.	f	\N	\N	t	f
2	User Admin          	Add/remove users and assign roles.	f	\N	\N	t	f
4	Intake              	Sample entry and patient management.	f	\N	\N	t	f
7	Reports             	Generate reports.	f	\N	\N	t	f
9	Results modifier    	Has permission to modify already entered results	f	\N	role.result.modifier	f	t
3	Supervisor          	Able to approve invalid results.	f	\N	\N	f	f
6	Inventory mgr       	Add and de/reactivate kits.	f	\N	\N	f	f
11	Audit Trail         	Able to view the audit trail	f	\N	role.audittrail	t	f
5	Results entry       	Enter and review results.	f	\N	\N	t	f
10	Validator           	A person who can validate results	f	\N	\N	t	f
\.


--
-- Data for Name: system_role_module; Type: TABLE DATA; Schema: clinlims; Owner: clinlims
--

COPY system_role_module (id, has_select, has_add, has_update, has_delete, system_role_id, system_module_id) FROM stdin;
361	Y	Y	Y	Y	5	185
362	Y	Y	Y	Y	1	17
363	Y	Y	Y	Y	1	87
364	Y	Y	Y	Y	1	48
365	Y	Y	Y	Y	1	3
366	Y	Y	Y	Y	1	4
367	Y	Y	Y	Y	1	97
368	Y	Y	Y	Y	1	6
369	Y	Y	Y	Y	1	7
370	Y	Y	Y	Y	1	1
371	Y	Y	Y	Y	1	41
372	Y	Y	Y	Y	1	9
373	Y	Y	Y	Y	1	11
374	Y	Y	Y	Y	1	47
375	Y	Y	Y	Y	1	12
376	Y	Y	Y	Y	1	15
377	Y	Y	Y	Y	1	86
378	Y	Y	Y	Y	1	84
379	Y	Y	Y	Y	1	34
380	Y	Y	Y	Y	1	35
381	Y	Y	Y	Y	1	42
382	Y	Y	Y	Y	1	43
383	Y	Y	Y	Y	1	31
384	Y	Y	Y	Y	1	36
385	Y	Y	Y	Y	1	27
386	Y	Y	Y	Y	1	13
387	Y	Y	Y	Y	1	32
388	Y	Y	Y	Y	1	44
389	Y	Y	Y	Y	1	101
390	Y	Y	Y	Y	2	17
391	Y	Y	Y	Y	2	44
392	Y	Y	Y	Y	4	46
393	Y	Y	Y	Y	5	8
394	Y	Y	Y	Y	5	26
395	Y	Y	Y	Y	5	63
396	Y	Y	Y	Y	5	20
397	Y	Y	Y	Y	5	25
398	Y	Y	Y	Y	5	19
399	Y	Y	Y	Y	5	21
400	Y	Y	Y	Y	5	22
401	Y	Y	Y	Y	5	23
402	Y	Y	Y	Y	5	24
403	Y	Y	Y	Y	5	45
404	Y	Y	Y	Y	6	18
405	Y	Y	Y	Y	7	28
406	Y	Y	Y	Y	7	29
407	Y	Y	Y	Y	7	30
408	Y	Y	Y	Y	4	118
409	Y	Y	Y	Y	4	123
410	Y	Y	Y	Y	4	106
411	Y	Y	Y	Y	4	118
412	Y	Y	Y	Y	4	123
413	Y	Y	Y	Y	4	106
414	Y	Y	Y	Y	7	108
415	Y	Y	Y	Y	7	110
416	Y	Y	Y	Y	4	253
417	Y	Y	Y	Y	3	253
418	Y	Y	Y	Y	5	322
419	Y	Y	Y	Y	5	561
420	Y	Y	Y	Y	5	71
421	Y	Y	Y	Y	5	816
422	Y	Y	Y	Y	5	73
423	Y	Y	Y	Y	5	72
424	Y	Y	Y	Y	5	1183
425	Y	Y	Y	Y	5	1179
426	Y	Y	Y	Y	5	1180
427	Y	Y	Y	Y	5	1181
428	Y	Y	Y	Y	5	1178
429	Y	Y	Y	Y	10	112
430	Y	Y	Y	Y	10	1184
431	Y	Y	Y	Y	10	114
432	Y	Y	Y	Y	10	113
433	Y	Y	Y	Y	10	1186
434	Y	Y	Y	Y	5	69
435	Y	Y	Y	Y	4	107
436	Y	Y	Y	Y	5	107
437	Y	Y	Y	Y	11	1378
439	Y	Y	Y	Y	1	1381
440	Y	Y	Y	Y	1	1382
441	Y	Y	Y	Y	1	1395
442	Y	Y	Y	Y	1	1396
443	Y	Y	Y	Y	10	1376
\.


--
-- Name: system_role_seq; Type: SEQUENCE SET; Schema: clinlims; Owner: clinlims
--

SELECT pg_catalog.setval('system_role_seq', 11, true);


--
-- Data for Name: system_user; Type: TABLE DATA; Schema: clinlims; Owner: clinlims
--

COPY system_user (id, external_id, login_name, last_name, first_name, initials, is_active, is_employee, lastupdated) FROM stdin;
1	1	admin	ELIS	Open	OE	Y	Y	2006-11-08 11:11:14.312
109	1	serviceUser	External	Service	\N	N	N	2013-04-17 10:43:49.641425
\.


--
-- Data for Name: system_user_module; Type: TABLE DATA; Schema: clinlims; Owner: clinlims
--

COPY system_user_module (id, has_select, has_add, has_update, has_delete, system_user_id, system_module_id) FROM stdin;
\.


--
-- Name: system_user_module_seq; Type: SEQUENCE SET; Schema: clinlims; Owner: clinlims
--

SELECT pg_catalog.setval('system_user_module_seq', 443, true);


--
-- Data for Name: system_user_role; Type: TABLE DATA; Schema: clinlims; Owner: clinlims
--

COPY system_user_role (system_user_id, role_id) FROM stdin;
\.


--
-- Data for Name: system_user_section; Type: TABLE DATA; Schema: clinlims; Owner: clinlims
--

COPY system_user_section (id, has_view, has_assign, has_complete, has_release, has_cancel, system_user_id, test_section_id) FROM stdin;
\.


--
-- Name: system_user_section_seq; Type: SEQUENCE SET; Schema: clinlims; Owner: clinlims
--

SELECT pg_catalog.setval('system_user_section_seq', 1, false);


--
-- Name: system_user_seq; Type: SEQUENCE SET; Schema: clinlims; Owner: clinlims
--

SELECT pg_catalog.setval('system_user_seq', 110, true);


--
-- Data for Name: test; Type: TABLE DATA; Schema: clinlims; Owner: clinlims
--

COPY test (id, method_id, uom_id, description, loinc, reporting_description, sticker_req_flag, is_active, active_begin, active_end, is_reportable, time_holding, time_wait, time_ta_average, time_ta_warning, time_ta_max, label_qty, lastupdated, label_id, test_trailer_id, test_section_id, scriptlet_id, test_format_id, local_abbrev, sort_order, name, display_key, orderable) FROM stdin;
1	\N	\N	Determine(Plasma)	\N	VIH test rapide-determine	\N	Y	\N	\N	N	\N	\N	\N	\N	\N	\N	2012-09-19 16:25:05.503167	\N	\N	117	\N	\N	Determine	10	Determine	\N	t
2	\N	\N	Determine(Serum)	\N	VIH test rapide-determine	\N	Y	\N	\N	N	\N	\N	\N	\N	\N	\N	2012-09-19 16:25:05.503167	\N	\N	117	\N	\N	Determine	20	Determine	\N	t
3	\N	\N	Determine(Sang total)	\N	VIH test rapide-determine	\N	Y	\N	\N	N	\N	\N	\N	\N	\N	\N	2012-09-19 16:25:05.503167	\N	\N	117	\N	\N	Determine	30	Determine	\N	t
4	\N	\N	Bioline(Plasma)	\N	VIH test rapide - bioline	\N	Y	\N	\N	N	\N	\N	\N	\N	\N	\N	2012-09-19 16:25:05.503167	\N	\N	117	\N	\N	Bioline	40	Bioline	\N	t
5	\N	\N	Bioline(Serum)	\N	VIH test rapide - bioline	\N	Y	\N	\N	N	\N	\N	\N	\N	\N	\N	2012-09-19 16:25:05.503167	\N	\N	117	\N	\N	Bioline	50	Bioline	\N	t
6	\N	\N	Bioline(Sang total)	\N	VIH test rapide - bioline	\N	Y	\N	\N	N	\N	\N	\N	\N	\N	\N	2012-09-19 16:25:05.503167	\N	\N	117	\N	\N	Bioline	60	Bioline	\N	t
7	\N	\N	Stat PaK(Plasma)	\N	VIH test rapide - Stat PaK	\N	Y	\N	\N	N	\N	\N	\N	\N	\N	\N	2012-09-19 16:25:05.503167	\N	\N	117	\N	\N	Stat PaK	70	Stat PaK	\N	t
8	\N	\N	Stat PaK(Serum)	\N	VIH test rapide - Stat PaK	\N	Y	\N	\N	N	\N	\N	\N	\N	\N	\N	2012-09-19 16:25:05.503167	\N	\N	117	\N	\N	Stat PaK	80	Stat PaK	\N	t
9	\N	\N	Stat PaK(Sang total)	\N	VIH test rapide - Stat PaK	\N	Y	\N	\N	N	\N	\N	\N	\N	\N	\N	2012-09-19 16:25:05.503167	\N	\N	117	\N	\N	Stat PaK	90	Stat PaK	\N	t
10	\N	7	Dnombrement des lymphocytes CD4 (mm3)(Sang total)	\N	CD4  Abs	\N	Y	\N	\N	N	\N	\N	\N	\N	\N	\N	2012-09-19 16:25:05.503167	\N	\N	116	\N	\N	Dnombrement des ly	100	Dnombrement des lymphocytes CD4 (mm3)	\N	t
11	\N	5	Dnombrement des lymphocytes  CD4 (%)(Sang total)	\N	CD4 (%)	\N	Y	\N	\N	N	\N	\N	\N	\N	\N	\N	2012-09-19 16:25:05.503167	\N	\N	116	\N	\N	Dnombrement des ly	110	Dnombrement des lymphocytes  CD4 (%)	\N	t
14	\N	25	Glucose(Plasma)	\N	Gly	\N	Y	\N	\N	N	\N	\N	\N	\N	\N	\N	2012-09-19 16:25:05.503167	\N	\N	56	\N	\N	Glucose	140	Glucose	\N	t
15	\N	25	Glucose(Serum)	\N	Gly	\N	Y	\N	\N	N	\N	\N	\N	\N	\N	\N	2012-09-19 16:25:05.503167	\N	\N	56	\N	\N	Glucose	150	Glucose	\N	t
16	\N	27	Cratinine(Serum)	\N	Creatinine	\N	Y	\N	\N	N	\N	\N	\N	\N	\N	\N	2012-09-19 16:25:05.503167	\N	\N	56	\N	\N	Cratinine	160	Cratinine	\N	t
17	\N	29	Amylase(Serum)	\N	Amylase	\N	Y	\N	\N	N	\N	\N	\N	\N	\N	\N	2012-09-19 16:25:05.503167	\N	\N	56	\N	\N	Amylase	170	Amylase	\N	t
18	\N	25	Albumine recherche miction(Urines)	\N	Albumine	\N	Y	\N	\N	N	\N	\N	\N	\N	\N	\N	2012-09-19 16:25:05.503167	\N	\N	56	\N	\N	Albumine recherche m	180	Albumine recherche miction	\N	t
19	\N	25	Cholestrol total(Serum)	\N	Chol total	\N	Y	\N	\N	N	\N	\N	\N	\N	\N	\N	2012-09-19 16:25:05.503167	\N	\N	56	\N	\N	Cholestrol total	190	Cholestrol total	\N	t
20	\N	25	Cholestrol HDL(Serum)	\N	Chol HDL	\N	Y	\N	\N	N	\N	\N	\N	\N	\N	\N	2012-09-19 16:25:05.503167	\N	\N	56	\N	\N	Cholestrol HDL	200	Cholestrol HDL	\N	t
21	\N	25	Triglycrides(Serum)	\N	Triglycrides	\N	Y	\N	\N	N	\N	\N	\N	\N	\N	\N	2012-09-19 16:25:05.503167	\N	\N	56	\N	\N	Triglycrides	210	Triglycrides	\N	t
22	\N	30	Mesure de la charge virale(Sang total)	\N	charge virale	\N	Y	\N	\N	N	\N	\N	\N	\N	\N	\N	2012-09-19 16:25:05.503167	\N	\N	116	\N	\N	Mesure de la charge 	220	Mesure de la charge virale	\N	t
23	\N	25	Prolans (BHCG) urines de 24 h(Urines)	\N	Bta HCG  24 h	\N	Y	\N	\N	N	\N	\N	\N	\N	\N	\N	2012-09-19 16:25:05.503167	\N	\N	56	\N	\N	Prolans (BHCG) urine	230	Prolans (BHCG) urines de 24 h	\N	t
24	\N	31	Numration des globules blancs(Sang total)	\N	GB	\N	Y	\N	\N	N	\N	\N	\N	\N	\N	\N	2012-09-19 16:25:05.503167	\N	\N	36	\N	\N	Numration des glob	240	Numration des globules blancs	\N	t
25	\N	36	Numration des globules rouges(Sang total)	\N	GR	\N	Y	\N	\N	N	\N	\N	\N	\N	\N	\N	2012-09-19 16:25:05.503167	\N	\N	36	\N	\N	Numration des glob	250	Numration des globules rouges	\N	t
26	\N	12	Hmoglobine(Sang total)	\N	Hb	\N	Y	\N	\N	N	\N	\N	\N	\N	\N	\N	2012-09-19 16:25:05.503167	\N	\N	36	\N	\N	Hmoglobine	260	Hmoglobine	\N	t
27	\N	5	Hmotocrite(Sang total)	\N	Hte	\N	Y	\N	\N	N	\N	\N	\N	\N	\N	\N	2012-09-19 16:25:05.503167	\N	\N	36	\N	\N	Hmotocrite	270	Hmotocrite	\N	t
28	\N	32	Volume Globulaire Moyen(Sang total)	\N	VGM	\N	Y	\N	\N	N	\N	\N	\N	\N	\N	\N	2012-09-19 16:25:05.503167	\N	\N	36	\N	\N	Volume Globulaire Mo	280	Volume Globulaire Moyen	\N	t
29	\N	16	Teneur Corpusculaire Moyenne en Hmoglobine(Sang total)	\N	TCMH	\N	Y	\N	\N	N	\N	\N	\N	\N	\N	\N	2012-09-19 16:25:05.503167	\N	\N	36	\N	\N	Teneur Corpusculaire	290	Teneur Corpusculaire Moyenne en Hmoglobine	\N	t
30	\N	5	Concentration Corpusculaire Moyenne en Hmoglobine(Sang total)	\N	CCMH	\N	Y	\N	\N	N	\N	\N	\N	\N	\N	\N	2012-09-19 16:25:05.503167	\N	\N	36	\N	\N	Concentration Corpus	300	Concentration Corpusculaire Moyenne en Hmoglobine	\N	t
31	\N	31	Plaquette(Sang total)	\N	PQTES	\N	Y	\N	\N	N	\N	\N	\N	\N	\N	\N	2012-09-19 16:25:05.503167	\N	\N	36	\N	\N	Plaquette	310	Plaquette	\N	t
32	\N	5	Polynuclaires Neutrophiles (%)(Sang total)	\N	PNN (%)	\N	Y	\N	\N	N	\N	\N	\N	\N	\N	\N	2012-09-19 16:25:05.503167	\N	\N	36	\N	\N	Polynuclaires Neut	320	Polynuclaires Neutrophiles (%)	\N	t
33	\N	33	Polynuclaires Neutrophiles (Abs)(Sang total)	\N	PNN (Abs)	\N	Y	\N	\N	N	\N	\N	\N	\N	\N	\N	2012-09-19 16:25:05.503167	\N	\N	36	\N	\N	Polynuclaires Neut	330	Polynuclaires Neutrophiles (Abs)	\N	t
34	\N	5	Polynuclaires Eosinophiles (%)(Sang total)	\N	PNE (%)	\N	Y	\N	\N	N	\N	\N	\N	\N	\N	\N	2012-09-19 16:25:05.503167	\N	\N	36	\N	\N	Polynuclaires Eosi	340	Polynuclaires Eosinophiles (%)	\N	t
35	\N	33	Polynuclaires Eosinophiles (Abs)(Sang total)	\N	PNE (Abs)	\N	Y	\N	\N	N	\N	\N	\N	\N	\N	\N	2012-09-19 16:25:05.503167	\N	\N	36	\N	\N	Polynuclaires Eosi	350	Polynuclaires Eosinophiles (Abs)	\N	t
36	\N	5	Polynuclaires basophiles (%)(Sang total)	\N	PNB (%)	\N	Y	\N	\N	N	\N	\N	\N	\N	\N	\N	2012-09-19 16:25:05.503167	\N	\N	36	\N	\N	Polynuclaires baso	360	Polynuclaires basophiles (%)	\N	t
37	\N	33	Polynuclaires basophiles (Abs)(Sang total)	\N	PNB (Abs)	\N	Y	\N	\N	N	\N	\N	\N	\N	\N	\N	2012-09-19 16:25:05.503167	\N	\N	36	\N	\N	Polynuclaires baso	370	Polynuclaires basophiles (Abs)	\N	t
38	\N	5	Lymphocytes (%)(Sang total)	\N	Lympho (%)	\N	Y	\N	\N	N	\N	\N	\N	\N	\N	\N	2012-09-19 16:25:05.503167	\N	\N	36	\N	\N	Lymphocytes (%)	380	Lymphocytes (%)	\N	t
39	\N	33	Lymphocytes (Abs)(Sang total)	\N	Lympho (Abs)	\N	Y	\N	\N	N	\N	\N	\N	\N	\N	\N	2012-09-19 16:25:05.503167	\N	\N	36	\N	\N	Lymphocytes (Abs)	390	Lymphocytes (Abs)	\N	t
40	\N	5	Monocytes (%)(Sang total)	\N	Mono (%)	\N	Y	\N	\N	N	\N	\N	\N	\N	\N	\N	2012-09-19 16:25:05.503167	\N	\N	36	\N	\N	Monocytes (%)	400	Monocytes (%)	\N	t
41	\N	33	Monocytes (Abs)(Sang total)	\N	Mono (Abs)	\N	Y	\N	\N	N	\N	\N	\N	\N	\N	\N	2012-09-19 16:25:05.503167	\N	\N	36	\N	\N	Monocytes (Abs)	410	Monocytes (Abs)	\N	t
43	\N	\N	Test urinaire de grossesse(Urines)	\N	Test Grossesse	\N	Y	\N	\N	N	\N	\N	\N	\N	\N	\N	2012-09-19 16:25:05.503167	\N	\N	56	\N	\N	Test urinaire de gro	430	Test urinaire de grossesse	\N	t
44	\N	\N	Protinurie sur bandelette(Urines)	\N	Protines	\N	Y	\N	\N	N	\N	\N	\N	\N	\N	\N	2012-09-19 16:25:05.503167	\N	\N	56	\N	\N	Protinurie sur ban	440	Protinurie sur bandelette	\N	t
45	\N	\N	Genie II(Serum)	\N	Genie II	\N	Y	\N	\N	N	\N	\N	\N	\N	\N	\N	2012-09-19 16:25:05.503167	\N	\N	117	\N	\N	Genie II	450	Genie II	\N	t
46	\N	\N	Genie II(Plasma)	\N	Genie II	\N	Y	\N	\N	N	\N	\N	\N	\N	\N	\N	2012-09-19 16:25:05.503167	\N	\N	117	\N	\N	Genie II	460	Genie II	\N	t
47	\N	\N	Genie II 1/10(Serum)	\N	Genie II 10	\N	Y	\N	\N	N	\N	\N	\N	\N	\N	\N	2012-09-19 16:25:05.503167	\N	\N	117	\N	\N	Genie II 1/10	470	Genie II 1/10	\N	t
48	\N	\N	Genie II 1/10(Plasma)	\N	Genie II 10	\N	Y	\N	\N	N	\N	\N	\N	\N	\N	\N	2012-09-19 16:25:05.503167	\N	\N	117	\N	\N	Genie II 1/10	480	Genie II 1/10	\N	t
49	\N	\N	Genie II 1/100(Serum)	\N	Genie II 100	\N	Y	\N	\N	N	\N	\N	\N	\N	\N	\N	2012-09-19 16:25:05.503167	\N	\N	117	\N	\N	Genie II 1/100	490	Genie II 1/100	\N	t
50	\N	\N	Genie II 1/100(Plasma)	\N	Genie II 100	\N	Y	\N	\N	N	\N	\N	\N	\N	\N	\N	2012-09-19 16:25:05.503167	\N	\N	117	\N	\N	Genie II 1/100	500	Genie II 1/100	\N	t
51	\N	\N	Vironstika(Serum)	\N	Vironstika	\N	Y	\N	\N	N	\N	\N	\N	\N	\N	\N	2012-09-19 16:25:05.503167	\N	\N	117	\N	\N	Vironstika	510	Vironstika	\N	t
52	\N	\N	Murex(Serum)	\N	Murex	\N	Y	\N	\N	N	\N	\N	\N	\N	\N	\N	2012-09-19 16:25:05.503167	\N	\N	117	\N	\N	Murex	520	Murex	\N	t
53	\N	\N	Integral(Serum)	\N	Integral	\N	Y	\N	\N	N	\N	\N	\N	\N	\N	\N	2012-09-19 16:25:05.503167	\N	\N	117	\N	\N	Integral	530	Integral	\N	t
54	\N	\N	Western blot 1(Serum)	\N	Western blot 1	\N	Y	\N	\N	N	\N	\N	\N	\N	\N	\N	2012-09-19 16:25:05.503167	\N	\N	117	\N	\N	Western blot 1	540	Western blot 1	\N	t
12	\N	29	Transaminases GPT (37C)(Serum)	\N	TGP (37C)	\N	Y	\N	\N	N	\N	\N	\N	\N	\N	\N	2012-09-19 16:25:05.503167	\N	\N	56	\N	\N	Transaminases GPT (3	120	Transaminases GPT (37C)	\N	t
55	\N	\N	Western blot 2(Serum)	\N	Western blot 2	\N	Y	\N	\N	N	\N	\N	\N	\N	\N	\N	2012-09-19 16:25:05.503167	\N	\N	117	\N	\N	Western blot 2	550	Western blot 2	\N	t
56	\N	\N	p24Ag(Serum)	\N	p24Ag	\N	Y	\N	\N	N	\N	\N	\N	\N	\N	\N	2012-09-19 16:25:05.503167	\N	\N	117	\N	\N	p24Ag	560	p24Ag	\N	t
57	\N	\N	DNA PCR(Serum)	\N	DNA PCR	\N	Y	\N	\N	N	\N	\N	\N	\N	\N	\N	2012-09-19 16:25:05.503167	\N	\N	117	\N	\N	DNA PCR	570	DNA PCR	\N	t
42	\N	\N	HBs AG (Antigne australia)(Serum)	\N	Ag HBs	\N	Y	\N	\N	N	\N	\N	\N	\N	\N	\N	2012-09-19 16:25:05.503167	\N	\N	117	\N	\N	HBs AG	420	HBs AG (Antigne australia)	\N	t
13	\N	29	Transaminases(Serum)	\N	TGO (37C)	\N	Y	\N	\N	N	\N	\N	\N	\N	\N	\N	2012-09-19 16:25:05.503167	\N	\N	56	\N	\N	Transaminases	130	Transaminases	\N	t
58	\N	\N	Glucosurie sur bandelette(Urine)			\N	Y	\N	\N	N	\N	\N	\N	\N	\N	\N	2013-11-07 10:00:17.778688	\N	\N	56	\N	\N	Glucosurie sur bandelette	442	Glucosurie sur bandelette	\N	t
59	\N	\N	Genie III(Plasma)			\N	Y	\N	\N	N	\N	\N	\N	\N	\N	\N	2013-11-07 10:00:17.778688	\N	\N	117	\N	\N	Genie III	503	Genie III	\N	t
60	\N	\N	Genie III(Srum)			\N	Y	\N	\N	N	\N	\N	\N	\N	\N	\N	2013-11-07 10:00:17.778688	\N	\N	117	\N	\N	Genie III	504	Genie III	\N	t
61	\N	\N	Genie III(Sang total)			\N	Y	\N	\N	N	\N	\N	\N	\N	\N	\N	2013-11-07 10:00:17.778688	\N	\N	117	\N	\N	Genie III	505	Genie III	\N	t
\.


--
-- Data for Name: test_analyte; Type: TABLE DATA; Schema: clinlims; Owner: clinlims
--

COPY test_analyte (id, test_id, analyte_id, result_group, sort_order, testalyt_type, lastupdated, is_reportable) FROM stdin;
\.


--
-- Name: test_analyte_seq; Type: SEQUENCE SET; Schema: clinlims; Owner: clinlims
--

SELECT pg_catalog.setval('test_analyte_seq', 1, false);


--
-- Data for Name: test_code; Type: TABLE DATA; Schema: clinlims; Owner: clinlims
--

COPY test_code (test_id, code_type_id, value, lastupdated) FROM stdin;
1	3	B 70	2012-09-19 23:25:05.924754+00
1	4	SI50	2012-09-19 23:25:05.924754+00
2	3	B 70	2012-09-19 23:25:05.924754+00
2	4	SI50	2012-09-19 23:25:05.924754+00
3	3	B 70	2012-09-19 23:25:05.924754+00
3	4	SI50	2012-09-19 23:25:05.924754+00
4	3	B 70	2012-09-19 23:25:05.924754+00
4	4	SI50	2012-09-19 23:25:05.924754+00
5	3	B 70	2012-09-19 23:25:05.924754+00
5	4	SI50	2012-09-19 23:25:05.924754+00
6	3	B 70	2012-09-19 23:25:05.924754+00
6	4	SI50	2012-09-19 23:25:05.924754+00
7	3	B 70	2012-09-19 23:25:05.924754+00
7	4	SI50	2012-09-19 23:25:05.924754+00
8	3	B 70	2012-09-19 23:25:05.924754+00
8	4	SI50	2012-09-19 23:25:05.924754+00
9	3	B 70	2012-09-19 23:25:05.924754+00
9	4	SI50	2012-09-19 23:25:05.924754+00
10	3	B120	2012-09-19 23:25:05.924754+00
10	4	SH43	2012-09-19 23:25:05.924754+00
11	3	B120	2012-09-19 23:25:05.924754+00
11	4	SH43	2012-09-19 23:25:05.924754+00
12	3	B 25	2012-09-19 23:25:05.924754+00
12	4	SB74	2012-09-19 23:25:05.924754+00
13	3	B 25	2012-09-19 23:25:05.924754+00
13	4	SB75	2012-09-19 23:25:05.924754+00
14	3	B 10	2012-09-19 23:25:05.924754+00
14	4	SB34	2012-09-19 23:25:05.924754+00
15	3	B 10	2012-09-19 23:25:05.924754+00
15	4	SB34	2012-09-19 23:25:05.924754+00
16	3	B10	2012-09-19 23:25:05.924754+00
16	4	SB24	2012-09-19 23:25:05.924754+00
17	3	B30	2012-09-19 23:25:05.924754+00
17	4	SB7	2012-09-19 23:25:05.924754+00
18	3	B7	2012-09-19 23:25:05.924754+00
18	4	UB5	2012-09-19 23:25:05.924754+00
19	3	B10	2012-09-19 23:25:05.924754+00
19	4	SB17	2012-09-19 23:25:05.924754+00
20	3	B35	2012-09-19 23:25:05.924754+00
20	4	SB39	2012-09-19 23:25:05.924754+00
21	3	B10	2012-09-19 23:25:05.924754+00
21	4	SB87	2012-09-19 23:25:05.924754+00
22	3	B300	2012-09-19 23:25:05.924754+00
22	4	SH55	2012-09-19 23:25:05.924754+00
23	3	B150	2012-09-19 23:25:05.924754+00
23	4	UB35	2012-09-19 23:25:05.924754+00
24	3	B30	2012-09-19 23:25:05.924754+00
24	4	SH27	2012-09-19 23:25:05.924754+00
25	3	B30	2012-09-19 23:25:05.924754+00
25	4	SH27	2012-09-19 23:25:05.924754+00
26	3	B30	2012-09-19 23:25:05.924754+00
26	4	SH27	2012-09-19 23:25:05.924754+00
27	3	B30	2012-09-19 23:25:05.924754+00
27	4	SH27	2012-09-19 23:25:05.924754+00
28	3	B30	2012-09-19 23:25:05.924754+00
28	4	SH27	2012-09-19 23:25:05.924754+00
29	3	B30	2012-09-19 23:25:05.924754+00
29	4	SH27	2012-09-19 23:25:05.924754+00
30	3	B30	2012-09-19 23:25:05.924754+00
30	4	SH27	2012-09-19 23:25:05.924754+00
31	3	B30	2012-09-19 23:25:05.924754+00
31	4	SH27	2012-09-19 23:25:05.924754+00
32	3	B30	2012-09-19 23:25:05.924754+00
32	4	SH27	2012-09-19 23:25:05.924754+00
33	3	B30	2012-09-19 23:25:05.924754+00
33	4	SH27	2012-09-19 23:25:05.924754+00
34	3	B30	2012-09-19 23:25:05.924754+00
34	4	SH27	2012-09-19 23:25:05.924754+00
35	3	B30	2012-09-19 23:25:05.924754+00
35	4	SH27	2012-09-19 23:25:05.924754+00
36	3	B30	2012-09-19 23:25:05.924754+00
36	4	SH27	2012-09-19 23:25:05.924754+00
37	3	B30	2012-09-19 23:25:05.924754+00
37	4	SH27	2012-09-19 23:25:05.924754+00
38	3	B30	2012-09-19 23:25:05.924754+00
38	4	SH27	2012-09-19 23:25:05.924754+00
39	3	B30	2012-09-19 23:25:05.924754+00
39	4	SH27	2012-09-19 23:25:05.924754+00
40	3	B30	2012-09-19 23:25:05.924754+00
40	4	SH27	2012-09-19 23:25:05.924754+00
41	3	B30	2012-09-19 23:25:05.924754+00
41	4	SH27	2012-09-19 23:25:05.924754+00
42	3	B 70	2012-09-19 23:25:05.924754+00
42	4	SI26	2012-09-19 23:25:05.924754+00
43	3	B 150	2012-09-19 23:25:05.924754+00
43	4	UB35	2012-09-19 23:25:05.924754+00
44	3	B 7	2012-09-19 23:25:05.924754+00
44	4	UB5	2012-09-19 23:25:05.924754+00
45	3		2012-09-19 23:25:05.924754+00
45	4		2012-09-19 23:25:05.924754+00
46	3		2012-09-19 23:25:05.924754+00
46	4		2012-09-19 23:25:05.924754+00
47	3		2012-09-19 23:25:05.924754+00
47	4		2012-09-19 23:25:05.924754+00
48	3		2012-09-19 23:25:05.924754+00
48	4		2012-09-19 23:25:05.924754+00
49	3		2012-09-19 23:25:05.924754+00
49	4		2012-09-19 23:25:05.924754+00
50	3		2012-09-19 23:25:05.924754+00
50	4		2012-09-19 23:25:05.924754+00
51	3	B65	2012-09-19 23:25:05.924754+00
51	4		2012-09-19 23:25:05.924754+00
52	3	B65	2012-09-19 23:25:05.924754+00
52	4		2012-09-19 23:25:05.924754+00
53	3		2012-09-19 23:25:05.924754+00
53	4		2012-09-19 23:25:05.924754+00
54	3		2012-09-19 23:25:05.924754+00
54	4		2012-09-19 23:25:05.924754+00
55	3		2012-09-19 23:25:05.924754+00
55	4		2012-09-19 23:25:05.924754+00
56	3	B65	2012-09-19 23:25:05.924754+00
56	4		2012-09-19 23:25:05.924754+00
57	3		2012-09-19 23:25:05.924754+00
57	4		2012-09-19 23:25:05.924754+00
58	3	UB21	2013-11-07 18:00:17.778688+00
58	4	B10	2013-11-07 18:00:17.778688+00
\.


--
-- Data for Name: test_code_type; Type: TABLE DATA; Schema: clinlims; Owner: clinlims
--

COPY test_code_type (id, schema_name, lastupdated) FROM stdin;
1	LOINC	2011-06-10 22:31:56.107942+00
2	SNOMED	2011-06-10 22:31:56.107942+00
3	billingCode	2012-06-01 22:10:58.442243+00
4	analyzeCode	2012-06-01 22:10:58.442243+00
\.


--
-- Data for Name: test_dictionary; Type: TABLE DATA; Schema: clinlims; Owner: clinlims
--

COPY test_dictionary (id, test_id, dictionary_category_id, context, qualifiable_entry_id, lastupdated) FROM stdin;
\.


--
-- Name: test_dictionary_seq; Type: SEQUENCE SET; Schema: clinlims; Owner: clinlims
--

SELECT pg_catalog.setval('test_dictionary_seq', 1, false);


--
-- Data for Name: test_formats; Type: TABLE DATA; Schema: clinlims; Owner: clinlims
--

COPY test_formats (id, lastupdated) FROM stdin;
\.


--
-- Data for Name: test_reflex; Type: TABLE DATA; Schema: clinlims; Owner: clinlims
--

COPY test_reflex (id, tst_rslt_id, flags, lastupdated, test_analyte_id, test_id, add_test_id, sibling_reflex, scriptlet_id) FROM stdin;
\.


--
-- Name: test_reflex_seq; Type: SEQUENCE SET; Schema: clinlims; Owner: clinlims
--

SELECT pg_catalog.setval('test_reflex_seq', 1, false);


--
-- Data for Name: test_result; Type: TABLE DATA; Schema: clinlims; Owner: clinlims
--

COPY test_result (id, test_id, result_group, flags, tst_rslt_type, value, significant_digits, quant_limit, cont_level, lastupdated, scriptlet_id, sort_order, is_quantifiable) FROM stdin;
1	1	\N	\N	D	1100	0	\N	\N	2012-09-19 16:25:05.707835	\N	10	f
2	1	\N	\N	D	542	0	\N	\N	2012-09-19 16:25:05.707835	\N	20	f
3	1	\N	\N	D	1101	0	\N	\N	2012-09-19 16:25:05.707835	\N	30	f
4	2	\N	\N	D	1100	0	\N	\N	2012-09-19 16:25:05.707835	\N	40	f
5	2	\N	\N	D	542	0	\N	\N	2012-09-19 16:25:05.707835	\N	50	f
6	2	\N	\N	D	1101	0	\N	\N	2012-09-19 16:25:05.707835	\N	60	f
7	3	\N	\N	D	1100	0	\N	\N	2012-09-19 16:25:05.707835	\N	70	f
8	3	\N	\N	D	542	0	\N	\N	2012-09-19 16:25:05.707835	\N	80	f
9	3	\N	\N	D	1101	0	\N	\N	2012-09-19 16:25:05.707835	\N	90	f
10	4	\N	\N	D	1100	0	\N	\N	2012-09-19 16:25:05.707835	\N	100	f
11	4	\N	\N	D	1060	0	\N	\N	2012-09-19 16:25:05.707835	\N	110	f
12	4	\N	\N	D	1061	0	\N	\N	2012-09-19 16:25:05.707835	\N	120	f
13	4	\N	\N	D	1062	0	\N	\N	2012-09-19 16:25:05.707835	\N	130	f
14	4	\N	\N	D	1101	0	\N	\N	2012-09-19 16:25:05.707835	\N	140	f
15	5	\N	\N	D	1100	0	\N	\N	2012-09-19 16:25:05.707835	\N	150	f
16	5	\N	\N	D	1060	0	\N	\N	2012-09-19 16:25:05.707835	\N	160	f
17	5	\N	\N	D	1061	0	\N	\N	2012-09-19 16:25:05.707835	\N	170	f
18	5	\N	\N	D	1062	0	\N	\N	2012-09-19 16:25:05.707835	\N	180	f
19	5	\N	\N	D	1101	0	\N	\N	2012-09-19 16:25:05.707835	\N	190	f
20	6	\N	\N	D	1100	0	\N	\N	2012-09-19 16:25:05.707835	\N	200	f
21	6	\N	\N	D	1060	0	\N	\N	2012-09-19 16:25:05.707835	\N	210	f
22	6	\N	\N	D	1061	0	\N	\N	2012-09-19 16:25:05.707835	\N	220	f
23	6	\N	\N	D	1062	0	\N	\N	2012-09-19 16:25:05.707835	\N	230	f
24	6	\N	\N	D	1101	0	\N	\N	2012-09-19 16:25:05.707835	\N	240	f
25	7	\N	\N	D	1100	0	\N	\N	2012-09-19 16:25:05.707835	\N	250	f
26	7	\N	\N	D	542	0	\N	\N	2012-09-19 16:25:05.707835	\N	260	f
27	7	\N	\N	D	1101	0	\N	\N	2012-09-19 16:25:05.707835	\N	270	f
28	8	\N	\N	D	1100	0	\N	\N	2012-09-19 16:25:05.707835	\N	280	f
29	8	\N	\N	D	542	0	\N	\N	2012-09-19 16:25:05.707835	\N	290	f
30	8	\N	\N	D	1101	0	\N	\N	2012-09-19 16:25:05.707835	\N	300	f
31	9	\N	\N	D	1100	0	\N	\N	2012-09-19 16:25:05.707835	\N	310	f
32	9	\N	\N	D	542	0	\N	\N	2012-09-19 16:25:05.707835	\N	320	f
33	9	\N	\N	D	1101	0	\N	\N	2012-09-19 16:25:05.707835	\N	330	f
66	42	\N	\N	D	542	0	\N	\N	2012-09-19 16:25:05.707835	\N	660	f
67	42	\N	\N	D	544	0	\N	\N	2012-09-19 16:25:05.707835	\N	670	f
68	43	\N	\N	D	542	0	\N	\N	2012-09-19 16:25:05.707835	\N	680	f
69	43	\N	\N	D	544	0	\N	\N	2012-09-19 16:25:05.707835	\N	690	f
74	45	\N	\N	D	1100	0	\N	\N	2012-09-19 16:25:05.707835	\N	740	f
75	45	\N	\N	D	1105	0	\N	\N	2012-09-19 16:25:05.707835	\N	750	f
76	45	\N	\N	D	1106	0	\N	\N	2012-09-19 16:25:05.707835	\N	760	f
77	45	\N	\N	D	1107	0	\N	\N	2012-09-19 16:25:05.707835	\N	770	f
78	45	\N	\N	D	1101	0	\N	\N	2012-09-19 16:25:05.707835	\N	780	f
79	45	\N	\N	D	1108	0	\N	\N	2012-09-19 16:25:05.707835	\N	790	f
80	46	\N	\N	D	1100	0	\N	\N	2012-09-19 16:25:05.707835	\N	800	f
81	46	\N	\N	D	1105	0	\N	\N	2012-09-19 16:25:05.707835	\N	810	f
82	46	\N	\N	D	1106	0	\N	\N	2012-09-19 16:25:05.707835	\N	820	f
83	46	\N	\N	D	1107	0	\N	\N	2012-09-19 16:25:05.707835	\N	830	f
84	46	\N	\N	D	1101	0	\N	\N	2012-09-19 16:25:05.707835	\N	840	f
85	46	\N	\N	D	1108	0	\N	\N	2012-09-19 16:25:05.707835	\N	850	f
86	47	\N	\N	D	1100	0	\N	\N	2012-09-19 16:25:05.707835	\N	860	f
87	47	\N	\N	D	1105	0	\N	\N	2012-09-19 16:25:05.707835	\N	870	f
88	47	\N	\N	D	1106	0	\N	\N	2012-09-19 16:25:05.707835	\N	880	f
89	47	\N	\N	D	1107	0	\N	\N	2012-09-19 16:25:05.707835	\N	890	f
90	47	\N	\N	D	1101	0	\N	\N	2012-09-19 16:25:05.707835	\N	900	f
91	47	\N	\N	D	1108	0	\N	\N	2012-09-19 16:25:05.707835	\N	910	f
92	48	\N	\N	D	1100	0	\N	\N	2012-09-19 16:25:05.707835	\N	920	f
93	48	\N	\N	D	1105	0	\N	\N	2012-09-19 16:25:05.707835	\N	930	f
94	48	\N	\N	D	1106	0	\N	\N	2012-09-19 16:25:05.707835	\N	940	f
95	48	\N	\N	D	1107	0	\N	\N	2012-09-19 16:25:05.707835	\N	950	f
96	48	\N	\N	D	1101	0	\N	\N	2012-09-19 16:25:05.707835	\N	960	f
97	48	\N	\N	D	1108	0	\N	\N	2012-09-19 16:25:05.707835	\N	970	f
98	49	\N	\N	D	1100	0	\N	\N	2012-09-19 16:25:05.707835	\N	980	f
99	49	\N	\N	D	1105	0	\N	\N	2012-09-19 16:25:05.707835	\N	990	f
100	49	\N	\N	D	1106	0	\N	\N	2012-09-19 16:25:05.707835	\N	1000	f
101	49	\N	\N	D	1107	0	\N	\N	2012-09-19 16:25:05.707835	\N	1010	f
102	49	\N	\N	D	1101	0	\N	\N	2012-09-19 16:25:05.707835	\N	1020	f
103	49	\N	\N	D	1108	0	\N	\N	2012-09-19 16:25:05.707835	\N	1030	f
104	50	\N	\N	D	1100	0	\N	\N	2012-09-19 16:25:05.707835	\N	1040	f
105	50	\N	\N	D	1105	0	\N	\N	2012-09-19 16:25:05.707835	\N	1050	f
106	50	\N	\N	D	1106	0	\N	\N	2012-09-19 16:25:05.707835	\N	1060	f
107	50	\N	\N	D	1107	0	\N	\N	2012-09-19 16:25:05.707835	\N	1070	f
108	50	\N	\N	D	1101	0	\N	\N	2012-09-19 16:25:05.707835	\N	1080	f
109	50	\N	\N	D	1108	0	\N	\N	2012-09-19 16:25:05.707835	\N	1090	f
110	51	\N	\N	D	542	0	\N	\N	2012-09-19 16:25:05.707835	\N	1100	f
111	51	\N	\N	D	1100	0	\N	\N	2012-09-19 16:25:05.707835	\N	1110	f
112	51	\N	\N	D	1101	0	\N	\N	2012-09-19 16:25:05.707835	\N	1120	f
113	51	\N	\N	D	1108	0	\N	\N	2012-09-19 16:25:05.707835	\N	1130	f
114	52	\N	\N	D	542	0	\N	\N	2012-09-19 16:25:05.707835	\N	1140	f
115	52	\N	\N	D	1100	0	\N	\N	2012-09-19 16:25:05.707835	\N	1150	f
116	52	\N	\N	D	1101	0	\N	\N	2012-09-19 16:25:05.707835	\N	1160	f
117	52	\N	\N	D	1108	0	\N	\N	2012-09-19 16:25:05.707835	\N	1170	f
118	53	\N	\N	D	542	0	\N	\N	2012-09-19 16:25:05.707835	\N	1180	f
119	53	\N	\N	D	1100	0	\N	\N	2012-09-19 16:25:05.707835	\N	1190	f
120	53	\N	\N	D	1101	0	\N	\N	2012-09-19 16:25:05.707835	\N	1200	f
121	53	\N	\N	D	1108	0	\N	\N	2012-09-19 16:25:05.707835	\N	1210	f
122	54	\N	\N	D	542	0	\N	\N	2012-09-19 16:25:05.707835	\N	1220	f
123	54	\N	\N	D	1100	0	\N	\N	2012-09-19 16:25:05.707835	\N	1230	f
124	54	\N	\N	D	1101	0	\N	\N	2012-09-19 16:25:05.707835	\N	1240	f
125	54	\N	\N	D	1108	0	\N	\N	2012-09-19 16:25:05.707835	\N	1250	f
126	55	\N	\N	D	542	0	\N	\N	2012-09-19 16:25:05.707835	\N	1260	f
127	55	\N	\N	D	1100	0	\N	\N	2012-09-19 16:25:05.707835	\N	1270	f
128	55	\N	\N	D	1101	0	\N	\N	2012-09-19 16:25:05.707835	\N	1280	f
129	55	\N	\N	D	1108	0	\N	\N	2012-09-19 16:25:05.707835	\N	1290	f
130	56	\N	\N	D	1105	0	\N	\N	2012-09-19 16:25:05.707835	\N	1300	f
131	56	\N	\N	D	1100	0	\N	\N	2012-09-19 16:25:05.707835	\N	1310	f
132	56	\N	\N	D	1101	0	\N	\N	2012-09-19 16:25:05.707835	\N	1320	f
133	57	\N	\N	D	542	0	\N	\N	2012-09-19 16:25:05.707835	\N	1330	f
134	57	\N	\N	D	1100	0	\N	\N	2012-09-19 16:25:05.707835	\N	1340	f
135	57	\N	\N	D	1101	0	\N	\N	2012-09-19 16:25:05.707835	\N	1350	f
136	57	\N	\N	D	1108	0	\N	\N	2012-09-19 16:25:05.707835	\N	1360	f
137	44	\N	\N	D	1100	0	\N	\N	2013-11-07 10:00:17.619647	\N	10	f
138	44	\N	\N	D	1160	0	\N	\N	2013-11-07 10:00:17.619647	\N	20	f
139	44	\N	\N	D	1161	0	\N	\N	2013-11-07 10:00:17.619647	\N	30	f
140	44	\N	\N	D	1162	0	\N	\N	2013-11-07 10:00:17.619647	\N	40	f
141	44	\N	\N	D	1163	0	\N	\N	2013-11-07 10:00:17.619647	\N	50	f
142	44	\N	\N	D	1164	0	\N	\N	2013-11-07 10:00:17.619647	\N	60	f
143	58	\N	\N	D	1100	0	\N	\N	2013-11-07 10:00:17.778688	\N	10	f
144	58	\N	\N	D	1165	0	\N	\N	2013-11-07 10:00:17.778688	\N	20	f
145	58	\N	\N	D	1166	0	\N	\N	2013-11-07 10:00:17.778688	\N	30	f
146	58	\N	\N	D	1167	0	\N	\N	2013-11-07 10:00:17.778688	\N	40	f
147	58	\N	\N	D	1168	0	\N	\N	2013-11-07 10:00:17.778688	\N	50	f
148	58	\N	\N	D	1169	0	\N	\N	2013-11-07 10:00:17.778688	\N	60	f
149	58	\N	\N	D	1170	0	\N	\N	2013-11-07 10:00:17.778688	\N	70	f
150	59	\N	\N	D	1000	0	\N	\N	2013-11-07 10:00:17.778688	\N	10	f
151	59	\N	\N	D	1100	0	\N	\N	2013-11-07 10:00:17.778688	\N	20	f
152	59	\N	\N	D	1060	0	\N	\N	2013-11-07 10:00:17.778688	\N	30	f
153	59	\N	\N	D	1061	0	\N	\N	2013-11-07 10:00:17.778688	\N	40	f
154	59	\N	\N	D	1062	0	\N	\N	2013-11-07 10:00:17.778688	\N	50	f
155	60	\N	\N	D	1000	0	\N	\N	2013-11-07 10:00:17.778688	\N	10	f
156	60	\N	\N	D	1100	0	\N	\N	2013-11-07 10:00:17.778688	\N	20	f
157	60	\N	\N	D	1060	0	\N	\N	2013-11-07 10:00:17.778688	\N	30	f
158	60	\N	\N	D	1061	0	\N	\N	2013-11-07 10:00:17.778688	\N	40	f
159	60	\N	\N	D	1062	0	\N	\N	2013-11-07 10:00:17.778688	\N	50	f
160	61	\N	\N	D	1000	0	\N	\N	2013-11-07 10:00:17.778688	\N	10	f
161	61	\N	\N	D	1100	0	\N	\N	2013-11-07 10:00:17.778688	\N	20	f
162	61	\N	\N	D	1060	0	\N	\N	2013-11-07 10:00:17.778688	\N	30	f
163	61	\N	\N	D	1061	0	\N	\N	2013-11-07 10:00:17.778688	\N	40	f
164	61	\N	\N	D	1062	0	\N	\N	2013-11-07 10:00:17.778688	\N	50	f
34	10	\N	\N	N	\N	2	\N	\N	2012-09-19 16:25:05.707835	\N	340	f
35	11	\N	\N	N	\N	2	\N	\N	2012-09-19 16:25:05.707835	\N	350	f
36	12	\N	\N	N	\N	2	\N	\N	2012-09-19 16:25:05.707835	\N	360	f
37	13	\N	\N	N	\N	2	\N	\N	2012-09-19 16:25:05.707835	\N	370	f
38	14	\N	\N	N	\N	2	\N	\N	2012-09-19 16:25:05.707835	\N	380	f
39	15	\N	\N	N	\N	2	\N	\N	2012-09-19 16:25:05.707835	\N	390	f
40	16	\N	\N	N	\N	2	\N	\N	2012-09-19 16:25:05.707835	\N	400	f
41	17	\N	\N	N	\N	2	\N	\N	2012-09-19 16:25:05.707835	\N	410	f
42	18	\N	\N	N	\N	2	\N	\N	2012-09-19 16:25:05.707835	\N	420	f
43	19	\N	\N	N	\N	2	\N	\N	2012-09-19 16:25:05.707835	\N	430	f
44	20	\N	\N	N	\N	2	\N	\N	2012-09-19 16:25:05.707835	\N	440	f
45	21	\N	\N	N	\N	2	\N	\N	2012-09-19 16:25:05.707835	\N	450	f
46	22	\N	\N	N	\N	2	\N	\N	2012-09-19 16:25:05.707835	\N	460	f
47	23	\N	\N	N	\N	2	\N	\N	2012-09-19 16:25:05.707835	\N	470	f
48	24	\N	\N	N	\N	2	\N	\N	2012-09-19 16:25:05.707835	\N	480	f
49	25	\N	\N	N	\N	2	\N	\N	2012-09-19 16:25:05.707835	\N	490	f
50	26	\N	\N	N	\N	2	\N	\N	2012-09-19 16:25:05.707835	\N	500	f
51	27	\N	\N	N	\N	2	\N	\N	2012-09-19 16:25:05.707835	\N	510	f
52	28	\N	\N	N	\N	2	\N	\N	2012-09-19 16:25:05.707835	\N	520	f
53	29	\N	\N	N	\N	2	\N	\N	2012-09-19 16:25:05.707835	\N	530	f
54	30	\N	\N	N	\N	2	\N	\N	2012-09-19 16:25:05.707835	\N	540	f
55	31	\N	\N	N	\N	2	\N	\N	2012-09-19 16:25:05.707835	\N	550	f
56	32	\N	\N	N	\N	2	\N	\N	2012-09-19 16:25:05.707835	\N	560	f
57	33	\N	\N	N	\N	2	\N	\N	2012-09-19 16:25:05.707835	\N	570	f
58	34	\N	\N	N	\N	2	\N	\N	2012-09-19 16:25:05.707835	\N	580	f
59	35	\N	\N	N	\N	2	\N	\N	2012-09-19 16:25:05.707835	\N	590	f
60	36	\N	\N	N	\N	2	\N	\N	2012-09-19 16:25:05.707835	\N	600	f
61	37	\N	\N	N	\N	2	\N	\N	2012-09-19 16:25:05.707835	\N	610	f
62	38	\N	\N	N	\N	2	\N	\N	2012-09-19 16:25:05.707835	\N	620	f
63	39	\N	\N	N	\N	2	\N	\N	2012-09-19 16:25:05.707835	\N	630	f
64	40	\N	\N	N	\N	2	\N	\N	2012-09-19 16:25:05.707835	\N	640	f
65	41	\N	\N	N	\N	2	\N	\N	2012-09-19 16:25:05.707835	\N	650	f
\.


--
-- Name: test_result_seq; Type: SEQUENCE SET; Schema: clinlims; Owner: clinlims
--

SELECT pg_catalog.setval('test_result_seq', 164, true);


--
-- Data for Name: test_section; Type: TABLE DATA; Schema: clinlims; Owner: clinlims
--

COPY test_section (id, name, description, org_id, is_external, lastupdated, parent_test_section, display_key, sort_order, is_active) FROM stdin;
117	Serology-Immunology	Serology-Immunology test section	3	N	2012-06-01 15:10:58.553362	\N	test.section.serology-immunology	10	Y
116	Hemto-Immunology	Hemto-Immunology test section	3	N	2012-06-01 15:10:58.53984	\N	test.section.hemato-immunology	20	Y
56	Biochemistry	Chem logbook	3	N	2009-07-23 12:57:40.365	\N	test.section.biochemistry	30	Y
36	Hematology	Hematology logbook	3	N	2009-02-12 16:52:58.437	\N	test.section.hematology	40	Y
59	Immunology	Immuno-Serology logbook	3	N	2009-02-12 16:51:30.203	\N	test.section.immunology	2147483647	N
57	Bacteria	Bacteria logbook	3	N	2009-02-12 16:49:59.468	\N	test.section.bacteria	2147483647	N
58	Parasitology	Parasitology logbook	3	N	2009-02-12 16:50:45.078	\N	test.section.parasitology	2147483647	N
60	ECBU	ECBU logbook	3	N	2009-02-12 16:51:58.875	\N	test.section.ECBU	2147483647	N
61	VCT	VCT logbook	3	N	2009-02-12 16:52:31.906	\N	test.section.VCT	2147483647	N
76	Virologie	Virologie	3	N	2010-01-12 11:54:36.75	\N	test.section.virologie	2147483647	N
96	Mycobacteriology	Mycobacteriology	3	N	2011-04-05 10:46:47.646357	\N	test.section.mycobacteriology	2147483647	N
136	Biologie Moleculaire	Biologie Moleculaire	\N	N	2012-09-19 16:25:05.486681	\N	test.section.Moleoularbiology	2147483647	N
156	user	Indicates user will chose test section	\N	N	2013-01-11 14:28:00.574859	\N	\N	2147483647	N
\.


--
-- Name: test_section_seq; Type: SEQUENCE SET; Schema: clinlims; Owner: clinlims
--

SELECT pg_catalog.setval('test_section_seq', 175, true);


--
-- Name: test_seq; Type: SEQUENCE SET; Schema: clinlims; Owner: clinlims
--

SELECT pg_catalog.setval('test_seq', 61, true);


--
-- Data for Name: test_trailer; Type: TABLE DATA; Schema: clinlims; Owner: clinlims
--

COPY test_trailer (id, name, description, text, lastupdated) FROM stdin;
8	Diane Test	Diane Test	Diane Test	2006-09-28 09:14:04.334
12	test trailer	test trailer	this is test trailer comment	2006-09-27 09:09:24.34
13	CULTP	Culture in Progress	Smear prepared from concentrated specimen. Culture testing in progress. A separate report will be sent to you when complete.	2006-11-08 11:32:47.789
14	WARNP	WARNING: PCR results are FOR RESEARCH	WARNING: PCR results are FOR RESEARCH USE ONLY and should not be used for diagnosis of disease. Patient management decisions must be based on appropriate findings by a physician and the clinical condition of the patient.	2007-02-05 09:09:21.726
15	XML Test	This is test_trailer description <!field: source of comment	This is test_trailer text field. <It! is the actual comment	2008-05-01 21:36:26.312
1	RESEARCH	RESEARCH	This test is for research use only.	2007-05-07 14:38:55.661
\.


--
-- Name: test_trailer_seq; Type: SEQUENCE SET; Schema: clinlims; Owner: clinlims
--

SELECT pg_catalog.setval('test_trailer_seq', 2, false);


--
-- Data for Name: test_worksheet_item; Type: TABLE DATA; Schema: clinlims; Owner: clinlims
--

COPY test_worksheet_item (id, tw_id, qc_id, "position", cell_type) FROM stdin;
\.


--
-- Data for Name: test_worksheets; Type: TABLE DATA; Schema: clinlims; Owner: clinlims
--

COPY test_worksheets (id, test_id, batch_capacity, total_capacity, number_format) FROM stdin;
\.


--
-- Name: tobereomved_seq; Type: SEQUENCE SET; Schema: clinlims; Owner: clinlims
--

SELECT pg_catalog.setval('tobereomved_seq', 1, false);


--
-- Data for Name: type_of_provider; Type: TABLE DATA; Schema: clinlims; Owner: clinlims
--

COPY type_of_provider (id, description, tp_code) FROM stdin;
\.


--
-- Data for Name: type_of_sample; Type: TABLE DATA; Schema: clinlims; Owner: clinlims
--

COPY type_of_sample (id, description, domain, lastupdated, local_abbrev, display_key, is_active, sort_order) FROM stdin;
1	Plasma	H	2012-09-19 16:25:05.462169	Plasma	sample.type.Plasma	t	10
3	Sang total	H	2012-09-19 16:25:05.462169	Sang total	sample.type.Sang	t	30
4	Urines	H	2012-09-19 16:25:05.462169	Urines	sample.type.Urines	t	40
5	Actual type will be selected by user	H	2013-09-19 14:31:35.999278	Variable	sample.type.variable	f	2147483647
2	Srum	H	2012-09-19 16:25:05.462169	Srum	sample.type.Serum	t	20
\.


--
-- Name: type_of_sample_seq; Type: SEQUENCE SET; Schema: clinlims; Owner: clinlims
--

SELECT pg_catalog.setval('type_of_sample_seq', 5, true);


--
-- Data for Name: type_of_test_result; Type: TABLE DATA; Schema: clinlims; Owner: clinlims
--

COPY type_of_test_result (id, test_result_type, description, lastupdated, hl7_value) FROM stdin;
2	D	Dictionary	2006-11-08 11:40:58.824	TX
3	T	Titer	2006-03-29 11:53:15	TX
4	N	Numeric	2006-03-29 11:53:21	NM
1	R	Remark	2010-10-28 06:12:41.971687	TX
5	A	Alpha,no range check	2010-10-28 06:13:53.177655	TX
6	M	Multiselect	2011-01-06 10:57:15.79331	TX
7	C	Cascading Multiselect	2014-03-26 12:26:54.830055	TX
\.


--
-- Name: type_of_test_result_seq; Type: SEQUENCE SET; Schema: clinlims; Owner: clinlims
--

SELECT pg_catalog.setval('type_of_test_result_seq', 7, true);


--
-- Data for Name: unit_of_measure; Type: TABLE DATA; Schema: clinlims; Owner: clinlims
--

COPY unit_of_measure (id, name, description, lastupdated) FROM stdin;
1	ppl	ppl	2008-05-01 21:13:14.164
5	%	%	2009-04-16 17:00:28.769
7	mm3	mm3	2009-04-16 17:00:49.371
6	ppm	ppm	2009-04-16 17:00:57.823
9	mlU/ml	mlU/ml	2009-07-29 17:23:59.219
10	u/L	u/L	2009-07-29 17:24:14.382
11	ug/dL	ug/dL	2009-07-29 17:24:30.403
19	cp/mL	cp/mL	2009-07-29 17:59:54.673
12	g/dl	g/dl	2009-07-29 18:00:11.255
8	mg/dl	mg/dl	2009-07-29 18:00:40.864
13	million/uL	million/uL	2009-07-29 18:01:27.914
17	mns	mns	2009-07-29 18:01:50.581
16	pg	pg	2009-07-29 18:01:59.005
20	ui/ml	ui/ml	2009-07-30 11:27:36.658
21	mU/ml	mU/ml	2009-07-30 11:34:52.814
22	mm/h	mm/h	2009-07-30 12:13:36.267
15	K/mm^3	K/mm^3	2009-07-30 12:27:35.83
18	micron^3	microns^3	2009-07-30 12:27:53.517
14	mille/mm^3	mille/mm^3	2009-07-30 12:29:11.549
23	Vol%	Vol%	2009-08-02 17:00:51.909
24	million/mm^3	million/mm^3	2009-08-02 17:10:58.106
25	g/l	g/l	2011-01-04 14:21:42.926
26	Ul/l	UI/l	2011-01-04 14:35:10.508
27	mg/l	mg/l	2011-01-13 16:13:28.43
28	ug/l	ug/l	2011-02-03 16:15:48.253
29	UI/L	UI/L	2012-06-01 15:10:58.580442
30	copies/ml	copies/ml	2012-06-01 15:10:58.580442
31	mille/mm3	mille/mm3	2012-06-01 15:10:58.580442
32	fl	fl	2012-06-01 15:10:58.580442
33	/mm3	/mm3	2012-06-01 15:10:58.580442
34	Copies/ml	Copies/ml	2012-06-01 15:10:58.580442
35	l	l	2012-06-01 15:10:58.580442
36	million/mm3	million/mm3	2012-09-19 16:25:05.01901
\.


--
-- Name: unit_of_measure_seq; Type: SEQUENCE SET; Schema: clinlims; Owner: clinlims
--

SELECT pg_catalog.setval('unit_of_measure_seq', 36, true);


--
-- Data for Name: user_alert_map; Type: TABLE DATA; Schema: clinlims; Owner: clinlims
--

COPY user_alert_map (user_id, alert_id, report_id, alert_limit, alert_operator, map_id) FROM stdin;
\.


--
-- Data for Name: user_group_map; Type: TABLE DATA; Schema: clinlims; Owner: clinlims
--

COPY user_group_map (user_id, group_id, map_id) FROM stdin;
1	1120	0
241	1121	0
\.


--
-- Data for Name: user_security; Type: TABLE DATA; Schema: clinlims; Owner: clinlims
--

COPY user_security (user_id, role_name) FROM stdin;
1	ROOT_ADMIN_ROLE
1	LOG_VIEWER_ROLE
1	UPLOAD_ROLE
1	GROUP_ADMIN_ROLE
1	DATASOURCE_ADMIN_ROLE
1	CHART_ADMIN_ROLE
1	REPORT_ADMIN_ROLE
1	ADVANCED_SCHEDULER_ROLE
1	PARAMETER_ADMIN_ROLE
1	SCHEDULER_ROLE
1	ROOT_ADMIN_ROLE
1	LOG_VIEWER_ROLE
1	UPLOAD_ROLE
1	GROUP_ADMIN_ROLE
1	DATASOURCE_ADMIN_ROLE
1	CHART_ADMIN_ROLE
1	REPORT_ADMIN_ROLE
1	ADVANCED_SCHEDULER_ROLE
1	PARAMETER_ADMIN_ROLE
1	SCHEDULER_ROLE
1	ROOT_ADMIN_ROLE
1	LOG_VIEWER_ROLE
1	UPLOAD_ROLE
1	GROUP_ADMIN_ROLE
1	DATASOURCE_ADMIN_ROLE
1	CHART_ADMIN_ROLE
1	REPORT_ADMIN_ROLE
1	ADVANCED_SCHEDULER_ROLE
1	PARAMETER_ADMIN_ROLE
1	SCHEDULER_ROLE
1	ROOT_ADMIN_ROLE
1	LOG_VIEWER_ROLE
1	UPLOAD_ROLE
1	GROUP_ADMIN_ROLE
1	DATASOURCE_ADMIN_ROLE
1	CHART_ADMIN_ROLE
1	REPORT_ADMIN_ROLE
1	ADVANCED_SCHEDULER_ROLE
1	PARAMETER_ADMIN_ROLE
1	SCHEDULER_ROLE
1	ROOT_ADMIN_ROLE
1	LOG_VIEWER_ROLE
1	UPLOAD_ROLE
1	GROUP_ADMIN_ROLE
1	DATASOURCE_ADMIN_ROLE
1	CHART_ADMIN_ROLE
1	REPORT_ADMIN_ROLE
1	ADVANCED_SCHEDULER_ROLE
1	PARAMETER_ADMIN_ROLE
1	SCHEDULER_ROLE
1	ROOT_ADMIN_ROLE
1	LOG_VIEWER_ROLE
1	UPLOAD_ROLE
1	GROUP_ADMIN_ROLE
1	DATASOURCE_ADMIN_ROLE
1	CHART_ADMIN_ROLE
1	REPORT_ADMIN_ROLE
1	ADVANCED_SCHEDULER_ROLE
1	PARAMETER_ADMIN_ROLE
1	SCHEDULER_ROLE
\.


--
-- Data for Name: worksheet_analysis; Type: TABLE DATA; Schema: clinlims; Owner: clinlims
--

COPY worksheet_analysis (id, reference_type, reference_id, worksheet_item_id) FROM stdin;
\.


--
-- Data for Name: worksheet_analyte; Type: TABLE DATA; Schema: clinlims; Owner: clinlims
--

COPY worksheet_analyte (id, wrkst_anls_id, sort_order, result_id) FROM stdin;
\.


--
-- Data for Name: worksheet_heading; Type: TABLE DATA; Schema: clinlims; Owner: clinlims
--

COPY worksheet_heading (id, worksheet_name, rownumber, column1, column2, column3, column4, column5, column6, column7, column8, column9, column10, type) FROM stdin;
1	TB	1	Micro Result	Culture Result	Report Date	\N	\N	\N	\N	\N	\N	\N	RESULT
2	GC	1	12 HOUR	24 HOUR	48 HOUR	\N	\N	\N	\N	\N	\N	\N	RESULT
9	US FTA	7	\N	\N	\N	\N	PBS	.	.	.	-	.	QC
10	US FTA	8	\N	\N	\N	\N	Sorbent	.	.	.	-	.	QC
8	US FTA	6	PBS	.	.	.	Nonspecific Control / Sorbent	.	.	.	-	.	QC
11	US FTA	1	    USR     Repeat Quant	   FTA      Current Run	    FTA     Previous Runs	   FTA         Final	  TPPA       Result	Comments	\N	\N	\N	\N	RESULT
26	US FTA	1	TEST	TESTing	\N	\N	\N	\N	\N	\N	\N	\N	ANALYTE
7	US FTA	5	.	.	.	.	Nonspecific Control/ PBS	.	.	.	>2+	.	QC
6	US FTA	4	FITCconjugate Working Dilution:	.	.	.	Minimally Reactive Control	.	.	.	1+	.	QC
5	US FTA	3	Sorbent	.	.	.	Reactive Control / Sorbent	.	.	.	3-4+	.	QC
4	US FTA	2	T Palladium antigen	.	.	.	Reactive Control/PBS	.	.	.	4+	.	QC
3	US FTA	1	Reagent	Source	Lot	Expire Date	Reagent	Source	Lot	Expires	Expect	Actual	QC
25	F	23	KNO3	RT incubation	.	.	\N	\N	\N	\N	\N	\N	ANALYTE
24	F	22	dulcitol	chlamydospores	.	.	\N	\N	\N	\N	\N	\N	ANALYTE
23	F	21	melibiose	ascospores	NO3	.	\N	\N	\N	\N	\N	\N	ANALYTE
22	F	20	trehalose	pigment	gelatin	.	\N	\N	\N	\N	\N	\N	ANALYTE
21	F	19	xylose	germ tubes	urea	probe (histo)	\N	\N	\N	\N	\N	\N	ANALYTE
20	F	18	inositol	urea	T4	probe (blasto)	\N	\N	\N	\N	\N	\N	ANALYTE
19	F	17	raffinose	OTHER TESTS	T3	probe (cocci)	\N	\N	\N	\N	\N	\N	ANALYTE
18	F	16	cellobiose	galactose	T2	PROBE TESTS	\N	\N	\N	\N	\N	\N	ANALYTE
17	F	15	galactose	trehalose	T1	.	\N	\N	\N	\N	\N	\N	ANALYTE
16	F	14	lactose	lactose	37 degrees	lysozyme	\N	\N	\N	\N	\N	\N	ANALYTE
15	F	13	sucrose	sucrose	RT incubation	xanthine	\N	\N	\N	\N	\N	\N	ANALYTE
14	F	12	maltose	maltose	sabs without CH	tyrosine	\N	\N	\N	\N	\N	\N	ANALYTE
13	F	11	dextrose	dextrose	sabs with CH	casein	\N	\N	\N	\N	\N	\N	ANALYTE
12	F	10	ASSIMILATIONS	FERMENTATIONS	FILAMENTOUS	ACTINOMYCETES	\N	\N	\N	\N	\N	\N	ANALYTE
62	US VDRL	1	QL	QN:2	4	8	16	32	64	128	256	Final	RESULT
93	US USR	15	Titer	.	.	.	.	.	.	.	\N	\N	QC
96	US FTA	10	\N	\N	\N	\N	TPPA - control	.	.	.	-	.	QC
95	US FTA	9	\N	\N	\N	\N	TPPA + control	.	.	.	+	.	QC
49	US USR	11	CONTROLS	SOURCE	LOT	EXPIRE DATE	RESULTS Qualitative Expect	RESULTS Qualitative  Actual	RESULTS Quantitative Expect	RESULTS Quantitative Actual	\N	\N	QC
48	US USR	10	Rotation of Slides	178-182	__________	rotations/min	\N	\N	\N	\N	\N	\N	QC
47	US USR	9	Temp of Lab	23-29	__________	degrees C	\N	\N	\N	\N	\N	\N	QC
46	US USR	6	Sterile DI H20	MDH	.	.	\N	\N	\N	\N	\N	\N	QC
45	US USR	8	USR working antigen	MDH	.	.	\N	\N	\N	\N	\N	\N	QC
44	US USR	5	Phosphate Buffer	MDH	.	.	\N	\N	\N	\N	\N	\N	QC
43	US USR	4	EDTA	MDH	.	.	\N	\N	\N	\N	\N	\N	QC
42	US USR	3	Choline Chloride	MDH	.	.	\N	\N	\N	\N	\N	\N	QC
41	US USR	2	VDRL Antigen Kit	Difco	.	.	\N	\N	\N	\N	\N	\N	QC
40	US USR	1	REAGENT	SOURCE	LOT	EXPIRE DATE	\N	\N	\N	\N	\N	\N	QC
52	US USR	14	NC	Difco	.	.	NR	.	.	.	\N	\N	QC
51	US USR	13	LPC	Difco	.	.	WR	.	.	.	\N	\N	QC
50	US USR	12	HPC	Difco	.	.	R	.	.	.	\N	\N	QC
55	HSV TYPING	3	Expiration Date:	________________	Negative Cells:	Lot _____________	\N	\N	\N	\N	\N	\N	QC
54	HSV TYPING	2	Lot:	________________	HSV2 Positive Cells:	Lot _____________	\N	\N	\N	\N	\N	\N	QC
53	HSV TYPING	1	HSV1 / HSV2 Typing Kit:	________________	HSV1 Positive Cells:	Lot _____________	\N	\N	\N	\N	\N	\N	QC
57	HSV TYPING	2	HSV-1 PC	.	.	.	.	.	.	.	\N	\N	RESULT
58	HSV TYPING	3	HSV-1 nc	.	.	.	.	.	.	.	\N	\N	RESULT
60	HSV TYPING	5	HSV-2 nc	.	.	.	.	.	.	.	\N	\N	RESULT
59	HSV TYPING	4	HSV-2 PC	.	.	.	.	.	.	.	\N	\N	RESULT
74	MICRO	6	Pigment	Mannitol	Casein	Gelatin	\N	\N	\N	\N	\N	\N	ANALYTE
73	MICRO	5	Hemolysis	Maltose	Trehalose	Litmus Milk	\N	\N	\N	\N	\N	\N	ANALYTE
72	MICRO	4	O2 Relation	Sucrose	Sorbose	Ornithine	\N	\N	\N	\N	\N	\N	ANALYTE
92	STREP	11	\N	\N	\N	\N	PFGE	\N	\N	\N	\N	\N	ANALYTE
35	US VDRL	8	Rotation of Slides	.	178 - 182	__________	rotation/min	\N	\N	\N	\N	\N	QC
34	US VDRL	7	Temp of Lab	.	23 - 29	__________	degrees C	\N	\N	\N	\N	\N	QC
36	US VDRL	9	CONTROLS	SOURCE	LOT	EXPIRE DATE	RESULT Qualitative Expect	RESULT Qualitative  Actual	RESULT Quantitative Expect	RESULT Quantitative Actual	\N	\N	QC
56	HSV TYPING	1	Specimen ID	Received Date	Source	Pass	HSV1	HSV2	Comments	Mailer	\N	\N	RESULT
27	VI	1	Comments	Results	Interpretation	\N	\N	\N	\N	\N	\N	\N	RESULT
32	US VDRL	5	VDRL working antigen	.	.	.	\N	\N	\N	\N	\N	\N	QC
31	US VDRL	4	10% Saline	.	.	.	\N	\N	\N	\N	\N	\N	QC
30	US VDRL	3	Kahn Saline 0.9%	.	.	.	\N	\N	\N	\N	\N	\N	QC
29	US VDRL	2	VDRL Antigen Kit	Difco	.	.	\N	\N	\N	\N	\N	\N	QC
28	US VDRL	1	REAGENT	SOURCE	LOT	EXPIRE DATE	\N	\N	\N	\N	\N	\N	QC
38	US VDRL	11	LPC	Difco	.	.	WR	.	.	.	\N	\N	QC
37	US VDRL	10	HPC	Difco	.	.	R	.	.	.	\N	\N	QC
39	US VDRL	12	NC	Difco	.	.	NR	.	.	.	\N	\N	QC
61	US USR	1	QL	QN: 2	4	8	16	32	64	128	256	Final	RESULT
68	STREP	6	Factors	PFGE	\N	Catalase	Lact	\N	\N	\N	\N	\N	ANALYTE
67	STREP	5	Group	Latex	Latex	Kilian	Suc	\N	\N	\N	\N	\N	ANALYTE
66	STREP	4	Typing pool	PYR	Hipp	Satellites	Malt	\N	\N	\N	\N	\N	ANALYTE
65	STREP	3	Bile sol	A disc	Camp	X+V	Dex	\N	\N	\N	\N	\N	ANALYTE
64	STREP	2	P disc	GmSt	GmSt	GmSt	GmSt	\N	\N	\N	\N	\N	ANALYTE
63	STREP	1	Strep pneumo	Group A Strep	Group B Strep	H Influenzae	N. meningitidis	\N	\N	\N	\N	\N	ANALYTE
70	MICRO	3	Spores	Lactose	Sorbitol	Arginine	\N	\N	\N	\N	\N	\N	ANALYTE
69	MICRO	2	42	Glucose	Salicin	Lysine	\N	\N	\N	\N	\N	\N	ANALYTE
71	MICRO	1	Colony morphology	.	Gram morphology	.	\N	\N	\N	\N	\N	\N	ANALYTE
79	MICRO	11	MacConkey	Fructose	Motility	Pyruvate	\N	\N	\N	\N	\N	\N	ANALYTE
78	MICRO	10	Serology	Inulin	.	6.5% salt	\N	\N	\N	\N	\N	\N	ANALYTE
77	MICRO	9	Satellites	Cellibiose	Alk Phos	Bile Esculin	\N	\N	\N	\N	\N	\N	ANALYTE
76	MICRO	8	Kilian test	Arabinose	PZA	Esculin	\N	\N	\N	\N	\N	\N	ANALYTE
75	MICRO	7	X+V Req	Xylose	Starch	Cetrimide	\N	\N	\N	\N	\N	\N	ANALYTE
87	MICRO	19	Lecthinase	Ribose	Phenylalanine	.	\N	\N	\N	\N	\N	\N	ANALYTE
86	MICRO	18	Lipase	Rhamnose	Acetate	FREEZE	\N	\N	\N	\N	\N	\N	ANALYTE
85	MICRO	17	.	Raffinose	Citrate	PFGE	\N	\N	\N	\N	\N	\N	ANALYTE
84	MICRO	16	Optochin	MMP	MR         VP	LAP         PYR	\N	\N	\N	\N	\N	\N	ANALYTE
83	MICRO	15	Camp	Melibiose	Indol	Erythromycin	\N	\N	\N	\N	\N	\N	ANALYTE
82	MICRO	14	Bacitracin	Mannose	Nitite	Vancomycin	\N	\N	\N	\N	\N	\N	ANALYTE
81	MICRO	13	Catalase	Glycerol	Nitrate	Coagulase	\N	\N	\N	\N	\N	\N	ANALYTE
80	MICRO	12	Oxidase	Galactose	Urease	MGP	\N	\N	\N	\N	\N	\N	ANALYTE
91	STREP	10	\N	\N	\N	\N	Serology	\N	\N	\N	\N	\N	ANALYTE
90	STREP	9	\N	\N	\N	\N	TM	\N	\N	\N	\N	\N	ANALYTE
89	STREP	8	\N	\N	\N	Serology	Oxidase	\N	\N	\N	\N	\N	ANALYTE
88	STREP	7	\N	\N	\N	Oxidase	Catalase	\N	\N	\N	\N	\N	ANALYTE
94	US USR	7	Kahn's solution	MDH	.	.	\N	\N	\N	\N	\N	\N	QC
1	TB	1	Micro Result	Culture Result	Report Date	\N	\N	\N	\N	\N	\N	\N	RESULT
2	GC	1	12 HOUR	24 HOUR	48 HOUR	\N	\N	\N	\N	\N	\N	\N	RESULT
9	US FTA	7	\N	\N	\N	\N	PBS	.	.	.	-	.	QC
10	US FTA	8	\N	\N	\N	\N	Sorbent	.	.	.	-	.	QC
8	US FTA	6	PBS	.	.	.	Nonspecific Control / Sorbent	.	.	.	-	.	QC
11	US FTA	1	    USR     Repeat Quant	   FTA      Current Run	    FTA     Previous Runs	   FTA         Final	  TPPA       Result	Comments	\N	\N	\N	\N	RESULT
26	US FTA	1	TEST	TESTing	\N	\N	\N	\N	\N	\N	\N	\N	ANALYTE
7	US FTA	5	.	.	.	.	Nonspecific Control/ PBS	.	.	.	>2+	.	QC
6	US FTA	4	FITCconjugate Working Dilution:	.	.	.	Minimally Reactive Control	.	.	.	1+	.	QC
5	US FTA	3	Sorbent	.	.	.	Reactive Control / Sorbent	.	.	.	3-4+	.	QC
4	US FTA	2	T Palladium antigen	.	.	.	Reactive Control/PBS	.	.	.	4+	.	QC
3	US FTA	1	Reagent	Source	Lot	Expire Date	Reagent	Source	Lot	Expires	Expect	Actual	QC
25	F	23	KNO3	RT incubation	.	.	\N	\N	\N	\N	\N	\N	ANALYTE
24	F	22	dulcitol	chlamydospores	.	.	\N	\N	\N	\N	\N	\N	ANALYTE
23	F	21	melibiose	ascospores	NO3	.	\N	\N	\N	\N	\N	\N	ANALYTE
22	F	20	trehalose	pigment	gelatin	.	\N	\N	\N	\N	\N	\N	ANALYTE
21	F	19	xylose	germ tubes	urea	probe (histo)	\N	\N	\N	\N	\N	\N	ANALYTE
20	F	18	inositol	urea	T4	probe (blasto)	\N	\N	\N	\N	\N	\N	ANALYTE
19	F	17	raffinose	OTHER TESTS	T3	probe (cocci)	\N	\N	\N	\N	\N	\N	ANALYTE
18	F	16	cellobiose	galactose	T2	PROBE TESTS	\N	\N	\N	\N	\N	\N	ANALYTE
17	F	15	galactose	trehalose	T1	.	\N	\N	\N	\N	\N	\N	ANALYTE
16	F	14	lactose	lactose	37 degrees	lysozyme	\N	\N	\N	\N	\N	\N	ANALYTE
15	F	13	sucrose	sucrose	RT incubation	xanthine	\N	\N	\N	\N	\N	\N	ANALYTE
14	F	12	maltose	maltose	sabs without CH	tyrosine	\N	\N	\N	\N	\N	\N	ANALYTE
13	F	11	dextrose	dextrose	sabs with CH	casein	\N	\N	\N	\N	\N	\N	ANALYTE
12	F	10	ASSIMILATIONS	FERMENTATIONS	FILAMENTOUS	ACTINOMYCETES	\N	\N	\N	\N	\N	\N	ANALYTE
62	US VDRL	1	QL	QN:2	4	8	16	32	64	128	256	Final	RESULT
93	US USR	15	Titer	.	.	.	.	.	.	.	\N	\N	QC
96	US FTA	10	\N	\N	\N	\N	TPPA - control	.	.	.	-	.	QC
95	US FTA	9	\N	\N	\N	\N	TPPA + control	.	.	.	+	.	QC
49	US USR	11	CONTROLS	SOURCE	LOT	EXPIRE DATE	RESULTS Qualitative Expect	RESULTS Qualitative  Actual	RESULTS Quantitative Expect	RESULTS Quantitative Actual	\N	\N	QC
48	US USR	10	Rotation of Slides	178-182	__________	rotations/min	\N	\N	\N	\N	\N	\N	QC
47	US USR	9	Temp of Lab	23-29	__________	degrees C	\N	\N	\N	\N	\N	\N	QC
46	US USR	6	Sterile DI H20	MDH	.	.	\N	\N	\N	\N	\N	\N	QC
45	US USR	8	USR working antigen	MDH	.	.	\N	\N	\N	\N	\N	\N	QC
44	US USR	5	Phosphate Buffer	MDH	.	.	\N	\N	\N	\N	\N	\N	QC
43	US USR	4	EDTA	MDH	.	.	\N	\N	\N	\N	\N	\N	QC
42	US USR	3	Choline Chloride	MDH	.	.	\N	\N	\N	\N	\N	\N	QC
41	US USR	2	VDRL Antigen Kit	Difco	.	.	\N	\N	\N	\N	\N	\N	QC
40	US USR	1	REAGENT	SOURCE	LOT	EXPIRE DATE	\N	\N	\N	\N	\N	\N	QC
52	US USR	14	NC	Difco	.	.	NR	.	.	.	\N	\N	QC
51	US USR	13	LPC	Difco	.	.	WR	.	.	.	\N	\N	QC
50	US USR	12	HPC	Difco	.	.	R	.	.	.	\N	\N	QC
55	HSV TYPING	3	Expiration Date:	________________	Negative Cells:	Lot _____________	\N	\N	\N	\N	\N	\N	QC
54	HSV TYPING	2	Lot:	________________	HSV2 Positive Cells:	Lot _____________	\N	\N	\N	\N	\N	\N	QC
53	HSV TYPING	1	HSV1 / HSV2 Typing Kit:	________________	HSV1 Positive Cells:	Lot _____________	\N	\N	\N	\N	\N	\N	QC
57	HSV TYPING	2	HSV-1 PC	.	.	.	.	.	.	.	\N	\N	RESULT
58	HSV TYPING	3	HSV-1 nc	.	.	.	.	.	.	.	\N	\N	RESULT
60	HSV TYPING	5	HSV-2 nc	.	.	.	.	.	.	.	\N	\N	RESULT
59	HSV TYPING	4	HSV-2 PC	.	.	.	.	.	.	.	\N	\N	RESULT
74	MICRO	6	Pigment	Mannitol	Casein	Gelatin	\N	\N	\N	\N	\N	\N	ANALYTE
73	MICRO	5	Hemolysis	Maltose	Trehalose	Litmus Milk	\N	\N	\N	\N	\N	\N	ANALYTE
72	MICRO	4	O2 Relation	Sucrose	Sorbose	Ornithine	\N	\N	\N	\N	\N	\N	ANALYTE
92	STREP	11	\N	\N	\N	\N	PFGE	\N	\N	\N	\N	\N	ANALYTE
35	US VDRL	8	Rotation of Slides	.	178 - 182	__________	rotation/min	\N	\N	\N	\N	\N	QC
34	US VDRL	7	Temp of Lab	.	23 - 29	__________	degrees C	\N	\N	\N	\N	\N	QC
36	US VDRL	9	CONTROLS	SOURCE	LOT	EXPIRE DATE	RESULT Qualitative Expect	RESULT Qualitative  Actual	RESULT Quantitative Expect	RESULT Quantitative Actual	\N	\N	QC
56	HSV TYPING	1	Specimen ID	Received Date	Source	Pass	HSV1	HSV2	Comments	Mailer	\N	\N	RESULT
27	VI	1	Comments	Results	Interpretation	\N	\N	\N	\N	\N	\N	\N	RESULT
32	US VDRL	5	VDRL working antigen	.	.	.	\N	\N	\N	\N	\N	\N	QC
31	US VDRL	4	10% Saline	.	.	.	\N	\N	\N	\N	\N	\N	QC
30	US VDRL	3	Kahn Saline 0.9%	.	.	.	\N	\N	\N	\N	\N	\N	QC
29	US VDRL	2	VDRL Antigen Kit	Difco	.	.	\N	\N	\N	\N	\N	\N	QC
28	US VDRL	1	REAGENT	SOURCE	LOT	EXPIRE DATE	\N	\N	\N	\N	\N	\N	QC
38	US VDRL	11	LPC	Difco	.	.	WR	.	.	.	\N	\N	QC
37	US VDRL	10	HPC	Difco	.	.	R	.	.	.	\N	\N	QC
39	US VDRL	12	NC	Difco	.	.	NR	.	.	.	\N	\N	QC
61	US USR	1	QL	QN: 2	4	8	16	32	64	128	256	Final	RESULT
68	STREP	6	Factors	PFGE	\N	Catalase	Lact	\N	\N	\N	\N	\N	ANALYTE
67	STREP	5	Group	Latex	Latex	Kilian	Suc	\N	\N	\N	\N	\N	ANALYTE
66	STREP	4	Typing pool	PYR	Hipp	Satellites	Malt	\N	\N	\N	\N	\N	ANALYTE
65	STREP	3	Bile sol	A disc	Camp	X+V	Dex	\N	\N	\N	\N	\N	ANALYTE
64	STREP	2	P disc	GmSt	GmSt	GmSt	GmSt	\N	\N	\N	\N	\N	ANALYTE
63	STREP	1	Strep pneumo	Group A Strep	Group B Strep	H Influenzae	N. meningitidis	\N	\N	\N	\N	\N	ANALYTE
70	MICRO	3	Spores	Lactose	Sorbitol	Arginine	\N	\N	\N	\N	\N	\N	ANALYTE
69	MICRO	2	42	Glucose	Salicin	Lysine	\N	\N	\N	\N	\N	\N	ANALYTE
71	MICRO	1	Colony morphology	.	Gram morphology	.	\N	\N	\N	\N	\N	\N	ANALYTE
79	MICRO	11	MacConkey	Fructose	Motility	Pyruvate	\N	\N	\N	\N	\N	\N	ANALYTE
78	MICRO	10	Serology	Inulin	.	6.5% salt	\N	\N	\N	\N	\N	\N	ANALYTE
77	MICRO	9	Satellites	Cellibiose	Alk Phos	Bile Esculin	\N	\N	\N	\N	\N	\N	ANALYTE
76	MICRO	8	Kilian test	Arabinose	PZA	Esculin	\N	\N	\N	\N	\N	\N	ANALYTE
75	MICRO	7	X+V Req	Xylose	Starch	Cetrimide	\N	\N	\N	\N	\N	\N	ANALYTE
87	MICRO	19	Lecthinase	Ribose	Phenylalanine	.	\N	\N	\N	\N	\N	\N	ANALYTE
86	MICRO	18	Lipase	Rhamnose	Acetate	FREEZE	\N	\N	\N	\N	\N	\N	ANALYTE
85	MICRO	17	.	Raffinose	Citrate	PFGE	\N	\N	\N	\N	\N	\N	ANALYTE
84	MICRO	16	Optochin	MMP	MR         VP	LAP         PYR	\N	\N	\N	\N	\N	\N	ANALYTE
83	MICRO	15	Camp	Melibiose	Indol	Erythromycin	\N	\N	\N	\N	\N	\N	ANALYTE
82	MICRO	14	Bacitracin	Mannose	Nitite	Vancomycin	\N	\N	\N	\N	\N	\N	ANALYTE
81	MICRO	13	Catalase	Glycerol	Nitrate	Coagulase	\N	\N	\N	\N	\N	\N	ANALYTE
80	MICRO	12	Oxidase	Galactose	Urease	MGP	\N	\N	\N	\N	\N	\N	ANALYTE
91	STREP	10	\N	\N	\N	\N	Serology	\N	\N	\N	\N	\N	ANALYTE
90	STREP	9	\N	\N	\N	\N	TM	\N	\N	\N	\N	\N	ANALYTE
89	STREP	8	\N	\N	\N	Serology	Oxidase	\N	\N	\N	\N	\N	ANALYTE
88	STREP	7	\N	\N	\N	Oxidase	Catalase	\N	\N	\N	\N	\N	ANALYTE
94	US USR	7	Kahn's solution	MDH	.	.	\N	\N	\N	\N	\N	\N	QC
1	TB	1	Micro Result	Culture Result	Report Date	\N	\N	\N	\N	\N	\N	\N	RESULT
2	GC	1	12 HOUR	24 HOUR	48 HOUR	\N	\N	\N	\N	\N	\N	\N	RESULT
9	US FTA	7	\N	\N	\N	\N	PBS	.	.	.	-	.	QC
10	US FTA	8	\N	\N	\N	\N	Sorbent	.	.	.	-	.	QC
8	US FTA	6	PBS	.	.	.	Nonspecific Control / Sorbent	.	.	.	-	.	QC
11	US FTA	1	    USR     Repeat Quant	   FTA      Current Run	    FTA     Previous Runs	   FTA         Final	  TPPA       Result	Comments	\N	\N	\N	\N	RESULT
26	US FTA	1	TEST	TESTing	\N	\N	\N	\N	\N	\N	\N	\N	ANALYTE
7	US FTA	5	.	.	.	.	Nonspecific Control/ PBS	.	.	.	>2+	.	QC
6	US FTA	4	FITCconjugate Working Dilution:	.	.	.	Minimally Reactive Control	.	.	.	1+	.	QC
5	US FTA	3	Sorbent	.	.	.	Reactive Control / Sorbent	.	.	.	3-4+	.	QC
4	US FTA	2	T Palladium antigen	.	.	.	Reactive Control/PBS	.	.	.	4+	.	QC
3	US FTA	1	Reagent	Source	Lot	Expire Date	Reagent	Source	Lot	Expires	Expect	Actual	QC
25	F	23	KNO3	RT incubation	.	.	\N	\N	\N	\N	\N	\N	ANALYTE
24	F	22	dulcitol	chlamydospores	.	.	\N	\N	\N	\N	\N	\N	ANALYTE
23	F	21	melibiose	ascospores	NO3	.	\N	\N	\N	\N	\N	\N	ANALYTE
22	F	20	trehalose	pigment	gelatin	.	\N	\N	\N	\N	\N	\N	ANALYTE
21	F	19	xylose	germ tubes	urea	probe (histo)	\N	\N	\N	\N	\N	\N	ANALYTE
20	F	18	inositol	urea	T4	probe (blasto)	\N	\N	\N	\N	\N	\N	ANALYTE
19	F	17	raffinose	OTHER TESTS	T3	probe (cocci)	\N	\N	\N	\N	\N	\N	ANALYTE
18	F	16	cellobiose	galactose	T2	PROBE TESTS	\N	\N	\N	\N	\N	\N	ANALYTE
17	F	15	galactose	trehalose	T1	.	\N	\N	\N	\N	\N	\N	ANALYTE
16	F	14	lactose	lactose	37 degrees	lysozyme	\N	\N	\N	\N	\N	\N	ANALYTE
15	F	13	sucrose	sucrose	RT incubation	xanthine	\N	\N	\N	\N	\N	\N	ANALYTE
14	F	12	maltose	maltose	sabs without CH	tyrosine	\N	\N	\N	\N	\N	\N	ANALYTE
13	F	11	dextrose	dextrose	sabs with CH	casein	\N	\N	\N	\N	\N	\N	ANALYTE
12	F	10	ASSIMILATIONS	FERMENTATIONS	FILAMENTOUS	ACTINOMYCETES	\N	\N	\N	\N	\N	\N	ANALYTE
62	US VDRL	1	QL	QN:2	4	8	16	32	64	128	256	Final	RESULT
93	US USR	15	Titer	.	.	.	.	.	.	.	\N	\N	QC
96	US FTA	10	\N	\N	\N	\N	TPPA - control	.	.	.	-	.	QC
95	US FTA	9	\N	\N	\N	\N	TPPA + control	.	.	.	+	.	QC
49	US USR	11	CONTROLS	SOURCE	LOT	EXPIRE DATE	RESULTS Qualitative Expect	RESULTS Qualitative  Actual	RESULTS Quantitative Expect	RESULTS Quantitative Actual	\N	\N	QC
48	US USR	10	Rotation of Slides	178-182	__________	rotations/min	\N	\N	\N	\N	\N	\N	QC
47	US USR	9	Temp of Lab	23-29	__________	degrees C	\N	\N	\N	\N	\N	\N	QC
46	US USR	6	Sterile DI H20	MDH	.	.	\N	\N	\N	\N	\N	\N	QC
45	US USR	8	USR working antigen	MDH	.	.	\N	\N	\N	\N	\N	\N	QC
44	US USR	5	Phosphate Buffer	MDH	.	.	\N	\N	\N	\N	\N	\N	QC
43	US USR	4	EDTA	MDH	.	.	\N	\N	\N	\N	\N	\N	QC
42	US USR	3	Choline Chloride	MDH	.	.	\N	\N	\N	\N	\N	\N	QC
41	US USR	2	VDRL Antigen Kit	Difco	.	.	\N	\N	\N	\N	\N	\N	QC
40	US USR	1	REAGENT	SOURCE	LOT	EXPIRE DATE	\N	\N	\N	\N	\N	\N	QC
52	US USR	14	NC	Difco	.	.	NR	.	.	.	\N	\N	QC
51	US USR	13	LPC	Difco	.	.	WR	.	.	.	\N	\N	QC
50	US USR	12	HPC	Difco	.	.	R	.	.	.	\N	\N	QC
55	HSV TYPING	3	Expiration Date:	________________	Negative Cells:	Lot _____________	\N	\N	\N	\N	\N	\N	QC
54	HSV TYPING	2	Lot:	________________	HSV2 Positive Cells:	Lot _____________	\N	\N	\N	\N	\N	\N	QC
53	HSV TYPING	1	HSV1 / HSV2 Typing Kit:	________________	HSV1 Positive Cells:	Lot _____________	\N	\N	\N	\N	\N	\N	QC
57	HSV TYPING	2	HSV-1 PC	.	.	.	.	.	.	.	\N	\N	RESULT
58	HSV TYPING	3	HSV-1 nc	.	.	.	.	.	.	.	\N	\N	RESULT
60	HSV TYPING	5	HSV-2 nc	.	.	.	.	.	.	.	\N	\N	RESULT
59	HSV TYPING	4	HSV-2 PC	.	.	.	.	.	.	.	\N	\N	RESULT
74	MICRO	6	Pigment	Mannitol	Casein	Gelatin	\N	\N	\N	\N	\N	\N	ANALYTE
73	MICRO	5	Hemolysis	Maltose	Trehalose	Litmus Milk	\N	\N	\N	\N	\N	\N	ANALYTE
72	MICRO	4	O2 Relation	Sucrose	Sorbose	Ornithine	\N	\N	\N	\N	\N	\N	ANALYTE
92	STREP	11	\N	\N	\N	\N	PFGE	\N	\N	\N	\N	\N	ANALYTE
35	US VDRL	8	Rotation of Slides	.	178 - 182	__________	rotation/min	\N	\N	\N	\N	\N	QC
34	US VDRL	7	Temp of Lab	.	23 - 29	__________	degrees C	\N	\N	\N	\N	\N	QC
36	US VDRL	9	CONTROLS	SOURCE	LOT	EXPIRE DATE	RESULT Qualitative Expect	RESULT Qualitative  Actual	RESULT Quantitative Expect	RESULT Quantitative Actual	\N	\N	QC
56	HSV TYPING	1	Specimen ID	Received Date	Source	Pass	HSV1	HSV2	Comments	Mailer	\N	\N	RESULT
27	VI	1	Comments	Results	Interpretation	\N	\N	\N	\N	\N	\N	\N	RESULT
32	US VDRL	5	VDRL working antigen	.	.	.	\N	\N	\N	\N	\N	\N	QC
31	US VDRL	4	10% Saline	.	.	.	\N	\N	\N	\N	\N	\N	QC
30	US VDRL	3	Kahn Saline 0.9%	.	.	.	\N	\N	\N	\N	\N	\N	QC
29	US VDRL	2	VDRL Antigen Kit	Difco	.	.	\N	\N	\N	\N	\N	\N	QC
28	US VDRL	1	REAGENT	SOURCE	LOT	EXPIRE DATE	\N	\N	\N	\N	\N	\N	QC
38	US VDRL	11	LPC	Difco	.	.	WR	.	.	.	\N	\N	QC
37	US VDRL	10	HPC	Difco	.	.	R	.	.	.	\N	\N	QC
39	US VDRL	12	NC	Difco	.	.	NR	.	.	.	\N	\N	QC
61	US USR	1	QL	QN: 2	4	8	16	32	64	128	256	Final	RESULT
68	STREP	6	Factors	PFGE	\N	Catalase	Lact	\N	\N	\N	\N	\N	ANALYTE
67	STREP	5	Group	Latex	Latex	Kilian	Suc	\N	\N	\N	\N	\N	ANALYTE
66	STREP	4	Typing pool	PYR	Hipp	Satellites	Malt	\N	\N	\N	\N	\N	ANALYTE
65	STREP	3	Bile sol	A disc	Camp	X+V	Dex	\N	\N	\N	\N	\N	ANALYTE
64	STREP	2	P disc	GmSt	GmSt	GmSt	GmSt	\N	\N	\N	\N	\N	ANALYTE
63	STREP	1	Strep pneumo	Group A Strep	Group B Strep	H Influenzae	N. meningitidis	\N	\N	\N	\N	\N	ANALYTE
70	MICRO	3	Spores	Lactose	Sorbitol	Arginine	\N	\N	\N	\N	\N	\N	ANALYTE
69	MICRO	2	42	Glucose	Salicin	Lysine	\N	\N	\N	\N	\N	\N	ANALYTE
71	MICRO	1	Colony morphology	.	Gram morphology	.	\N	\N	\N	\N	\N	\N	ANALYTE
79	MICRO	11	MacConkey	Fructose	Motility	Pyruvate	\N	\N	\N	\N	\N	\N	ANALYTE
78	MICRO	10	Serology	Inulin	.	6.5% salt	\N	\N	\N	\N	\N	\N	ANALYTE
77	MICRO	9	Satellites	Cellibiose	Alk Phos	Bile Esculin	\N	\N	\N	\N	\N	\N	ANALYTE
76	MICRO	8	Kilian test	Arabinose	PZA	Esculin	\N	\N	\N	\N	\N	\N	ANALYTE
75	MICRO	7	X+V Req	Xylose	Starch	Cetrimide	\N	\N	\N	\N	\N	\N	ANALYTE
87	MICRO	19	Lecthinase	Ribose	Phenylalanine	.	\N	\N	\N	\N	\N	\N	ANALYTE
86	MICRO	18	Lipase	Rhamnose	Acetate	FREEZE	\N	\N	\N	\N	\N	\N	ANALYTE
85	MICRO	17	.	Raffinose	Citrate	PFGE	\N	\N	\N	\N	\N	\N	ANALYTE
84	MICRO	16	Optochin	MMP	MR         VP	LAP         PYR	\N	\N	\N	\N	\N	\N	ANALYTE
83	MICRO	15	Camp	Melibiose	Indol	Erythromycin	\N	\N	\N	\N	\N	\N	ANALYTE
82	MICRO	14	Bacitracin	Mannose	Nitite	Vancomycin	\N	\N	\N	\N	\N	\N	ANALYTE
81	MICRO	13	Catalase	Glycerol	Nitrate	Coagulase	\N	\N	\N	\N	\N	\N	ANALYTE
80	MICRO	12	Oxidase	Galactose	Urease	MGP	\N	\N	\N	\N	\N	\N	ANALYTE
91	STREP	10	\N	\N	\N	\N	Serology	\N	\N	\N	\N	\N	ANALYTE
90	STREP	9	\N	\N	\N	\N	TM	\N	\N	\N	\N	\N	ANALYTE
89	STREP	8	\N	\N	\N	Serology	Oxidase	\N	\N	\N	\N	\N	ANALYTE
88	STREP	7	\N	\N	\N	Oxidase	Catalase	\N	\N	\N	\N	\N	ANALYTE
94	US USR	7	Kahn's solution	MDH	.	.	\N	\N	\N	\N	\N	\N	QC
1	TB	1	Micro Result	Culture Result	Report Date	\N	\N	\N	\N	\N	\N	\N	RESULT
2	GC	1	12 HOUR	24 HOUR	48 HOUR	\N	\N	\N	\N	\N	\N	\N	RESULT
9	US FTA	7	\N	\N	\N	\N	PBS	.	.	.	-	.	QC
10	US FTA	8	\N	\N	\N	\N	Sorbent	.	.	.	-	.	QC
8	US FTA	6	PBS	.	.	.	Nonspecific Control / Sorbent	.	.	.	-	.	QC
11	US FTA	1	    USR     Repeat Quant	   FTA      Current Run	    FTA     Previous Runs	   FTA         Final	  TPPA       Result	Comments	\N	\N	\N	\N	RESULT
26	US FTA	1	TEST	TESTing	\N	\N	\N	\N	\N	\N	\N	\N	ANALYTE
7	US FTA	5	.	.	.	.	Nonspecific Control/ PBS	.	.	.	>2+	.	QC
6	US FTA	4	FITCconjugate Working Dilution:	.	.	.	Minimally Reactive Control	.	.	.	1+	.	QC
5	US FTA	3	Sorbent	.	.	.	Reactive Control / Sorbent	.	.	.	3-4+	.	QC
4	US FTA	2	T Palladium antigen	.	.	.	Reactive Control/PBS	.	.	.	4+	.	QC
3	US FTA	1	Reagent	Source	Lot	Expire Date	Reagent	Source	Lot	Expires	Expect	Actual	QC
25	F	23	KNO3	RT incubation	.	.	\N	\N	\N	\N	\N	\N	ANALYTE
24	F	22	dulcitol	chlamydospores	.	.	\N	\N	\N	\N	\N	\N	ANALYTE
23	F	21	melibiose	ascospores	NO3	.	\N	\N	\N	\N	\N	\N	ANALYTE
22	F	20	trehalose	pigment	gelatin	.	\N	\N	\N	\N	\N	\N	ANALYTE
21	F	19	xylose	germ tubes	urea	probe (histo)	\N	\N	\N	\N	\N	\N	ANALYTE
20	F	18	inositol	urea	T4	probe (blasto)	\N	\N	\N	\N	\N	\N	ANALYTE
19	F	17	raffinose	OTHER TESTS	T3	probe (cocci)	\N	\N	\N	\N	\N	\N	ANALYTE
18	F	16	cellobiose	galactose	T2	PROBE TESTS	\N	\N	\N	\N	\N	\N	ANALYTE
17	F	15	galactose	trehalose	T1	.	\N	\N	\N	\N	\N	\N	ANALYTE
16	F	14	lactose	lactose	37 degrees	lysozyme	\N	\N	\N	\N	\N	\N	ANALYTE
15	F	13	sucrose	sucrose	RT incubation	xanthine	\N	\N	\N	\N	\N	\N	ANALYTE
14	F	12	maltose	maltose	sabs without CH	tyrosine	\N	\N	\N	\N	\N	\N	ANALYTE
13	F	11	dextrose	dextrose	sabs with CH	casein	\N	\N	\N	\N	\N	\N	ANALYTE
12	F	10	ASSIMILATIONS	FERMENTATIONS	FILAMENTOUS	ACTINOMYCETES	\N	\N	\N	\N	\N	\N	ANALYTE
62	US VDRL	1	QL	QN:2	4	8	16	32	64	128	256	Final	RESULT
93	US USR	15	Titer	.	.	.	.	.	.	.	\N	\N	QC
96	US FTA	10	\N	\N	\N	\N	TPPA - control	.	.	.	-	.	QC
95	US FTA	9	\N	\N	\N	\N	TPPA + control	.	.	.	+	.	QC
49	US USR	11	CONTROLS	SOURCE	LOT	EXPIRE DATE	RESULTS Qualitative Expect	RESULTS Qualitative  Actual	RESULTS Quantitative Expect	RESULTS Quantitative Actual	\N	\N	QC
48	US USR	10	Rotation of Slides	178-182	__________	rotations/min	\N	\N	\N	\N	\N	\N	QC
47	US USR	9	Temp of Lab	23-29	__________	degrees C	\N	\N	\N	\N	\N	\N	QC
46	US USR	6	Sterile DI H20	MDH	.	.	\N	\N	\N	\N	\N	\N	QC
45	US USR	8	USR working antigen	MDH	.	.	\N	\N	\N	\N	\N	\N	QC
44	US USR	5	Phosphate Buffer	MDH	.	.	\N	\N	\N	\N	\N	\N	QC
43	US USR	4	EDTA	MDH	.	.	\N	\N	\N	\N	\N	\N	QC
42	US USR	3	Choline Chloride	MDH	.	.	\N	\N	\N	\N	\N	\N	QC
41	US USR	2	VDRL Antigen Kit	Difco	.	.	\N	\N	\N	\N	\N	\N	QC
40	US USR	1	REAGENT	SOURCE	LOT	EXPIRE DATE	\N	\N	\N	\N	\N	\N	QC
52	US USR	14	NC	Difco	.	.	NR	.	.	.	\N	\N	QC
51	US USR	13	LPC	Difco	.	.	WR	.	.	.	\N	\N	QC
50	US USR	12	HPC	Difco	.	.	R	.	.	.	\N	\N	QC
55	HSV TYPING	3	Expiration Date:	________________	Negative Cells:	Lot _____________	\N	\N	\N	\N	\N	\N	QC
54	HSV TYPING	2	Lot:	________________	HSV2 Positive Cells:	Lot _____________	\N	\N	\N	\N	\N	\N	QC
53	HSV TYPING	1	HSV1 / HSV2 Typing Kit:	________________	HSV1 Positive Cells:	Lot _____________	\N	\N	\N	\N	\N	\N	QC
57	HSV TYPING	2	HSV-1 PC	.	.	.	.	.	.	.	\N	\N	RESULT
58	HSV TYPING	3	HSV-1 nc	.	.	.	.	.	.	.	\N	\N	RESULT
60	HSV TYPING	5	HSV-2 nc	.	.	.	.	.	.	.	\N	\N	RESULT
59	HSV TYPING	4	HSV-2 PC	.	.	.	.	.	.	.	\N	\N	RESULT
74	MICRO	6	Pigment	Mannitol	Casein	Gelatin	\N	\N	\N	\N	\N	\N	ANALYTE
73	MICRO	5	Hemolysis	Maltose	Trehalose	Litmus Milk	\N	\N	\N	\N	\N	\N	ANALYTE
72	MICRO	4	O2 Relation	Sucrose	Sorbose	Ornithine	\N	\N	\N	\N	\N	\N	ANALYTE
92	STREP	11	\N	\N	\N	\N	PFGE	\N	\N	\N	\N	\N	ANALYTE
35	US VDRL	8	Rotation of Slides	.	178 - 182	__________	rotation/min	\N	\N	\N	\N	\N	QC
34	US VDRL	7	Temp of Lab	.	23 - 29	__________	degrees C	\N	\N	\N	\N	\N	QC
36	US VDRL	9	CONTROLS	SOURCE	LOT	EXPIRE DATE	RESULT Qualitative Expect	RESULT Qualitative  Actual	RESULT Quantitative Expect	RESULT Quantitative Actual	\N	\N	QC
56	HSV TYPING	1	Specimen ID	Received Date	Source	Pass	HSV1	HSV2	Comments	Mailer	\N	\N	RESULT
27	VI	1	Comments	Results	Interpretation	\N	\N	\N	\N	\N	\N	\N	RESULT
32	US VDRL	5	VDRL working antigen	.	.	.	\N	\N	\N	\N	\N	\N	QC
31	US VDRL	4	10% Saline	.	.	.	\N	\N	\N	\N	\N	\N	QC
30	US VDRL	3	Kahn Saline 0.9%	.	.	.	\N	\N	\N	\N	\N	\N	QC
29	US VDRL	2	VDRL Antigen Kit	Difco	.	.	\N	\N	\N	\N	\N	\N	QC
28	US VDRL	1	REAGENT	SOURCE	LOT	EXPIRE DATE	\N	\N	\N	\N	\N	\N	QC
38	US VDRL	11	LPC	Difco	.	.	WR	.	.	.	\N	\N	QC
37	US VDRL	10	HPC	Difco	.	.	R	.	.	.	\N	\N	QC
39	US VDRL	12	NC	Difco	.	.	NR	.	.	.	\N	\N	QC
61	US USR	1	QL	QN: 2	4	8	16	32	64	128	256	Final	RESULT
68	STREP	6	Factors	PFGE	\N	Catalase	Lact	\N	\N	\N	\N	\N	ANALYTE
67	STREP	5	Group	Latex	Latex	Kilian	Suc	\N	\N	\N	\N	\N	ANALYTE
66	STREP	4	Typing pool	PYR	Hipp	Satellites	Malt	\N	\N	\N	\N	\N	ANALYTE
65	STREP	3	Bile sol	A disc	Camp	X+V	Dex	\N	\N	\N	\N	\N	ANALYTE
64	STREP	2	P disc	GmSt	GmSt	GmSt	GmSt	\N	\N	\N	\N	\N	ANALYTE
63	STREP	1	Strep pneumo	Group A Strep	Group B Strep	H Influenzae	N. meningitidis	\N	\N	\N	\N	\N	ANALYTE
70	MICRO	3	Spores	Lactose	Sorbitol	Arginine	\N	\N	\N	\N	\N	\N	ANALYTE
69	MICRO	2	42	Glucose	Salicin	Lysine	\N	\N	\N	\N	\N	\N	ANALYTE
71	MICRO	1	Colony morphology	.	Gram morphology	.	\N	\N	\N	\N	\N	\N	ANALYTE
79	MICRO	11	MacConkey	Fructose	Motility	Pyruvate	\N	\N	\N	\N	\N	\N	ANALYTE
78	MICRO	10	Serology	Inulin	.	6.5% salt	\N	\N	\N	\N	\N	\N	ANALYTE
77	MICRO	9	Satellites	Cellibiose	Alk Phos	Bile Esculin	\N	\N	\N	\N	\N	\N	ANALYTE
76	MICRO	8	Kilian test	Arabinose	PZA	Esculin	\N	\N	\N	\N	\N	\N	ANALYTE
75	MICRO	7	X+V Req	Xylose	Starch	Cetrimide	\N	\N	\N	\N	\N	\N	ANALYTE
87	MICRO	19	Lecthinase	Ribose	Phenylalanine	.	\N	\N	\N	\N	\N	\N	ANALYTE
86	MICRO	18	Lipase	Rhamnose	Acetate	FREEZE	\N	\N	\N	\N	\N	\N	ANALYTE
85	MICRO	17	.	Raffinose	Citrate	PFGE	\N	\N	\N	\N	\N	\N	ANALYTE
84	MICRO	16	Optochin	MMP	MR         VP	LAP         PYR	\N	\N	\N	\N	\N	\N	ANALYTE
83	MICRO	15	Camp	Melibiose	Indol	Erythromycin	\N	\N	\N	\N	\N	\N	ANALYTE
82	MICRO	14	Bacitracin	Mannose	Nitite	Vancomycin	\N	\N	\N	\N	\N	\N	ANALYTE
81	MICRO	13	Catalase	Glycerol	Nitrate	Coagulase	\N	\N	\N	\N	\N	\N	ANALYTE
80	MICRO	12	Oxidase	Galactose	Urease	MGP	\N	\N	\N	\N	\N	\N	ANALYTE
91	STREP	10	\N	\N	\N	\N	Serology	\N	\N	\N	\N	\N	ANALYTE
90	STREP	9	\N	\N	\N	\N	TM	\N	\N	\N	\N	\N	ANALYTE
89	STREP	8	\N	\N	\N	Serology	Oxidase	\N	\N	\N	\N	\N	ANALYTE
88	STREP	7	\N	\N	\N	Oxidase	Catalase	\N	\N	\N	\N	\N	ANALYTE
94	US USR	7	Kahn's solution	MDH	.	.	\N	\N	\N	\N	\N	\N	QC
1	TB	1	Micro Result	Culture Result	Report Date	\N	\N	\N	\N	\N	\N	\N	RESULT
2	GC	1	12 HOUR	24 HOUR	48 HOUR	\N	\N	\N	\N	\N	\N	\N	RESULT
9	US FTA	7	\N	\N	\N	\N	PBS	.	.	.	-	.	QC
10	US FTA	8	\N	\N	\N	\N	Sorbent	.	.	.	-	.	QC
8	US FTA	6	PBS	.	.	.	Nonspecific Control / Sorbent	.	.	.	-	.	QC
11	US FTA	1	    USR     Repeat Quant	   FTA      Current Run	    FTA     Previous Runs	   FTA         Final	  TPPA       Result	Comments	\N	\N	\N	\N	RESULT
26	US FTA	1	TEST	TESTing	\N	\N	\N	\N	\N	\N	\N	\N	ANALYTE
7	US FTA	5	.	.	.	.	Nonspecific Control/ PBS	.	.	.	>2+	.	QC
6	US FTA	4	FITCconjugate Working Dilution:	.	.	.	Minimally Reactive Control	.	.	.	1+	.	QC
5	US FTA	3	Sorbent	.	.	.	Reactive Control / Sorbent	.	.	.	3-4+	.	QC
4	US FTA	2	T Palladium antigen	.	.	.	Reactive Control/PBS	.	.	.	4+	.	QC
3	US FTA	1	Reagent	Source	Lot	Expire Date	Reagent	Source	Lot	Expires	Expect	Actual	QC
25	F	23	KNO3	RT incubation	.	.	\N	\N	\N	\N	\N	\N	ANALYTE
24	F	22	dulcitol	chlamydospores	.	.	\N	\N	\N	\N	\N	\N	ANALYTE
23	F	21	melibiose	ascospores	NO3	.	\N	\N	\N	\N	\N	\N	ANALYTE
22	F	20	trehalose	pigment	gelatin	.	\N	\N	\N	\N	\N	\N	ANALYTE
21	F	19	xylose	germ tubes	urea	probe (histo)	\N	\N	\N	\N	\N	\N	ANALYTE
20	F	18	inositol	urea	T4	probe (blasto)	\N	\N	\N	\N	\N	\N	ANALYTE
19	F	17	raffinose	OTHER TESTS	T3	probe (cocci)	\N	\N	\N	\N	\N	\N	ANALYTE
18	F	16	cellobiose	galactose	T2	PROBE TESTS	\N	\N	\N	\N	\N	\N	ANALYTE
17	F	15	galactose	trehalose	T1	.	\N	\N	\N	\N	\N	\N	ANALYTE
16	F	14	lactose	lactose	37 degrees	lysozyme	\N	\N	\N	\N	\N	\N	ANALYTE
15	F	13	sucrose	sucrose	RT incubation	xanthine	\N	\N	\N	\N	\N	\N	ANALYTE
14	F	12	maltose	maltose	sabs without CH	tyrosine	\N	\N	\N	\N	\N	\N	ANALYTE
13	F	11	dextrose	dextrose	sabs with CH	casein	\N	\N	\N	\N	\N	\N	ANALYTE
12	F	10	ASSIMILATIONS	FERMENTATIONS	FILAMENTOUS	ACTINOMYCETES	\N	\N	\N	\N	\N	\N	ANALYTE
62	US VDRL	1	QL	QN:2	4	8	16	32	64	128	256	Final	RESULT
93	US USR	15	Titer	.	.	.	.	.	.	.	\N	\N	QC
96	US FTA	10	\N	\N	\N	\N	TPPA - control	.	.	.	-	.	QC
95	US FTA	9	\N	\N	\N	\N	TPPA + control	.	.	.	+	.	QC
49	US USR	11	CONTROLS	SOURCE	LOT	EXPIRE DATE	RESULTS Qualitative Expect	RESULTS Qualitative  Actual	RESULTS Quantitative Expect	RESULTS Quantitative Actual	\N	\N	QC
48	US USR	10	Rotation of Slides	178-182	__________	rotations/min	\N	\N	\N	\N	\N	\N	QC
47	US USR	9	Temp of Lab	23-29	__________	degrees C	\N	\N	\N	\N	\N	\N	QC
46	US USR	6	Sterile DI H20	MDH	.	.	\N	\N	\N	\N	\N	\N	QC
45	US USR	8	USR working antigen	MDH	.	.	\N	\N	\N	\N	\N	\N	QC
44	US USR	5	Phosphate Buffer	MDH	.	.	\N	\N	\N	\N	\N	\N	QC
43	US USR	4	EDTA	MDH	.	.	\N	\N	\N	\N	\N	\N	QC
42	US USR	3	Choline Chloride	MDH	.	.	\N	\N	\N	\N	\N	\N	QC
41	US USR	2	VDRL Antigen Kit	Difco	.	.	\N	\N	\N	\N	\N	\N	QC
40	US USR	1	REAGENT	SOURCE	LOT	EXPIRE DATE	\N	\N	\N	\N	\N	\N	QC
52	US USR	14	NC	Difco	.	.	NR	.	.	.	\N	\N	QC
51	US USR	13	LPC	Difco	.	.	WR	.	.	.	\N	\N	QC
50	US USR	12	HPC	Difco	.	.	R	.	.	.	\N	\N	QC
55	HSV TYPING	3	Expiration Date:	________________	Negative Cells:	Lot _____________	\N	\N	\N	\N	\N	\N	QC
54	HSV TYPING	2	Lot:	________________	HSV2 Positive Cells:	Lot _____________	\N	\N	\N	\N	\N	\N	QC
53	HSV TYPING	1	HSV1 / HSV2 Typing Kit:	________________	HSV1 Positive Cells:	Lot _____________	\N	\N	\N	\N	\N	\N	QC
57	HSV TYPING	2	HSV-1 PC	.	.	.	.	.	.	.	\N	\N	RESULT
58	HSV TYPING	3	HSV-1 nc	.	.	.	.	.	.	.	\N	\N	RESULT
60	HSV TYPING	5	HSV-2 nc	.	.	.	.	.	.	.	\N	\N	RESULT
59	HSV TYPING	4	HSV-2 PC	.	.	.	.	.	.	.	\N	\N	RESULT
74	MICRO	6	Pigment	Mannitol	Casein	Gelatin	\N	\N	\N	\N	\N	\N	ANALYTE
73	MICRO	5	Hemolysis	Maltose	Trehalose	Litmus Milk	\N	\N	\N	\N	\N	\N	ANALYTE
72	MICRO	4	O2 Relation	Sucrose	Sorbose	Ornithine	\N	\N	\N	\N	\N	\N	ANALYTE
92	STREP	11	\N	\N	\N	\N	PFGE	\N	\N	\N	\N	\N	ANALYTE
35	US VDRL	8	Rotation of Slides	.	178 - 182	__________	rotation/min	\N	\N	\N	\N	\N	QC
34	US VDRL	7	Temp of Lab	.	23 - 29	__________	degrees C	\N	\N	\N	\N	\N	QC
36	US VDRL	9	CONTROLS	SOURCE	LOT	EXPIRE DATE	RESULT Qualitative Expect	RESULT Qualitative  Actual	RESULT Quantitative Expect	RESULT Quantitative Actual	\N	\N	QC
56	HSV TYPING	1	Specimen ID	Received Date	Source	Pass	HSV1	HSV2	Comments	Mailer	\N	\N	RESULT
27	VI	1	Comments	Results	Interpretation	\N	\N	\N	\N	\N	\N	\N	RESULT
32	US VDRL	5	VDRL working antigen	.	.	.	\N	\N	\N	\N	\N	\N	QC
31	US VDRL	4	10% Saline	.	.	.	\N	\N	\N	\N	\N	\N	QC
30	US VDRL	3	Kahn Saline 0.9%	.	.	.	\N	\N	\N	\N	\N	\N	QC
29	US VDRL	2	VDRL Antigen Kit	Difco	.	.	\N	\N	\N	\N	\N	\N	QC
28	US VDRL	1	REAGENT	SOURCE	LOT	EXPIRE DATE	\N	\N	\N	\N	\N	\N	QC
38	US VDRL	11	LPC	Difco	.	.	WR	.	.	.	\N	\N	QC
37	US VDRL	10	HPC	Difco	.	.	R	.	.	.	\N	\N	QC
39	US VDRL	12	NC	Difco	.	.	NR	.	.	.	\N	\N	QC
61	US USR	1	QL	QN: 2	4	8	16	32	64	128	256	Final	RESULT
68	STREP	6	Factors	PFGE	\N	Catalase	Lact	\N	\N	\N	\N	\N	ANALYTE
67	STREP	5	Group	Latex	Latex	Kilian	Suc	\N	\N	\N	\N	\N	ANALYTE
66	STREP	4	Typing pool	PYR	Hipp	Satellites	Malt	\N	\N	\N	\N	\N	ANALYTE
65	STREP	3	Bile sol	A disc	Camp	X+V	Dex	\N	\N	\N	\N	\N	ANALYTE
64	STREP	2	P disc	GmSt	GmSt	GmSt	GmSt	\N	\N	\N	\N	\N	ANALYTE
63	STREP	1	Strep pneumo	Group A Strep	Group B Strep	H Influenzae	N. meningitidis	\N	\N	\N	\N	\N	ANALYTE
70	MICRO	3	Spores	Lactose	Sorbitol	Arginine	\N	\N	\N	\N	\N	\N	ANALYTE
69	MICRO	2	42	Glucose	Salicin	Lysine	\N	\N	\N	\N	\N	\N	ANALYTE
71	MICRO	1	Colony morphology	.	Gram morphology	.	\N	\N	\N	\N	\N	\N	ANALYTE
79	MICRO	11	MacConkey	Fructose	Motility	Pyruvate	\N	\N	\N	\N	\N	\N	ANALYTE
78	MICRO	10	Serology	Inulin	.	6.5% salt	\N	\N	\N	\N	\N	\N	ANALYTE
77	MICRO	9	Satellites	Cellibiose	Alk Phos	Bile Esculin	\N	\N	\N	\N	\N	\N	ANALYTE
76	MICRO	8	Kilian test	Arabinose	PZA	Esculin	\N	\N	\N	\N	\N	\N	ANALYTE
75	MICRO	7	X+V Req	Xylose	Starch	Cetrimide	\N	\N	\N	\N	\N	\N	ANALYTE
87	MICRO	19	Lecthinase	Ribose	Phenylalanine	.	\N	\N	\N	\N	\N	\N	ANALYTE
86	MICRO	18	Lipase	Rhamnose	Acetate	FREEZE	\N	\N	\N	\N	\N	\N	ANALYTE
85	MICRO	17	.	Raffinose	Citrate	PFGE	\N	\N	\N	\N	\N	\N	ANALYTE
84	MICRO	16	Optochin	MMP	MR         VP	LAP         PYR	\N	\N	\N	\N	\N	\N	ANALYTE
83	MICRO	15	Camp	Melibiose	Indol	Erythromycin	\N	\N	\N	\N	\N	\N	ANALYTE
82	MICRO	14	Bacitracin	Mannose	Nitite	Vancomycin	\N	\N	\N	\N	\N	\N	ANALYTE
81	MICRO	13	Catalase	Glycerol	Nitrate	Coagulase	\N	\N	\N	\N	\N	\N	ANALYTE
80	MICRO	12	Oxidase	Galactose	Urease	MGP	\N	\N	\N	\N	\N	\N	ANALYTE
91	STREP	10	\N	\N	\N	\N	Serology	\N	\N	\N	\N	\N	ANALYTE
90	STREP	9	\N	\N	\N	\N	TM	\N	\N	\N	\N	\N	ANALYTE
89	STREP	8	\N	\N	\N	Serology	Oxidase	\N	\N	\N	\N	\N	ANALYTE
88	STREP	7	\N	\N	\N	Oxidase	Catalase	\N	\N	\N	\N	\N	ANALYTE
94	US USR	7	Kahn's solution	MDH	.	.	\N	\N	\N	\N	\N	\N	QC
1	TB	1	Micro Result	Culture Result	Report Date	\N	\N	\N	\N	\N	\N	\N	RESULT
2	GC	1	12 HOUR	24 HOUR	48 HOUR	\N	\N	\N	\N	\N	\N	\N	RESULT
9	US FTA	7	\N	\N	\N	\N	PBS	.	.	.	-	.	QC
10	US FTA	8	\N	\N	\N	\N	Sorbent	.	.	.	-	.	QC
8	US FTA	6	PBS	.	.	.	Nonspecific Control / Sorbent	.	.	.	-	.	QC
11	US FTA	1	    USR     Repeat Quant	   FTA      Current Run	    FTA     Previous Runs	   FTA         Final	  TPPA       Result	Comments	\N	\N	\N	\N	RESULT
26	US FTA	1	TEST	TESTing	\N	\N	\N	\N	\N	\N	\N	\N	ANALYTE
7	US FTA	5	.	.	.	.	Nonspecific Control/ PBS	.	.	.	>2+	.	QC
6	US FTA	4	FITCconjugate Working Dilution:	.	.	.	Minimally Reactive Control	.	.	.	1+	.	QC
5	US FTA	3	Sorbent	.	.	.	Reactive Control / Sorbent	.	.	.	3-4+	.	QC
4	US FTA	2	T Palladium antigen	.	.	.	Reactive Control/PBS	.	.	.	4+	.	QC
3	US FTA	1	Reagent	Source	Lot	Expire Date	Reagent	Source	Lot	Expires	Expect	Actual	QC
25	F	23	KNO3	RT incubation	.	.	\N	\N	\N	\N	\N	\N	ANALYTE
24	F	22	dulcitol	chlamydospores	.	.	\N	\N	\N	\N	\N	\N	ANALYTE
23	F	21	melibiose	ascospores	NO3	.	\N	\N	\N	\N	\N	\N	ANALYTE
22	F	20	trehalose	pigment	gelatin	.	\N	\N	\N	\N	\N	\N	ANALYTE
21	F	19	xylose	germ tubes	urea	probe (histo)	\N	\N	\N	\N	\N	\N	ANALYTE
20	F	18	inositol	urea	T4	probe (blasto)	\N	\N	\N	\N	\N	\N	ANALYTE
19	F	17	raffinose	OTHER TESTS	T3	probe (cocci)	\N	\N	\N	\N	\N	\N	ANALYTE
18	F	16	cellobiose	galactose	T2	PROBE TESTS	\N	\N	\N	\N	\N	\N	ANALYTE
17	F	15	galactose	trehalose	T1	.	\N	\N	\N	\N	\N	\N	ANALYTE
16	F	14	lactose	lactose	37 degrees	lysozyme	\N	\N	\N	\N	\N	\N	ANALYTE
15	F	13	sucrose	sucrose	RT incubation	xanthine	\N	\N	\N	\N	\N	\N	ANALYTE
14	F	12	maltose	maltose	sabs without CH	tyrosine	\N	\N	\N	\N	\N	\N	ANALYTE
13	F	11	dextrose	dextrose	sabs with CH	casein	\N	\N	\N	\N	\N	\N	ANALYTE
12	F	10	ASSIMILATIONS	FERMENTATIONS	FILAMENTOUS	ACTINOMYCETES	\N	\N	\N	\N	\N	\N	ANALYTE
62	US VDRL	1	QL	QN:2	4	8	16	32	64	128	256	Final	RESULT
93	US USR	15	Titer	.	.	.	.	.	.	.	\N	\N	QC
96	US FTA	10	\N	\N	\N	\N	TPPA - control	.	.	.	-	.	QC
95	US FTA	9	\N	\N	\N	\N	TPPA + control	.	.	.	+	.	QC
49	US USR	11	CONTROLS	SOURCE	LOT	EXPIRE DATE	RESULTS Qualitative Expect	RESULTS Qualitative  Actual	RESULTS Quantitative Expect	RESULTS Quantitative Actual	\N	\N	QC
48	US USR	10	Rotation of Slides	178-182	__________	rotations/min	\N	\N	\N	\N	\N	\N	QC
47	US USR	9	Temp of Lab	23-29	__________	degrees C	\N	\N	\N	\N	\N	\N	QC
46	US USR	6	Sterile DI H20	MDH	.	.	\N	\N	\N	\N	\N	\N	QC
45	US USR	8	USR working antigen	MDH	.	.	\N	\N	\N	\N	\N	\N	QC
44	US USR	5	Phosphate Buffer	MDH	.	.	\N	\N	\N	\N	\N	\N	QC
43	US USR	4	EDTA	MDH	.	.	\N	\N	\N	\N	\N	\N	QC
42	US USR	3	Choline Chloride	MDH	.	.	\N	\N	\N	\N	\N	\N	QC
41	US USR	2	VDRL Antigen Kit	Difco	.	.	\N	\N	\N	\N	\N	\N	QC
40	US USR	1	REAGENT	SOURCE	LOT	EXPIRE DATE	\N	\N	\N	\N	\N	\N	QC
52	US USR	14	NC	Difco	.	.	NR	.	.	.	\N	\N	QC
51	US USR	13	LPC	Difco	.	.	WR	.	.	.	\N	\N	QC
50	US USR	12	HPC	Difco	.	.	R	.	.	.	\N	\N	QC
55	HSV TYPING	3	Expiration Date:	________________	Negative Cells:	Lot _____________	\N	\N	\N	\N	\N	\N	QC
54	HSV TYPING	2	Lot:	________________	HSV2 Positive Cells:	Lot _____________	\N	\N	\N	\N	\N	\N	QC
53	HSV TYPING	1	HSV1 / HSV2 Typing Kit:	________________	HSV1 Positive Cells:	Lot _____________	\N	\N	\N	\N	\N	\N	QC
57	HSV TYPING	2	HSV-1 PC	.	.	.	.	.	.	.	\N	\N	RESULT
58	HSV TYPING	3	HSV-1 nc	.	.	.	.	.	.	.	\N	\N	RESULT
60	HSV TYPING	5	HSV-2 nc	.	.	.	.	.	.	.	\N	\N	RESULT
59	HSV TYPING	4	HSV-2 PC	.	.	.	.	.	.	.	\N	\N	RESULT
74	MICRO	6	Pigment	Mannitol	Casein	Gelatin	\N	\N	\N	\N	\N	\N	ANALYTE
73	MICRO	5	Hemolysis	Maltose	Trehalose	Litmus Milk	\N	\N	\N	\N	\N	\N	ANALYTE
72	MICRO	4	O2 Relation	Sucrose	Sorbose	Ornithine	\N	\N	\N	\N	\N	\N	ANALYTE
92	STREP	11	\N	\N	\N	\N	PFGE	\N	\N	\N	\N	\N	ANALYTE
35	US VDRL	8	Rotation of Slides	.	178 - 182	__________	rotation/min	\N	\N	\N	\N	\N	QC
34	US VDRL	7	Temp of Lab	.	23 - 29	__________	degrees C	\N	\N	\N	\N	\N	QC
36	US VDRL	9	CONTROLS	SOURCE	LOT	EXPIRE DATE	RESULT Qualitative Expect	RESULT Qualitative  Actual	RESULT Quantitative Expect	RESULT Quantitative Actual	\N	\N	QC
56	HSV TYPING	1	Specimen ID	Received Date	Source	Pass	HSV1	HSV2	Comments	Mailer	\N	\N	RESULT
27	VI	1	Comments	Results	Interpretation	\N	\N	\N	\N	\N	\N	\N	RESULT
32	US VDRL	5	VDRL working antigen	.	.	.	\N	\N	\N	\N	\N	\N	QC
31	US VDRL	4	10% Saline	.	.	.	\N	\N	\N	\N	\N	\N	QC
30	US VDRL	3	Kahn Saline 0.9%	.	.	.	\N	\N	\N	\N	\N	\N	QC
29	US VDRL	2	VDRL Antigen Kit	Difco	.	.	\N	\N	\N	\N	\N	\N	QC
28	US VDRL	1	REAGENT	SOURCE	LOT	EXPIRE DATE	\N	\N	\N	\N	\N	\N	QC
38	US VDRL	11	LPC	Difco	.	.	WR	.	.	.	\N	\N	QC
37	US VDRL	10	HPC	Difco	.	.	R	.	.	.	\N	\N	QC
39	US VDRL	12	NC	Difco	.	.	NR	.	.	.	\N	\N	QC
61	US USR	1	QL	QN: 2	4	8	16	32	64	128	256	Final	RESULT
68	STREP	6	Factors	PFGE	\N	Catalase	Lact	\N	\N	\N	\N	\N	ANALYTE
67	STREP	5	Group	Latex	Latex	Kilian	Suc	\N	\N	\N	\N	\N	ANALYTE
66	STREP	4	Typing pool	PYR	Hipp	Satellites	Malt	\N	\N	\N	\N	\N	ANALYTE
65	STREP	3	Bile sol	A disc	Camp	X+V	Dex	\N	\N	\N	\N	\N	ANALYTE
64	STREP	2	P disc	GmSt	GmSt	GmSt	GmSt	\N	\N	\N	\N	\N	ANALYTE
63	STREP	1	Strep pneumo	Group A Strep	Group B Strep	H Influenzae	N. meningitidis	\N	\N	\N	\N	\N	ANALYTE
70	MICRO	3	Spores	Lactose	Sorbitol	Arginine	\N	\N	\N	\N	\N	\N	ANALYTE
69	MICRO	2	42	Glucose	Salicin	Lysine	\N	\N	\N	\N	\N	\N	ANALYTE
71	MICRO	1	Colony morphology	.	Gram morphology	.	\N	\N	\N	\N	\N	\N	ANALYTE
79	MICRO	11	MacConkey	Fructose	Motility	Pyruvate	\N	\N	\N	\N	\N	\N	ANALYTE
78	MICRO	10	Serology	Inulin	.	6.5% salt	\N	\N	\N	\N	\N	\N	ANALYTE
77	MICRO	9	Satellites	Cellibiose	Alk Phos	Bile Esculin	\N	\N	\N	\N	\N	\N	ANALYTE
76	MICRO	8	Kilian test	Arabinose	PZA	Esculin	\N	\N	\N	\N	\N	\N	ANALYTE
75	MICRO	7	X+V Req	Xylose	Starch	Cetrimide	\N	\N	\N	\N	\N	\N	ANALYTE
87	MICRO	19	Lecthinase	Ribose	Phenylalanine	.	\N	\N	\N	\N	\N	\N	ANALYTE
86	MICRO	18	Lipase	Rhamnose	Acetate	FREEZE	\N	\N	\N	\N	\N	\N	ANALYTE
85	MICRO	17	.	Raffinose	Citrate	PFGE	\N	\N	\N	\N	\N	\N	ANALYTE
84	MICRO	16	Optochin	MMP	MR         VP	LAP         PYR	\N	\N	\N	\N	\N	\N	ANALYTE
83	MICRO	15	Camp	Melibiose	Indol	Erythromycin	\N	\N	\N	\N	\N	\N	ANALYTE
82	MICRO	14	Bacitracin	Mannose	Nitite	Vancomycin	\N	\N	\N	\N	\N	\N	ANALYTE
81	MICRO	13	Catalase	Glycerol	Nitrate	Coagulase	\N	\N	\N	\N	\N	\N	ANALYTE
80	MICRO	12	Oxidase	Galactose	Urease	MGP	\N	\N	\N	\N	\N	\N	ANALYTE
91	STREP	10	\N	\N	\N	\N	Serology	\N	\N	\N	\N	\N	ANALYTE
90	STREP	9	\N	\N	\N	\N	TM	\N	\N	\N	\N	\N	ANALYTE
89	STREP	8	\N	\N	\N	Serology	Oxidase	\N	\N	\N	\N	\N	ANALYTE
88	STREP	7	\N	\N	\N	Oxidase	Catalase	\N	\N	\N	\N	\N	ANALYTE
94	US USR	7	Kahn's solution	MDH	.	.	\N	\N	\N	\N	\N	\N	QC
\.


--
-- Data for Name: worksheet_item; Type: TABLE DATA; Schema: clinlims; Owner: clinlims
--

COPY worksheet_item (id, "position", worksheet_id) FROM stdin;
\.


--
-- Data for Name: worksheet_qc; Type: TABLE DATA; Schema: clinlims; Owner: clinlims
--

COPY worksheet_qc (id, sort_order, wq_type, value, worksheet_analysis_id, qc_analyte_id) FROM stdin;
\.


--
-- Data for Name: worksheets; Type: TABLE DATA; Schema: clinlims; Owner: clinlims
--

COPY worksheets (id, sys_user_id, test_id, created, status, number_format) FROM stdin;
\.


--
-- Name: zip_code_seq; Type: SEQUENCE SET; Schema: clinlims; Owner: clinlims
--

SELECT pg_catalog.setval('zip_code_seq', 1, false);


--
-- Name: address_part_part_name_key; Type: CONSTRAINT; Schema: clinlims; Owner: clinlims; Tablespace: 
--

ALTER TABLE ONLY address_part
    ADD CONSTRAINT address_part_part_name_key UNIQUE (part_name);


--
-- Name: address_part_pk; Type: CONSTRAINT; Schema: clinlims; Owner: clinlims; Tablespace: 
--

ALTER TABLE ONLY address_part
    ADD CONSTRAINT address_part_pk PRIMARY KEY (id);


--
-- Name: analysis_pk; Type: CONSTRAINT; Schema: clinlims; Owner: clinlims; Tablespace: 
--

ALTER TABLE ONLY analysis
    ADD CONSTRAINT analysis_pk PRIMARY KEY (id);


--
-- Name: analyte_pk; Type: CONSTRAINT; Schema: clinlims; Owner: clinlims; Tablespace: 
--

ALTER TABLE ONLY analyte
    ADD CONSTRAINT analyte_pk PRIMARY KEY (id);


--
-- Name: analyzer_pk; Type: CONSTRAINT; Schema: clinlims; Owner: clinlims; Tablespace: 
--

ALTER TABLE ONLY analyzer
    ADD CONSTRAINT analyzer_pk PRIMARY KEY (id);


--
-- Name: analyzer_result_status_pk; Type: CONSTRAINT; Schema: clinlims; Owner: clinlims; Tablespace: 
--

ALTER TABLE ONLY analyzer_result_status
    ADD CONSTRAINT analyzer_result_status_pk PRIMARY KEY (id);


--
-- Name: analyzer_test_map_pk; Type: CONSTRAINT; Schema: clinlims; Owner: clinlims; Tablespace: 
--

ALTER TABLE ONLY analyzer_test_map
    ADD CONSTRAINT analyzer_test_map_pk PRIMARY KEY (analyzer_id, analyzer_test_name);


--
-- Name: anauser_pk; Type: CONSTRAINT; Schema: clinlims; Owner: clinlims; Tablespace: 
--

ALTER TABLE ONLY analysis_users
    ADD CONSTRAINT anauser_pk PRIMARY KEY (id);


--
-- Name: ani_samp_pk; Type: CONSTRAINT; Schema: clinlims; Owner: clinlims; Tablespace: 
--

ALTER TABLE ONLY sample_animal
    ADD CONSTRAINT ani_samp_pk PRIMARY KEY (id);


--
-- Name: anqaev_pk; Type: CONSTRAINT; Schema: clinlims; Owner: clinlims; Tablespace: 
--

ALTER TABLE ONLY analysis_qaevent
    ADD CONSTRAINT anqaev_pk PRIMARY KEY (id);


--
-- Name: anstore_pk; Type: CONSTRAINT; Schema: clinlims; Owner: clinlims; Tablespace: 
--

ALTER TABLE ONLY analysis_storages
    ADD CONSTRAINT anstore_pk PRIMARY KEY (id);


--
-- Name: attachment_item_pk; Type: CONSTRAINT; Schema: clinlims; Owner: clinlims; Tablespace: 
--

ALTER TABLE ONLY attachment_item
    ADD CONSTRAINT attachment_item_pk PRIMARY KEY (id);


--
-- Name: attachment_pk; Type: CONSTRAINT; Schema: clinlims; Owner: clinlims; Tablespace: 
--

ALTER TABLE ONLY attachment
    ADD CONSTRAINT attachment_pk PRIMARY KEY (id);


--
-- Name: auxdata_pk; Type: CONSTRAINT; Schema: clinlims; Owner: clinlims; Tablespace: 
--

ALTER TABLE ONLY aux_data
    ADD CONSTRAINT auxdata_pk PRIMARY KEY (id);


--
-- Name: auxfld_pk; Type: CONSTRAINT; Schema: clinlims; Owner: clinlims; Tablespace: 
--

ALTER TABLE ONLY aux_field
    ADD CONSTRAINT auxfld_pk PRIMARY KEY (id);


--
-- Name: auxfldval_pk; Type: CONSTRAINT; Schema: clinlims; Owner: clinlims; Tablespace: 
--

ALTER TABLE ONLY aux_field_values
    ADD CONSTRAINT auxfldval_pk PRIMARY KEY (id);


--
-- Name: code_element_type_pk; Type: CONSTRAINT; Schema: clinlims; Owner: clinlims; Tablespace: 
--

ALTER TABLE ONLY code_element_type
    ADD CONSTRAINT code_element_type_pk PRIMARY KEY (id);


--
-- Name: code_element_xref_pk; Type: CONSTRAINT; Schema: clinlims; Owner: clinlims; Tablespace: 
--

ALTER TABLE ONLY code_element_xref
    ADD CONSTRAINT code_element_xref_pk PRIMARY KEY (id);


--
-- Name: comm_anim_pk; Type: CONSTRAINT; Schema: clinlims; Owner: clinlims; Tablespace: 
--

ALTER TABLE ONLY animal_common_name
    ADD CONSTRAINT comm_anim_pk PRIMARY KEY (id);


--
-- Name: cron_scheduler_pk; Type: CONSTRAINT; Schema: clinlims; Owner: clinlims; Tablespace: 
--

ALTER TABLE ONLY quartz_cron_scheduler
    ADD CONSTRAINT cron_scheduler_pk PRIMARY KEY (id);


--
-- Name: ct_pk; Type: CONSTRAINT; Schema: clinlims; Owner: clinlims; Tablespace: 
--

ALTER TABLE ONLY contact_type
    ADD CONSTRAINT ct_pk PRIMARY KEY (id);


--
-- Name: demog_hist_type_type_name_u; Type: CONSTRAINT; Schema: clinlims; Owner: clinlims; Tablespace: 
--

ALTER TABLE ONLY observation_history_type
    ADD CONSTRAINT demog_hist_type_type_name_u UNIQUE (type_name);


--
-- Name: demographic_history_type_pk; Type: CONSTRAINT; Schema: clinlims; Owner: clinlims; Tablespace: 
--

ALTER TABLE ONLY observation_history_type
    ADD CONSTRAINT demographic_history_type_pk PRIMARY KEY (id);


--
-- Name: demographics_history_pk; Type: CONSTRAINT; Schema: clinlims; Owner: clinlims; Tablespace: 
--

ALTER TABLE ONLY observation_history
    ADD CONSTRAINT demographics_history_pk PRIMARY KEY (id);


--
-- Name: dict_cat_desc_u; Type: CONSTRAINT; Schema: clinlims; Owner: clinlims; Tablespace: 
--

ALTER TABLE ONLY dictionary_category
    ADD CONSTRAINT dict_cat_desc_u UNIQUE (description);


--
-- Name: dict_cat_local_abbrev_u; Type: CONSTRAINT; Schema: clinlims; Owner: clinlims; Tablespace: 
--

ALTER TABLE ONLY dictionary_category
    ADD CONSTRAINT dict_cat_local_abbrev_u UNIQUE (local_abbrev);


--
-- Name: dict_dict_cat_id_dict_entry_u; Type: CONSTRAINT; Schema: clinlims; Owner: clinlims; Tablespace: 
--

ALTER TABLE ONLY dictionary
    ADD CONSTRAINT dict_dict_cat_id_dict_entry_u UNIQUE (dictionary_category_id, dict_entry);


--
-- Name: dict_pk; Type: CONSTRAINT; Schema: clinlims; Owner: clinlims; Tablespace: 
--

ALTER TABLE ONLY dictionary
    ADD CONSTRAINT dict_pk PRIMARY KEY (id);


--
-- Name: dictionary_category_pk; Type: CONSTRAINT; Schema: clinlims; Owner: clinlims; Tablespace: 
--

ALTER TABLE ONLY dictionary_category
    ADD CONSTRAINT dictionary_category_pk PRIMARY KEY (id);


--
-- Name: dist_pk; Type: CONSTRAINT; Schema: clinlims; Owner: clinlims; Tablespace: 
--

ALTER TABLE ONLY district
    ADD CONSTRAINT dist_pk PRIMARY KEY (id);


--
-- Name: electronic_order_pk; Type: CONSTRAINT; Schema: clinlims; Owner: clinlims; Tablespace: 
--

ALTER TABLE ONLY electronic_order
    ADD CONSTRAINT electronic_order_pk PRIMARY KEY (id);


--
-- Name: env_samp_pk; Type: CONSTRAINT; Schema: clinlims; Owner: clinlims; Tablespace: 
--

ALTER TABLE ONLY sample_environmental
    ADD CONSTRAINT env_samp_pk PRIMARY KEY (id);


--
-- Name: ethnic_pk; Type: CONSTRAINT; Schema: clinlims; Owner: clinlims; Tablespace: 
--

ALTER TABLE ONLY ethnicity
    ADD CONSTRAINT ethnic_pk PRIMARY KEY (id);


--
-- Name: gender_pk; Type: CONSTRAINT; Schema: clinlims; Owner: clinlims; Tablespace: 
--

ALTER TABLE ONLY gender
    ADD CONSTRAINT gender_pk PRIMARY KEY (id);


--
-- Name: hist_pk; Type: CONSTRAINT; Schema: clinlims; Owner: clinlims; Tablespace: 
--

ALTER TABLE ONLY history
    ADD CONSTRAINT hist_pk PRIMARY KEY (id);


--
-- Name: hl7_encoding_type_pk; Type: CONSTRAINT; Schema: clinlims; Owner: clinlims; Tablespace: 
--

ALTER TABLE ONLY test_code_type
    ADD CONSTRAINT hl7_encoding_type_pk PRIMARY KEY (id);


--
-- Name: hum_pk; Type: CONSTRAINT; Schema: clinlims; Owner: clinlims; Tablespace: 
--

ALTER TABLE ONLY sample_human
    ADD CONSTRAINT hum_pk PRIMARY KEY (id);


--
-- Name: ia_pk; Type: CONSTRAINT; Schema: clinlims; Owner: clinlims; Tablespace: 
--

ALTER TABLE ONLY instrument_analyte
    ADD CONSTRAINT ia_pk PRIMARY KEY (id);


--
-- Name: id; Type: CONSTRAINT; Schema: clinlims; Owner: clinlims; Tablespace: 
--

ALTER TABLE ONLY analyzer_results
    ADD CONSTRAINT id PRIMARY KEY (id);


--
-- Name: identity_type_uk; Type: CONSTRAINT; Schema: clinlims; Owner: clinlims; Tablespace: 
--

ALTER TABLE ONLY patient_identity_type
    ADD CONSTRAINT identity_type_uk UNIQUE (identity_type);


--
-- Name: il_pk; Type: CONSTRAINT; Schema: clinlims; Owner: clinlims; Tablespace: 
--

ALTER TABLE ONLY instrument_log
    ADD CONSTRAINT il_pk PRIMARY KEY (id);


--
-- Name: instru_pk; Type: CONSTRAINT; Schema: clinlims; Owner: clinlims; Tablespace: 
--

ALTER TABLE ONLY instrument
    ADD CONSTRAINT instru_pk PRIMARY KEY (id);


--
-- Name: inv_recpt_pk; Type: CONSTRAINT; Schema: clinlims; Owner: clinlims; Tablespace: 
--

ALTER TABLE ONLY inventory_receipt
    ADD CONSTRAINT inv_recpt_pk PRIMARY KEY (id);


--
-- Name: invcomp_pk; Type: CONSTRAINT; Schema: clinlims; Owner: clinlims; Tablespace: 
--

ALTER TABLE ONLY inventory_component
    ADD CONSTRAINT invcomp_pk PRIMARY KEY (id);


--
-- Name: invitem_pk; Type: CONSTRAINT; Schema: clinlims; Owner: clinlims; Tablespace: 
--

ALTER TABLE ONLY inventory_item
    ADD CONSTRAINT invitem_pk PRIMARY KEY (id);


--
-- Name: invloc_pk; Type: CONSTRAINT; Schema: clinlims; Owner: clinlims; Tablespace: 
--

ALTER TABLE ONLY inventory_location
    ADD CONSTRAINT invloc_pk PRIMARY KEY (id);


--
-- Name: lab_order_item_pk; Type: CONSTRAINT; Schema: clinlims; Owner: clinlims; Tablespace: 
--

ALTER TABLE ONLY lab_order_item
    ADD CONSTRAINT lab_order_item_pk PRIMARY KEY (id);


--
-- Name: lab_order_type_pk; Type: CONSTRAINT; Schema: clinlims; Owner: clinlims; Tablespace: 
--

ALTER TABLE ONLY lab_order_type
    ADD CONSTRAINT lab_order_type_pk PRIMARY KEY (id);


--
-- Name: label_pk; Type: CONSTRAINT; Schema: clinlims; Owner: clinlims; Tablespace: 
--

ALTER TABLE ONLY label
    ADD CONSTRAINT label_pk PRIMARY KEY (id);


--
-- Name: login_user_pk; Type: CONSTRAINT; Schema: clinlims; Owner: clinlims; Tablespace: 
--

ALTER TABLE ONLY login_user
    ADD CONSTRAINT login_user_pk PRIMARY KEY (login_name);


--
-- Name: ma_pk; Type: CONSTRAINT; Schema: clinlims; Owner: clinlims; Tablespace: 
--

ALTER TABLE ONLY method_analyte
    ADD CONSTRAINT ma_pk PRIMARY KEY (id);


--
-- Name: menu_element_id_key; Type: CONSTRAINT; Schema: clinlims; Owner: clinlims; Tablespace: 
--

ALTER TABLE ONLY menu
    ADD CONSTRAINT menu_element_id_key UNIQUE (element_id);


--
-- Name: message_org_pk; Type: CONSTRAINT; Schema: clinlims; Owner: clinlims; Tablespace: 
--

ALTER TABLE ONLY message_org
    ADD CONSTRAINT message_org_pk PRIMARY KEY (id);


--
-- Name: method_pk; Type: CONSTRAINT; Schema: clinlims; Owner: clinlims; Tablespace: 
--

ALTER TABLE ONLY method
    ADD CONSTRAINT method_pk PRIMARY KEY (id);


--
-- Name: methres_pk; Type: CONSTRAINT; Schema: clinlims; Owner: clinlims; Tablespace: 
--

ALTER TABLE ONLY method_result
    ADD CONSTRAINT methres_pk PRIMARY KEY (id);


--
-- Name: mls_lab_tp_pk; Type: CONSTRAINT; Schema: clinlims; Owner: clinlims; Tablespace: 
--

ALTER TABLE ONLY mls_lab_type
    ADD CONSTRAINT mls_lab_tp_pk PRIMARY KEY (id);


--
-- Name: newborn_pk; Type: CONSTRAINT; Schema: clinlims; Owner: clinlims; Tablespace: 
--

ALTER TABLE ONLY sample_newborn
    ADD CONSTRAINT newborn_pk PRIMARY KEY (id);


--
-- Name: note_id; Type: CONSTRAINT; Schema: clinlims; Owner: clinlims; Tablespace: 
--

ALTER TABLE ONLY note
    ADD CONSTRAINT note_id PRIMARY KEY (id);


--
-- Name: oct_pk; Type: CONSTRAINT; Schema: clinlims; Owner: clinlims; Tablespace: 
--

ALTER TABLE ONLY occupation
    ADD CONSTRAINT oct_pk PRIMARY KEY (id);


--
-- Name: or_properties_pkey; Type: CONSTRAINT; Schema: clinlims; Owner: clinlims; Tablespace: 
--

ALTER TABLE ONLY or_properties
    ADD CONSTRAINT or_properties_pkey PRIMARY KEY (property_id);


--
-- Name: or_properties_property_key_key; Type: CONSTRAINT; Schema: clinlims; Owner: clinlims; Tablespace: 
--

ALTER TABLE ONLY or_properties
    ADD CONSTRAINT or_properties_property_key_key UNIQUE (property_key);


--
-- Name: or_tags_pkey; Type: CONSTRAINT; Schema: clinlims; Owner: clinlims; Tablespace: 
--

ALTER TABLE ONLY or_tags
    ADD CONSTRAINT or_tags_pkey PRIMARY KEY (tag_id);


--
-- Name: ord_pk; Type: CONSTRAINT; Schema: clinlims; Owner: clinlims; Tablespace: 
--

ALTER TABLE ONLY orders
    ADD CONSTRAINT ord_pk PRIMARY KEY (id);


--
-- Name: orditem_pk; Type: CONSTRAINT; Schema: clinlims; Owner: clinlims; Tablespace: 
--

ALTER TABLE ONLY order_item
    ADD CONSTRAINT orditem_pk PRIMARY KEY (id);


--
-- Name: org_contact_pk; Type: CONSTRAINT; Schema: clinlims; Owner: clinlims; Tablespace: 
--

ALTER TABLE ONLY organization_contact
    ADD CONSTRAINT org_contact_pk PRIMARY KEY (id);


--
-- Name: org_hl7_pk; Type: CONSTRAINT; Schema: clinlims; Owner: clinlims; Tablespace: 
--

ALTER TABLE ONLY org_hl7_encoding_type
    ADD CONSTRAINT org_hl7_pk PRIMARY KEY (organization_id, encoding_type_id);


--
-- Name: org_mlt_pk; Type: CONSTRAINT; Schema: clinlims; Owner: clinlims; Tablespace: 
--

ALTER TABLE ONLY org_mls_lab_type
    ADD CONSTRAINT org_mlt_pk PRIMARY KEY (org_mlt_id);


--
-- Name: org_org_type_pk; Type: CONSTRAINT; Schema: clinlims; Owner: clinlims; Tablespace: 
--

ALTER TABLE ONLY organization_organization_type
    ADD CONSTRAINT org_org_type_pk PRIMARY KEY (org_id, org_type_id);


--
-- Name: org_pk; Type: CONSTRAINT; Schema: clinlims; Owner: clinlims; Tablespace: 
--

ALTER TABLE ONLY organization
    ADD CONSTRAINT org_pk PRIMARY KEY (id);


--
-- Name: org_type_pk; Type: CONSTRAINT; Schema: clinlims; Owner: clinlims; Tablespace: 
--

ALTER TABLE ONLY organization_type
    ADD CONSTRAINT org_type_pk PRIMARY KEY (id);


--
-- Name: organization_address_pk; Type: CONSTRAINT; Schema: clinlims; Owner: clinlims; Tablespace: 
--

ALTER TABLE ONLY organization_address
    ADD CONSTRAINT organization_address_pk PRIMARY KEY (organization_id, address_part_id);


--
-- Name: pac_pk; Type: CONSTRAINT; Schema: clinlims; Owner: clinlims; Tablespace: 
--

ALTER TABLE ONLY package_1
    ADD CONSTRAINT pac_pk PRIMARY KEY (id);


--
-- Name: pan_it_pk; Type: CONSTRAINT; Schema: clinlims; Owner: clinlims; Tablespace: 
--

ALTER TABLE ONLY panel_item
    ADD CONSTRAINT pan_it_pk PRIMARY KEY (id);


--
-- Name: panel_pk; Type: CONSTRAINT; Schema: clinlims; Owner: clinlims; Tablespace: 
--

ALTER TABLE ONLY panel
    ADD CONSTRAINT panel_pk PRIMARY KEY (id);


--
-- Name: pat_ident_type_pk; Type: CONSTRAINT; Schema: clinlims; Owner: clinlims; Tablespace: 
--

ALTER TABLE ONLY patient_identity_type
    ADD CONSTRAINT pat_ident_type_pk PRIMARY KEY (id);


--
-- Name: pat_identity_pk; Type: CONSTRAINT; Schema: clinlims; Owner: clinlims; Tablespace: 
--

ALTER TABLE ONLY patient_identity
    ADD CONSTRAINT pat_identity_pk PRIMARY KEY (id);


--
-- Name: pat_occupation_pk; Type: CONSTRAINT; Schema: clinlims; Owner: clinlims; Tablespace: 
--

ALTER TABLE ONLY patient_occupation
    ADD CONSTRAINT pat_occupation_pk PRIMARY KEY (id);


--
-- Name: pat_pat_type_pk; Type: CONSTRAINT; Schema: clinlims; Owner: clinlims; Tablespace: 
--

ALTER TABLE ONLY patient_patient_type
    ADD CONSTRAINT pat_pat_type_pk PRIMARY KEY (id);


--
-- Name: pat_pk; Type: CONSTRAINT; Schema: clinlims; Owner: clinlims; Tablespace: 
--

ALTER TABLE ONLY patient
    ADD CONSTRAINT pat_pk PRIMARY KEY (id);


--
-- Name: pat_type_pk; Type: CONSTRAINT; Schema: clinlims; Owner: clinlims; Tablespace: 
--

ALTER TABLE ONLY patient_type
    ADD CONSTRAINT pat_type_pk PRIMARY KEY (id);


--
-- Name: pay_type_pk; Type: CONSTRAINT; Schema: clinlims; Owner: clinlims; Tablespace: 
--

ALTER TABLE ONLY payment_type
    ADD CONSTRAINT pay_type_pk PRIMARY KEY (id);


--
-- Name: person_address_pk; Type: CONSTRAINT; Schema: clinlims; Owner: clinlims; Tablespace: 
--

ALTER TABLE ONLY person_address
    ADD CONSTRAINT person_address_pk PRIMARY KEY (person_id, address_part_id);


--
-- Name: person_pk; Type: CONSTRAINT; Schema: clinlims; Owner: clinlims; Tablespace: 
--

ALTER TABLE ONLY person
    ADD CONSTRAINT person_pk PRIMARY KEY (id);


--
-- Name: pk_databasechangelog; Type: CONSTRAINT; Schema: clinlims; Owner: clinlims; Tablespace: 
--

ALTER TABLE ONLY databasechangelog
    ADD CONSTRAINT pk_databasechangelog PRIMARY KEY (id, author, filename);


--
-- Name: pk_databasechangeloglock; Type: CONSTRAINT; Schema: clinlims; Owner: clinlims; Tablespace: 
--

ALTER TABLE ONLY databasechangeloglock
    ADD CONSTRAINT pk_databasechangeloglock PRIMARY KEY (id);


--
-- Name: pk_document_track; Type: CONSTRAINT; Schema: clinlims; Owner: clinlims; Tablespace: 
--

ALTER TABLE ONLY document_track
    ADD CONSTRAINT pk_document_track PRIMARY KEY (id);


--
-- Name: pk_document_type; Type: CONSTRAINT; Schema: clinlims; Owner: clinlims; Tablespace: 
--

ALTER TABLE ONLY document_type
    ADD CONSTRAINT pk_document_type PRIMARY KEY (id);


--
-- Name: pk_menu; Type: CONSTRAINT; Schema: clinlims; Owner: clinlims; Tablespace: 
--

ALTER TABLE ONLY menu
    ADD CONSTRAINT pk_menu PRIMARY KEY (id);


--
-- Name: pk_qa_observation; Type: CONSTRAINT; Schema: clinlims; Owner: clinlims; Tablespace: 
--

ALTER TABLE ONLY qa_observation
    ADD CONSTRAINT pk_qa_observation PRIMARY KEY (id);


--
-- Name: pk_qa_observation_type; Type: CONSTRAINT; Schema: clinlims; Owner: clinlims; Tablespace: 
--

ALTER TABLE ONLY qa_observation_type
    ADD CONSTRAINT pk_qa_observation_type PRIMARY KEY (id);


--
-- Name: pk_test_dictionary; Type: CONSTRAINT; Schema: clinlims; Owner: clinlims; Tablespace: 
--

ALTER TABLE ONLY test_dictionary
    ADD CONSTRAINT pk_test_dictionary PRIMARY KEY (id);


--
-- Name: pr_pk; Type: CONSTRAINT; Schema: clinlims; Owner: clinlims; Tablespace: 
--

ALTER TABLE ONLY patient_relations
    ADD CONSTRAINT pr_pk PRIMARY KEY (id);


--
-- Name: progs_pk; Type: CONSTRAINT; Schema: clinlims; Owner: clinlims; Tablespace: 
--

ALTER TABLE ONLY program
    ADD CONSTRAINT progs_pk PRIMARY KEY (id);


--
-- Name: proj_pk; Type: CONSTRAINT; Schema: clinlims; Owner: clinlims; Tablespace: 
--

ALTER TABLE ONLY project
    ADD CONSTRAINT proj_pk PRIMARY KEY (id);


--
-- Name: project_org_pk; Type: CONSTRAINT; Schema: clinlims; Owner: clinlims; Tablespace: 
--

ALTER TABLE ONLY project_organization
    ADD CONSTRAINT project_org_pk PRIMARY KEY (project_id, org_id);


--
-- Name: projparam_pk; Type: CONSTRAINT; Schema: clinlims; Owner: clinlims; Tablespace: 
--

ALTER TABLE ONLY project_parameter
    ADD CONSTRAINT projparam_pk PRIMARY KEY (id);


--
-- Name: provider_pk; Type: CONSTRAINT; Schema: clinlims; Owner: clinlims; Tablespace: 
--

ALTER TABLE ONLY provider
    ADD CONSTRAINT provider_pk PRIMARY KEY (id);


--
-- Name: qa_event_pk; Type: CONSTRAINT; Schema: clinlims; Owner: clinlims; Tablespace: 
--

ALTER TABLE ONLY qa_event
    ADD CONSTRAINT qa_event_pk PRIMARY KEY (id);


--
-- Name: qc_analyt_pk; Type: CONSTRAINT; Schema: clinlims; Owner: clinlims; Tablespace: 
--

ALTER TABLE ONLY qc_analytes
    ADD CONSTRAINT qc_analyt_pk PRIMARY KEY (id);


--
-- Name: qc_pk; Type: CONSTRAINT; Schema: clinlims; Owner: clinlims; Tablespace: 
--

ALTER TABLE ONLY qc
    ADD CONSTRAINT qc_pk PRIMARY KEY (id);


--
-- Name: qrtz_blob_triggers_pkey; Type: CONSTRAINT; Schema: clinlims; Owner: clinlims; Tablespace: 
--

ALTER TABLE ONLY qrtz_blob_triggers
    ADD CONSTRAINT qrtz_blob_triggers_pkey PRIMARY KEY (trigger_name, trigger_group);


--
-- Name: qrtz_calendars_pkey; Type: CONSTRAINT; Schema: clinlims; Owner: clinlims; Tablespace: 
--

ALTER TABLE ONLY qrtz_calendars
    ADD CONSTRAINT qrtz_calendars_pkey PRIMARY KEY (calendar_name);


--
-- Name: qrtz_cron_triggers_pkey; Type: CONSTRAINT; Schema: clinlims; Owner: clinlims; Tablespace: 
--

ALTER TABLE ONLY qrtz_cron_triggers
    ADD CONSTRAINT qrtz_cron_triggers_pkey PRIMARY KEY (trigger_name, trigger_group);


--
-- Name: qrtz_fired_triggers_pkey; Type: CONSTRAINT; Schema: clinlims; Owner: clinlims; Tablespace: 
--

ALTER TABLE ONLY qrtz_fired_triggers
    ADD CONSTRAINT qrtz_fired_triggers_pkey PRIMARY KEY (entry_id);


--
-- Name: qrtz_job_details_pkey; Type: CONSTRAINT; Schema: clinlims; Owner: clinlims; Tablespace: 
--

ALTER TABLE ONLY qrtz_job_details
    ADD CONSTRAINT qrtz_job_details_pkey PRIMARY KEY (job_name, job_group);


--
-- Name: qrtz_job_listeners_pkey; Type: CONSTRAINT; Schema: clinlims; Owner: clinlims; Tablespace: 
--

ALTER TABLE ONLY qrtz_job_listeners
    ADD CONSTRAINT qrtz_job_listeners_pkey PRIMARY KEY (job_name, job_group, job_listener);


--
-- Name: qrtz_locks_pkey; Type: CONSTRAINT; Schema: clinlims; Owner: clinlims; Tablespace: 
--

ALTER TABLE ONLY qrtz_locks
    ADD CONSTRAINT qrtz_locks_pkey PRIMARY KEY (lock_name);


--
-- Name: qrtz_paused_trigger_grps_pkey; Type: CONSTRAINT; Schema: clinlims; Owner: clinlims; Tablespace: 
--

ALTER TABLE ONLY qrtz_paused_trigger_grps
    ADD CONSTRAINT qrtz_paused_trigger_grps_pkey PRIMARY KEY (trigger_group);


--
-- Name: qrtz_scheduler_state_pkey; Type: CONSTRAINT; Schema: clinlims; Owner: clinlims; Tablespace: 
--

ALTER TABLE ONLY qrtz_scheduler_state
    ADD CONSTRAINT qrtz_scheduler_state_pkey PRIMARY KEY (instance_name);


--
-- Name: qrtz_simple_triggers_pkey; Type: CONSTRAINT; Schema: clinlims; Owner: clinlims; Tablespace: 
--

ALTER TABLE ONLY qrtz_simple_triggers
    ADD CONSTRAINT qrtz_simple_triggers_pkey PRIMARY KEY (trigger_name, trigger_group);


--
-- Name: qrtz_trigger_listeners_pkey; Type: CONSTRAINT; Schema: clinlims; Owner: clinlims; Tablespace: 
--

ALTER TABLE ONLY qrtz_trigger_listeners
    ADD CONSTRAINT qrtz_trigger_listeners_pkey PRIMARY KEY (trigger_name, trigger_group, trigger_listener);


--
-- Name: qrtz_triggers_pkey; Type: CONSTRAINT; Schema: clinlims; Owner: clinlims; Tablespace: 
--

ALTER TABLE ONLY qrtz_triggers
    ADD CONSTRAINT qrtz_triggers_pkey PRIMARY KEY (trigger_name, trigger_group);


--
-- Name: race_pk; Type: CONSTRAINT; Schema: clinlims; Owner: clinlims; Tablespace: 
--

ALTER TABLE ONLY race
    ADD CONSTRAINT race_pk PRIMARY KEY (id);


--
-- Name: receiver_code_element_pk; Type: CONSTRAINT; Schema: clinlims; Owner: clinlims; Tablespace: 
--

ALTER TABLE ONLY receiver_code_element
    ADD CONSTRAINT receiver_code_element_pk PRIMARY KEY (id);


--
-- Name: referral_pk; Type: CONSTRAINT; Schema: clinlims; Owner: clinlims; Tablespace: 
--

ALTER TABLE ONLY referral
    ADD CONSTRAINT referral_pk PRIMARY KEY (id);


--
-- Name: referral_reason_pk; Type: CONSTRAINT; Schema: clinlims; Owner: clinlims; Tablespace: 
--

ALTER TABLE ONLY referral_reason
    ADD CONSTRAINT referral_reason_pk PRIMARY KEY (id);


--
-- Name: referral_result_pk; Type: CONSTRAINT; Schema: clinlims; Owner: clinlims; Tablespace: 
--

ALTER TABLE ONLY referral_result
    ADD CONSTRAINT referral_result_pk PRIMARY KEY (id);


--
-- Name: referral_type_pk; Type: CONSTRAINT; Schema: clinlims; Owner: clinlims; Tablespace: 
--

ALTER TABLE ONLY referral_type
    ADD CONSTRAINT referral_type_pk PRIMARY KEY (id);


--
-- Name: region_pk; Type: CONSTRAINT; Schema: clinlims; Owner: clinlims; Tablespace: 
--

ALTER TABLE ONLY region
    ADD CONSTRAINT region_pk PRIMARY KEY (id);


--
-- Name: report_external_import_pk; Type: CONSTRAINT; Schema: clinlims; Owner: clinlims; Tablespace: 
--

ALTER TABLE ONLY report_external_import
    ADD CONSTRAINT report_external_import_pk PRIMARY KEY (id);


--
-- Name: report_queue_pk; Type: CONSTRAINT; Schema: clinlims; Owner: clinlims; Tablespace: 
--

ALTER TABLE ONLY report_external_export
    ADD CONSTRAINT report_queue_pk PRIMARY KEY (id);


--
-- Name: report_queue_type_pk; Type: CONSTRAINT; Schema: clinlims; Owner: clinlims; Tablespace: 
--

ALTER TABLE ONLY report_queue_type
    ADD CONSTRAINT report_queue_type_pk PRIMARY KEY (id);


--
-- Name: requester_type_pk; Type: CONSTRAINT; Schema: clinlims; Owner: clinlims; Tablespace: 
--

ALTER TABLE ONLY requester_type
    ADD CONSTRAINT requester_type_pk PRIMARY KEY (id);


--
-- Name: result_inventory_pk; Type: CONSTRAINT; Schema: clinlims; Owner: clinlims; Tablespace: 
--

ALTER TABLE ONLY result_inventory
    ADD CONSTRAINT result_inventory_pk PRIMARY KEY (id);


--
-- Name: result_limits_pk; Type: CONSTRAINT; Schema: clinlims; Owner: clinlims; Tablespace: 
--

ALTER TABLE ONLY result_limits
    ADD CONSTRAINT result_limits_pk PRIMARY KEY (id);


--
-- Name: result_pk; Type: CONSTRAINT; Schema: clinlims; Owner: clinlims; Tablespace: 
--

ALTER TABLE ONLY result
    ADD CONSTRAINT result_pk PRIMARY KEY (id);


--
-- Name: result_signature_pk; Type: CONSTRAINT; Schema: clinlims; Owner: clinlims; Tablespace: 
--

ALTER TABLE ONLY result_signature
    ADD CONSTRAINT result_signature_pk PRIMARY KEY (id);


--
-- Name: rt_pk; Type: CONSTRAINT; Schema: clinlims; Owner: clinlims; Tablespace: 
--

ALTER TABLE ONLY reference_tables
    ADD CONSTRAINT rt_pk PRIMARY KEY (id);


--
-- Name: samp_org_pk; Type: CONSTRAINT; Schema: clinlims; Owner: clinlims; Tablespace: 
--

ALTER TABLE ONLY sample_organization
    ADD CONSTRAINT samp_org_pk PRIMARY KEY (id);


--
-- Name: samp_pk; Type: CONSTRAINT; Schema: clinlims; Owner: clinlims; Tablespace: 
--

ALTER TABLE ONLY sample
    ADD CONSTRAINT samp_pk PRIMARY KEY (id);


--
-- Name: sampitem_pk; Type: CONSTRAINT; Schema: clinlims; Owner: clinlims; Tablespace: 
--

ALTER TABLE ONLY sample_item
    ADD CONSTRAINT sampitem_pk PRIMARY KEY (id);


--
-- Name: sample_human_samp_id_u; Type: CONSTRAINT; Schema: clinlims; Owner: clinlims; Tablespace: 
--

ALTER TABLE ONLY sample_human
    ADD CONSTRAINT sample_human_samp_id_u UNIQUE (samp_id);


--
-- Name: sample_pdf_pk; Type: CONSTRAINT; Schema: clinlims; Owner: clinlims; Tablespace: 
--

ALTER TABLE ONLY sample_pdf
    ADD CONSTRAINT sample_pdf_pk PRIMARY KEY (id);


--
-- Name: sample_projects_pk_i; Type: CONSTRAINT; Schema: clinlims; Owner: clinlims; Tablespace: 
--

ALTER TABLE ONLY sample_projects
    ADD CONSTRAINT sample_projects_pk_i PRIMARY KEY (id);


--
-- Name: sample_qaevent_action_pkey; Type: CONSTRAINT; Schema: clinlims; Owner: clinlims; Tablespace: 
--

ALTER TABLE ONLY sample_qaevent_action
    ADD CONSTRAINT sample_qaevent_action_pkey PRIMARY KEY (id);


--
-- Name: sample_qaevent_pkey; Type: CONSTRAINT; Schema: clinlims; Owner: clinlims; Tablespace: 
--

ALTER TABLE ONLY sample_qaevent
    ADD CONSTRAINT sample_qaevent_pkey PRIMARY KEY (id);


--
-- Name: sample_requester_pk; Type: CONSTRAINT; Schema: clinlims; Owner: clinlims; Tablespace: 
--

ALTER TABLE ONLY sample_requester
    ADD CONSTRAINT sample_requester_pk PRIMARY KEY (id);


--
-- Name: sampledom_pk; Type: CONSTRAINT; Schema: clinlims; Owner: clinlims; Tablespace: 
--

ALTER TABLE ONLY sample_domain
    ADD CONSTRAINT sampledom_pk PRIMARY KEY (id);


--
-- Name: sampletype_panel_pkey; Type: CONSTRAINT; Schema: clinlims; Owner: clinlims; Tablespace: 
--

ALTER TABLE ONLY sampletype_panel
    ADD CONSTRAINT sampletype_panel_pkey PRIMARY KEY (id);


--
-- Name: sampletype_test_pkey; Type: CONSTRAINT; Schema: clinlims; Owner: clinlims; Tablespace: 
--

ALTER TABLE ONLY sampletype_test
    ADD CONSTRAINT sampletype_test_pkey PRIMARY KEY (id);


--
-- Name: sci_name_pk; Type: CONSTRAINT; Schema: clinlims; Owner: clinlims; Tablespace: 
--

ALTER TABLE ONLY animal_scientific_name
    ADD CONSTRAINT sci_name_pk PRIMARY KEY (id);


--
-- Name: scr_pk; Type: CONSTRAINT; Schema: clinlims; Owner: clinlims; Tablespace: 
--

ALTER TABLE ONLY state_code
    ADD CONSTRAINT scr_pk PRIMARY KEY (id);


--
-- Name: scrip_pk; Type: CONSTRAINT; Schema: clinlims; Owner: clinlims; Tablespace: 
--

ALTER TABLE ONLY scriptlet
    ADD CONSTRAINT scrip_pk PRIMARY KEY (id);


--
-- Name: site_info_pk; Type: CONSTRAINT; Schema: clinlims; Owner: clinlims; Tablespace: 
--

ALTER TABLE ONLY site_information
    ADD CONSTRAINT site_info_pk PRIMARY KEY (id);


--
-- Name: site_information_domain_pk; Type: CONSTRAINT; Schema: clinlims; Owner: clinlims; Tablespace: 
--

ALTER TABLE ONLY site_information_domain
    ADD CONSTRAINT site_information_domain_pk PRIMARY KEY (id);


--
-- Name: source_pk; Type: CONSTRAINT; Schema: clinlims; Owner: clinlims; Tablespace: 
--

ALTER TABLE ONLY source_of_sample
    ADD CONSTRAINT source_pk PRIMARY KEY (id);


--
-- Name: storage_pk; Type: CONSTRAINT; Schema: clinlims; Owner: clinlims; Tablespace: 
--

ALTER TABLE ONLY storage_location
    ADD CONSTRAINT storage_pk PRIMARY KEY (id);


--
-- Name: su_pk; Type: CONSTRAINT; Schema: clinlims; Owner: clinlims; Tablespace: 
--

ALTER TABLE ONLY storage_unit
    ADD CONSTRAINT su_pk PRIMARY KEY (id);


--
-- Name: sys_c003998; Type: CONSTRAINT; Schema: clinlims; Owner: clinlims; Tablespace: 
--

ALTER TABLE ONLY action
    ADD CONSTRAINT sys_c003998 PRIMARY KEY (id);


--
-- Name: sys_c003999; Type: CONSTRAINT; Schema: clinlims; Owner: clinlims; Tablespace: 
--

ALTER TABLE ONLY action
    ADD CONSTRAINT sys_c003999 UNIQUE (code);


--
-- Name: sys_c004009; Type: CONSTRAINT; Schema: clinlims; Owner: clinlims; Tablespace: 
--

ALTER TABLE ONLY analysis_qaevent_action
    ADD CONSTRAINT sys_c004009 PRIMARY KEY (id);


--
-- Name: sys_c004307; Type: CONSTRAINT; Schema: clinlims; Owner: clinlims; Tablespace: 
--

ALTER TABLE ONLY status_of_sample
    ADD CONSTRAINT sys_c004307 PRIMARY KEY (id);


--
-- Name: sys_mod_pk; Type: CONSTRAINT; Schema: clinlims; Owner: clinlims; Tablespace: 
--

ALTER TABLE ONLY system_module
    ADD CONSTRAINT sys_mod_pk PRIMARY KEY (id);


--
-- Name: sys_role_mo_pk; Type: CONSTRAINT; Schema: clinlims; Owner: clinlims; Tablespace: 
--

ALTER TABLE ONLY system_role_module
    ADD CONSTRAINT sys_role_mo_pk PRIMARY KEY (id);


--
-- Name: sys_use_mo_pk; Type: CONSTRAINT; Schema: clinlims; Owner: clinlims; Tablespace: 
--

ALTER TABLE ONLY system_user_module
    ADD CONSTRAINT sys_use_mo_pk PRIMARY KEY (id);


--
-- Name: sys_use_se_pk; Type: CONSTRAINT; Schema: clinlims; Owner: clinlims; Tablespace: 
--

ALTER TABLE ONLY system_user_section
    ADD CONSTRAINT sys_use_se_pk PRIMARY KEY (id);


--
-- Name: sys_user_pk; Type: CONSTRAINT; Schema: clinlims; Owner: clinlims; Tablespace: 
--

ALTER TABLE ONLY system_user
    ADD CONSTRAINT sys_user_pk PRIMARY KEY (id);


--
-- Name: sys_usr_pk; Type: CONSTRAINT; Schema: clinlims; Owner: clinlims; Tablespace: 
--

ALTER TABLE ONLY system_user_role
    ADD CONSTRAINT sys_usr_pk PRIMARY KEY (system_user_id, role_id);


--
-- Name: system_role_pkey; Type: CONSTRAINT; Schema: clinlims; Owner: clinlims; Tablespace: 
--

ALTER TABLE ONLY system_role
    ADD CONSTRAINT system_role_pkey PRIMARY KEY (id);


--
-- Name: test_analyte_pk; Type: CONSTRAINT; Schema: clinlims; Owner: clinlims; Tablespace: 
--

ALTER TABLE ONLY test_analyte
    ADD CONSTRAINT test_analyte_pk PRIMARY KEY (id);


--
-- Name: test_hl7_code_pk; Type: CONSTRAINT; Schema: clinlims; Owner: clinlims; Tablespace: 
--

ALTER TABLE ONLY test_code
    ADD CONSTRAINT test_hl7_code_pk PRIMARY KEY (test_id, code_type_id);


--
-- Name: test_pk; Type: CONSTRAINT; Schema: clinlims; Owner: clinlims; Tablespace: 
--

ALTER TABLE ONLY test
    ADD CONSTRAINT test_pk PRIMARY KEY (id);


--
-- Name: test_reflx_pk; Type: CONSTRAINT; Schema: clinlims; Owner: clinlims; Tablespace: 
--

ALTER TABLE ONLY test_reflex
    ADD CONSTRAINT test_reflx_pk PRIMARY KEY (id);


--
-- Name: test_sect_pk; Type: CONSTRAINT; Schema: clinlims; Owner: clinlims; Tablespace: 
--

ALTER TABLE ONLY test_section
    ADD CONSTRAINT test_sect_pk PRIMARY KEY (id);


--
-- Name: testfrmt_pk; Type: CONSTRAINT; Schema: clinlims; Owner: clinlims; Tablespace: 
--

ALTER TABLE ONLY test_formats
    ADD CONSTRAINT testfrmt_pk PRIMARY KEY (id);


--
-- Name: tst_rslt_pk; Type: CONSTRAINT; Schema: clinlims; Owner: clinlims; Tablespace: 
--

ALTER TABLE ONLY test_result
    ADD CONSTRAINT tst_rslt_pk PRIMARY KEY (id);


--
-- Name: tsttrlr_pk; Type: CONSTRAINT; Schema: clinlims; Owner: clinlims; Tablespace: 
--

ALTER TABLE ONLY test_trailer
    ADD CONSTRAINT tsttrlr_pk PRIMARY KEY (id);


--
-- Name: tw_pk; Type: CONSTRAINT; Schema: clinlims; Owner: clinlims; Tablespace: 
--

ALTER TABLE ONLY test_worksheets
    ADD CONSTRAINT tw_pk PRIMARY KEY (id);


--
-- Name: twi_pk; Type: CONSTRAINT; Schema: clinlims; Owner: clinlims; Tablespace: 
--

ALTER TABLE ONLY test_worksheet_item
    ADD CONSTRAINT twi_pk PRIMARY KEY (id);


--
-- Name: type_of_test_result_pk; Type: CONSTRAINT; Schema: clinlims; Owner: clinlims; Tablespace: 
--

ALTER TABLE ONLY type_of_test_result
    ADD CONSTRAINT type_of_test_result_pk PRIMARY KEY (id);


--
-- Name: typeosamp_pk; Type: CONSTRAINT; Schema: clinlims; Owner: clinlims; Tablespace: 
--

ALTER TABLE ONLY type_of_sample
    ADD CONSTRAINT typeosamp_pk PRIMARY KEY (id);


--
-- Name: typofprovider_pk; Type: CONSTRAINT; Schema: clinlims; Owner: clinlims; Tablespace: 
--

ALTER TABLE ONLY type_of_provider
    ADD CONSTRAINT typofprovider_pk PRIMARY KEY (id);


--
-- Name: uom_pk; Type: CONSTRAINT; Schema: clinlims; Owner: clinlims; Tablespace: 
--

ALTER TABLE ONLY unit_of_measure
    ADD CONSTRAINT uom_pk PRIMARY KEY (id);


--
-- Name: user_alert_map_pkey; Type: CONSTRAINT; Schema: clinlims; Owner: clinlims; Tablespace: 
--

ALTER TABLE ONLY user_alert_map
    ADD CONSTRAINT user_alert_map_pkey PRIMARY KEY (user_id, map_id);


--
-- Name: user_group_map_pkey; Type: CONSTRAINT; Schema: clinlims; Owner: clinlims; Tablespace: 
--

ALTER TABLE ONLY user_group_map
    ADD CONSTRAINT user_group_map_pkey PRIMARY KEY (user_id, map_id);


--
-- Name: workst_pk; Type: CONSTRAINT; Schema: clinlims; Owner: clinlims; Tablespace: 
--

ALTER TABLE ONLY worksheets
    ADD CONSTRAINT workst_pk PRIMARY KEY (id);


--
-- Name: wq_pk; Type: CONSTRAINT; Schema: clinlims; Owner: clinlims; Tablespace: 
--

ALTER TABLE ONLY worksheet_qc
    ADD CONSTRAINT wq_pk PRIMARY KEY (id);


--
-- Name: wrkst_anls_pk; Type: CONSTRAINT; Schema: clinlims; Owner: clinlims; Tablespace: 
--

ALTER TABLE ONLY worksheet_analysis
    ADD CONSTRAINT wrkst_anls_pk PRIMARY KEY (id);


--
-- Name: wrkst_anlt_pk; Type: CONSTRAINT; Schema: clinlims; Owner: clinlims; Tablespace: 
--

ALTER TABLE ONLY worksheet_analyte
    ADD CONSTRAINT wrkst_anlt_pk PRIMARY KEY (id);


--
-- Name: wrkst_item_pk; Type: CONSTRAINT; Schema: clinlims; Owner: clinlims; Tablespace: 
--

ALTER TABLE ONLY worksheet_item
    ADD CONSTRAINT wrkst_item_pk PRIMARY KEY (id);


--
-- Name: accnum_uk; Type: INDEX; Schema: clinlims; Owner: clinlims; Tablespace: 
--

CREATE UNIQUE INDEX accnum_uk ON sample USING btree (accession_number);


--
-- Name: ad_afield_fk_i; Type: INDEX; Schema: clinlims; Owner: clinlims; Tablespace: 
--

CREATE INDEX ad_afield_fk_i ON aux_data USING btree (aux_field_id);


--
-- Name: af_analyte_fk_i; Type: INDEX; Schema: clinlims; Owner: clinlims; Tablespace: 
--

CREATE INDEX af_analyte_fk_i ON aux_field USING btree (analyte_id);


--
-- Name: af_script_fk_i; Type: INDEX; Schema: clinlims; Owner: clinlims; Tablespace: 
--

CREATE INDEX af_script_fk_i ON aux_field USING btree (scriptlet_id);


--
-- Name: afv_afield_fk_i; Type: INDEX; Schema: clinlims; Owner: clinlims; Tablespace: 
--

CREATE INDEX afv_afield_fk_i ON aux_field_values USING btree (aux_field_id);


--
-- Name: analysis_sampitem_fk_i; Type: INDEX; Schema: clinlims; Owner: clinlims; Tablespace: 
--

CREATE INDEX analysis_sampitem_fk_i ON analysis USING btree (sampitem_id);


--
-- Name: analysis_test_fk_i; Type: INDEX; Schema: clinlims; Owner: clinlims; Tablespace: 
--

CREATE INDEX analysis_test_fk_i ON analysis USING btree (test_id);


--
-- Name: analysis_test_sect_fk_i; Type: INDEX; Schema: clinlims; Owner: clinlims; Tablespace: 
--

CREATE INDEX analysis_test_sect_fk_i ON analysis USING btree (test_sect_id);


--
-- Name: analyte_analyte_fk_i; Type: INDEX; Schema: clinlims; Owner: clinlims; Tablespace: 
--

CREATE INDEX analyte_analyte_fk_i ON analyte USING btree (analyte_id);


--
-- Name: ani_samp_comm_anim_fk_i; Type: INDEX; Schema: clinlims; Owner: clinlims; Tablespace: 
--

CREATE INDEX ani_samp_comm_anim_fk_i ON sample_animal USING btree (comm_anim_id);


--
-- Name: ani_samp_samp_fk_i; Type: INDEX; Schema: clinlims; Owner: clinlims; Tablespace: 
--

CREATE INDEX ani_samp_samp_fk_i ON sample_animal USING btree (samp_id);


--
-- Name: ani_samp_sci_name_fk_i; Type: INDEX; Schema: clinlims; Owner: clinlims; Tablespace: 
--

CREATE INDEX ani_samp_sci_name_fk_i ON sample_animal USING btree (sci_name_id);


--
-- Name: anqaev_anal_fk_i; Type: INDEX; Schema: clinlims; Owner: clinlims; Tablespace: 
--

CREATE INDEX anqaev_anal_fk_i ON analysis_qaevent USING btree (analysis_id);


--
-- Name: anqaev_qa_event_fk_i; Type: INDEX; Schema: clinlims; Owner: clinlims; Tablespace: 
--

CREATE INDEX anqaev_qa_event_fk_i ON analysis_qaevent USING btree (qa_event_id);


--
-- Name: anst_anal_fk_i; Type: INDEX; Schema: clinlims; Owner: clinlims; Tablespace: 
--

CREATE INDEX anst_anal_fk_i ON analysis_storages USING btree (analysis_id);


--
-- Name: anstore_storage_fk_i; Type: INDEX; Schema: clinlims; Owner: clinlims; Tablespace: 
--

CREATE INDEX anstore_storage_fk_i ON analysis_storages USING btree (storage_id);


--
-- Name: anus_anal_fk_i; Type: INDEX; Schema: clinlims; Owner: clinlims; Tablespace: 
--

CREATE INDEX anus_anal_fk_i ON analysis_users USING btree (analysis_id);


--
-- Name: anus_sysuser_fk_i; Type: INDEX; Schema: clinlims; Owner: clinlims; Tablespace: 
--

CREATE INDEX anus_sysuser_fk_i ON analysis_users USING btree (system_user_id);


--
-- Name: attachmtitem_attachmt_fk_i; Type: INDEX; Schema: clinlims; Owner: clinlims; Tablespace: 
--

CREATE INDEX attachmtitem_attachmt_fk_i ON attachment_item USING btree (attachment_id);


--
-- Name: env_samp_samp_fk_i; Type: INDEX; Schema: clinlims; Owner: clinlims; Tablespace: 
--

CREATE INDEX env_samp_samp_fk_i ON sample_environmental USING btree (samp_id);


--
-- Name: hist_sys_user_fk_i; Type: INDEX; Schema: clinlims; Owner: clinlims; Tablespace: 
--

CREATE INDEX hist_sys_user_fk_i ON history USING btree (sys_user_id);


--
-- Name: hist_table_row_i; Type: INDEX; Schema: clinlims; Owner: clinlims; Tablespace: 
--

CREATE INDEX hist_table_row_i ON history USING btree (reference_id, reference_table);


--
-- Name: hum_pat_fk_i; Type: INDEX; Schema: clinlims; Owner: clinlims; Tablespace: 
--

CREATE INDEX hum_pat_fk_i ON sample_human USING btree (patient_id);


--
-- Name: hum_provider_fk_i; Type: INDEX; Schema: clinlims; Owner: clinlims; Tablespace: 
--

CREATE INDEX hum_provider_fk_i ON sample_human USING btree (provider_id);


--
-- Name: hum_samp_fk_i; Type: INDEX; Schema: clinlims; Owner: clinlims; Tablespace: 
--

CREATE INDEX hum_samp_fk_i ON sample_human USING btree (samp_id);


--
-- Name: ia_analyte_fk_i; Type: INDEX; Schema: clinlims; Owner: clinlims; Tablespace: 
--

CREATE INDEX ia_analyte_fk_i ON instrument_analyte USING btree (analyte_id);


--
-- Name: ia_instru_fk_i; Type: INDEX; Schema: clinlims; Owner: clinlims; Tablespace: 
--

CREATE INDEX ia_instru_fk_i ON instrument_analyte USING btree (instru_id);


--
-- Name: ia_method_fk_i; Type: INDEX; Schema: clinlims; Owner: clinlims; Tablespace: 
--

CREATE INDEX ia_method_fk_i ON instrument_analyte USING btree (method_id);


--
-- Name: il_instru_fk_i; Type: INDEX; Schema: clinlims; Owner: clinlims; Tablespace: 
--

CREATE INDEX il_instru_fk_i ON instrument_log USING btree (instru_id);


--
-- Name: il_inv_item_fk_i; Type: INDEX; Schema: clinlims; Owner: clinlims; Tablespace: 
--

CREATE INDEX il_inv_item_fk_i ON inventory_location USING btree (inv_item_id);


--
-- Name: instru_scrip_fk_i; Type: INDEX; Schema: clinlims; Owner: clinlims; Tablespace: 
--

CREATE INDEX instru_scrip_fk_i ON instrument USING btree (scrip_id);


--
-- Name: inv_recpt_invitem_fk_i; Type: INDEX; Schema: clinlims; Owner: clinlims; Tablespace: 
--

CREATE INDEX inv_recpt_invitem_fk_i ON inventory_receipt USING btree (invitem_id);


--
-- Name: invcomp_invitem_fk_i; Type: INDEX; Schema: clinlims; Owner: clinlims; Tablespace: 
--

CREATE INDEX invcomp_invitem_fk_i ON inventory_component USING btree (invitem_id);


--
-- Name: invcomp_matcomp_fk_ii; Type: INDEX; Schema: clinlims; Owner: clinlims; Tablespace: 
--

CREATE INDEX invcomp_matcomp_fk_ii ON inventory_component USING btree (material_component_id);


--
-- Name: invitem_invname_uk; Type: INDEX; Schema: clinlims; Owner: clinlims; Tablespace: 
--

CREATE UNIQUE INDEX invitem_invname_uk ON inventory_item USING btree (name);


--
-- Name: invitem_uom_fk_i; Type: INDEX; Schema: clinlims; Owner: clinlims; Tablespace: 
--

CREATE INDEX invitem_uom_fk_i ON inventory_item USING btree (uom_id);


--
-- Name: invloc_storage_fk_i; Type: INDEX; Schema: clinlims; Owner: clinlims; Tablespace: 
--

CREATE INDEX invloc_storage_fk_i ON inventory_location USING btree (storage_id);


--
-- Name: invrec_org_fk_ii; Type: INDEX; Schema: clinlims; Owner: clinlims; Tablespace: 
--

CREATE INDEX invrec_org_fk_ii ON inventory_receipt USING btree (org_id);


--
-- Name: label_script_fk_i; Type: INDEX; Schema: clinlims; Owner: clinlims; Tablespace: 
--

CREATE INDEX label_script_fk_i ON label USING btree (scriptlet_id);


--
-- Name: ma_analyte_fk_i; Type: INDEX; Schema: clinlims; Owner: clinlims; Tablespace: 
--

CREATE INDEX ma_analyte_fk_i ON method_analyte USING btree (analyte_id);


--
-- Name: ma_method_fk_i; Type: INDEX; Schema: clinlims; Owner: clinlims; Tablespace: 
--

CREATE INDEX ma_method_fk_i ON method_analyte USING btree (method_id);


--
-- Name: methres_method_fk_iii; Type: INDEX; Schema: clinlims; Owner: clinlims; Tablespace: 
--

CREATE INDEX methres_method_fk_iii ON method_result USING btree (method_id);


--
-- Name: methres_scrip_fk_i; Type: INDEX; Schema: clinlims; Owner: clinlims; Tablespace: 
--

CREATE INDEX methres_scrip_fk_i ON method_result USING btree (scrip_id);


--
-- Name: mls_lab_tp_org_mlt_fk_i; Type: INDEX; Schema: clinlims; Owner: clinlims; Tablespace: 
--

CREATE INDEX mls_lab_tp_org_mlt_fk_i ON mls_lab_type USING btree (org_mlt_org_mlt_id);


--
-- Name: note_sys_user_fk_i; Type: INDEX; Schema: clinlims; Owner: clinlims; Tablespace: 
--

CREATE INDEX note_sys_user_fk_i ON note USING btree (sys_user_id);


--
-- Name: obs_history_sample_idx; Type: INDEX; Schema: clinlims; Owner: clinlims; Tablespace: 
--

CREATE INDEX obs_history_sample_idx ON observation_history USING btree (sample_id);


--
-- Name: ord_org_fk_i; Type: INDEX; Schema: clinlims; Owner: clinlims; Tablespace: 
--

CREATE INDEX ord_org_fk_i ON orders USING btree (org_id);


--
-- Name: ord_sys_user_fk_i; Type: INDEX; Schema: clinlims; Owner: clinlims; Tablespace: 
--

CREATE INDEX ord_sys_user_fk_i ON orders USING btree (sys_user_id);


--
-- Name: orditem_inv_loc_fk_iii; Type: INDEX; Schema: clinlims; Owner: clinlims; Tablespace: 
--

CREATE INDEX orditem_inv_loc_fk_iii ON order_item USING btree (inv_loc_id);


--
-- Name: orditem_ord_fk_i; Type: INDEX; Schema: clinlims; Owner: clinlims; Tablespace: 
--

CREATE INDEX orditem_ord_fk_i ON order_item USING btree (ord_id);


--
-- Name: org_org_fk_i; Type: INDEX; Schema: clinlims; Owner: clinlims; Tablespace: 
--

CREATE INDEX org_org_fk_i ON organization USING btree (org_id);


--
-- Name: org_org_mlt_fk_i; Type: INDEX; Schema: clinlims; Owner: clinlims; Tablespace: 
--

CREATE INDEX org_org_mlt_fk_i ON organization USING btree (org_mlt_org_mlt_id);


--
-- Name: pan_it_panel_fk_i; Type: INDEX; Schema: clinlims; Owner: clinlims; Tablespace: 
--

CREATE INDEX pan_it_panel_fk_i ON panel_item USING btree (panel_id);


--
-- Name: pat_person_fk_i; Type: INDEX; Schema: clinlims; Owner: clinlims; Tablespace: 
--

CREATE INDEX pat_person_fk_i ON patient USING btree (person_id);


--
-- Name: pr_pat_fk_i; Type: INDEX; Schema: clinlims; Owner: clinlims; Tablespace: 
--

CREATE INDEX pr_pat_fk_i ON patient_relations USING btree (pat_id);


--
-- Name: pr_pat_source_fk_i; Type: INDEX; Schema: clinlims; Owner: clinlims; Tablespace: 
--

CREATE INDEX pr_pat_source_fk_i ON patient_relations USING btree (pat_id_source);


--
-- Name: proj_sys_user_fk_i; Type: INDEX; Schema: clinlims; Owner: clinlims; Tablespace: 
--

CREATE INDEX proj_sys_user_fk_i ON project USING btree (sys_user_id);


--
-- Name: project_script_fk_iii; Type: INDEX; Schema: clinlims; Owner: clinlims; Tablespace: 
--

CREATE INDEX project_script_fk_iii ON project USING btree (scriptlet_id);


--
-- Name: projectparam_proj_fk_i; Type: INDEX; Schema: clinlims; Owner: clinlims; Tablespace: 
--

CREATE INDEX projectparam_proj_fk_i ON project_parameter USING btree (project_id);


--
-- Name: provider_person_fk_i; Type: INDEX; Schema: clinlims; Owner: clinlims; Tablespace: 
--

CREATE INDEX provider_person_fk_i ON provider USING btree (person_id);


--
-- Name: qaev_test_fk_i; Type: INDEX; Schema: clinlims; Owner: clinlims; Tablespace: 
--

CREATE INDEX qaev_test_fk_i ON qa_event USING btree (test_id);


--
-- Name: qc_sys_user_fk_i; Type: INDEX; Schema: clinlims; Owner: clinlims; Tablespace: 
--

CREATE INDEX qc_sys_user_fk_i ON qc USING btree (sys_user_id);


--
-- Name: qc_uom_fk_i; Type: INDEX; Schema: clinlims; Owner: clinlims; Tablespace: 
--

CREATE INDEX qc_uom_fk_i ON qc USING btree (uom_id);


--
-- Name: qcanlyt_analyte_fk_i; Type: INDEX; Schema: clinlims; Owner: clinlims; Tablespace: 
--

CREATE INDEX qcanlyt_analyte_fk_i ON qc_analytes USING btree (analyte_id);


--
-- Name: report_import_date; Type: INDEX; Schema: clinlims; Owner: clinlims; Tablespace: 
--

CREATE INDEX report_import_date ON report_external_import USING btree (event_date);


--
-- Name: report_queue_date; Type: INDEX; Schema: clinlims; Owner: clinlims; Tablespace: 
--

CREATE INDEX report_queue_date ON report_external_export USING btree (event_date);


--
-- Name: result_analysis_fk_i; Type: INDEX; Schema: clinlims; Owner: clinlims; Tablespace: 
--

CREATE INDEX result_analysis_fk_i ON result USING btree (analysis_id);


--
-- Name: result_analyte_fk_iii; Type: INDEX; Schema: clinlims; Owner: clinlims; Tablespace: 
--

CREATE INDEX result_analyte_fk_iii ON result USING btree (analyte_id);


--
-- Name: result_testresult_fk_1; Type: INDEX; Schema: clinlims; Owner: clinlims; Tablespace: 
--

CREATE INDEX result_testresult_fk_1 ON result USING btree (test_result_id);


--
-- Name: samp_org_org_fk_i; Type: INDEX; Schema: clinlims; Owner: clinlims; Tablespace: 
--

CREATE INDEX samp_org_org_fk_i ON sample_organization USING btree (org_id);


--
-- Name: samp_org_samp_fk_i; Type: INDEX; Schema: clinlims; Owner: clinlims; Tablespace: 
--

CREATE INDEX samp_org_samp_fk_i ON sample_organization USING btree (samp_id);


--
-- Name: samp_package_1_fk_i; Type: INDEX; Schema: clinlims; Owner: clinlims; Tablespace: 
--

CREATE INDEX samp_package_1_fk_i ON sample USING btree (package_id);


--
-- Name: samp_sys_user_fk_i; Type: INDEX; Schema: clinlims; Owner: clinlims; Tablespace: 
--

CREATE INDEX samp_sys_user_fk_i ON sample USING btree (sys_user_id);


--
-- Name: sampitem_samp_fk_i; Type: INDEX; Schema: clinlims; Owner: clinlims; Tablespace: 
--

CREATE INDEX sampitem_samp_fk_i ON sample_item USING btree (samp_id);


--
-- Name: sampitem_samp_item_uk_uk; Type: INDEX; Schema: clinlims; Owner: clinlims; Tablespace: 
--

CREATE UNIQUE INDEX sampitem_samp_item_uk_uk ON sample_item USING btree (id, sort_order);


--
-- Name: sampitem_sampitem_fk_i; Type: INDEX; Schema: clinlims; Owner: clinlims; Tablespace: 
--

CREATE INDEX sampitem_sampitem_fk_i ON sample_item USING btree (sampitem_id);


--
-- Name: sampitem_source_fk_i; Type: INDEX; Schema: clinlims; Owner: clinlims; Tablespace: 
--

CREATE INDEX sampitem_source_fk_i ON sample_item USING btree (source_id);


--
-- Name: sampitem_typeosamp_fk_i; Type: INDEX; Schema: clinlims; Owner: clinlims; Tablespace: 
--

CREATE INDEX sampitem_typeosamp_fk_i ON sample_item USING btree (typeosamp_id);


--
-- Name: sampitem_uom_fk_i; Type: INDEX; Schema: clinlims; Owner: clinlims; Tablespace: 
--

CREATE INDEX sampitem_uom_fk_i ON sample_item USING btree (uom_id);


--
-- Name: sample_projects_pk; Type: INDEX; Schema: clinlims; Owner: clinlims; Tablespace: 
--

CREATE UNIQUE INDEX sample_projects_pk ON sample_projects USING btree (id);


--
-- Name: sampledom_dom_uk_uk; Type: INDEX; Schema: clinlims; Owner: clinlims; Tablespace: 
--

CREATE UNIQUE INDEX sampledom_dom_uk_uk ON sample_domain USING btree (domain);


--
-- Name: sci_name_comm_anim_fk_i; Type: INDEX; Schema: clinlims; Owner: clinlims; Tablespace: 
--

CREATE INDEX sci_name_comm_anim_fk_i ON animal_scientific_name USING btree (comm_anim_id);


--
-- Name: source_dom_desc_uk_uk; Type: INDEX; Schema: clinlims; Owner: clinlims; Tablespace: 
--

CREATE UNIQUE INDEX source_dom_desc_uk_uk ON source_of_sample USING btree (description, domain);


--
-- Name: sp_proj_fk_i; Type: INDEX; Schema: clinlims; Owner: clinlims; Tablespace: 
--

CREATE INDEX sp_proj_fk_i ON sample_projects USING btree (proj_id);


--
-- Name: sp_samp_fk_i; Type: INDEX; Schema: clinlims; Owner: clinlims; Tablespace: 
--

CREATE INDEX sp_samp_fk_i ON sample_projects USING btree (samp_id);


--
-- Name: storloc_parent_storloc_fk_i; Type: INDEX; Schema: clinlims; Owner: clinlims; Tablespace: 
--

CREATE INDEX storloc_parent_storloc_fk_i ON storage_location USING btree (parent_storageloc_id);


--
-- Name: storloc_storunit_fk_i; Type: INDEX; Schema: clinlims; Owner: clinlims; Tablespace: 
--

CREATE INDEX storloc_storunit_fk_i ON storage_location USING btree (storage_unit_id);


--
-- Name: sysrolemodule_sysmodule_fk_i; Type: INDEX; Schema: clinlims; Owner: clinlims; Tablespace: 
--

CREATE INDEX sysrolemodule_sysmodule_fk_i ON system_role_module USING btree (system_module_id);


--
-- Name: sysrolemodule_sysuser_fk_i; Type: INDEX; Schema: clinlims; Owner: clinlims; Tablespace: 
--

CREATE INDEX sysrolemodule_sysuser_fk_i ON system_role_module USING btree (system_role_id);


--
-- Name: sysusermodule_sysmodule_fk_i; Type: INDEX; Schema: clinlims; Owner: clinlims; Tablespace: 
--

CREATE INDEX sysusermodule_sysmodule_fk_i ON system_user_module USING btree (system_module_id);


--
-- Name: sysusermodule_sysuser_fk_i; Type: INDEX; Schema: clinlims; Owner: clinlims; Tablespace: 
--

CREATE INDEX sysusermodule_sysuser_fk_i ON system_user_module USING btree (system_user_id);


--
-- Name: sysusersect_sysuser_fk_i; Type: INDEX; Schema: clinlims; Owner: clinlims; Tablespace: 
--

CREATE INDEX sysusersect_sysuser_fk_i ON system_user_section USING btree (system_user_id);


--
-- Name: sysusersect_testsect_fk_i; Type: INDEX; Schema: clinlims; Owner: clinlims; Tablespace: 
--

CREATE INDEX sysusersect_testsect_fk_i ON system_user_section USING btree (test_section_id);


--
-- Name: test_desc_uk; Type: INDEX; Schema: clinlims; Owner: clinlims; Tablespace: 
--

CREATE UNIQUE INDEX test_desc_uk ON test USING btree (description);


--
-- Name: test_label_fk_i; Type: INDEX; Schema: clinlims; Owner: clinlims; Tablespace: 
--

CREATE INDEX test_label_fk_i ON test USING btree (label_id);


--
-- Name: test_method_fk_i; Type: INDEX; Schema: clinlims; Owner: clinlims; Tablespace: 
--

CREATE INDEX test_method_fk_i ON test USING btree (method_id);


--
-- Name: test_reflx_tst_rslt_fk_i; Type: INDEX; Schema: clinlims; Owner: clinlims; Tablespace: 
--

CREATE INDEX test_reflx_tst_rslt_fk_i ON test_reflex USING btree (tst_rslt_id);


--
-- Name: test_scriptlet_fk_i; Type: INDEX; Schema: clinlims; Owner: clinlims; Tablespace: 
--

CREATE INDEX test_scriptlet_fk_i ON test USING btree (scriptlet_id);


--
-- Name: test_sect_org_fk_i; Type: INDEX; Schema: clinlims; Owner: clinlims; Tablespace: 
--

CREATE INDEX test_sect_org_fk_i ON test_section USING btree (org_id);


--
-- Name: test_testformat_fk_i; Type: INDEX; Schema: clinlims; Owner: clinlims; Tablespace: 
--

CREATE INDEX test_testformat_fk_i ON test USING btree (test_format_id);


--
-- Name: test_testsect_fk_i; Type: INDEX; Schema: clinlims; Owner: clinlims; Tablespace: 
--

CREATE INDEX test_testsect_fk_i ON test USING btree (test_section_id);


--
-- Name: test_testtrailer_fk_i; Type: INDEX; Schema: clinlims; Owner: clinlims; Tablespace: 
--

CREATE INDEX test_testtrailer_fk_i ON test USING btree (test_trailer_id);


--
-- Name: test_uom_fk_i; Type: INDEX; Schema: clinlims; Owner: clinlims; Tablespace: 
--

CREATE INDEX test_uom_fk_i ON test USING btree (uom_id);


--
-- Name: testalyt_analyte_fk_i; Type: INDEX; Schema: clinlims; Owner: clinlims; Tablespace: 
--

CREATE INDEX testalyt_analyte_fk_i ON test_analyte USING btree (analyte_id);


--
-- Name: testalyt_test_fk_i; Type: INDEX; Schema: clinlims; Owner: clinlims; Tablespace: 
--

CREATE INDEX testalyt_test_fk_i ON test_analyte USING btree (test_id);


--
-- Name: testreflex_addtest_fk_i; Type: INDEX; Schema: clinlims; Owner: clinlims; Tablespace: 
--

CREATE INDEX testreflex_addtest_fk_i ON test_reflex USING btree (add_test_id);


--
-- Name: testreflex_test_fk_i; Type: INDEX; Schema: clinlims; Owner: clinlims; Tablespace: 
--

CREATE INDEX testreflex_test_fk_i ON test_reflex USING btree (test_id);


--
-- Name: testreflex_testanalyt_fk_i; Type: INDEX; Schema: clinlims; Owner: clinlims; Tablespace: 
--

CREATE INDEX testreflex_testanalyt_fk_i ON test_reflex USING btree (test_analyte_id);


--
-- Name: testresult_scriptlet_fk_i; Type: INDEX; Schema: clinlims; Owner: clinlims; Tablespace: 
--

CREATE INDEX testresult_scriptlet_fk_i ON test_result USING btree (scriptlet_id);


--
-- Name: tst_rslt_test_fk_i; Type: INDEX; Schema: clinlims; Owner: clinlims; Tablespace: 
--

CREATE INDEX tst_rslt_test_fk_i ON test_result USING btree (test_id);


--
-- Name: tw_test_fk_i; Type: INDEX; Schema: clinlims; Owner: clinlims; Tablespace: 
--

CREATE INDEX tw_test_fk_i ON test_worksheets USING btree (test_id);


--
-- Name: twi_qc_fk_i; Type: INDEX; Schema: clinlims; Owner: clinlims; Tablespace: 
--

CREATE INDEX twi_qc_fk_i ON test_worksheet_item USING btree (qc_id);


--
-- Name: twi_tw_fk_i; Type: INDEX; Schema: clinlims; Owner: clinlims; Tablespace: 
--

CREATE INDEX twi_tw_fk_i ON test_worksheet_item USING btree (tw_id);


--
-- Name: typeosamp_dom_desc_uk_uk; Type: INDEX; Schema: clinlims; Owner: clinlims; Tablespace: 
--

CREATE UNIQUE INDEX typeosamp_dom_desc_uk_uk ON type_of_sample USING btree (description, domain);


--
-- Name: typofprov_desc_uk_uk; Type: INDEX; Schema: clinlims; Owner: clinlims; Tablespace: 
--

CREATE UNIQUE INDEX typofprov_desc_uk_uk ON type_of_provider USING btree (description);


--
-- Name: wkshtanalysis_wkshtitem_fk_i; Type: INDEX; Schema: clinlims; Owner: clinlims; Tablespace: 
--

CREATE INDEX wkshtanalysis_wkshtitem_fk_i ON worksheet_analysis USING btree (worksheet_item_id);


--
-- Name: wkshtanalyte_result_fk_i; Type: INDEX; Schema: clinlims; Owner: clinlims; Tablespace: 
--

CREATE INDEX wkshtanalyte_result_fk_i ON worksheet_analyte USING btree (result_id);


--
-- Name: wkshtitem_wksht_fk_i; Type: INDEX; Schema: clinlims; Owner: clinlims; Tablespace: 
--

CREATE INDEX wkshtitem_wksht_fk_i ON worksheet_item USING btree (worksheet_id);


--
-- Name: wkshtqc_qcanalyte_fk_i; Type: INDEX; Schema: clinlims; Owner: clinlims; Tablespace: 
--

CREATE INDEX wkshtqc_qcanalyte_fk_i ON worksheet_qc USING btree (qc_analyte_id);


--
-- Name: wkshtqc_wkshtanalysis_fk_i; Type: INDEX; Schema: clinlims; Owner: clinlims; Tablespace: 
--

CREATE INDEX wkshtqc_wkshtanalysis_fk_i ON worksheet_qc USING btree (worksheet_analysis_id);


--
-- Name: workst_sys_user_fk_i; Type: INDEX; Schema: clinlims; Owner: clinlims; Tablespace: 
--

CREATE INDEX workst_sys_user_fk_i ON worksheets USING btree (sys_user_id);


--
-- Name: workst_test_fk_i; Type: INDEX; Schema: clinlims; Owner: clinlims; Tablespace: 
--

CREATE INDEX workst_test_fk_i ON worksheets USING btree (test_id);


--
-- Name: wrkst_anlt_wrkst_anls_fk_i; Type: INDEX; Schema: clinlims; Owner: clinlims; Tablespace: 
--

CREATE INDEX wrkst_anlt_wrkst_anls_fk_i ON worksheet_analyte USING btree (wrkst_anls_id);


--
-- Name: ad_afield_fk; Type: FK CONSTRAINT; Schema: clinlims; Owner: clinlims
--

ALTER TABLE ONLY aux_data
    ADD CONSTRAINT ad_afield_fk FOREIGN KEY (aux_field_id) REFERENCES aux_field(id) MATCH FULL;


--
-- Name: af_analyte_fk; Type: FK CONSTRAINT; Schema: clinlims; Owner: clinlims
--

ALTER TABLE ONLY aux_field
    ADD CONSTRAINT af_analyte_fk FOREIGN KEY (analyte_id) REFERENCES analyte(id) MATCH FULL;


--
-- Name: af_script_fk; Type: FK CONSTRAINT; Schema: clinlims; Owner: clinlims
--

ALTER TABLE ONLY aux_field
    ADD CONSTRAINT af_script_fk FOREIGN KEY (scriptlet_id) REFERENCES scriptlet(id) MATCH FULL;


--
-- Name: afv_afield_fk; Type: FK CONSTRAINT; Schema: clinlims; Owner: clinlims
--

ALTER TABLE ONLY aux_field_values
    ADD CONSTRAINT afv_afield_fk FOREIGN KEY (aux_field_id) REFERENCES aux_field(id) MATCH FULL;


--
-- Name: analysis_panel_FK; Type: FK CONSTRAINT; Schema: clinlims; Owner: clinlims
--

ALTER TABLE ONLY analysis
    ADD CONSTRAINT "analysis_panel_FK" FOREIGN KEY (panel_id) REFERENCES panel(id) ON DELETE SET NULL;


--
-- Name: analysis_parent_analysis_fk; Type: FK CONSTRAINT; Schema: clinlims; Owner: clinlims
--

ALTER TABLE ONLY analysis
    ADD CONSTRAINT analysis_parent_analysis_fk FOREIGN KEY (parent_analysis_id) REFERENCES analysis(id) MATCH FULL;


--
-- Name: analysis_parent_result_fk; Type: FK CONSTRAINT; Schema: clinlims; Owner: clinlims
--

ALTER TABLE ONLY analysis
    ADD CONSTRAINT analysis_parent_result_fk FOREIGN KEY (parent_result_id) REFERENCES result(id) ON DELETE SET NULL;


--
-- Name: analysis_sampitem_fk; Type: FK CONSTRAINT; Schema: clinlims; Owner: clinlims
--

ALTER TABLE ONLY analysis
    ADD CONSTRAINT analysis_sampitem_fk FOREIGN KEY (sampitem_id) REFERENCES sample_item(id) MATCH FULL;


--
-- Name: analysis_status_fk; Type: FK CONSTRAINT; Schema: clinlims; Owner: clinlims
--

ALTER TABLE ONLY analysis
    ADD CONSTRAINT analysis_status_fk FOREIGN KEY (status_id) REFERENCES status_of_sample(id);


--
-- Name: analysis_test_fk; Type: FK CONSTRAINT; Schema: clinlims; Owner: clinlims
--

ALTER TABLE ONLY analysis
    ADD CONSTRAINT analysis_test_fk FOREIGN KEY (test_id) REFERENCES test(id) MATCH FULL;


--
-- Name: analysis_test_sect_fk; Type: FK CONSTRAINT; Schema: clinlims; Owner: clinlims
--

ALTER TABLE ONLY analysis
    ADD CONSTRAINT analysis_test_sect_fk FOREIGN KEY (test_sect_id) REFERENCES test_section(id) MATCH FULL;


--
-- Name: analyte_analyte_fk; Type: FK CONSTRAINT; Schema: clinlims; Owner: clinlims
--

ALTER TABLE ONLY analyte
    ADD CONSTRAINT analyte_analyte_fk FOREIGN KEY (analyte_id) REFERENCES analyte(id) MATCH FULL;


--
-- Name: analyzer_fk; Type: FK CONSTRAINT; Schema: clinlims; Owner: clinlims
--

ALTER TABLE ONLY analyzer_results
    ADD CONSTRAINT analyzer_fk FOREIGN KEY (analyzer_id) REFERENCES analyzer(id);


--
-- Name: analyzer_results_test_fk; Type: FK CONSTRAINT; Schema: clinlims; Owner: clinlims
--

ALTER TABLE ONLY analyzer_results
    ADD CONSTRAINT analyzer_results_test_fk FOREIGN KEY (test_id) REFERENCES test(id);


--
-- Name: analyzer_test_map_analyzer_fk; Type: FK CONSTRAINT; Schema: clinlims; Owner: clinlims
--

ALTER TABLE ONLY analyzer_test_map
    ADD CONSTRAINT analyzer_test_map_analyzer_fk FOREIGN KEY (analyzer_id) REFERENCES analyzer(id);


--
-- Name: analyzer_test_map_test_fk; Type: FK CONSTRAINT; Schema: clinlims; Owner: clinlims
--

ALTER TABLE ONLY analyzer_test_map
    ADD CONSTRAINT analyzer_test_map_test_fk FOREIGN KEY (test_id) REFERENCES test(id);


--
-- Name: ani_samp_comm_anim_fk; Type: FK CONSTRAINT; Schema: clinlims; Owner: clinlims
--

ALTER TABLE ONLY sample_animal
    ADD CONSTRAINT ani_samp_comm_anim_fk FOREIGN KEY (comm_anim_id) REFERENCES animal_common_name(id) MATCH FULL;


--
-- Name: ani_samp_samp_fk; Type: FK CONSTRAINT; Schema: clinlims; Owner: clinlims
--

ALTER TABLE ONLY sample_animal
    ADD CONSTRAINT ani_samp_samp_fk FOREIGN KEY (samp_id) REFERENCES sample(id) MATCH FULL;


--
-- Name: ani_samp_sci_name_fk; Type: FK CONSTRAINT; Schema: clinlims; Owner: clinlims
--

ALTER TABLE ONLY sample_animal
    ADD CONSTRAINT ani_samp_sci_name_fk FOREIGN KEY (sci_name_id) REFERENCES animal_scientific_name(id) MATCH FULL;


--
-- Name: anqaev_anal_fk; Type: FK CONSTRAINT; Schema: clinlims; Owner: clinlims
--

ALTER TABLE ONLY analysis_qaevent
    ADD CONSTRAINT anqaev_anal_fk FOREIGN KEY (analysis_id) REFERENCES analysis(id) MATCH FULL;


--
-- Name: anqaev_qa_event_fk; Type: FK CONSTRAINT; Schema: clinlims; Owner: clinlims
--

ALTER TABLE ONLY analysis_qaevent
    ADD CONSTRAINT anqaev_qa_event_fk FOREIGN KEY (qa_event_id) REFERENCES qa_event(id) MATCH FULL;


--
-- Name: anst_anal_fk; Type: FK CONSTRAINT; Schema: clinlims; Owner: clinlims
--

ALTER TABLE ONLY analysis_storages
    ADD CONSTRAINT anst_anal_fk FOREIGN KEY (analysis_id) REFERENCES analysis(id) MATCH FULL;


--
-- Name: anstore_storage_fk; Type: FK CONSTRAINT; Schema: clinlims; Owner: clinlims
--

ALTER TABLE ONLY analysis_storages
    ADD CONSTRAINT anstore_storage_fk FOREIGN KEY (storage_id) REFERENCES storage_location(id) MATCH FULL;


--
-- Name: anus_anal_fk; Type: FK CONSTRAINT; Schema: clinlims; Owner: clinlims
--

ALTER TABLE ONLY analysis_users
    ADD CONSTRAINT anus_anal_fk FOREIGN KEY (analysis_id) REFERENCES analysis(id) MATCH FULL;


--
-- Name: anus_sysuser_fk; Type: FK CONSTRAINT; Schema: clinlims; Owner: clinlims
--

ALTER TABLE ONLY analysis_users
    ADD CONSTRAINT anus_sysuser_fk FOREIGN KEY (system_user_id) REFERENCES system_user(id) MATCH FULL;


--
-- Name: attachmtitem_attachmt_fk; Type: FK CONSTRAINT; Schema: clinlims; Owner: clinlims
--

ALTER TABLE ONLY attachment_item
    ADD CONSTRAINT attachmtitem_attachmt_fk FOREIGN KEY (attachment_id) REFERENCES attachment(id) MATCH FULL;


--
-- Name: cd_elmt_xref_cd_elmt_type_fk; Type: FK CONSTRAINT; Schema: clinlims; Owner: clinlims
--

ALTER TABLE ONLY code_element_xref
    ADD CONSTRAINT cd_elmt_xref_cd_elmt_type_fk FOREIGN KEY (code_element_type_id) REFERENCES code_element_type(id) MATCH FULL;


--
-- Name: cd_elmt_xref_message_org_fk; Type: FK CONSTRAINT; Schema: clinlims; Owner: clinlims
--

ALTER TABLE ONLY code_element_xref
    ADD CONSTRAINT cd_elmt_xref_message_org_fk FOREIGN KEY (message_org_id) REFERENCES message_org(id) MATCH FULL;


--
-- Name: cd_elmt_xref_rcvr_cd_elmt_fk; Type: FK CONSTRAINT; Schema: clinlims; Owner: clinlims
--

ALTER TABLE ONLY code_element_xref
    ADD CONSTRAINT cd_elmt_xref_rcvr_cd_elmt_fk FOREIGN KEY (receiver_code_element_id) REFERENCES receiver_code_element(id) MATCH FULL;


--
-- Name: demographics_history_type_fk; Type: FK CONSTRAINT; Schema: clinlims; Owner: clinlims
--

ALTER TABLE ONLY observation_history
    ADD CONSTRAINT demographics_history_type_fk FOREIGN KEY (observation_history_type_id) REFERENCES observation_history_type(id);


--
-- Name: dictionary_dict_cat_fk; Type: FK CONSTRAINT; Schema: clinlims; Owner: clinlims
--

ALTER TABLE ONLY dictionary
    ADD CONSTRAINT dictionary_dict_cat_fk FOREIGN KEY (dictionary_category_id) REFERENCES dictionary_category(id) MATCH FULL;


--
-- Name: electronic_order_patient_fk; Type: FK CONSTRAINT; Schema: clinlims; Owner: clinlims
--

ALTER TABLE ONLY electronic_order
    ADD CONSTRAINT electronic_order_patient_fk FOREIGN KEY (patient_id) REFERENCES patient(id);


--
-- Name: env_samp_samp_fk; Type: FK CONSTRAINT; Schema: clinlims; Owner: clinlims
--

ALTER TABLE ONLY sample_environmental
    ADD CONSTRAINT env_samp_samp_fk FOREIGN KEY (samp_id) REFERENCES sample(id) MATCH FULL;


--
-- Name: fk_doc_parent_id; Type: FK CONSTRAINT; Schema: clinlims; Owner: clinlims
--

ALTER TABLE ONLY document_track
    ADD CONSTRAINT fk_doc_parent_id FOREIGN KEY (parent_id) REFERENCES document_track(id);


--
-- Name: fk_doc_type; Type: FK CONSTRAINT; Schema: clinlims; Owner: clinlims
--

ALTER TABLE ONLY document_track
    ADD CONSTRAINT fk_doc_type FOREIGN KEY (document_type_id) REFERENCES document_type(id);


--
-- Name: fk_sibling_reflex; Type: FK CONSTRAINT; Schema: clinlims; Owner: clinlims
--

ALTER TABLE ONLY test_reflex
    ADD CONSTRAINT fk_sibling_reflex FOREIGN KEY (sibling_reflex) REFERENCES test_reflex(id) ON DELETE CASCADE;


--
-- Name: fk_table_id; Type: FK CONSTRAINT; Schema: clinlims; Owner: clinlims
--

ALTER TABLE ONLY document_track
    ADD CONSTRAINT fk_table_id FOREIGN KEY (table_id) REFERENCES reference_tables(id);


--
-- Name: fk_test_dictioanry_test; Type: FK CONSTRAINT; Schema: clinlims; Owner: clinlims
--

ALTER TABLE ONLY test_dictionary
    ADD CONSTRAINT fk_test_dictioanry_test FOREIGN KEY (test_id) REFERENCES test(id) ON DELETE CASCADE;


--
-- Name: fk_test_dictionary_dictionary; Type: FK CONSTRAINT; Schema: clinlims; Owner: clinlims
--

ALTER TABLE ONLY test_dictionary
    ADD CONSTRAINT fk_test_dictionary_dictionary FOREIGN KEY (dictionary_category_id) REFERENCES dictionary_category(id) ON DELETE CASCADE;


--
-- Name: fk_test_dictionary_qualifiable; Type: FK CONSTRAINT; Schema: clinlims; Owner: clinlims
--

ALTER TABLE ONLY test_dictionary
    ADD CONSTRAINT fk_test_dictionary_qualifiable FOREIGN KEY (qualifiable_entry_id) REFERENCES dictionary(id) ON DELETE CASCADE;


--
-- Name: history_sysuer_fk; Type: FK CONSTRAINT; Schema: clinlims; Owner: clinlims
--

ALTER TABLE ONLY history
    ADD CONSTRAINT history_sysuer_fk FOREIGN KEY (sys_user_id) REFERENCES system_user(id) MATCH FULL;


--
-- Name: ia_analyte_fk; Type: FK CONSTRAINT; Schema: clinlims; Owner: clinlims
--

ALTER TABLE ONLY instrument_analyte
    ADD CONSTRAINT ia_analyte_fk FOREIGN KEY (analyte_id) REFERENCES analyte(id) MATCH FULL;


--
-- Name: ia_instru_fk; Type: FK CONSTRAINT; Schema: clinlims; Owner: clinlims
--

ALTER TABLE ONLY instrument_analyte
    ADD CONSTRAINT ia_instru_fk FOREIGN KEY (instru_id) REFERENCES instrument(id) MATCH FULL;


--
-- Name: ia_method_fk; Type: FK CONSTRAINT; Schema: clinlims; Owner: clinlims
--

ALTER TABLE ONLY instrument_analyte
    ADD CONSTRAINT ia_method_fk FOREIGN KEY (method_id) REFERENCES method(id) MATCH FULL;


--
-- Name: identity_type_fk; Type: FK CONSTRAINT; Schema: clinlims; Owner: clinlims
--

ALTER TABLE ONLY patient_identity
    ADD CONSTRAINT identity_type_fk FOREIGN KEY (identity_type_id) REFERENCES patient_identity_type(id);


--
-- Name: il_instru_fk; Type: FK CONSTRAINT; Schema: clinlims; Owner: clinlims
--

ALTER TABLE ONLY instrument_log
    ADD CONSTRAINT il_instru_fk FOREIGN KEY (instru_id) REFERENCES instrument(id) MATCH FULL;


--
-- Name: il_inv_item_fk; Type: FK CONSTRAINT; Schema: clinlims; Owner: clinlims
--

ALTER TABLE ONLY inventory_location
    ADD CONSTRAINT il_inv_item_fk FOREIGN KEY (inv_item_id) REFERENCES inventory_item(id) MATCH FULL;


--
-- Name: inv_recpt_invitem_fk; Type: FK CONSTRAINT; Schema: clinlims; Owner: clinlims
--

ALTER TABLE ONLY inventory_receipt
    ADD CONSTRAINT inv_recpt_invitem_fk FOREIGN KEY (invitem_id) REFERENCES inventory_item(id) MATCH FULL;


--
-- Name: invcomp_invitem_fk; Type: FK CONSTRAINT; Schema: clinlims; Owner: clinlims
--

ALTER TABLE ONLY inventory_component
    ADD CONSTRAINT invcomp_invitem_fk FOREIGN KEY (invitem_id) REFERENCES inventory_item(id) MATCH FULL;


--
-- Name: invcomp_matcomp_fk_iii; Type: FK CONSTRAINT; Schema: clinlims; Owner: clinlims
--

ALTER TABLE ONLY inventory_component
    ADD CONSTRAINT invcomp_matcomp_fk_iii FOREIGN KEY (material_component_id) REFERENCES inventory_item(id) MATCH FULL;


--
-- Name: inventory__location_fk; Type: FK CONSTRAINT; Schema: clinlims; Owner: clinlims
--

ALTER TABLE ONLY result_inventory
    ADD CONSTRAINT inventory__location_fk FOREIGN KEY (inventory_location_id) REFERENCES inventory_location(id);


--
-- Name: invitem_uom_fk; Type: FK CONSTRAINT; Schema: clinlims; Owner: clinlims
--

ALTER TABLE ONLY inventory_item
    ADD CONSTRAINT invitem_uom_fk FOREIGN KEY (uom_id) REFERENCES unit_of_measure(id) MATCH FULL;


--
-- Name: invloc_storage_fk; Type: FK CONSTRAINT; Schema: clinlims; Owner: clinlims
--

ALTER TABLE ONLY inventory_location
    ADD CONSTRAINT invloc_storage_fk FOREIGN KEY (storage_id) REFERENCES storage_location(id) MATCH FULL;


--
-- Name: invrec_org_fk_iii; Type: FK CONSTRAINT; Schema: clinlims; Owner: clinlims
--

ALTER TABLE ONLY inventory_receipt
    ADD CONSTRAINT invrec_org_fk_iii FOREIGN KEY (org_id) REFERENCES organization(id) MATCH FULL;


--
-- Name: lab_order_item_table_fk; Type: FK CONSTRAINT; Schema: clinlims; Owner: clinlims
--

ALTER TABLE ONLY lab_order_item
    ADD CONSTRAINT lab_order_item_table_fk FOREIGN KEY (table_ref) REFERENCES reference_tables(id);


--
-- Name: lab_order_item_type_fk; Type: FK CONSTRAINT; Schema: clinlims; Owner: clinlims
--

ALTER TABLE ONLY lab_order_item
    ADD CONSTRAINT lab_order_item_type_fk FOREIGN KEY (lab_order_type_id) REFERENCES lab_order_type(id);


--
-- Name: label_script_fk; Type: FK CONSTRAINT; Schema: clinlims; Owner: clinlims
--

ALTER TABLE ONLY label
    ADD CONSTRAINT label_script_fk FOREIGN KEY (scriptlet_id) REFERENCES scriptlet(id) MATCH FULL;


--
-- Name: ma_analyte_fk; Type: FK CONSTRAINT; Schema: clinlims; Owner: clinlims
--

ALTER TABLE ONLY method_analyte
    ADD CONSTRAINT ma_analyte_fk FOREIGN KEY (analyte_id) REFERENCES analyte(id) MATCH FULL;


--
-- Name: ma_method_fk; Type: FK CONSTRAINT; Schema: clinlims; Owner: clinlims
--

ALTER TABLE ONLY method_analyte
    ADD CONSTRAINT ma_method_fk FOREIGN KEY (method_id) REFERENCES method(id) MATCH FULL;


--
-- Name: menu_parent_fk; Type: FK CONSTRAINT; Schema: clinlims; Owner: clinlims
--

ALTER TABLE ONLY menu
    ADD CONSTRAINT menu_parent_fk FOREIGN KEY (parent_id) REFERENCES menu(id);


--
-- Name: methres_method_fk_ii; Type: FK CONSTRAINT; Schema: clinlims; Owner: clinlims
--

ALTER TABLE ONLY method_result
    ADD CONSTRAINT methres_method_fk_ii FOREIGN KEY (method_id) REFERENCES method(id) MATCH FULL;


--
-- Name: methres_scrip_fk; Type: FK CONSTRAINT; Schema: clinlims; Owner: clinlims
--

ALTER TABLE ONLY method_result
    ADD CONSTRAINT methres_scrip_fk FOREIGN KEY (scrip_id) REFERENCES scriptlet(id) MATCH FULL;


--
-- Name: mls_lab_tp_org_mlt_fk; Type: FK CONSTRAINT; Schema: clinlims; Owner: clinlims
--

ALTER TABLE ONLY mls_lab_type
    ADD CONSTRAINT mls_lab_tp_org_mlt_fk FOREIGN KEY (org_mlt_org_mlt_id) REFERENCES org_mls_lab_type(org_mlt_id) MATCH FULL;


--
-- Name: note_sys_user_fk; Type: FK CONSTRAINT; Schema: clinlims; Owner: clinlims
--

ALTER TABLE ONLY note
    ADD CONSTRAINT note_sys_user_fk FOREIGN KEY (sys_user_id) REFERENCES system_user(id) MATCH FULL;


--
-- Name: ord_org_fk; Type: FK CONSTRAINT; Schema: clinlims; Owner: clinlims
--

ALTER TABLE ONLY orders
    ADD CONSTRAINT ord_org_fk FOREIGN KEY (org_id) REFERENCES organization(id) MATCH FULL;


--
-- Name: ord_sys_user_fk; Type: FK CONSTRAINT; Schema: clinlims; Owner: clinlims
--

ALTER TABLE ONLY orders
    ADD CONSTRAINT ord_sys_user_fk FOREIGN KEY (sys_user_id) REFERENCES system_user(id) MATCH FULL;


--
-- Name: orditem_inv_loc_fk_ii; Type: FK CONSTRAINT; Schema: clinlims; Owner: clinlims
--

ALTER TABLE ONLY order_item
    ADD CONSTRAINT orditem_inv_loc_fk_ii FOREIGN KEY (inv_loc_id) REFERENCES inventory_location(id) MATCH FULL;


--
-- Name: orditem_ord_fk; Type: FK CONSTRAINT; Schema: clinlims; Owner: clinlims
--

ALTER TABLE ONLY order_item
    ADD CONSTRAINT orditem_ord_fk FOREIGN KEY (ord_id) REFERENCES orders(id) MATCH FULL;


--
-- Name: org_contact_org_fk; Type: FK CONSTRAINT; Schema: clinlims; Owner: clinlims
--

ALTER TABLE ONLY organization_contact
    ADD CONSTRAINT org_contact_org_fk FOREIGN KEY (organization_id) REFERENCES organization(id);


--
-- Name: org_contact_person_fk; Type: FK CONSTRAINT; Schema: clinlims; Owner: clinlims
--

ALTER TABLE ONLY organization_contact
    ADD CONSTRAINT org_contact_person_fk FOREIGN KEY (person_id) REFERENCES person(id);


--
-- Name: org_hl7_encoding_id_fk; Type: FK CONSTRAINT; Schema: clinlims; Owner: clinlims
--

ALTER TABLE ONLY org_hl7_encoding_type
    ADD CONSTRAINT org_hl7_encoding_id_fk FOREIGN KEY (encoding_type_id) REFERENCES test_code_type(id);


--
-- Name: org_hl7_org_id_fk; Type: FK CONSTRAINT; Schema: clinlims; Owner: clinlims
--

ALTER TABLE ONLY org_hl7_encoding_type
    ADD CONSTRAINT org_hl7_org_id_fk FOREIGN KEY (organization_id) REFERENCES organization(id);


--
-- Name: org_org_fk; Type: FK CONSTRAINT; Schema: clinlims; Owner: clinlims
--

ALTER TABLE ONLY organization
    ADD CONSTRAINT org_org_fk FOREIGN KEY (org_id) REFERENCES organization(id) MATCH FULL;


--
-- Name: org_org_mlt_fk; Type: FK CONSTRAINT; Schema: clinlims; Owner: clinlims
--

ALTER TABLE ONLY organization
    ADD CONSTRAINT org_org_mlt_fk FOREIGN KEY (org_mlt_org_mlt_id) REFERENCES org_mls_lab_type(org_mlt_id) MATCH FULL;


--
-- Name: organization_address_address_fk; Type: FK CONSTRAINT; Schema: clinlims; Owner: clinlims
--

ALTER TABLE ONLY organization_address
    ADD CONSTRAINT organization_address_address_fk FOREIGN KEY (address_part_id) REFERENCES address_part(id);


--
-- Name: organization_address_organization_fk; Type: FK CONSTRAINT; Schema: clinlims; Owner: clinlims
--

ALTER TABLE ONLY organization_address
    ADD CONSTRAINT organization_address_organization_fk FOREIGN KEY (organization_id) REFERENCES organization(id);


--
-- Name: organization_fk; Type: FK CONSTRAINT; Schema: clinlims; Owner: clinlims
--

ALTER TABLE ONLY project_organization
    ADD CONSTRAINT organization_fk FOREIGN KEY (org_id) REFERENCES organization(id);


--
-- Name: organization_fk; Type: FK CONSTRAINT; Schema: clinlims; Owner: clinlims
--

ALTER TABLE ONLY organization_organization_type
    ADD CONSTRAINT organization_fk FOREIGN KEY (org_id) REFERENCES organization(id) ON DELETE CASCADE;


--
-- Name: organization_type_fk; Type: FK CONSTRAINT; Schema: clinlims; Owner: clinlims
--

ALTER TABLE ONLY organization_organization_type
    ADD CONSTRAINT organization_type_fk FOREIGN KEY (org_type_id) REFERENCES organization_type(id);


--
-- Name: pan_it_panel_fk; Type: FK CONSTRAINT; Schema: clinlims; Owner: clinlims
--

ALTER TABLE ONLY panel_item
    ADD CONSTRAINT pan_it_panel_fk FOREIGN KEY (panel_id) REFERENCES panel(id) MATCH FULL;


--
-- Name: parent_test_sec_test_sect_fk; Type: FK CONSTRAINT; Schema: clinlims; Owner: clinlims
--

ALTER TABLE ONLY test_section
    ADD CONSTRAINT parent_test_sec_test_sect_fk FOREIGN KEY (parent_test_section) REFERENCES test_section(id) MATCH FULL;


--
-- Name: pat_id_fk; Type: FK CONSTRAINT; Schema: clinlims; Owner: clinlims
--

ALTER TABLE ONLY patient_occupation
    ADD CONSTRAINT pat_id_fk FOREIGN KEY (patient_id) REFERENCES patient(id);


--
-- Name: pat_person_fk; Type: FK CONSTRAINT; Schema: clinlims; Owner: clinlims
--

ALTER TABLE ONLY patient
    ADD CONSTRAINT pat_person_fk FOREIGN KEY (person_id) REFERENCES person(id) MATCH FULL;


--
-- Name: patient_fk; Type: FK CONSTRAINT; Schema: clinlims; Owner: clinlims
--

ALTER TABLE ONLY patient_identity
    ADD CONSTRAINT patient_fk FOREIGN KEY (patient_id) REFERENCES patient(id);


--
-- Name: patient_fk; Type: FK CONSTRAINT; Schema: clinlims; Owner: clinlims
--

ALTER TABLE ONLY patient_patient_type
    ADD CONSTRAINT patient_fk FOREIGN KEY (patient_id) REFERENCES patient(id);


--
-- Name: patient_fk; Type: FK CONSTRAINT; Schema: clinlims; Owner: clinlims
--

ALTER TABLE ONLY observation_history
    ADD CONSTRAINT patient_fk FOREIGN KEY (patient_id) REFERENCES patient(id);


--
-- Name: patient_type_fk; Type: FK CONSTRAINT; Schema: clinlims; Owner: clinlims
--

ALTER TABLE ONLY patient_patient_type
    ADD CONSTRAINT patient_type_fk FOREIGN KEY (patient_type_id) REFERENCES patient_type(id);


--
-- Name: person_address_address_fk; Type: FK CONSTRAINT; Schema: clinlims; Owner: clinlims
--

ALTER TABLE ONLY person_address
    ADD CONSTRAINT person_address_address_fk FOREIGN KEY (address_part_id) REFERENCES address_part(id);


--
-- Name: person_address_person_fk; Type: FK CONSTRAINT; Schema: clinlims; Owner: clinlims
--

ALTER TABLE ONLY person_address
    ADD CONSTRAINT person_address_person_fk FOREIGN KEY (person_id) REFERENCES person(id);


--
-- Name: pr_pat_fk; Type: FK CONSTRAINT; Schema: clinlims; Owner: clinlims
--

ALTER TABLE ONLY patient_relations
    ADD CONSTRAINT pr_pat_fk FOREIGN KEY (pat_id) REFERENCES patient(id) MATCH FULL;


--
-- Name: pr_pat_source_fk; Type: FK CONSTRAINT; Schema: clinlims; Owner: clinlims
--

ALTER TABLE ONLY patient_relations
    ADD CONSTRAINT pr_pat_source_fk FOREIGN KEY (pat_id_source) REFERENCES patient(id) MATCH FULL;


--
-- Name: project_fk; Type: FK CONSTRAINT; Schema: clinlims; Owner: clinlims
--

ALTER TABLE ONLY project_organization
    ADD CONSTRAINT project_fk FOREIGN KEY (project_id) REFERENCES project(id);


--
-- Name: project_script_fk_ii; Type: FK CONSTRAINT; Schema: clinlims; Owner: clinlims
--

ALTER TABLE ONLY project
    ADD CONSTRAINT project_script_fk_ii FOREIGN KEY (scriptlet_id) REFERENCES scriptlet(id) MATCH FULL;


--
-- Name: project_sysuer_fk; Type: FK CONSTRAINT; Schema: clinlims; Owner: clinlims
--

ALTER TABLE ONLY project
    ADD CONSTRAINT project_sysuer_fk FOREIGN KEY (sys_user_id) REFERENCES system_user(id) MATCH FULL;


--
-- Name: projectparam_proj_fk; Type: FK CONSTRAINT; Schema: clinlims; Owner: clinlims
--

ALTER TABLE ONLY project_parameter
    ADD CONSTRAINT projectparam_proj_fk FOREIGN KEY (project_id) REFERENCES project(id) MATCH FULL;


--
-- Name: prov_person_fk; Type: FK CONSTRAINT; Schema: clinlims; Owner: clinlims
--

ALTER TABLE ONLY provider
    ADD CONSTRAINT prov_person_fk FOREIGN KEY (person_id) REFERENCES person(id) MATCH FULL;


--
-- Name: qa_observation_type_k; Type: FK CONSTRAINT; Schema: clinlims; Owner: clinlims
--

ALTER TABLE ONLY qa_observation
    ADD CONSTRAINT qa_observation_type_k FOREIGN KEY (qa_observation_type_id) REFERENCES qa_observation_type(id);


--
-- Name: qaev_test_fk; Type: FK CONSTRAINT; Schema: clinlims; Owner: clinlims
--

ALTER TABLE ONLY qa_event
    ADD CONSTRAINT qaev_test_fk FOREIGN KEY (test_id) REFERENCES test(id) MATCH FULL;


--
-- Name: qc_sys_user_fk; Type: FK CONSTRAINT; Schema: clinlims; Owner: clinlims
--

ALTER TABLE ONLY qc
    ADD CONSTRAINT qc_sys_user_fk FOREIGN KEY (sys_user_id) REFERENCES system_user(id) MATCH FULL;


--
-- Name: qc_uom_fk; Type: FK CONSTRAINT; Schema: clinlims; Owner: clinlims
--

ALTER TABLE ONLY qc
    ADD CONSTRAINT qc_uom_fk FOREIGN KEY (uom_id) REFERENCES unit_of_measure(id) MATCH FULL;


--
-- Name: qcanlyt_analyte_fk; Type: FK CONSTRAINT; Schema: clinlims; Owner: clinlims
--

ALTER TABLE ONLY qc_analytes
    ADD CONSTRAINT qcanlyt_analyte_fk FOREIGN KEY (analyte_id) REFERENCES analyte(id) MATCH FULL;


--
-- Name: qrtz_blob_triggers_trigger_name_fkey; Type: FK CONSTRAINT; Schema: clinlims; Owner: clinlims
--

ALTER TABLE ONLY qrtz_blob_triggers
    ADD CONSTRAINT qrtz_blob_triggers_trigger_name_fkey FOREIGN KEY (trigger_name, trigger_group) REFERENCES qrtz_triggers(trigger_name, trigger_group);


--
-- Name: qrtz_cron_triggers_trigger_name_fkey; Type: FK CONSTRAINT; Schema: clinlims; Owner: clinlims
--

ALTER TABLE ONLY qrtz_cron_triggers
    ADD CONSTRAINT qrtz_cron_triggers_trigger_name_fkey FOREIGN KEY (trigger_name, trigger_group) REFERENCES qrtz_triggers(trigger_name, trigger_group);


--
-- Name: qrtz_job_listeners_job_name_fkey; Type: FK CONSTRAINT; Schema: clinlims; Owner: clinlims
--

ALTER TABLE ONLY qrtz_job_listeners
    ADD CONSTRAINT qrtz_job_listeners_job_name_fkey FOREIGN KEY (job_name, job_group) REFERENCES qrtz_job_details(job_name, job_group);


--
-- Name: qrtz_simple_triggers_trigger_name_fkey; Type: FK CONSTRAINT; Schema: clinlims; Owner: clinlims
--

ALTER TABLE ONLY qrtz_simple_triggers
    ADD CONSTRAINT qrtz_simple_triggers_trigger_name_fkey FOREIGN KEY (trigger_name, trigger_group) REFERENCES qrtz_triggers(trigger_name, trigger_group);


--
-- Name: qrtz_trigger_listeners_trigger_name_fkey; Type: FK CONSTRAINT; Schema: clinlims; Owner: clinlims
--

ALTER TABLE ONLY qrtz_trigger_listeners
    ADD CONSTRAINT qrtz_trigger_listeners_trigger_name_fkey FOREIGN KEY (trigger_name, trigger_group) REFERENCES qrtz_triggers(trigger_name, trigger_group);


--
-- Name: qrtz_triggers_job_name_fkey; Type: FK CONSTRAINT; Schema: clinlims; Owner: clinlims
--

ALTER TABLE ONLY qrtz_triggers
    ADD CONSTRAINT qrtz_triggers_job_name_fkey FOREIGN KEY (job_name, job_group) REFERENCES qrtz_job_details(job_name, job_group);


--
-- Name: receiver_code_code_element_fk; Type: FK CONSTRAINT; Schema: clinlims; Owner: clinlims
--

ALTER TABLE ONLY receiver_code_element
    ADD CONSTRAINT receiver_code_code_element_fk FOREIGN KEY (code_element_type_id) REFERENCES code_element_type(id) MATCH FULL;


--
-- Name: receiver_code_message_org_fk; Type: FK CONSTRAINT; Schema: clinlims; Owner: clinlims
--

ALTER TABLE ONLY receiver_code_element
    ADD CONSTRAINT receiver_code_message_org_fk FOREIGN KEY (message_org_id) REFERENCES message_org(id) MATCH FULL;


--
-- Name: referral_analysis_fk; Type: FK CONSTRAINT; Schema: clinlims; Owner: clinlims
--

ALTER TABLE ONLY referral
    ADD CONSTRAINT referral_analysis_fk FOREIGN KEY (analysis_id) REFERENCES analysis(id);


--
-- Name: referral_organization_fk; Type: FK CONSTRAINT; Schema: clinlims; Owner: clinlims
--

ALTER TABLE ONLY referral
    ADD CONSTRAINT referral_organization_fk FOREIGN KEY (organization_id) REFERENCES organization(id) ON DELETE CASCADE;


--
-- Name: referral_reason_fk; Type: FK CONSTRAINT; Schema: clinlims; Owner: clinlims
--

ALTER TABLE ONLY referral
    ADD CONSTRAINT referral_reason_fk FOREIGN KEY (referral_reason_id) REFERENCES referral_reason(id);


--
-- Name: referral_result_referral_fk; Type: FK CONSTRAINT; Schema: clinlims; Owner: clinlims
--

ALTER TABLE ONLY referral_result
    ADD CONSTRAINT referral_result_referral_fk FOREIGN KEY (referral_id) REFERENCES referral(id) ON DELETE CASCADE;


--
-- Name: referral_result_result; Type: FK CONSTRAINT; Schema: clinlims; Owner: clinlims
--

ALTER TABLE ONLY referral_result
    ADD CONSTRAINT referral_result_result FOREIGN KEY (result_id) REFERENCES result(id);


--
-- Name: referral_result_test_fk; Type: FK CONSTRAINT; Schema: clinlims; Owner: clinlims
--

ALTER TABLE ONLY referral_result
    ADD CONSTRAINT referral_result_test_fk FOREIGN KEY (test_id) REFERENCES test(id);


--
-- Name: referral_type_fk; Type: FK CONSTRAINT; Schema: clinlims; Owner: clinlims
--

ALTER TABLE ONLY referral
    ADD CONSTRAINT referral_type_fk FOREIGN KEY (referral_type_id) REFERENCES referral_type(id);


--
-- Name: report_queue_type_fk; Type: FK CONSTRAINT; Schema: clinlims; Owner: clinlims
--

ALTER TABLE ONLY report_external_export
    ADD CONSTRAINT report_queue_type_fk FOREIGN KEY (type) REFERENCES report_queue_type(id);


--
-- Name: requester_type_fk; Type: FK CONSTRAINT; Schema: clinlims; Owner: clinlims
--

ALTER TABLE ONLY sample_requester
    ADD CONSTRAINT requester_type_fk FOREIGN KEY (requester_type_id) REFERENCES requester_type(id);


--
-- Name: result_analysis_fk; Type: FK CONSTRAINT; Schema: clinlims; Owner: clinlims
--

ALTER TABLE ONLY result
    ADD CONSTRAINT result_analysis_fk FOREIGN KEY (analysis_id) REFERENCES analysis(id) MATCH FULL;


--
-- Name: result_analyte_fk_ii; Type: FK CONSTRAINT; Schema: clinlims; Owner: clinlims
--

ALTER TABLE ONLY result
    ADD CONSTRAINT result_analyte_fk_ii FOREIGN KEY (analyte_id) REFERENCES analyte(id) MATCH FULL;


--
-- Name: result_fk; Type: FK CONSTRAINT; Schema: clinlims; Owner: clinlims
--

ALTER TABLE ONLY result_inventory
    ADD CONSTRAINT result_fk FOREIGN KEY (result_id) REFERENCES result(id);


--
-- Name: result_id_fk; Type: FK CONSTRAINT; Schema: clinlims; Owner: clinlims
--

ALTER TABLE ONLY result_signature
    ADD CONSTRAINT result_id_fk FOREIGN KEY (result_id) REFERENCES result(id);


--
-- Name: result_parent_id_fk; Type: FK CONSTRAINT; Schema: clinlims; Owner: clinlims
--

ALTER TABLE ONLY result
    ADD CONSTRAINT result_parent_id_fk FOREIGN KEY (parent_id) REFERENCES result(id) ON DELETE CASCADE;


--
-- Name: result_testresult_fk; Type: FK CONSTRAINT; Schema: clinlims; Owner: clinlims
--

ALTER TABLE ONLY result
    ADD CONSTRAINT result_testresult_fk FOREIGN KEY (test_result_id) REFERENCES test_result(id) MATCH FULL;


--
-- Name: role_fk; Type: FK CONSTRAINT; Schema: clinlims; Owner: clinlims
--

ALTER TABLE ONLY system_user_role
    ADD CONSTRAINT role_fk FOREIGN KEY (role_id) REFERENCES system_role(id) ON DELETE CASCADE;


--
-- Name: role_parent_role_fk; Type: FK CONSTRAINT; Schema: clinlims; Owner: clinlims
--

ALTER TABLE ONLY system_role
    ADD CONSTRAINT role_parent_role_fk FOREIGN KEY (grouping_parent) REFERENCES system_role(id);


--
-- Name: samp_org_org_fk; Type: FK CONSTRAINT; Schema: clinlims; Owner: clinlims
--

ALTER TABLE ONLY sample_organization
    ADD CONSTRAINT samp_org_org_fk FOREIGN KEY (org_id) REFERENCES organization(id) MATCH FULL;


--
-- Name: samp_org_samp_fk; Type: FK CONSTRAINT; Schema: clinlims; Owner: clinlims
--

ALTER TABLE ONLY sample_organization
    ADD CONSTRAINT samp_org_samp_fk FOREIGN KEY (samp_id) REFERENCES sample(id) MATCH FULL;


--
-- Name: samphuman_patient_fk; Type: FK CONSTRAINT; Schema: clinlims; Owner: clinlims
--

ALTER TABLE ONLY sample_human
    ADD CONSTRAINT samphuman_patient_fk FOREIGN KEY (patient_id) REFERENCES patient(id) MATCH FULL;


--
-- Name: samphuman_provider_fk; Type: FK CONSTRAINT; Schema: clinlims; Owner: clinlims
--

ALTER TABLE ONLY sample_human
    ADD CONSTRAINT samphuman_provider_fk FOREIGN KEY (provider_id) REFERENCES provider(id) MATCH FULL;


--
-- Name: samphuman_sample_fk; Type: FK CONSTRAINT; Schema: clinlims; Owner: clinlims
--

ALTER TABLE ONLY sample_human
    ADD CONSTRAINT samphuman_sample_fk FOREIGN KEY (samp_id) REFERENCES sample(id) MATCH FULL;


--
-- Name: sampitem_sampitem_fk; Type: FK CONSTRAINT; Schema: clinlims; Owner: clinlims
--

ALTER TABLE ONLY sample_item
    ADD CONSTRAINT sampitem_sampitem_fk FOREIGN KEY (sampitem_id) REFERENCES sample_item(id) MATCH FULL;


--
-- Name: sampitem_sample_fk; Type: FK CONSTRAINT; Schema: clinlims; Owner: clinlims
--

ALTER TABLE ONLY sample_item
    ADD CONSTRAINT sampitem_sample_fk FOREIGN KEY (samp_id) REFERENCES sample(id) MATCH FULL;


--
-- Name: sampitem_sourceosamp_fk; Type: FK CONSTRAINT; Schema: clinlims; Owner: clinlims
--

ALTER TABLE ONLY sample_item
    ADD CONSTRAINT sampitem_sourceosamp_fk FOREIGN KEY (source_id) REFERENCES source_of_sample(id) MATCH FULL;


--
-- Name: sampitem_typeosamp_fk; Type: FK CONSTRAINT; Schema: clinlims; Owner: clinlims
--

ALTER TABLE ONLY sample_item
    ADD CONSTRAINT sampitem_typeosamp_fk FOREIGN KEY (typeosamp_id) REFERENCES type_of_sample(id) MATCH FULL;


--
-- Name: sampitem_uom_fk; Type: FK CONSTRAINT; Schema: clinlims; Owner: clinlims
--

ALTER TABLE ONLY sample_item
    ADD CONSTRAINT sampitem_uom_fk FOREIGN KEY (uom_id) REFERENCES unit_of_measure(id) MATCH FULL;


--
-- Name: sample_electronic_order_fk; Type: FK CONSTRAINT; Schema: clinlims; Owner: clinlims
--

ALTER TABLE ONLY sample
    ADD CONSTRAINT sample_electronic_order_fk FOREIGN KEY (clinical_order_id) REFERENCES electronic_order(id);


--
-- Name: sample_fk; Type: FK CONSTRAINT; Schema: clinlims; Owner: clinlims
--

ALTER TABLE ONLY observation_history
    ADD CONSTRAINT sample_fk FOREIGN KEY (sample_id) REFERENCES sample(id);


--
-- Name: sample_package_fk; Type: FK CONSTRAINT; Schema: clinlims; Owner: clinlims
--

ALTER TABLE ONLY sample
    ADD CONSTRAINT sample_package_fk FOREIGN KEY (package_id) REFERENCES package_1(id) MATCH FULL;


--
-- Name: sample_qaevent_sampleitem_fk; Type: FK CONSTRAINT; Schema: clinlims; Owner: clinlims
--

ALTER TABLE ONLY sample_qaevent
    ADD CONSTRAINT sample_qaevent_sampleitem_fk FOREIGN KEY (sampleitem_id) REFERENCES sample_item(id);


--
-- Name: sample_status_fk; Type: FK CONSTRAINT; Schema: clinlims; Owner: clinlims
--

ALTER TABLE ONLY sample
    ADD CONSTRAINT sample_status_fk FOREIGN KEY (status_id) REFERENCES status_of_sample(id);


--
-- Name: sample_sysuser_fk; Type: FK CONSTRAINT; Schema: clinlims; Owner: clinlims
--

ALTER TABLE ONLY sample
    ADD CONSTRAINT sample_sysuser_fk FOREIGN KEY (sys_user_id) REFERENCES system_user(id) MATCH FULL;


--
-- Name: sampletype_panel_panel_id_fkey; Type: FK CONSTRAINT; Schema: clinlims; Owner: clinlims
--

ALTER TABLE ONLY sampletype_panel
    ADD CONSTRAINT sampletype_panel_panel_id_fkey FOREIGN KEY (panel_id) REFERENCES panel(id);


--
-- Name: sampletype_panel_sample_type_id_fkey; Type: FK CONSTRAINT; Schema: clinlims; Owner: clinlims
--

ALTER TABLE ONLY sampletype_panel
    ADD CONSTRAINT sampletype_panel_sample_type_id_fkey FOREIGN KEY (sample_type_id) REFERENCES type_of_sample(id);


--
-- Name: sampletype_test_sample_type_id_fkey; Type: FK CONSTRAINT; Schema: clinlims; Owner: clinlims
--

ALTER TABLE ONLY sampletype_test
    ADD CONSTRAINT sampletype_test_sample_type_id_fkey FOREIGN KEY (sample_type_id) REFERENCES type_of_sample(id);


--
-- Name: sampletype_test_test_id_fkey; Type: FK CONSTRAINT; Schema: clinlims; Owner: clinlims
--

ALTER TABLE ONLY sampletype_test
    ADD CONSTRAINT sampletype_test_test_id_fkey FOREIGN KEY (test_id) REFERENCES test(id);


--
-- Name: sampnewborn_sample_fk; Type: FK CONSTRAINT; Schema: clinlims; Owner: clinlims
--

ALTER TABLE ONLY sample_newborn
    ADD CONSTRAINT sampnewborn_sample_fk FOREIGN KEY (id) REFERENCES sample_human(id);


--
-- Name: sampproj_project_fk; Type: FK CONSTRAINT; Schema: clinlims; Owner: clinlims
--

ALTER TABLE ONLY sample_projects
    ADD CONSTRAINT sampproj_project_fk FOREIGN KEY (proj_id) REFERENCES project(id) MATCH FULL;


--
-- Name: sampproj_sample_fk; Type: FK CONSTRAINT; Schema: clinlims; Owner: clinlims
--

ALTER TABLE ONLY sample_projects
    ADD CONSTRAINT sampproj_sample_fk FOREIGN KEY (samp_id) REFERENCES sample(id) MATCH FULL;


--
-- Name: sci_name_comm_anim_fk; Type: FK CONSTRAINT; Schema: clinlims; Owner: clinlims
--

ALTER TABLE ONLY animal_scientific_name
    ADD CONSTRAINT sci_name_comm_anim_fk FOREIGN KEY (comm_anim_id) REFERENCES animal_common_name(id) MATCH FULL;


--
-- Name: status_fk; Type: FK CONSTRAINT; Schema: clinlims; Owner: clinlims
--

ALTER TABLE ONLY analyzer_results
    ADD CONSTRAINT status_fk FOREIGN KEY (status_id) REFERENCES analyzer_result_status(id);


--
-- Name: status_id; Type: FK CONSTRAINT; Schema: clinlims; Owner: clinlims
--

ALTER TABLE ONLY electronic_order
    ADD CONSTRAINT status_id FOREIGN KEY (status_id) REFERENCES status_of_sample(id);


--
-- Name: storloc_parent_storloc_fk; Type: FK CONSTRAINT; Schema: clinlims; Owner: clinlims
--

ALTER TABLE ONLY storage_location
    ADD CONSTRAINT storloc_parent_storloc_fk FOREIGN KEY (parent_storageloc_id) REFERENCES storage_location(id) MATCH FULL;


--
-- Name: storloc_storunit_fk; Type: FK CONSTRAINT; Schema: clinlims; Owner: clinlims
--

ALTER TABLE ONLY storage_location
    ADD CONSTRAINT storloc_storunit_fk FOREIGN KEY (storage_unit_id) REFERENCES storage_unit(id) MATCH FULL;


--
-- Name: sysrolemodule_sysmodule_fk; Type: FK CONSTRAINT; Schema: clinlims; Owner: clinlims
--

ALTER TABLE ONLY system_role_module
    ADD CONSTRAINT sysrolemodule_sysmodule_fk FOREIGN KEY (system_module_id) REFERENCES system_module(id) MATCH FULL ON DELETE CASCADE;


--
-- Name: sysrolemodule_sysrole_fk; Type: FK CONSTRAINT; Schema: clinlims; Owner: clinlims
--

ALTER TABLE ONLY system_role_module
    ADD CONSTRAINT sysrolemodule_sysrole_fk FOREIGN KEY (system_role_id) REFERENCES system_role(id) MATCH FULL ON DELETE CASCADE;


--
-- Name: system_user_fk; Type: FK CONSTRAINT; Schema: clinlims; Owner: clinlims
--

ALTER TABLE ONLY system_user_role
    ADD CONSTRAINT system_user_fk FOREIGN KEY (system_user_id) REFERENCES system_user(id) ON DELETE CASCADE;


--
-- Name: system_user_id_fk; Type: FK CONSTRAINT; Schema: clinlims; Owner: clinlims
--

ALTER TABLE ONLY result_signature
    ADD CONSTRAINT system_user_id_fk FOREIGN KEY (system_user_id) REFERENCES system_user(id);


--
-- Name: sysusermodule_sysmodule_fk; Type: FK CONSTRAINT; Schema: clinlims; Owner: clinlims
--

ALTER TABLE ONLY system_user_module
    ADD CONSTRAINT sysusermodule_sysmodule_fk FOREIGN KEY (system_module_id) REFERENCES system_module(id) MATCH FULL;


--
-- Name: sysusermodule_sysuser_fk; Type: FK CONSTRAINT; Schema: clinlims; Owner: clinlims
--

ALTER TABLE ONLY system_user_module
    ADD CONSTRAINT sysusermodule_sysuser_fk FOREIGN KEY (system_user_id) REFERENCES system_user(id) MATCH FULL;


--
-- Name: sysusersect_sysuser_fk; Type: FK CONSTRAINT; Schema: clinlims; Owner: clinlims
--

ALTER TABLE ONLY system_user_section
    ADD CONSTRAINT sysusersect_sysuser_fk FOREIGN KEY (system_user_id) REFERENCES system_user(id) MATCH FULL;


--
-- Name: sysusersect_testsect_fk; Type: FK CONSTRAINT; Schema: clinlims; Owner: clinlims
--

ALTER TABLE ONLY system_user_section
    ADD CONSTRAINT sysusersect_testsect_fk FOREIGN KEY (test_section_id) REFERENCES test_section(id) MATCH FULL;


--
-- Name: test_fk; Type: FK CONSTRAINT; Schema: clinlims; Owner: clinlims
--

ALTER TABLE ONLY result_limits
    ADD CONSTRAINT test_fk FOREIGN KEY (test_id) REFERENCES test(id);


--
-- Name: test_hl7_encoding_id_fk; Type: FK CONSTRAINT; Schema: clinlims; Owner: clinlims
--

ALTER TABLE ONLY test_code
    ADD CONSTRAINT test_hl7_encoding_id_fk FOREIGN KEY (code_type_id) REFERENCES test_code_type(id);


--
-- Name: test_hl7_test_id_fk; Type: FK CONSTRAINT; Schema: clinlims; Owner: clinlims
--

ALTER TABLE ONLY test_code
    ADD CONSTRAINT test_hl7_test_id_fk FOREIGN KEY (test_id) REFERENCES test(id);


--
-- Name: test_label_fk; Type: FK CONSTRAINT; Schema: clinlims; Owner: clinlims
--

ALTER TABLE ONLY test
    ADD CONSTRAINT test_label_fk FOREIGN KEY (label_id) REFERENCES label(id) MATCH FULL;


--
-- Name: test_method_fk; Type: FK CONSTRAINT; Schema: clinlims; Owner: clinlims
--

ALTER TABLE ONLY test
    ADD CONSTRAINT test_method_fk FOREIGN KEY (method_id) REFERENCES method(id) MATCH FULL;


--
-- Name: test_reflex_scriptlet_fk; Type: FK CONSTRAINT; Schema: clinlims; Owner: clinlims
--

ALTER TABLE ONLY test_reflex
    ADD CONSTRAINT test_reflex_scriptlet_fk FOREIGN KEY (scriptlet_id) REFERENCES scriptlet(id);


--
-- Name: test_result_type_fk; Type: FK CONSTRAINT; Schema: clinlims; Owner: clinlims
--

ALTER TABLE ONLY result_limits
    ADD CONSTRAINT test_result_type_fk FOREIGN KEY (test_result_type_id) REFERENCES type_of_test_result(id);


--
-- Name: test_scriptlet_fk; Type: FK CONSTRAINT; Schema: clinlims; Owner: clinlims
--

ALTER TABLE ONLY test
    ADD CONSTRAINT test_scriptlet_fk FOREIGN KEY (scriptlet_id) REFERENCES scriptlet(id) MATCH FULL;


--
-- Name: test_sect_org_fk; Type: FK CONSTRAINT; Schema: clinlims; Owner: clinlims
--

ALTER TABLE ONLY test_section
    ADD CONSTRAINT test_sect_org_fk FOREIGN KEY (org_id) REFERENCES organization(id) MATCH FULL;


--
-- Name: test_testformat_fk; Type: FK CONSTRAINT; Schema: clinlims; Owner: clinlims
--

ALTER TABLE ONLY test
    ADD CONSTRAINT test_testformat_fk FOREIGN KEY (test_format_id) REFERENCES test_formats(id) MATCH FULL;


--
-- Name: test_testsect_fk; Type: FK CONSTRAINT; Schema: clinlims; Owner: clinlims
--

ALTER TABLE ONLY test
    ADD CONSTRAINT test_testsect_fk FOREIGN KEY (test_section_id) REFERENCES test_section(id) MATCH FULL;


--
-- Name: test_testtrailer_fk; Type: FK CONSTRAINT; Schema: clinlims; Owner: clinlims
--

ALTER TABLE ONLY test
    ADD CONSTRAINT test_testtrailer_fk FOREIGN KEY (test_trailer_id) REFERENCES test_trailer(id) MATCH FULL;


--
-- Name: test_uom_fk; Type: FK CONSTRAINT; Schema: clinlims; Owner: clinlims
--

ALTER TABLE ONLY test
    ADD CONSTRAINT test_uom_fk FOREIGN KEY (uom_id) REFERENCES unit_of_measure(id) MATCH FULL;


--
-- Name: testalyt_analyte_fk; Type: FK CONSTRAINT; Schema: clinlims; Owner: clinlims
--

ALTER TABLE ONLY test_analyte
    ADD CONSTRAINT testalyt_analyte_fk FOREIGN KEY (analyte_id) REFERENCES analyte(id) MATCH FULL;


--
-- Name: testalyt_test_fk; Type: FK CONSTRAINT; Schema: clinlims; Owner: clinlims
--

ALTER TABLE ONLY test_analyte
    ADD CONSTRAINT testalyt_test_fk FOREIGN KEY (test_id) REFERENCES test(id) MATCH FULL;


--
-- Name: testreflex_addtest_fk; Type: FK CONSTRAINT; Schema: clinlims; Owner: clinlims
--

ALTER TABLE ONLY test_reflex
    ADD CONSTRAINT testreflex_addtest_fk FOREIGN KEY (add_test_id) REFERENCES test(id) MATCH FULL;


--
-- Name: testreflex_test_fk; Type: FK CONSTRAINT; Schema: clinlims; Owner: clinlims
--

ALTER TABLE ONLY test_reflex
    ADD CONSTRAINT testreflex_test_fk FOREIGN KEY (test_id) REFERENCES test(id) MATCH FULL;


--
-- Name: testreflex_testanalyt_fk; Type: FK CONSTRAINT; Schema: clinlims; Owner: clinlims
--

ALTER TABLE ONLY test_reflex
    ADD CONSTRAINT testreflex_testanalyt_fk FOREIGN KEY (test_analyte_id) REFERENCES test_analyte(id) MATCH FULL;


--
-- Name: testreflex_tstrslt_fk; Type: FK CONSTRAINT; Schema: clinlims; Owner: clinlims
--

ALTER TABLE ONLY test_reflex
    ADD CONSTRAINT testreflex_tstrslt_fk FOREIGN KEY (tst_rslt_id) REFERENCES test_result(id) MATCH FULL;


--
-- Name: testresult_scriptlet_fk; Type: FK CONSTRAINT; Schema: clinlims; Owner: clinlims
--

ALTER TABLE ONLY test_result
    ADD CONSTRAINT testresult_scriptlet_fk FOREIGN KEY (scriptlet_id) REFERENCES scriptlet(id) MATCH FULL;


--
-- Name: testresult_test_fk; Type: FK CONSTRAINT; Schema: clinlims; Owner: clinlims
--

ALTER TABLE ONLY test_result
    ADD CONSTRAINT testresult_test_fk FOREIGN KEY (test_id) REFERENCES test(id) MATCH FULL;


--
-- Name: tw_test_fk; Type: FK CONSTRAINT; Schema: clinlims; Owner: clinlims
--

ALTER TABLE ONLY test_worksheets
    ADD CONSTRAINT tw_test_fk FOREIGN KEY (test_id) REFERENCES test(id) MATCH FULL;


--
-- Name: twi_qc_fk; Type: FK CONSTRAINT; Schema: clinlims; Owner: clinlims
--

ALTER TABLE ONLY test_worksheet_item
    ADD CONSTRAINT twi_qc_fk FOREIGN KEY (qc_id) REFERENCES qc(id) MATCH FULL;


--
-- Name: twi_tw_fk; Type: FK CONSTRAINT; Schema: clinlims; Owner: clinlims
--

ALTER TABLE ONLY test_worksheet_item
    ADD CONSTRAINT twi_tw_fk FOREIGN KEY (tw_id) REFERENCES test_worksheets(id) MATCH FULL;


--
-- Name: wkshtanalysis_wkshtitem_fk; Type: FK CONSTRAINT; Schema: clinlims; Owner: clinlims
--

ALTER TABLE ONLY worksheet_analysis
    ADD CONSTRAINT wkshtanalysis_wkshtitem_fk FOREIGN KEY (worksheet_item_id) REFERENCES worksheet_item(id) MATCH FULL;


--
-- Name: wkshtanalyte_result_fk; Type: FK CONSTRAINT; Schema: clinlims; Owner: clinlims
--

ALTER TABLE ONLY worksheet_analyte
    ADD CONSTRAINT wkshtanalyte_result_fk FOREIGN KEY (result_id) REFERENCES result(id) MATCH FULL;


--
-- Name: wkshtitem_wksht_fk; Type: FK CONSTRAINT; Schema: clinlims; Owner: clinlims
--

ALTER TABLE ONLY worksheet_item
    ADD CONSTRAINT wkshtitem_wksht_fk FOREIGN KEY (worksheet_id) REFERENCES worksheets(id) MATCH FULL;


--
-- Name: wkshtqc_qcanalyte_fk; Type: FK CONSTRAINT; Schema: clinlims; Owner: clinlims
--

ALTER TABLE ONLY worksheet_qc
    ADD CONSTRAINT wkshtqc_qcanalyte_fk FOREIGN KEY (qc_analyte_id) REFERENCES qc_analytes(id) MATCH FULL;


--
-- Name: wkshtqc_wkshtanalysis_fk; Type: FK CONSTRAINT; Schema: clinlims; Owner: clinlims
--

ALTER TABLE ONLY worksheet_qc
    ADD CONSTRAINT wkshtqc_wkshtanalysis_fk FOREIGN KEY (worksheet_analysis_id) REFERENCES worksheet_analysis(id) MATCH FULL;


--
-- Name: workst_sys_user_fk; Type: FK CONSTRAINT; Schema: clinlims; Owner: clinlims
--

ALTER TABLE ONLY worksheets
    ADD CONSTRAINT workst_sys_user_fk FOREIGN KEY (sys_user_id) REFERENCES system_user(id) MATCH FULL;


--
-- Name: workst_test_fk; Type: FK CONSTRAINT; Schema: clinlims; Owner: clinlims
--

ALTER TABLE ONLY worksheets
    ADD CONSTRAINT workst_test_fk FOREIGN KEY (test_id) REFERENCES test(id) MATCH FULL;


--
-- Name: wrkst_anlt_wrkst_anls_fk; Type: FK CONSTRAINT; Schema: clinlims; Owner: clinlims
--

ALTER TABLE ONLY worksheet_analyte
    ADD CONSTRAINT wrkst_anlt_wrkst_anls_fk FOREIGN KEY (wrkst_anls_id) REFERENCES worksheet_analysis(id) MATCH FULL;


--
-- Name: public; Type: ACL; Schema: -; Owner: postgres
--

REVOKE ALL ON SCHEMA public FROM PUBLIC;
REVOKE ALL ON SCHEMA public FROM postgres;
GRANT ALL ON SCHEMA public TO postgres;
GRANT ALL ON SCHEMA public TO PUBLIC;


--
-- PostgreSQL database dump complete
--

