--
-- PostgreSQL database dump
--

SET statement_timeout = 0;
SET client_encoding = 'UTF8';
SET standard_conforming_strings = on;
SET check_function_bodies = false;
SET client_min_messages = warning;

--
-- Name: clinlims; Type: SCHEMA; Schema: -; Owner: clinlims
--

CREATE SCHEMA clinlims;


ALTER SCHEMA clinlims OWNER TO clinlims;


SET search_path = public, pg_catalog;

--
-- Name: breakpoint; Type: TYPE; Schema: public; Owner: clinlims
--

CREATE TYPE breakpoint AS (
	func oid,
	linenumber integer,
	targetname text
);


ALTER TYPE public.breakpoint OWNER TO clinlims;

--
-- Name: dblink_pkey_results; Type: TYPE; Schema: public; Owner: clinlims
--

CREATE TYPE dblink_pkey_results AS (
	"position" integer,
	colname text
);


ALTER TYPE public.dblink_pkey_results OWNER TO clinlims;

--
-- Name: frame; Type: TYPE; Schema: public; Owner: clinlims
--

CREATE TYPE frame AS (
	level integer,
	targetname text,
	func oid,
	linenumber integer,
	args text
);


ALTER TYPE public.frame OWNER TO clinlims;

--
-- Name: proxyinfo; Type: TYPE; Schema: public; Owner: clinlims
--

CREATE TYPE proxyinfo AS (
	serverversionstr text,
	serverversionnum integer,
	proxyapiver integer,
	serverprocessid integer
);


ALTER TYPE public.proxyinfo OWNER TO clinlims;

--
-- Name: tablefunc_crosstab_2; Type: TYPE; Schema: public; Owner: clinlims
--

CREATE TYPE tablefunc_crosstab_2 AS (
	row_name text,
	category_1 text,
	category_2 text
);


ALTER TYPE public.tablefunc_crosstab_2 OWNER TO clinlims;

--
-- Name: tablefunc_crosstab_3; Type: TYPE; Schema: public; Owner: clinlims
--

CREATE TYPE tablefunc_crosstab_3 AS (
	row_name text,
	category_1 text,
	category_2 text,
	category_3 text
);


ALTER TYPE public.tablefunc_crosstab_3 OWNER TO clinlims;

--
-- Name: tablefunc_crosstab_4; Type: TYPE; Schema: public; Owner: clinlims
--

CREATE TYPE tablefunc_crosstab_4 AS (
	row_name text,
	category_1 text,
	category_2 text,
	category_3 text,
	category_4 text
);


ALTER TYPE public.tablefunc_crosstab_4 OWNER TO clinlims;

--
-- Name: targetinfo; Type: TYPE; Schema: public; Owner: clinlims
--

CREATE TYPE targetinfo AS (
	target oid,
	schema oid,
	nargs integer,
	argtypes oidvector,
	targetname name,
	argmodes "char"[],
	argnames text[],
	targetlang oid,
	fqname text,
	returnsset boolean,
	returntype oid
);


ALTER TYPE public.targetinfo OWNER TO clinlims;

--
-- Name: var; Type: TYPE; Schema: public; Owner: clinlims
--

CREATE TYPE var AS (
	name text,
	varclass character(1),
	linenumber integer,
	isunique boolean,
	isconst boolean,
	isnotnull boolean,
	dtype oid,
	value text
);


ALTER TYPE public.var OWNER TO clinlims;

--
-- Name: connectby(text, text, text, text, integer); Type: FUNCTION; Schema: public; Owner: postgres
--

CREATE FUNCTION connectby(text, text, text, text, integer) RETURNS SETOF record
    LANGUAGE c STABLE STRICT
    AS '$libdir/tablefunc', 'connectby_text';


ALTER FUNCTION public.connectby(text, text, text, text, integer) OWNER TO postgres;

--
-- Name: connectby(text, text, text, text, integer, text); Type: FUNCTION; Schema: public; Owner: postgres
--

CREATE FUNCTION connectby(text, text, text, text, integer, text) RETURNS SETOF record
    LANGUAGE c STABLE STRICT
    AS '$libdir/tablefunc', 'connectby_text';


ALTER FUNCTION public.connectby(text, text, text, text, integer, text) OWNER TO postgres;

--
-- Name: connectby(text, text, text, text, text, integer); Type: FUNCTION; Schema: public; Owner: postgres
--

CREATE FUNCTION connectby(text, text, text, text, text, integer) RETURNS SETOF record
    LANGUAGE c STABLE STRICT
    AS '$libdir/tablefunc', 'connectby_text_serial';


ALTER FUNCTION public.connectby(text, text, text, text, text, integer) OWNER TO postgres;

--
-- Name: connectby(text, text, text, text, text, integer, text); Type: FUNCTION; Schema: public; Owner: postgres
--

CREATE FUNCTION connectby(text, text, text, text, text, integer, text) RETURNS SETOF record
    LANGUAGE c STABLE STRICT
    AS '$libdir/tablefunc', 'connectby_text_serial';


ALTER FUNCTION public.connectby(text, text, text, text, text, integer, text) OWNER TO postgres;

--
-- Name: crosstab(text); Type: FUNCTION; Schema: public; Owner: postgres
--

CREATE FUNCTION crosstab(text) RETURNS SETOF record
    LANGUAGE c STABLE STRICT
    AS '$libdir/tablefunc', 'crosstab';


ALTER FUNCTION public.crosstab(text) OWNER TO postgres;

--
-- Name: crosstab(text, integer); Type: FUNCTION; Schema: public; Owner: postgres
--

CREATE FUNCTION crosstab(text, integer) RETURNS SETOF record
    LANGUAGE c STABLE STRICT
    AS '$libdir/tablefunc', 'crosstab';


ALTER FUNCTION public.crosstab(text, integer) OWNER TO postgres;

--
-- Name: crosstab(text, text); Type: FUNCTION; Schema: public; Owner: postgres
--

CREATE FUNCTION crosstab(text, text) RETURNS SETOF record
    LANGUAGE c STABLE STRICT
    AS '$libdir/tablefunc', 'crosstab_hash';


ALTER FUNCTION public.crosstab(text, text) OWNER TO postgres;

--
-- Name: crosstab2(text); Type: FUNCTION; Schema: public; Owner: postgres
--

CREATE FUNCTION crosstab2(text) RETURNS SETOF tablefunc_crosstab_2
    LANGUAGE c STABLE STRICT
    AS '$libdir/tablefunc', 'crosstab';


ALTER FUNCTION public.crosstab2(text) OWNER TO postgres;

--
-- Name: crosstab3(text); Type: FUNCTION; Schema: public; Owner: postgres
--

CREATE FUNCTION crosstab3(text) RETURNS SETOF tablefunc_crosstab_3
    LANGUAGE c STABLE STRICT
    AS '$libdir/tablefunc', 'crosstab';


ALTER FUNCTION public.crosstab3(text) OWNER TO postgres;

--
-- Name: crosstab4(text); Type: FUNCTION; Schema: public; Owner: postgres
--

CREATE FUNCTION crosstab4(text) RETURNS SETOF tablefunc_crosstab_4
    LANGUAGE c STABLE STRICT
    AS '$libdir/tablefunc', 'crosstab';


ALTER FUNCTION public.crosstab4(text) OWNER TO postgres;

--
-- Name: normal_rand(integer, double precision, double precision); Type: FUNCTION; Schema: public; Owner: postgres
--

CREATE FUNCTION normal_rand(integer, double precision, double precision) RETURNS SETOF double precision
    LANGUAGE c STRICT
    AS '$libdir/tablefunc', 'normal_rand';


ALTER FUNCTION public.normal_rand(integer, double precision, double precision) OWNER TO postgres;

--
-- Name: xpath_list(text, text); Type: FUNCTION; Schema: public; Owner: clinlims
--

CREATE FUNCTION xpath_list(text, text) RETURNS text
    LANGUAGE sql IMMUTABLE STRICT
    AS $_$SELECT xpath_list($1,$2,',')$_$;


ALTER FUNCTION public.xpath_list(text, text) OWNER TO clinlims;

--
-- Name: xpath_nodeset(text, text); Type: FUNCTION; Schema: public; Owner: clinlims
--

CREATE FUNCTION xpath_nodeset(text, text) RETURNS text
    LANGUAGE sql IMMUTABLE STRICT
    AS $_$SELECT xpath_nodeset($1,$2,'','')$_$;


ALTER FUNCTION public.xpath_nodeset(text, text) OWNER TO clinlims;

--
-- Name: xpath_nodeset(text, text, text); Type: FUNCTION; Schema: public; Owner: clinlims
--

CREATE FUNCTION xpath_nodeset(text, text, text) RETURNS text
    LANGUAGE sql IMMUTABLE STRICT
    AS $_$SELECT xpath_nodeset($1,$2,'',$3)$_$;


ALTER FUNCTION public.xpath_nodeset(text, text, text) OWNER TO clinlims;

SET search_path = clinlims, pg_catalog;

SET default_tablespace = '';

SET default_with_oids = false;

--
-- Name: action; Type: TABLE; Schema: clinlims; Owner: clinlims; Tablespace: 
--

CREATE TABLE action (
    id numeric(10,0) NOT NULL,
    code character varying(10) NOT NULL,
    description character varying(256) NOT NULL,
    type character varying(10) NOT NULL,
    lastupdated timestamp(6) without time zone
);


ALTER TABLE clinlims.action OWNER TO clinlims;

--
-- Name: action_seq; Type: SEQUENCE; Schema: clinlims; Owner: clinlims
--

CREATE SEQUENCE action_seq
    START WITH 45
    INCREMENT BY 1
    NO MINVALUE
    NO MAXVALUE
    CACHE 20;


ALTER TABLE clinlims.action_seq OWNER TO clinlims;

--
-- Name: address_part; Type: TABLE; Schema: clinlims; Owner: clinlims; Tablespace: 
--

CREATE TABLE address_part (
    id numeric(10,0) NOT NULL,
    part_name character varying(20) NOT NULL,
    display_order numeric(4,0),
    display_key character varying(20)
);


ALTER TABLE clinlims.address_part OWNER TO clinlims;

--
-- Name: TABLE address_part; Type: COMMENT; Schema: clinlims; Owner: clinlims
--

COMMENT ON TABLE address_part IS 'Holds the different parts of an address';


--
-- Name: COLUMN address_part.id; Type: COMMENT; Schema: clinlims; Owner: clinlims
--

COMMENT ON COLUMN address_part.id IS 'Unique id genereated from address_part seq';


--
-- Name: COLUMN address_part.part_name; Type: COMMENT; Schema: clinlims; Owner: clinlims
--

COMMENT ON COLUMN address_part.part_name IS 'What part of the address is this, street, commune state etc.';


--
-- Name: COLUMN address_part.display_order; Type: COMMENT; Schema: clinlims; Owner: clinlims
--

COMMENT ON COLUMN address_part.display_order IS 'The order in which they are listed in the standardard address format';


--
-- Name: COLUMN address_part.display_key; Type: COMMENT; Schema: clinlims; Owner: clinlims
--

COMMENT ON COLUMN address_part.display_key IS 'The display key for localization';


--
-- Name: address_part_seq; Type: SEQUENCE; Schema: clinlims; Owner: clinlims
--

CREATE SEQUENCE address_part_seq
    START WITH 1
    INCREMENT BY 1
    NO MINVALUE
    NO MAXVALUE
    CACHE 1;


ALTER TABLE clinlims.address_part_seq OWNER TO clinlims;

--
-- Name: analysis; Type: TABLE; Schema: clinlims; Owner: clinlims; Tablespace: 
--

CREATE TABLE analysis (
    id numeric(10,0) NOT NULL,
    sampitem_id numeric(10,0),
    test_sect_id numeric(10,0),
    test_id numeric(10,0),
    revision numeric,
    status character varying(1),
    started_date timestamp without time zone,
    completed_date timestamp without time zone,
    released_date timestamp without time zone,
    printed_date timestamp without time zone,
    is_reportable character varying(1),
    so_send_ready_date timestamp without time zone,
    so_client_reference character varying(240),
    so_notify_received_date timestamp without time zone,
    so_notify_send_date timestamp without time zone,
    so_send_date timestamp without time zone,
    so_send_entry_by character varying(240),
    so_send_entry_date timestamp without time zone,
    analysis_type character varying(10) NOT NULL,
    lastupdated timestamp(6) without time zone,
    parent_analysis_id numeric(10,0),
    parent_result_id numeric(10,0),
    reflex_trigger boolean DEFAULT false,
    status_id numeric(10,0),
    entry_date timestamp with time zone,
    panel_id numeric(10,0),
    referred_out boolean DEFAULT false,
    type_of_sample_name character varying(40),
    corrected boolean DEFAULT false
);


ALTER TABLE clinlims.analysis OWNER TO clinlims;

--
-- Name: COLUMN analysis.id; Type: COMMENT; Schema: clinlims; Owner: clinlims
--

COMMENT ON COLUMN analysis.id IS 'Sequential number';


--
-- Name: COLUMN analysis.sampitem_id; Type: COMMENT; Schema: clinlims; Owner: clinlims
--

COMMENT ON COLUMN analysis.sampitem_id IS 'Sample source write in if not already defined';


--
-- Name: COLUMN analysis.test_id; Type: COMMENT; Schema: clinlims; Owner: clinlims
--

COMMENT ON COLUMN analysis.test_id IS 'Sequential value assigned on insert';


--
-- Name: COLUMN analysis.revision; Type: COMMENT; Schema: clinlims; Owner: clinlims
--

COMMENT ON COLUMN analysis.revision IS 'revision number';


--
-- Name: COLUMN analysis.status; Type: COMMENT; Schema: clinlims; Owner: clinlims
--

COMMENT ON COLUMN analysis.status IS 'Analysis Status; logged in, initiated, completed, released';


--
-- Name: COLUMN analysis.started_date; Type: COMMENT; Schema: clinlims; Owner: clinlims
--

COMMENT ON COLUMN analysis.started_date IS 'Date and time analysis started';


--
-- Name: COLUMN analysis.completed_date; Type: COMMENT; Schema: clinlims; Owner: clinlims
--

COMMENT ON COLUMN analysis.completed_date IS 'Date and time analysis completed';


--
-- Name: COLUMN analysis.released_date; Type: COMMENT; Schema: clinlims; Owner: clinlims
--

COMMENT ON COLUMN analysis.released_date IS 'Date and time analysis was released; basically verified and ready to report';


--
-- Name: COLUMN analysis.printed_date; Type: COMMENT; Schema: clinlims; Owner: clinlims
--

COMMENT ON COLUMN analysis.printed_date IS 'Date and time analysis was last printed for sending out';


--
-- Name: COLUMN analysis.is_reportable; Type: COMMENT; Schema: clinlims; Owner: clinlims
--

COMMENT ON COLUMN analysis.is_reportable IS 'Indicates if this analysis should be reported';


--
-- Name: COLUMN analysis.so_send_ready_date; Type: COMMENT; Schema: clinlims; Owner: clinlims
--

COMMENT ON COLUMN analysis.so_send_ready_date IS 'Send out ready date';


--
-- Name: COLUMN analysis.so_notify_received_date; Type: COMMENT; Schema: clinlims; Owner: clinlims
--

COMMENT ON COLUMN analysis.so_notify_received_date IS 'Date that send out facility notificed MDH that they had received the specimen';


--
-- Name: COLUMN analysis.so_notify_send_date; Type: COMMENT; Schema: clinlims; Owner: clinlims
--

COMMENT ON COLUMN analysis.so_notify_send_date IS 'Date that MDH sent out the specimen to a sendout facility';


--
-- Name: COLUMN analysis.so_send_entry_by; Type: COMMENT; Schema: clinlims; Owner: clinlims
--

COMMENT ON COLUMN analysis.so_send_entry_by IS 'User name who entered sendout';


--
-- Name: COLUMN analysis.reflex_trigger; Type: COMMENT; Schema: clinlims; Owner: clinlims
--

COMMENT ON COLUMN analysis.reflex_trigger IS 'True if this analysis has triggered a reflex test';


--
-- Name: COLUMN analysis.status_id; Type: COMMENT; Schema: clinlims; Owner: clinlims
--

COMMENT ON COLUMN analysis.status_id IS 'foriegn key to status of analysis ';


--
-- Name: COLUMN analysis.entry_date; Type: COMMENT; Schema: clinlims; Owner: clinlims
--

COMMENT ON COLUMN analysis.entry_date IS 'Date on which the results for this analysis was first entered';


--
-- Name: COLUMN analysis.panel_id; Type: COMMENT; Schema: clinlims; Owner: clinlims
--

COMMENT ON COLUMN analysis.panel_id IS 'If this analysis is part of a panel then this is the id';


--
-- Name: COLUMN analysis.referred_out; Type: COMMENT; Schema: clinlims; Owner: clinlims
--

COMMENT ON COLUMN analysis.referred_out IS 'True if this analysis has been referred out, false otherwise';


--
-- Name: COLUMN analysis.type_of_sample_name; Type: COMMENT; Schema: clinlims; Owner: clinlims
--

COMMENT ON COLUMN analysis.type_of_sample_name IS 'Used to support arbitrary sample types.  Usually from type_of_sample table but may be a dictionary value or a response to ''other''';


--
-- Name: COLUMN analysis.corrected; Type: COMMENT; Schema: clinlims; Owner: clinlims
--

COMMENT ON COLUMN analysis.corrected IS 'Signifies that the result has been updated since the last patient report was generated';


--
-- Name: analysis_qaevent; Type: TABLE; Schema: clinlims; Owner: clinlims; Tablespace: 
--

CREATE TABLE analysis_qaevent (
    id numeric(10,0) NOT NULL,
    qa_event_id numeric(10,0),
    analysis_id numeric(10,0),
    lastupdated timestamp(6) without time zone,
    completed_date timestamp without time zone
);


ALTER TABLE clinlims.analysis_qaevent OWNER TO clinlims;

--
-- Name: analysis_qaevent_action; Type: TABLE; Schema: clinlims; Owner: clinlims; Tablespace: 
--

CREATE TABLE analysis_qaevent_action (
    id numeric(10,0) NOT NULL,
    analysis_qaevent_id numeric(10,0) NOT NULL,
    action_id numeric(10,0) NOT NULL,
    created_date timestamp without time zone NOT NULL,
    lastupdated timestamp(6) without time zone,
    sys_user_id numeric(10,0)
);


ALTER TABLE clinlims.analysis_qaevent_action OWNER TO clinlims;

--
-- Name: analysis_qaevent_action_seq; Type: SEQUENCE; Schema: clinlims; Owner: clinlims
--

CREATE SEQUENCE analysis_qaevent_action_seq
    START WITH 221
    INCREMENT BY 1
    NO MINVALUE
    NO MAXVALUE
    CACHE 20;


ALTER TABLE clinlims.analysis_qaevent_action_seq OWNER TO clinlims;

--
-- Name: analysis_qaevent_seq; Type: SEQUENCE; Schema: clinlims; Owner: clinlims
--

CREATE SEQUENCE analysis_qaevent_seq
    START WITH 326
    INCREMENT BY 1
    NO MINVALUE
    NO MAXVALUE
    CACHE 20;


ALTER TABLE clinlims.analysis_qaevent_seq OWNER TO clinlims;

--
-- Name: analysis_seq; Type: SEQUENCE; Schema: clinlims; Owner: clinlims
--

CREATE SEQUENCE analysis_seq
    START WITH 1
    INCREMENT BY 1
    NO MINVALUE
    NO MAXVALUE
    CACHE 1;


ALTER TABLE clinlims.analysis_seq OWNER TO clinlims;

--
-- Name: analysis_storages; Type: TABLE; Schema: clinlims; Owner: clinlims; Tablespace: 
--

CREATE TABLE analysis_storages (
    id numeric(10,0) NOT NULL,
    storage_id numeric(10,0),
    checkin timestamp without time zone,
    checkout timestamp without time zone,
    analysis_id numeric(10,0)
);


ALTER TABLE clinlims.analysis_storages OWNER TO clinlims;

--
-- Name: COLUMN analysis_storages.checkin; Type: COMMENT; Schema: clinlims; Owner: clinlims
--

COMMENT ON COLUMN analysis_storages.checkin IS 'Date and time sample was moved to this storage_location';


--
-- Name: COLUMN analysis_storages.checkout; Type: COMMENT; Schema: clinlims; Owner: clinlims
--

COMMENT ON COLUMN analysis_storages.checkout IS 'Date and time sample was removed from this storage location';


--
-- Name: analysis_users; Type: TABLE; Schema: clinlims; Owner: clinlims; Tablespace: 
--

CREATE TABLE analysis_users (
    id numeric(10,0) NOT NULL,
    action character varying(1),
    analysis_id numeric(10,0),
    system_user_id numeric(10,0)
);


ALTER TABLE clinlims.analysis_users OWNER TO clinlims;

--
-- Name: COLUMN analysis_users.action; Type: COMMENT; Schema: clinlims; Owner: clinlims
--

COMMENT ON COLUMN analysis_users.action IS 'Type of action performed such as test request, complete, release';


--
-- Name: analyte; Type: TABLE; Schema: clinlims; Owner: clinlims; Tablespace: 
--

CREATE TABLE analyte (
    id numeric(10,0) NOT NULL,
    analyte_id numeric(10,0),
    name character varying(60),
    is_active character varying(1),
    external_id character varying(20),
    lastupdated timestamp(6) without time zone,
    local_abbrev character varying(10)
);


ALTER TABLE clinlims.analyte OWNER TO clinlims;

--
-- Name: COLUMN analyte.name; Type: COMMENT; Schema: clinlims; Owner: clinlims
--

COMMENT ON COLUMN analyte.name IS 'Name of analyte';


--
-- Name: COLUMN analyte.is_active; Type: COMMENT; Schema: clinlims; Owner: clinlims
--

COMMENT ON COLUMN analyte.is_active IS 'Flag indicating if the test is active';


--
-- Name: COLUMN analyte.external_id; Type: COMMENT; Schema: clinlims; Owner: clinlims
--

COMMENT ON COLUMN analyte.external_id IS 'External ID such as CAS #';


--
-- Name: analyte_seq; Type: SEQUENCE; Schema: clinlims; Owner: clinlims
--

CREATE SEQUENCE analyte_seq
    START WITH 1
    INCREMENT BY 1
    NO MINVALUE
    NO MAXVALUE
    CACHE 1;


ALTER TABLE clinlims.analyte_seq OWNER TO clinlims;

--
-- Name: analyzer; Type: TABLE; Schema: clinlims; Owner: clinlims; Tablespace: 
--

CREATE TABLE analyzer (
    id numeric(10,0) NOT NULL,
    scrip_id numeric(10,0),
    name character varying(20),
    machine_id character varying(20),
    description character varying(60),
    analyzer_type character varying(30),
    is_active boolean,
    location character varying(60),
    lastupdated timestamp(6) without time zone
);


ALTER TABLE clinlims.analyzer OWNER TO clinlims;

--
-- Name: COLUMN analyzer.name; Type: COMMENT; Schema: clinlims; Owner: clinlims
--

COMMENT ON COLUMN analyzer.name IS 'Short name for analyzer';


--
-- Name: COLUMN analyzer.machine_id; Type: COMMENT; Schema: clinlims; Owner: clinlims
--

COMMENT ON COLUMN analyzer.machine_id IS 'id which uniquely matches a machine, descriminates between duplicate analyzers';


--
-- Name: COLUMN analyzer.description; Type: COMMENT; Schema: clinlims; Owner: clinlims
--

COMMENT ON COLUMN analyzer.description IS 'analyzer description';


--
-- Name: COLUMN analyzer.analyzer_type; Type: COMMENT; Schema: clinlims; Owner: clinlims
--

COMMENT ON COLUMN analyzer.analyzer_type IS 'Type of analyzer: Mass Spec, HPLC, etc.';


--
-- Name: COLUMN analyzer.is_active; Type: COMMENT; Schema: clinlims; Owner: clinlims
--

COMMENT ON COLUMN analyzer.is_active IS 'Flag indicating if the analyzer is active';


--
-- Name: COLUMN analyzer.location; Type: COMMENT; Schema: clinlims; Owner: clinlims
--

COMMENT ON COLUMN analyzer.location IS 'Location of analyzer';


--
-- Name: analyzer_result_status; Type: TABLE; Schema: clinlims; Owner: clinlims; Tablespace: 
--

CREATE TABLE analyzer_result_status (
    id numeric(10,0) NOT NULL,
    name character varying(30) NOT NULL,
    description character varying(60)
);


ALTER TABLE clinlims.analyzer_result_status OWNER TO clinlims;

--
-- Name: analyzer_results; Type: TABLE; Schema: clinlims; Owner: clinlims; Tablespace: 
--

CREATE TABLE analyzer_results (
    id numeric(10,0) NOT NULL,
    analyzer_id numeric(10,0) NOT NULL,
    accession_number character varying(20),
    test_name character varying(20),
    result character varying(20),
    units character varying(10),
    status_id numeric(10,0) DEFAULT 1 NOT NULL,
    iscontrol boolean DEFAULT false NOT NULL,
    duplicate_id numeric(10,0),
    complete_date timestamp(6) without time zone,
    lastupdated timestamp(6) without time zone,
    read_only boolean DEFAULT false,
    test_id numeric(10,0),
    test_result_type character varying(1)
);


ALTER TABLE clinlims.analyzer_results OWNER TO clinlims;

--
-- Name: TABLE analyzer_results; Type: COMMENT; Schema: clinlims; Owner: clinlims
--

COMMENT ON TABLE analyzer_results IS 'A holding table for analyzer results ';


--
-- Name: COLUMN analyzer_results.analyzer_id; Type: COMMENT; Schema: clinlims; Owner: clinlims
--

COMMENT ON COLUMN analyzer_results.analyzer_id IS 'Reference to analyzer table';


--
-- Name: COLUMN analyzer_results.accession_number; Type: COMMENT; Schema: clinlims; Owner: clinlims
--

COMMENT ON COLUMN analyzer_results.accession_number IS 'The display version of the accession number.  May be either the extended or normal accession number';


--
-- Name: COLUMN analyzer_results.test_name; Type: COMMENT; Schema: clinlims; Owner: clinlims
--

COMMENT ON COLUMN analyzer_results.test_name IS 'The test name, if a mapping is found then the mapping will be used, if not then the analyzer test name will be useds';


--
-- Name: COLUMN analyzer_results.result; Type: COMMENT; Schema: clinlims; Owner: clinlims
--

COMMENT ON COLUMN analyzer_results.result IS 'The result of the test, the meaning depends on the test itself';


--
-- Name: COLUMN analyzer_results.units; Type: COMMENT; Schema: clinlims; Owner: clinlims
--

COMMENT ON COLUMN analyzer_results.units IS 'The units as sent from the analyzer';


--
-- Name: COLUMN analyzer_results.status_id; Type: COMMENT; Schema: clinlims; Owner: clinlims
--

COMMENT ON COLUMN analyzer_results.status_id IS 'The status for the this analyzer result';


--
-- Name: COLUMN analyzer_results.iscontrol; Type: COMMENT; Schema: clinlims; Owner: clinlims
--

COMMENT ON COLUMN analyzer_results.iscontrol IS 'Is this result a control';


--
-- Name: COLUMN analyzer_results.duplicate_id; Type: COMMENT; Schema: clinlims; Owner: clinlims
--

COMMENT ON COLUMN analyzer_results.duplicate_id IS 'reference to duplicate analyzer result.  A duplicate means that it has the sam accession and test, it will have a different complete_date';


--
-- Name: COLUMN analyzer_results.complete_date; Type: COMMENT; Schema: clinlims; Owner: clinlims
--

COMMENT ON COLUMN analyzer_results.complete_date IS 'date and time this test was done';


--
-- Name: COLUMN analyzer_results.read_only; Type: COMMENT; Schema: clinlims; Owner: clinlims
--

COMMENT ON COLUMN analyzer_results.read_only IS 'Is this result read only';


--
-- Name: COLUMN analyzer_results.test_id; Type: COMMENT; Schema: clinlims; Owner: clinlims
--

COMMENT ON COLUMN analyzer_results.test_id IS 'Test this is result is mapped to';


--
-- Name: analyzer_results_seq; Type: SEQUENCE; Schema: clinlims; Owner: clinlims
--

CREATE SEQUENCE analyzer_results_seq
    START WITH 0
    INCREMENT BY 1
    MINVALUE 0
    NO MAXVALUE
    CACHE 1;


ALTER TABLE clinlims.analyzer_results_seq OWNER TO clinlims;

--
-- Name: analyzer_seq; Type: SEQUENCE; Schema: clinlims; Owner: clinlims
--

CREATE SEQUENCE analyzer_seq
    START WITH 0
    INCREMENT BY 1
    MINVALUE 0
    NO MAXVALUE
    CACHE 1;


ALTER TABLE clinlims.analyzer_seq OWNER TO clinlims;

--
-- Name: analyzer_test_map; Type: TABLE; Schema: clinlims; Owner: clinlims; Tablespace: 
--

CREATE TABLE analyzer_test_map (
    analyzer_id numeric(10,0) NOT NULL,
    analyzer_test_name character varying(40) NOT NULL,
    test_id numeric(10,0) NOT NULL,
    lastupdated timestamp with time zone DEFAULT '2012-09-25 21:28:54.046982+00'::timestamp with time zone
);


ALTER TABLE clinlims.analyzer_test_map OWNER TO clinlims;

--
-- Name: TABLE analyzer_test_map; Type: COMMENT; Schema: clinlims; Owner: clinlims
--

COMMENT ON TABLE analyzer_test_map IS 'Maps the analyzers names to the tests in database';


--
-- Name: COLUMN analyzer_test_map.analyzer_id; Type: COMMENT; Schema: clinlims; Owner: clinlims
--

COMMENT ON COLUMN analyzer_test_map.analyzer_id IS 'foriegn key to analyzer table';


--
-- Name: COLUMN analyzer_test_map.analyzer_test_name; Type: COMMENT; Schema: clinlims; Owner: clinlims
--

COMMENT ON COLUMN analyzer_test_map.analyzer_test_name IS 'The name the analyzer uses for the test';


--
-- Name: COLUMN analyzer_test_map.test_id; Type: COMMENT; Schema: clinlims; Owner: clinlims
--

COMMENT ON COLUMN analyzer_test_map.test_id IS 'foriegn key to test table';


--
-- Name: animal_common_name; Type: TABLE; Schema: clinlims; Owner: clinlims; Tablespace: 
--

CREATE TABLE animal_common_name (
    id numeric(10,0) NOT NULL,
    name character varying(30)
);


ALTER TABLE clinlims.animal_common_name OWNER TO clinlims;

--
-- Name: COLUMN animal_common_name.name; Type: COMMENT; Schema: clinlims; Owner: clinlims
--

COMMENT ON COLUMN animal_common_name.name IS 'Lists the animal common name';


--
-- Name: animal_scientific_name; Type: TABLE; Schema: clinlims; Owner: clinlims; Tablespace: 
--

CREATE TABLE animal_scientific_name (
    id numeric(10,0) NOT NULL,
    comm_anim_id numeric(10,0) NOT NULL,
    name character varying(30)
);


ALTER TABLE clinlims.animal_scientific_name OWNER TO clinlims;

--
-- Name: COLUMN animal_scientific_name.id; Type: COMMENT; Schema: clinlims; Owner: clinlims
--

COMMENT ON COLUMN animal_scientific_name.id IS 'Sequential Number';


--
-- Name: COLUMN animal_scientific_name.name; Type: COMMENT; Schema: clinlims; Owner: clinlims
--

COMMENT ON COLUMN animal_scientific_name.name IS 'May include Genus and Species';


--
-- Name: attachment; Type: TABLE; Schema: clinlims; Owner: clinlims; Tablespace: 
--

CREATE TABLE attachment (
    id numeric(10,0) NOT NULL,
    attach_type character varying(20),
    filename character varying(60),
    description character varying(80),
    storage_reference character varying(255)
);


ALTER TABLE clinlims.attachment OWNER TO clinlims;

--
-- Name: attachment_item; Type: TABLE; Schema: clinlims; Owner: clinlims; Tablespace: 
--

CREATE TABLE attachment_item (
    id numeric(10,0) NOT NULL,
    reference_id numeric,
    reference_table_id numeric,
    attachment_id numeric
);


ALTER TABLE clinlims.attachment_item OWNER TO clinlims;

--
-- Name: aux_data; Type: TABLE; Schema: clinlims; Owner: clinlims; Tablespace: 
--

CREATE TABLE aux_data (
    id numeric(10,0) NOT NULL,
    sort_order numeric,
    is_reportable character varying(1),
    auxdata_type character varying(1),
    value character varying(80),
    reference_id numeric,
    reference_table numeric,
    aux_field_id numeric(10,0)
);


ALTER TABLE clinlims.aux_data OWNER TO clinlims;

--
-- Name: COLUMN aux_data.sort_order; Type: COMMENT; Schema: clinlims; Owner: clinlims
--

COMMENT ON COLUMN aux_data.sort_order IS 'The order the analytes (questions) are displayed';


--
-- Name: COLUMN aux_data.is_reportable; Type: COMMENT; Schema: clinlims; Owner: clinlims
--

COMMENT ON COLUMN aux_data.is_reportable IS 'Flag indicating if this entry is reportable';


--
-- Name: COLUMN aux_data.auxdata_type; Type: COMMENT; Schema: clinlims; Owner: clinlims
--

COMMENT ON COLUMN aux_data.auxdata_type IS 'Type of value: Dictionary, Titer range, Number, Date, String';


--
-- Name: COLUMN aux_data.value; Type: COMMENT; Schema: clinlims; Owner: clinlims
--

COMMENT ON COLUMN aux_data.value IS 'Actual value';


--
-- Name: COLUMN aux_data.reference_id; Type: COMMENT; Schema: clinlims; Owner: clinlims
--

COMMENT ON COLUMN aux_data.reference_id IS 'Link to record in table to which this entry pertains';


--
-- Name: COLUMN aux_data.reference_table; Type: COMMENT; Schema: clinlims; Owner: clinlims
--

COMMENT ON COLUMN aux_data.reference_table IS 'Link to table that this entry belongs to';


--
-- Name: aux_field; Type: TABLE; Schema: clinlims; Owner: clinlims; Tablespace: 
--

CREATE TABLE aux_field (
    id numeric(10,0) NOT NULL,
    sort_order numeric,
    auxfld_type character varying(1),
    is_active character varying(1),
    is_reportable character varying(1),
    reference_table numeric,
    analyte_id numeric(10,0),
    scriptlet_id numeric(10,0)
);


ALTER TABLE clinlims.aux_field OWNER TO clinlims;

--
-- Name: COLUMN aux_field.id; Type: COMMENT; Schema: clinlims; Owner: clinlims
--

COMMENT ON COLUMN aux_field.id IS 'Sequential Identifier';


--
-- Name: COLUMN aux_field.sort_order; Type: COMMENT; Schema: clinlims; Owner: clinlims
--

COMMENT ON COLUMN aux_field.sort_order IS 'The order the analystes (questions) are displayed';


--
-- Name: COLUMN aux_field.auxfld_type; Type: COMMENT; Schema: clinlims; Owner: clinlims
--

COMMENT ON COLUMN aux_field.auxfld_type IS 'Type of field: Required...';


--
-- Name: COLUMN aux_field.is_active; Type: COMMENT; Schema: clinlims; Owner: clinlims
--

COMMENT ON COLUMN aux_field.is_active IS 'Flag indicating is this entry is active';


--
-- Name: COLUMN aux_field.is_reportable; Type: COMMENT; Schema: clinlims; Owner: clinlims
--

COMMENT ON COLUMN aux_field.is_reportable IS 'Default value to reportable flag';


--
-- Name: COLUMN aux_field.reference_table; Type: COMMENT; Schema: clinlims; Owner: clinlims
--

COMMENT ON COLUMN aux_field.reference_table IS 'Link to table in which this entity can be used.';


--
-- Name: aux_field_values; Type: TABLE; Schema: clinlims; Owner: clinlims; Tablespace: 
--

CREATE TABLE aux_field_values (
    id numeric(10,0) NOT NULL,
    auxfldval_type character varying(1),
    value character varying(80),
    aux_field_id numeric(10,0)
);


ALTER TABLE clinlims.aux_field_values OWNER TO clinlims;

--
-- Name: COLUMN aux_field_values.id; Type: COMMENT; Schema: clinlims; Owner: clinlims
--

COMMENT ON COLUMN aux_field_values.id IS 'Sequential Identifier';


--
-- Name: COLUMN aux_field_values.auxfldval_type; Type: COMMENT; Schema: clinlims; Owner: clinlims
--

COMMENT ON COLUMN aux_field_values.auxfldval_type IS 'Type of value: Dictionary, titer range, number, date, string';


--
-- Name: COLUMN aux_field_values.value; Type: COMMENT; Schema: clinlims; Owner: clinlims
--

COMMENT ON COLUMN aux_field_values.value IS 'A permissible field value';


--
-- Name: city_seq; Type: SEQUENCE; Schema: clinlims; Owner: clinlims
--

CREATE SEQUENCE city_seq
    START WITH 1
    INCREMENT BY 1
    NO MINVALUE
    NO MAXVALUE
    CACHE 1;


ALTER TABLE clinlims.city_seq OWNER TO clinlims;

--
-- Name: city_state_zip; Type: TABLE; Schema: clinlims; Owner: clinlims; Tablespace: 
--

CREATE TABLE city_state_zip (
    id numeric(10,0),
    city character varying(30),
    state character varying(2),
    zip_code character varying(10),
    county_fips numeric(3,0),
    county character varying(25),
    region_id numeric(3,0),
    region character varying(30),
    state_fips numeric(3,0),
    state_name character varying(30),
    lastupdated timestamp(6) without time zone
);


ALTER TABLE clinlims.city_state_zip OWNER TO clinlims;

--
-- Name: code_element_type; Type: TABLE; Schema: clinlims; Owner: clinlims; Tablespace: 
--

CREATE TABLE code_element_type (
    id numeric(10,0) NOT NULL,
    text character varying(60),
    lastupdated timestamp(6) without time zone,
    local_reference_table numeric(10,0)
);


ALTER TABLE clinlims.code_element_type OWNER TO clinlims;

--
-- Name: code_element_type_seq; Type: SEQUENCE; Schema: clinlims; Owner: clinlims
--

CREATE SEQUENCE code_element_type_seq
    START WITH 21
    INCREMENT BY 1
    NO MINVALUE
    NO MAXVALUE
    CACHE 20;


ALTER TABLE clinlims.code_element_type_seq OWNER TO clinlims;

--
-- Name: code_element_xref; Type: TABLE; Schema: clinlims; Owner: clinlims; Tablespace: 
--

CREATE TABLE code_element_xref (
    id numeric(10,0) NOT NULL,
    message_org_id numeric(10,0),
    code_element_type_id numeric(10,0),
    receiver_code_element_id numeric(10,0),
    local_code_element_id numeric(10,0),
    lastupdated timestamp(6) without time zone
);


ALTER TABLE clinlims.code_element_xref OWNER TO clinlims;

--
-- Name: code_element_xref_seq; Type: SEQUENCE; Schema: clinlims; Owner: clinlims
--

CREATE SEQUENCE code_element_xref_seq
    START WITH 41
    INCREMENT BY 1
    NO MINVALUE
    NO MAXVALUE
    CACHE 20;


ALTER TABLE clinlims.code_element_xref_seq OWNER TO clinlims;

--
-- Name: contact_type; Type: TABLE; Schema: clinlims; Owner: clinlims; Tablespace: 
--

CREATE TABLE contact_type (
    id numeric(10,0) NOT NULL,
    description character varying(20),
    ct_type character varying(4),
    is_unique character varying(1)
);


ALTER TABLE clinlims.contact_type OWNER TO clinlims;

--
-- Name: COLUMN contact_type.id; Type: COMMENT; Schema: clinlims; Owner: clinlims
--

COMMENT ON COLUMN contact_type.id IS 'sequential field';


--
-- Name: COLUMN contact_type.description; Type: COMMENT; Schema: clinlims; Owner: clinlims
--

COMMENT ON COLUMN contact_type.description IS 'Can include such things as "Operator", "Accounting"';


--
-- Name: COLUMN contact_type.ct_type; Type: COMMENT; Schema: clinlims; Owner: clinlims
--

COMMENT ON COLUMN contact_type.ct_type IS 'Type code';


--
-- Name: COLUMN contact_type.is_unique; Type: COMMENT; Schema: clinlims; Owner: clinlims
--

COMMENT ON COLUMN contact_type.is_unique IS 'Indicates if only 1 of this contact type is allowed per organization';


--
-- Name: county_seq; Type: SEQUENCE; Schema: clinlims; Owner: clinlims
--

CREATE SEQUENCE county_seq
    START WITH 1
    INCREMENT BY 1
    NO MINVALUE
    NO MAXVALUE
    CACHE 1;


ALTER TABLE clinlims.county_seq OWNER TO clinlims;

--
-- Name: databasechangelog; Type: TABLE; Schema: clinlims; Owner: clinlims; Tablespace: 
--

CREATE TABLE databasechangelog (
    id character varying(63) NOT NULL,
    author character varying(63) NOT NULL,
    filename character varying(200) NOT NULL,
    dateexecuted timestamp with time zone NOT NULL,
    md5sum character varying(32),
    description character varying(255),
    comments character varying(255),
    tag character varying(255),
    liquibase character varying(10)
);


ALTER TABLE clinlims.databasechangelog OWNER TO clinlims;

--
-- Name: databasechangeloglock; Type: TABLE; Schema: clinlims; Owner: clinlims; Tablespace: 
--

CREATE TABLE databasechangeloglock (
    id integer NOT NULL,
    locked boolean NOT NULL,
    lockgranted timestamp with time zone,
    lockedby character varying(255)
);


ALTER TABLE clinlims.databasechangeloglock OWNER TO clinlims;

--
-- Name: dictionary; Type: TABLE; Schema: clinlims; Owner: clinlims; Tablespace: 
--

CREATE TABLE dictionary (
    id numeric(10,0) NOT NULL,
    is_active character varying(1),
    dict_entry character varying(4000),
    lastupdated timestamp(6) without time zone,
    local_abbrev character varying(60),
    dictionary_category_id numeric(10,0),
    display_key character varying(60)
);


ALTER TABLE clinlims.dictionary OWNER TO clinlims;

--
-- Name: COLUMN dictionary.is_active; Type: COMMENT; Schema: clinlims; Owner: clinlims
--

COMMENT ON COLUMN dictionary.is_active IS 'Flag indicating if the analyte is active';


--
-- Name: COLUMN dictionary.dict_entry; Type: COMMENT; Schema: clinlims; Owner: clinlims
--

COMMENT ON COLUMN dictionary.dict_entry IS 'Finding, result, interpretation';


--
-- Name: COLUMN dictionary.display_key; Type: COMMENT; Schema: clinlims; Owner: clinlims
--

COMMENT ON COLUMN dictionary.display_key IS 'Resource file lookup key for localization of displaying the name';


--
-- Name: dictionary_category; Type: TABLE; Schema: clinlims; Owner: clinlims; Tablespace: 
--

CREATE TABLE dictionary_category (
    id numeric(10,0) NOT NULL,
    description character varying(60),
    lastupdated timestamp(6) without time zone,
    local_abbrev character varying(10),
    name character varying(50)
);


ALTER TABLE clinlims.dictionary_category OWNER TO clinlims;

--
-- Name: COLUMN dictionary_category.id; Type: COMMENT; Schema: clinlims; Owner: clinlims
--

COMMENT ON COLUMN dictionary_category.id IS 'A unique auto generated integer number assigned by database';


--
-- Name: COLUMN dictionary_category.description; Type: COMMENT; Schema: clinlims; Owner: clinlims
--

COMMENT ON COLUMN dictionary_category.description IS 'Human readable description';


--
-- Name: dictionary_category_seq; Type: SEQUENCE; Schema: clinlims; Owner: clinlims
--

CREATE SEQUENCE dictionary_category_seq
    START WITH 1
    INCREMENT BY 1
    NO MINVALUE
    NO MAXVALUE
    CACHE 20;


ALTER TABLE clinlims.dictionary_category_seq OWNER TO clinlims;

--
-- Name: dictionary_seq; Type: SEQUENCE; Schema: clinlims; Owner: clinlims
--

CREATE SEQUENCE dictionary_seq
    START WITH 1
    INCREMENT BY 1
    NO MINVALUE
    NO MAXVALUE
    CACHE 20;


ALTER TABLE clinlims.dictionary_seq OWNER TO clinlims;

--
-- Name: district; Type: TABLE; Schema: clinlims; Owner: clinlims; Tablespace: 
--

CREATE TABLE district (
    id numeric(10,0) NOT NULL,
    city_id numeric(10,0) NOT NULL,
    dist_entry character varying(300),
    lastupdated timestamp without time zone,
    description character varying(50)
);


ALTER TABLE clinlims.district OWNER TO clinlims;

--
-- Name: COLUMN district.dist_entry; Type: COMMENT; Schema: clinlims; Owner: clinlims
--

COMMENT ON COLUMN district.dist_entry IS 'Finding, result, interpretation';


--
-- Name: district_seq; Type: SEQUENCE; Schema: clinlims; Owner: clinlims
--

CREATE SEQUENCE district_seq
    START WITH 1
    INCREMENT BY 1
    NO MINVALUE
    NO MAXVALUE
    CACHE 20;


ALTER TABLE clinlims.district_seq OWNER TO clinlims;

--
-- Name: document_track; Type: TABLE; Schema: clinlims; Owner: clinlims; Tablespace: 
--

CREATE TABLE document_track (
    id numeric(10,0) NOT NULL,
    table_id numeric(10,0) NOT NULL,
    row_id numeric(10,0) NOT NULL,
    document_type_id numeric(10,0) NOT NULL,
    parent_id numeric(10,0),
    report_generation_time timestamp with time zone,
    lastupdated timestamp with time zone,
    name character varying(80)
);


ALTER TABLE clinlims.document_track OWNER TO clinlims;

--
-- Name: TABLE document_track; Type: COMMENT; Schema: clinlims; Owner: clinlims
--

COMMENT ON TABLE document_track IS 'Table to track operations on documents.  Expected use is for has a document of some been printed for a sample, qa_event etc';


--
-- Name: COLUMN document_track.table_id; Type: COMMENT; Schema: clinlims; Owner: clinlims
--

COMMENT ON COLUMN document_track.table_id IS 'The table to which the row_id references';


--
-- Name: COLUMN document_track.row_id; Type: COMMENT; Schema: clinlims; Owner: clinlims
--

COMMENT ON COLUMN document_track.row_id IS 'The particular record for which a document has been generated';


--
-- Name: COLUMN document_track.document_type_id; Type: COMMENT; Schema: clinlims; Owner: clinlims
--

COMMENT ON COLUMN document_track.document_type_id IS 'References the type of document which the record has been generated for';


--
-- Name: COLUMN document_track.parent_id; Type: COMMENT; Schema: clinlims; Owner: clinlims
--

COMMENT ON COLUMN document_track.parent_id IS 'If the document has been generated more than once for this record then this will point to the previous record';


--
-- Name: COLUMN document_track.report_generation_time; Type: COMMENT; Schema: clinlims; Owner: clinlims
--

COMMENT ON COLUMN document_track.report_generation_time IS 'When this report was generated';


--
-- Name: COLUMN document_track.lastupdated; Type: COMMENT; Schema: clinlims; Owner: clinlims
--

COMMENT ON COLUMN document_track.lastupdated IS 'Last time this record was updated';


--
-- Name: COLUMN document_track.name; Type: COMMENT; Schema: clinlims; Owner: clinlims
--

COMMENT ON COLUMN document_track.name IS 'The name of the report if there is more than one of the type';


--
-- Name: document_track_seq; Type: SEQUENCE; Schema: clinlims; Owner: clinlims
--

CREATE SEQUENCE document_track_seq
    START WITH 0
    INCREMENT BY 1
    MINVALUE 0
    NO MAXVALUE
    CACHE 1;


ALTER TABLE clinlims.document_track_seq OWNER TO clinlims;

--
-- Name: document_type; Type: TABLE; Schema: clinlims; Owner: clinlims; Tablespace: 
--

CREATE TABLE document_type (
    id numeric(10,0) NOT NULL,
    name character varying(40) NOT NULL,
    description character varying(80),
    lastupdated timestamp with time zone
);


ALTER TABLE clinlims.document_type OWNER TO clinlims;

--
-- Name: TABLE document_type; Type: COMMENT; Schema: clinlims; Owner: clinlims
--

COMMENT ON TABLE document_type IS 'Table which describes document types to be tracked by document_track table';


--
-- Name: COLUMN document_type.name; Type: COMMENT; Schema: clinlims; Owner: clinlims
--

COMMENT ON COLUMN document_type.name IS 'The name of the document';


--
-- Name: COLUMN document_type.description; Type: COMMENT; Schema: clinlims; Owner: clinlims
--

COMMENT ON COLUMN document_type.description IS 'The description of the document';


--
-- Name: COLUMN document_type.lastupdated; Type: COMMENT; Schema: clinlims; Owner: clinlims
--

COMMENT ON COLUMN document_type.lastupdated IS 'Last time this record was updated';


--
-- Name: document_type_seq; Type: SEQUENCE; Schema: clinlims; Owner: clinlims
--

CREATE SEQUENCE document_type_seq
    START WITH 0
    INCREMENT BY 1
    MINVALUE 0
    NO MAXVALUE
    CACHE 1;


ALTER TABLE clinlims.document_type_seq OWNER TO clinlims;

--
-- Name: electronic_order; Type: TABLE; Schema: clinlims; Owner: clinlims; Tablespace: 
--

CREATE TABLE electronic_order (
    id numeric(10,0) NOT NULL,
    external_id character varying(60) NOT NULL,
    patient_id numeric(10,0),
    status_id numeric(10,0) NOT NULL,
    order_timestamp timestamp without time zone NOT NULL,
    data text NOT NULL,
    lastupdated timestamp without time zone NOT NULL
);


ALTER TABLE clinlims.electronic_order OWNER TO clinlims;

--
-- Name: COLUMN electronic_order.external_id; Type: COMMENT; Schema: clinlims; Owner: clinlims
--

COMMENT ON COLUMN electronic_order.external_id IS 'An order ID assigned by another system (i.e. iSante) submitted electronically';


--
-- Name: COLUMN electronic_order.patient_id; Type: COMMENT; Schema: clinlims; Owner: clinlims
--

COMMENT ON COLUMN electronic_order.patient_id IS 'The id and foreign key to the patient record for this electronic order';


--
-- Name: COLUMN electronic_order.status_id; Type: COMMENT; Schema: clinlims; Owner: clinlims
--

COMMENT ON COLUMN electronic_order.status_id IS 'The ID and foreign key to the status_of_sample table. Possible status (Entered, Cancelled, Realized)';


--
-- Name: COLUMN electronic_order.order_timestamp; Type: COMMENT; Schema: clinlims; Owner: clinlims
--

COMMENT ON COLUMN electronic_order.order_timestamp IS 'Timestamp when the order was received';


--
-- Name: COLUMN electronic_order.data; Type: COMMENT; Schema: clinlims; Owner: clinlims
--

COMMENT ON COLUMN electronic_order.data IS 'The order in CLOB form';


--
-- Name: electronic_order_seq; Type: SEQUENCE; Schema: clinlims; Owner: clinlims
--

CREATE SEQUENCE electronic_order_seq
    START WITH 1
    INCREMENT BY 1
    NO MINVALUE
    NO MAXVALUE
    CACHE 20;


ALTER TABLE clinlims.electronic_order_seq OWNER TO clinlims;

--
-- Name: ethnicity; Type: TABLE; Schema: clinlims; Owner: clinlims; Tablespace: 
--

CREATE TABLE ethnicity (
    id numeric(10,0) NOT NULL,
    ethnic_type character varying(1) NOT NULL,
    description character varying(20),
    is_active character varying(1)
);


ALTER TABLE clinlims.ethnicity OWNER TO clinlims;

--
-- Name: COLUMN ethnicity.id; Type: COMMENT; Schema: clinlims; Owner: clinlims
--

COMMENT ON COLUMN ethnicity.id IS 'Any code values in tables.';


--
-- Name: COLUMN ethnicity.ethnic_type; Type: COMMENT; Schema: clinlims; Owner: clinlims
--

COMMENT ON COLUMN ethnicity.ethnic_type IS 'Ethnicity of Patient';


--
-- Name: gender; Type: TABLE; Schema: clinlims; Owner: clinlims; Tablespace: 
--

CREATE TABLE gender (
    id numeric(10,0) NOT NULL,
    gender_type character varying(1),
    description character varying(20),
    lastupdated timestamp(6) without time zone,
    name_key character varying(60)
);


ALTER TABLE clinlims.gender OWNER TO clinlims;

--
-- Name: COLUMN gender.id; Type: COMMENT; Schema: clinlims; Owner: clinlims
--

COMMENT ON COLUMN gender.id IS 'A unique auto generated integer number assigned by database';


--
-- Name: COLUMN gender.gender_type; Type: COMMENT; Schema: clinlims; Owner: clinlims
--

COMMENT ON COLUMN gender.gender_type IS 'Gender code (M, F, U)';


--
-- Name: COLUMN gender.description; Type: COMMENT; Schema: clinlims; Owner: clinlims
--

COMMENT ON COLUMN gender.description IS 'Human readable description';


--
-- Name: gender_seq; Type: SEQUENCE; Schema: clinlims; Owner: clinlims
--

CREATE SEQUENCE gender_seq
    START WITH 1
    INCREMENT BY 1
    NO MINVALUE
    NO MAXVALUE
    CACHE 1;


ALTER TABLE clinlims.gender_seq OWNER TO clinlims;

--
-- Name: hibernate_sequence; Type: SEQUENCE; Schema: clinlims; Owner: clinlims
--

CREATE SEQUENCE hibernate_sequence
    START WITH 1
    INCREMENT BY 1
    NO MINVALUE
    NO MAXVALUE
    CACHE 20;


ALTER TABLE clinlims.hibernate_sequence OWNER TO clinlims;

--
-- Name: history; Type: TABLE; Schema: clinlims; Owner: clinlims; Tablespace: 
--

CREATE TABLE history (
    id numeric(10,0) NOT NULL,
    sys_user_id numeric(10,0) NOT NULL,
    reference_id numeric NOT NULL,
    reference_table numeric NOT NULL,
    "timestamp" timestamp without time zone NOT NULL,
    activity character varying(1) NOT NULL,
    changes bytea
);


ALTER TABLE clinlims.history OWNER TO clinlims;

--
-- Name: COLUMN history.id; Type: COMMENT; Schema: clinlims; Owner: clinlims
--

COMMENT ON COLUMN history.id IS 'Sequential number for audit records';


--
-- Name: COLUMN history.sys_user_id; Type: COMMENT; Schema: clinlims; Owner: clinlims
--

COMMENT ON COLUMN history.sys_user_id IS 'Sequential Identifier';


--
-- Name: COLUMN history.reference_id; Type: COMMENT; Schema: clinlims; Owner: clinlims
--

COMMENT ON COLUMN history.reference_id IS 'Links to record in table to which this entry pertains';


--
-- Name: COLUMN history.reference_table; Type: COMMENT; Schema: clinlims; Owner: clinlims
--

COMMENT ON COLUMN history.reference_table IS 'Link to table that this entity belongs to';


--
-- Name: COLUMN history."timestamp"; Type: COMMENT; Schema: clinlims; Owner: clinlims
--

COMMENT ON COLUMN history."timestamp" IS 'Date of history record';


--
-- Name: COLUMN history.activity; Type: COMMENT; Schema: clinlims; Owner: clinlims
--

COMMENT ON COLUMN history.activity IS 'U for update, D for delete';


--
-- Name: COLUMN history.changes; Type: COMMENT; Schema: clinlims; Owner: clinlims
--

COMMENT ON COLUMN history.changes IS 'XML image of record prior to change';


--
-- Name: history_seq; Type: SEQUENCE; Schema: clinlims; Owner: clinlims
--

CREATE SEQUENCE history_seq
    START WITH 1
    INCREMENT BY 1
    NO MINVALUE
    NO MAXVALUE
    CACHE 20;


ALTER TABLE clinlims.history_seq OWNER TO clinlims;

--
-- Name: patient; Type: TABLE; Schema: clinlims; Owner: clinlims; Tablespace: 
--

CREATE TABLE patient (
    id numeric(10,0) NOT NULL,
    person_id numeric(10,0) NOT NULL,
    race character varying(5),
    gender character varying(1),
    birth_date timestamp without time zone,
    epi_first_name character varying(25),
    epi_middle_name character varying(25),
    epi_last_name character varying(240),
    birth_time timestamp without time zone,
    death_date timestamp without time zone,
    national_id character varying(255),
    ethnicity character varying(1),
    school_attend character varying(240),
    medicare_id character varying(240),
    medicaid_id character varying(240),
    birth_place character varying(255),
    lastupdated timestamp(6) without time zone,
    external_id character varying(255),
    chart_number character varying(20),
    entered_birth_date character varying(10)
);


ALTER TABLE clinlims.patient OWNER TO clinlims;

--
-- Name: COLUMN patient.race; Type: COMMENT; Schema: clinlims; Owner: clinlims
--

COMMENT ON COLUMN patient.race IS 'A string of 1 character race code(s)';


--
-- Name: COLUMN patient.gender; Type: COMMENT; Schema: clinlims; Owner: clinlims
--

COMMENT ON COLUMN patient.gender IS 'A one character gender code';


--
-- Name: COLUMN patient.birth_date; Type: COMMENT; Schema: clinlims; Owner: clinlims
--

COMMENT ON COLUMN patient.birth_date IS 'Date of birth';


--
-- Name: COLUMN patient.birth_time; Type: COMMENT; Schema: clinlims; Owner: clinlims
--

COMMENT ON COLUMN patient.birth_time IS 'Time of birth for newborn patients';


--
-- Name: COLUMN patient.death_date; Type: COMMENT; Schema: clinlims; Owner: clinlims
--

COMMENT ON COLUMN patient.death_date IS 'Date of death if unexplained illness or death';


--
-- Name: COLUMN patient.national_id; Type: COMMENT; Schema: clinlims; Owner: clinlims
--

COMMENT ON COLUMN patient.national_id IS 'National Patient ID or SSN';


--
-- Name: COLUMN patient.medicare_id; Type: COMMENT; Schema: clinlims; Owner: clinlims
--

COMMENT ON COLUMN patient.medicare_id IS 'Medicare Number';


--
-- Name: COLUMN patient.medicaid_id; Type: COMMENT; Schema: clinlims; Owner: clinlims
--

COMMENT ON COLUMN patient.medicaid_id IS 'Medicaid Number';


--
-- Name: COLUMN patient.entered_birth_date; Type: COMMENT; Schema: clinlims; Owner: clinlims
--

COMMENT ON COLUMN patient.entered_birth_date IS 'Persons birthdate may not be known and it will be entered with XX for date and/or month';


--
-- Name: sample_human; Type: TABLE; Schema: clinlims; Owner: clinlims; Tablespace: 
--

CREATE TABLE sample_human (
    id numeric(10,0) NOT NULL,
    provider_id numeric(10,0),
    samp_id numeric(10,0) NOT NULL,
    patient_id numeric(10,0),
    lastupdated timestamp(6) without time zone
);


ALTER TABLE clinlims.sample_human OWNER TO clinlims;

--
-- Name: COLUMN sample_human.samp_id; Type: COMMENT; Schema: clinlims; Owner: clinlims
--

COMMENT ON COLUMN sample_human.samp_id IS 'MDH Specimen Number';


--
-- Name: sample_item; Type: TABLE; Schema: clinlims; Owner: clinlims; Tablespace: 
--

CREATE TABLE sample_item (
    id numeric(10,0) NOT NULL,
    sort_order numeric NOT NULL,
    sampitem_id numeric(10,0),
    samp_id numeric(10,0),
    source_id numeric(10,0),
    typeosamp_id numeric(10,0),
    uom_id numeric(10,0),
    source_other character varying(40),
    quantity numeric,
    lastupdated timestamp(6) without time zone,
    external_id character varying(20),
    collection_date timestamp with time zone,
    status_id numeric(10,0) NOT NULL,
    collector character varying(60)
);


ALTER TABLE clinlims.sample_item OWNER TO clinlims;

--
-- Name: COLUMN sample_item.id; Type: COMMENT; Schema: clinlims; Owner: clinlims
--

COMMENT ON COLUMN sample_item.id IS 'Sample source write in if not already defined';


--
-- Name: COLUMN sample_item.sort_order; Type: COMMENT; Schema: clinlims; Owner: clinlims
--

COMMENT ON COLUMN sample_item.sort_order IS 'Sample items unique sequence number for this sample';


--
-- Name: COLUMN sample_item.sampitem_id; Type: COMMENT; Schema: clinlims; Owner: clinlims
--

COMMENT ON COLUMN sample_item.sampitem_id IS 'Sample source write in if not already defined';


--
-- Name: COLUMN sample_item.samp_id; Type: COMMENT; Schema: clinlims; Owner: clinlims
--

COMMENT ON COLUMN sample_item.samp_id IS 'MDH Specimen Number';


--
-- Name: COLUMN sample_item.source_id; Type: COMMENT; Schema: clinlims; Owner: clinlims
--

COMMENT ON COLUMN sample_item.source_id IS 'A unique auto generated integer number assigned by the database.';


--
-- Name: COLUMN sample_item.typeosamp_id; Type: COMMENT; Schema: clinlims; Owner: clinlims
--

COMMENT ON COLUMN sample_item.typeosamp_id IS 'A unique auto generated integer number assigned by the database';


--
-- Name: COLUMN sample_item.source_other; Type: COMMENT; Schema: clinlims; Owner: clinlims
--

COMMENT ON COLUMN sample_item.source_other IS 'Sample source write in if not already defined';


--
-- Name: COLUMN sample_item.quantity; Type: COMMENT; Schema: clinlims; Owner: clinlims
--

COMMENT ON COLUMN sample_item.quantity IS 'Amount of sample';


--
-- Name: COLUMN sample_item.external_id; Type: COMMENT; Schema: clinlims; Owner: clinlims
--

COMMENT ON COLUMN sample_item.external_id IS 'An external id that may have been attached to the sample item before it came to the lab';


--
-- Name: COLUMN sample_item.collection_date; Type: COMMENT; Schema: clinlims; Owner: clinlims
--

COMMENT ON COLUMN sample_item.collection_date IS 'The date this sample_item was collected or seperated from other part of sample';


--
-- Name: COLUMN sample_item.status_id; Type: COMMENT; Schema: clinlims; Owner: clinlims
--

COMMENT ON COLUMN sample_item.status_id IS 'The status of this sample item';


--
-- Name: COLUMN sample_item.collector; Type: COMMENT; Schema: clinlims; Owner: clinlims
--

COMMENT ON COLUMN sample_item.collector IS 'The name of the person who collected the sample';


--
-- Name: status_of_sample; Type: TABLE; Schema: clinlims; Owner: clinlims; Tablespace: 
--

CREATE TABLE status_of_sample (
    id numeric(10,0) NOT NULL,
    description character varying(240),
    code numeric(3,0) NOT NULL,
    status_type character varying(24) NOT NULL,
    lastupdated timestamp(6) without time zone,
    name character varying(30),
    display_key character varying(60),
    is_active character varying(1) DEFAULT 'Y'::character varying
);


ALTER TABLE clinlims.status_of_sample OWNER TO clinlims;

--
-- Name: COLUMN status_of_sample.is_active; Type: COMMENT; Schema: clinlims; Owner: clinlims
--

COMMENT ON COLUMN status_of_sample.is_active IS 'Either Y or N';


--
-- Name: test; Type: TABLE; Schema: clinlims; Owner: clinlims; Tablespace: 
--

CREATE TABLE test (
    id numeric(10,0) NOT NULL,
    method_id numeric(10,0),
    uom_id numeric(10,0),
    description character varying(120) NOT NULL,
    loinc character varying(240),
    reporting_description character varying(60),
    sticker_req_flag character varying(1),
    is_active character varying(1),
    active_begin timestamp without time zone,
    active_end timestamp without time zone,
    is_reportable character varying(1),
    time_holding numeric,
    time_wait numeric,
    time_ta_average numeric,
    time_ta_warning numeric,
    time_ta_max numeric,
    label_qty numeric,
    lastupdated timestamp(6) without time zone,
    label_id numeric(10,0),
    test_trailer_id numeric(10,0),
    test_section_id numeric(10,0),
    scriptlet_id numeric(10,0),
    test_format_id numeric(10,0),
    local_abbrev character varying(50),
    sort_order numeric DEFAULT 2147483647,
    name character varying(60) NOT NULL,
    display_key character varying(60),
    orderable boolean DEFAULT true
);


ALTER TABLE clinlims.test OWNER TO clinlims;

--
-- Name: COLUMN test.id; Type: COMMENT; Schema: clinlims; Owner: clinlims
--

COMMENT ON COLUMN test.id IS 'Sequential value assigned on insert';


--
-- Name: COLUMN test.method_id; Type: COMMENT; Schema: clinlims; Owner: clinlims
--

COMMENT ON COLUMN test.method_id IS 'Sequential number';


--
-- Name: COLUMN test.description; Type: COMMENT; Schema: clinlims; Owner: clinlims
--

COMMENT ON COLUMN test.description IS 'Description for test';


--
-- Name: COLUMN test.reporting_description; Type: COMMENT; Schema: clinlims; Owner: clinlims
--

COMMENT ON COLUMN test.reporting_description IS 'Description for test that appears on reports';


--
-- Name: COLUMN test.is_active; Type: COMMENT; Schema: clinlims; Owner: clinlims
--

COMMENT ON COLUMN test.is_active IS 'Active status flag';


--
-- Name: COLUMN test.active_begin; Type: COMMENT; Schema: clinlims; Owner: clinlims
--

COMMENT ON COLUMN test.active_begin IS 'Active end date';


--
-- Name: COLUMN test.active_end; Type: COMMENT; Schema: clinlims; Owner: clinlims
--

COMMENT ON COLUMN test.active_end IS 'Active begin date';


--
-- Name: COLUMN test.is_reportable; Type: COMMENT; Schema: clinlims; Owner: clinlims
--

COMMENT ON COLUMN test.is_reportable IS 'The default flag indicating if ths test is reportable';


--
-- Name: COLUMN test.time_holding; Type: COMMENT; Schema: clinlims; Owner: clinlims
--

COMMENT ON COLUMN test.time_holding IS 'Max hours between collection and received time';


--
-- Name: COLUMN test.time_wait; Type: COMMENT; Schema: clinlims; Owner: clinlims
--

COMMENT ON COLUMN test.time_wait IS 'Hours to wait before analysis can begin';


--
-- Name: COLUMN test.time_ta_average; Type: COMMENT; Schema: clinlims; Owner: clinlims
--

COMMENT ON COLUMN test.time_ta_average IS 'Average hours for test to be reported';


--
-- Name: COLUMN test.time_ta_warning; Type: COMMENT; Schema: clinlims; Owner: clinlims
--

COMMENT ON COLUMN test.time_ta_warning IS 'Hours before issuing touraround warning for test not reported';


--
-- Name: COLUMN test.time_ta_max; Type: COMMENT; Schema: clinlims; Owner: clinlims
--

COMMENT ON COLUMN test.time_ta_max IS 'Max hours test should be in laboratory';


--
-- Name: COLUMN test.label_qty; Type: COMMENT; Schema: clinlims; Owner: clinlims
--

COMMENT ON COLUMN test.label_qty IS 'Number of labels to print';


--
-- Name: COLUMN test.display_key; Type: COMMENT; Schema: clinlims; Owner: clinlims
--

COMMENT ON COLUMN test.display_key IS 'Resource file lookup key for localization of displaying the name';


--
-- Name: COLUMN test.orderable; Type: COMMENT; Schema: clinlims; Owner: clinlims
--

COMMENT ON COLUMN test.orderable IS 'Should this test show in list of tests which can be ordered.  If not it is a reflex only test';


--
-- Name: test_section; Type: TABLE; Schema: clinlims; Owner: clinlims; Tablespace: 
--

CREATE TABLE test_section (
    id numeric(10,0) NOT NULL,
    name character varying(20),
    description character varying(60) NOT NULL,
    org_id numeric(10,0),
    is_external character varying(1),
    lastupdated timestamp(6) without time zone,
    parent_test_section numeric(10,0),
    display_key character varying(60),
    sort_order numeric DEFAULT 2147483647,
    is_active character varying(1) DEFAULT 'Y'::character varying
);


ALTER TABLE clinlims.test_section OWNER TO clinlims;

--
-- Name: COLUMN test_section.name; Type: COMMENT; Schema: clinlims; Owner: clinlims
--

COMMENT ON COLUMN test_section.name IS 'Short section name';


--
-- Name: COLUMN test_section.description; Type: COMMENT; Schema: clinlims; Owner: clinlims
--

COMMENT ON COLUMN test_section.description IS 'MDH Locations including various labs';


--
-- Name: COLUMN test_section.org_id; Type: COMMENT; Schema: clinlims; Owner: clinlims
--

COMMENT ON COLUMN test_section.org_id IS 'Sequential Numbering Field';


--
-- Name: COLUMN test_section.is_external; Type: COMMENT; Schema: clinlims; Owner: clinlims
--

COMMENT ON COLUMN test_section.is_external IS 'Flag indicating if section is external to organization (Y/N)';


--
-- Name: COLUMN test_section.display_key; Type: COMMENT; Schema: clinlims; Owner: clinlims
--

COMMENT ON COLUMN test_section.display_key IS 'Resource file lookup key for localization of displaying the name';


--
-- Name: hiv_patients; Type: VIEW; Schema: clinlims; Owner: clinlims
--

CREATE VIEW hiv_patients AS
    SELECT DISTINCT ON (pt.id) pt.id AS patient_id, pt.person_id, pt.gender, (age(a.started_date, pt.birth_date) < ((28)::double precision * '1 day'::interval)) AS infant, a.completed_date FROM ((((((analysis a JOIN sample_item si ON ((a.sampitem_id = si.id))) JOIN sample_human sh ON ((si.samp_id = sh.samp_id))) JOIN patient pt ON ((sh.patient_id = pt.id))) JOIN test t ON ((a.test_id = t.id))) JOIN test_section ts ON (((t.test_section_id = ts.id) AND ((ts.name)::text = 'VCT'::text)))) JOIN status_of_sample sos ON ((((sos.name)::text ~~ 'Test finished'::text) AND (sos.id = to_number((a.status)::text, '999999999'::text))))) ORDER BY pt.id;


ALTER TABLE clinlims.hiv_patients OWNER TO clinlims;

--
-- Name: hl7_encoding_type_seq; Type: SEQUENCE; Schema: clinlims; Owner: clinlims
--

CREATE SEQUENCE hl7_encoding_type_seq
    START WITH 1
    INCREMENT BY 1
    NO MINVALUE
    NO MAXVALUE
    CACHE 1;


ALTER TABLE clinlims.hl7_encoding_type_seq OWNER TO clinlims;

--
-- Name: hl7_transmission_sequence; Type: TABLE; Schema: clinlims; Owner: clinlims; Tablespace: 
--

CREATE TABLE hl7_transmission_sequence (
    id numeric(10,0) NOT NULL,
    lastupdated timestamp(6) without time zone
);


ALTER TABLE clinlims.hl7_transmission_sequence OWNER TO clinlims;

--
-- Name: htmldb_plan_table; Type: TABLE; Schema: clinlims; Owner: clinlims; Tablespace: 
--

CREATE TABLE htmldb_plan_table (
    statement_id character varying(30),
    plan_id numeric,
    "timestamp" timestamp without time zone,
    remarks character varying(4000),
    operation character varying(30),
    options character varying(255),
    object_node character varying(128),
    object_owner character varying(30),
    object_name character varying(30),
    object_alias character varying(65),
    object_instance numeric,
    object_type character varying(30),
    optimizer character varying(255),
    search_columns numeric,
    id numeric,
    parent_id numeric,
    depth numeric,
    "position" numeric,
    cost numeric,
    cardinality numeric,
    bytes numeric,
    other_tag character varying(255),
    partition_start character varying(255),
    partition_stop character varying(255),
    partition_id numeric,
    other text,
    distribution character varying(30),
    cpu_cost numeric,
    io_cost numeric,
    temp_space numeric,
    access_predicates character varying(4000),
    filter_predicates character varying(4000),
    projection character varying(4000),
    "time" numeric,
    qblock_name character varying(30)
);


ALTER TABLE clinlims.htmldb_plan_table OWNER TO clinlims;

--
-- Name: instrument; Type: TABLE; Schema: clinlims; Owner: clinlims; Tablespace: 
--

CREATE TABLE instrument (
    id numeric(10,0) NOT NULL,
    scrip_id numeric(10,0),
    name character varying(20),
    description character varying(60),
    instru_type character varying(30),
    is_active character varying(1),
    location character varying(60)
);


ALTER TABLE clinlims.instrument OWNER TO clinlims;

--
-- Name: COLUMN instrument.name; Type: COMMENT; Schema: clinlims; Owner: clinlims
--

COMMENT ON COLUMN instrument.name IS 'Short name for instrument';


--
-- Name: COLUMN instrument.description; Type: COMMENT; Schema: clinlims; Owner: clinlims
--

COMMENT ON COLUMN instrument.description IS 'Instrument description';


--
-- Name: COLUMN instrument.instru_type; Type: COMMENT; Schema: clinlims; Owner: clinlims
--

COMMENT ON COLUMN instrument.instru_type IS 'Type of instrument: Mass Spec, HPLC, etc.';


--
-- Name: COLUMN instrument.is_active; Type: COMMENT; Schema: clinlims; Owner: clinlims
--

COMMENT ON COLUMN instrument.is_active IS 'Flag indicating if the instrument is active';


--
-- Name: COLUMN instrument.location; Type: COMMENT; Schema: clinlims; Owner: clinlims
--

COMMENT ON COLUMN instrument.location IS 'Location of instrument';


--
-- Name: instrument_analyte; Type: TABLE; Schema: clinlims; Owner: clinlims; Tablespace: 
--

CREATE TABLE instrument_analyte (
    id numeric(10,0) NOT NULL,
    analyte_id numeric(10,0),
    instru_id numeric(10,0),
    method_id numeric(10,0),
    result_group numeric
);


ALTER TABLE clinlims.instrument_analyte OWNER TO clinlims;

--
-- Name: COLUMN instrument_analyte.id; Type: COMMENT; Schema: clinlims; Owner: clinlims
--

COMMENT ON COLUMN instrument_analyte.id IS 'Sequential Identifier';


--
-- Name: COLUMN instrument_analyte.method_id; Type: COMMENT; Schema: clinlims; Owner: clinlims
--

COMMENT ON COLUMN instrument_analyte.method_id IS 'Sequential number';


--
-- Name: COLUMN instrument_analyte.result_group; Type: COMMENT; Schema: clinlims; Owner: clinlims
--

COMMENT ON COLUMN instrument_analyte.result_group IS 'A program generated group number';


--
-- Name: instrument_log; Type: TABLE; Schema: clinlims; Owner: clinlims; Tablespace: 
--

CREATE TABLE instrument_log (
    id numeric(10,0) NOT NULL,
    instru_id numeric(10,0),
    instlog_type character varying(1),
    event_begin timestamp without time zone,
    event_end timestamp without time zone
);


ALTER TABLE clinlims.instrument_log OWNER TO clinlims;

--
-- Name: COLUMN instrument_log.id; Type: COMMENT; Schema: clinlims; Owner: clinlims
--

COMMENT ON COLUMN instrument_log.id IS 'Sequential Identifier';


--
-- Name: COLUMN instrument_log.instlog_type; Type: COMMENT; Schema: clinlims; Owner: clinlims
--

COMMENT ON COLUMN instrument_log.instlog_type IS 'type of log entry: downtime, maintenance';


--
-- Name: COLUMN instrument_log.event_begin; Type: COMMENT; Schema: clinlims; Owner: clinlims
--

COMMENT ON COLUMN instrument_log.event_begin IS 'date-time logged event started';


--
-- Name: COLUMN instrument_log.event_end; Type: COMMENT; Schema: clinlims; Owner: clinlims
--

COMMENT ON COLUMN instrument_log.event_end IS 'Date-time logged event ended';


--
-- Name: inventory_component; Type: TABLE; Schema: clinlims; Owner: clinlims; Tablespace: 
--

CREATE TABLE inventory_component (
    id numeric(10,0) NOT NULL,
    invitem_id numeric(10,0),
    quantity numeric,
    material_component_id numeric(10,0)
);


ALTER TABLE clinlims.inventory_component OWNER TO clinlims;

--
-- Name: COLUMN inventory_component.quantity; Type: COMMENT; Schema: clinlims; Owner: clinlims
--

COMMENT ON COLUMN inventory_component.quantity IS 'Quantity of material required';


--
-- Name: inventory_item; Type: TABLE; Schema: clinlims; Owner: clinlims; Tablespace: 
--

CREATE TABLE inventory_item (
    id numeric(10,0) NOT NULL,
    uom_id numeric(10,0),
    name character varying(20),
    description character varying(60),
    quantity_min_level numeric,
    quantity_max_level numeric,
    quantity_to_reorder numeric,
    is_reorder_auto character varying(1),
    is_lot_maintained character varying(1),
    is_active character varying(1),
    average_lead_time numeric,
    average_cost numeric,
    average_daily_use numeric
);


ALTER TABLE clinlims.inventory_item OWNER TO clinlims;

--
-- Name: COLUMN inventory_item.name; Type: COMMENT; Schema: clinlims; Owner: clinlims
--

COMMENT ON COLUMN inventory_item.name IS 'Unique Short Name for this item ie "Red Top Tube"';


--
-- Name: COLUMN inventory_item.description; Type: COMMENT; Schema: clinlims; Owner: clinlims
--

COMMENT ON COLUMN inventory_item.description IS 'Description of Item';


--
-- Name: COLUMN inventory_item.quantity_min_level; Type: COMMENT; Schema: clinlims; Owner: clinlims
--

COMMENT ON COLUMN inventory_item.quantity_min_level IS 'Minimum inventory level';


--
-- Name: COLUMN inventory_item.quantity_max_level; Type: COMMENT; Schema: clinlims; Owner: clinlims
--

COMMENT ON COLUMN inventory_item.quantity_max_level IS 'Maximum Inventory Level';


--
-- Name: COLUMN inventory_item.quantity_to_reorder; Type: COMMENT; Schema: clinlims; Owner: clinlims
--

COMMENT ON COLUMN inventory_item.quantity_to_reorder IS 'Amount to reorder';


--
-- Name: COLUMN inventory_item.is_reorder_auto; Type: COMMENT; Schema: clinlims; Owner: clinlims
--

COMMENT ON COLUMN inventory_item.is_reorder_auto IS 'Flag indicating system should automatically reorder';


--
-- Name: COLUMN inventory_item.is_lot_maintained; Type: COMMENT; Schema: clinlims; Owner: clinlims
--

COMMENT ON COLUMN inventory_item.is_lot_maintained IS 'Indicates if individual lot information is maintained for this item';


--
-- Name: COLUMN inventory_item.is_active; Type: COMMENT; Schema: clinlims; Owner: clinlims
--

COMMENT ON COLUMN inventory_item.is_active IS 'Indicates if this item is available for use.';


--
-- Name: COLUMN inventory_item.average_lead_time; Type: COMMENT; Schema: clinlims; Owner: clinlims
--

COMMENT ON COLUMN inventory_item.average_lead_time IS 'Average lead time in days';


--
-- Name: COLUMN inventory_item.average_cost; Type: COMMENT; Schema: clinlims; Owner: clinlims
--

COMMENT ON COLUMN inventory_item.average_cost IS 'Average cost per unit';


--
-- Name: COLUMN inventory_item.average_daily_use; Type: COMMENT; Schema: clinlims; Owner: clinlims
--

COMMENT ON COLUMN inventory_item.average_daily_use IS 'Seasonally adjusted average usage per day';


--
-- Name: inventory_item_seq; Type: SEQUENCE; Schema: clinlims; Owner: clinlims
--

CREATE SEQUENCE inventory_item_seq
    START WITH 1
    INCREMENT BY 1
    NO MINVALUE
    NO MAXVALUE
    CACHE 1;


ALTER TABLE clinlims.inventory_item_seq OWNER TO clinlims;

--
-- Name: inventory_location; Type: TABLE; Schema: clinlims; Owner: clinlims; Tablespace: 
--

CREATE TABLE inventory_location (
    id numeric(10,0) NOT NULL,
    storage_id numeric(10,0),
    lot_number character varying(20),
    quantity_onhand numeric,
    expiration_date timestamp without time zone,
    inv_item_id numeric(10,0)
);


ALTER TABLE clinlims.inventory_location OWNER TO clinlims;

--
-- Name: COLUMN inventory_location.lot_number; Type: COMMENT; Schema: clinlims; Owner: clinlims
--

COMMENT ON COLUMN inventory_location.lot_number IS 'Lot number';


--
-- Name: COLUMN inventory_location.quantity_onhand; Type: COMMENT; Schema: clinlims; Owner: clinlims
--

COMMENT ON COLUMN inventory_location.quantity_onhand IS 'Number of units onhand';


--
-- Name: inventory_location_seq; Type: SEQUENCE; Schema: clinlims; Owner: clinlims
--

CREATE SEQUENCE inventory_location_seq
    START WITH 1
    INCREMENT BY 1
    NO MINVALUE
    NO MAXVALUE
    CACHE 1;


ALTER TABLE clinlims.inventory_location_seq OWNER TO clinlims;

--
-- Name: inventory_receipt; Type: TABLE; Schema: clinlims; Owner: clinlims; Tablespace: 
--

CREATE TABLE inventory_receipt (
    id numeric(10,0) NOT NULL,
    invitem_id numeric(10,0) NOT NULL,
    received_date timestamp without time zone,
    quantity_received numeric,
    unit_cost numeric,
    qc_reference character varying(20),
    external_reference character varying(20),
    org_id numeric(10,0)
);


ALTER TABLE clinlims.inventory_receipt OWNER TO clinlims;

--
-- Name: COLUMN inventory_receipt.received_date; Type: COMMENT; Schema: clinlims; Owner: clinlims
--

COMMENT ON COLUMN inventory_receipt.received_date IS 'Date and time item was received';


--
-- Name: COLUMN inventory_receipt.quantity_received; Type: COMMENT; Schema: clinlims; Owner: clinlims
--

COMMENT ON COLUMN inventory_receipt.quantity_received IS 'Number of units received';


--
-- Name: COLUMN inventory_receipt.unit_cost; Type: COMMENT; Schema: clinlims; Owner: clinlims
--

COMMENT ON COLUMN inventory_receipt.unit_cost IS 'Cost per unit item';


--
-- Name: COLUMN inventory_receipt.qc_reference; Type: COMMENT; Schema: clinlims; Owner: clinlims
--

COMMENT ON COLUMN inventory_receipt.qc_reference IS 'External QC reference number';


--
-- Name: COLUMN inventory_receipt.external_reference; Type: COMMENT; Schema: clinlims; Owner: clinlims
--

COMMENT ON COLUMN inventory_receipt.external_reference IS 'External reference to purchase order, invoice number.';


--
-- Name: inventory_receipt_seq; Type: SEQUENCE; Schema: clinlims; Owner: clinlims
--

CREATE SEQUENCE inventory_receipt_seq
    START WITH 1
    INCREMENT BY 1
    NO MINVALUE
    NO MAXVALUE
    CACHE 1;


ALTER TABLE clinlims.inventory_receipt_seq OWNER TO clinlims;

--
-- Name: lab_order_item; Type: TABLE; Schema: clinlims; Owner: clinlims; Tablespace: 
--

CREATE TABLE lab_order_item (
    id numeric(10,0) NOT NULL,
    lab_order_type_id numeric(10,0) NOT NULL,
    table_ref numeric(10,0),
    record_id numeric(10,0),
    identifier character varying(20),
    action character varying(20),
    lastupdated timestamp with time zone DEFAULT now()
);


ALTER TABLE clinlims.lab_order_item OWNER TO clinlims;

--
-- Name: TABLE lab_order_item; Type: COMMENT; Schema: clinlims; Owner: clinlims
--

COMMENT ON TABLE lab_order_item IS 'Association table between lab order type and the thing they affect';


--
-- Name: COLUMN lab_order_item.lab_order_type_id; Type: COMMENT; Schema: clinlims; Owner: clinlims
--

COMMENT ON COLUMN lab_order_item.lab_order_type_id IS 'The lab order type this refers to';


--
-- Name: COLUMN lab_order_item.table_ref; Type: COMMENT; Schema: clinlims; Owner: clinlims
--

COMMENT ON COLUMN lab_order_item.table_ref IS 'If the thing it refers to is a db object what table is it in';


--
-- Name: COLUMN lab_order_item.record_id; Type: COMMENT; Schema: clinlims; Owner: clinlims
--

COMMENT ON COLUMN lab_order_item.record_id IS 'If the thing it refers to is a db object what record in the table is it';


--
-- Name: COLUMN lab_order_item.identifier; Type: COMMENT; Schema: clinlims; Owner: clinlims
--

COMMENT ON COLUMN lab_order_item.identifier IS 'If this is not a db object then another way to identify it.  could be a class name on a form';


--
-- Name: COLUMN lab_order_item.action; Type: COMMENT; Schema: clinlims; Owner: clinlims
--

COMMENT ON COLUMN lab_order_item.action IS 'What should happen if this is in a lab order type';


--
-- Name: lab_order_item_seq; Type: SEQUENCE; Schema: clinlims; Owner: clinlims
--

CREATE SEQUENCE lab_order_item_seq
    START WITH 1
    INCREMENT BY 1
    NO MINVALUE
    NO MAXVALUE
    CACHE 1;


ALTER TABLE clinlims.lab_order_item_seq OWNER TO clinlims;

--
-- Name: lab_order_type; Type: TABLE; Schema: clinlims; Owner: clinlims; Tablespace: 
--

CREATE TABLE lab_order_type (
    id numeric(10,0) NOT NULL,
    domain character varying(20) NOT NULL,
    type character varying(40) NOT NULL,
    context character varying(60),
    description character varying(60),
    sort_order numeric,
    lastupdated timestamp with time zone,
    display_key character varying(60)
);


ALTER TABLE clinlims.lab_order_type OWNER TO clinlims;

--
-- Name: TABLE lab_order_type; Type: COMMENT; Schema: clinlims; Owner: clinlims
--

COMMENT ON TABLE lab_order_type IS 'If lab differentiates based on the type of order i.e. first visit, follow-up.  The types are defined here';


--
-- Name: COLUMN lab_order_type.domain; Type: COMMENT; Schema: clinlims; Owner: clinlims
--

COMMENT ON COLUMN lab_order_type.domain IS 'Refers to Human, Environmental, New born etc';


--
-- Name: COLUMN lab_order_type.type; Type: COMMENT; Schema: clinlims; Owner: clinlims
--

COMMENT ON COLUMN lab_order_type.type IS 'The lab order type i.e. first visit, follow-up etc';


--
-- Name: COLUMN lab_order_type.context; Type: COMMENT; Schema: clinlims; Owner: clinlims
--

COMMENT ON COLUMN lab_order_type.context IS 'What is the context that this type is significant. i.e. Sample Entry, confirmation entry';


--
-- Name: COLUMN lab_order_type.sort_order; Type: COMMENT; Schema: clinlims; Owner: clinlims
--

COMMENT ON COLUMN lab_order_type.sort_order IS 'What is the order when displayed to the user';


--
-- Name: COLUMN lab_order_type.display_key; Type: COMMENT; Schema: clinlims; Owner: clinlims
--

COMMENT ON COLUMN lab_order_type.display_key IS 'Localization information.  Match found in MessageResource.properties';


--
-- Name: lab_order_type_seq; Type: SEQUENCE; Schema: clinlims; Owner: clinlims
--

CREATE SEQUENCE lab_order_type_seq
    START WITH 1
    INCREMENT BY 1
    NO MINVALUE
    NO MAXVALUE
    CACHE 1;


ALTER TABLE clinlims.lab_order_type_seq OWNER TO clinlims;

--
-- Name: label; Type: TABLE; Schema: clinlims; Owner: clinlims; Tablespace: 
--

CREATE TABLE label (
    id numeric(10,0) NOT NULL,
    name character varying(30),
    description character varying(60),
    printer_type character(1),
    scriptlet_id numeric(10,0),
    lastupdated timestamp(6) without time zone
);


ALTER TABLE clinlims.label OWNER TO clinlims;

--
-- Name: label_seq; Type: SEQUENCE; Schema: clinlims; Owner: clinlims
--

CREATE SEQUENCE label_seq
    START WITH 3
    INCREMENT BY 1
    NO MINVALUE
    NO MAXVALUE
    CACHE 1;


ALTER TABLE clinlims.label_seq OWNER TO clinlims;

--
-- Name: login_user; Type: TABLE; Schema: clinlims; Owner: clinlims; Tablespace: 
--

CREATE TABLE login_user (
    id numeric(10,0) NOT NULL,
    login_name character varying(20) NOT NULL,
    password character varying(256) NOT NULL,
    password_expired_dt date NOT NULL,
    account_locked character varying(1) NOT NULL,
    account_disabled character varying(1) NOT NULL,
    is_admin character varying(1) NOT NULL,
    user_time_out character varying(3) NOT NULL
);


ALTER TABLE clinlims.login_user OWNER TO clinlims;

--
-- Name: COLUMN login_user.login_name; Type: COMMENT; Schema: clinlims; Owner: clinlims
--

COMMENT ON COLUMN login_user.login_name IS 'User LOGIN_NAME from SYSTEM_USER table';


--
-- Name: COLUMN login_user.password; Type: COMMENT; Schema: clinlims; Owner: clinlims
--

COMMENT ON COLUMN login_user.password IS 'User password';


--
-- Name: COLUMN login_user.password_expired_dt; Type: COMMENT; Schema: clinlims; Owner: clinlims
--

COMMENT ON COLUMN login_user.password_expired_dt IS 'Password expiration date';


--
-- Name: COLUMN login_user.account_locked; Type: COMMENT; Schema: clinlims; Owner: clinlims
--

COMMENT ON COLUMN login_user.account_locked IS 'Account locked (Y/N)';


--
-- Name: COLUMN login_user.account_disabled; Type: COMMENT; Schema: clinlims; Owner: clinlims
--

COMMENT ON COLUMN login_user.account_disabled IS 'Account disabled (Y/N)';


--
-- Name: COLUMN login_user.is_admin; Type: COMMENT; Schema: clinlims; Owner: clinlims
--

COMMENT ON COLUMN login_user.is_admin IS 'Indicates if this user is administrator (Y/N)';


--
-- Name: COLUMN login_user.user_time_out; Type: COMMENT; Schema: clinlims; Owner: clinlims
--

COMMENT ON COLUMN login_user.user_time_out IS 'User session time out in minute';


--
-- Name: login_user_seq; Type: SEQUENCE; Schema: clinlims; Owner: clinlims
--

CREATE SEQUENCE login_user_seq
    START WITH 0
    INCREMENT BY 1
    MINVALUE 0
    NO MAXVALUE
    CACHE 1;


ALTER TABLE clinlims.login_user_seq OWNER TO clinlims;

--
-- Name: menu; Type: TABLE; Schema: clinlims; Owner: clinlims; Tablespace: 
--

CREATE TABLE menu (
    id numeric(10,0) NOT NULL,
    parent_id numeric(10,0),
    presentation_order numeric,
    element_id character varying(40) NOT NULL,
    action_url character varying(120),
    click_action character varying(120),
    display_key character varying(60),
    tool_tip_key character varying(60),
    new_window boolean DEFAULT false
);


ALTER TABLE clinlims.menu OWNER TO clinlims;

--
-- Name: TABLE menu; Type: COMMENT; Schema: clinlims; Owner: clinlims
--

COMMENT ON TABLE menu IS 'Table for menuing system';


--
-- Name: COLUMN menu.id; Type: COMMENT; Schema: clinlims; Owner: clinlims
--

COMMENT ON COLUMN menu.id IS 'primary key';


--
-- Name: COLUMN menu.parent_id; Type: COMMENT; Schema: clinlims; Owner: clinlims
--

COMMENT ON COLUMN menu.parent_id IS 'If this is a submenu then the parent menu id';


--
-- Name: COLUMN menu.presentation_order; Type: COMMENT; Schema: clinlims; Owner: clinlims
--

COMMENT ON COLUMN menu.presentation_order IS 'For top level menus the order across the page for sub menu the order in the popup menu.  If there is a collision then the order is alphebetical';


--
-- Name: COLUMN menu.element_id; Type: COMMENT; Schema: clinlims; Owner: clinlims
--

COMMENT ON COLUMN menu.element_id IS 'The element id in the context of HTML.';


--
-- Name: COLUMN menu.action_url; Type: COMMENT; Schema: clinlims; Owner: clinlims
--

COMMENT ON COLUMN menu.action_url IS 'If clicking on the element moves to a new page, the url of that page';


--
-- Name: COLUMN menu.click_action; Type: COMMENT; Schema: clinlims; Owner: clinlims
--

COMMENT ON COLUMN menu.click_action IS 'If clicking on the element calls javascript then the javascript call';


--
-- Name: COLUMN menu.display_key; Type: COMMENT; Schema: clinlims; Owner: clinlims
--

COMMENT ON COLUMN menu.display_key IS 'The message key for what will be displayed in the menu';


--
-- Name: COLUMN menu.tool_tip_key; Type: COMMENT; Schema: clinlims; Owner: clinlims
--

COMMENT ON COLUMN menu.tool_tip_key IS 'The message key for the tool-tip';


--
-- Name: COLUMN menu.new_window; Type: COMMENT; Schema: clinlims; Owner: clinlims
--

COMMENT ON COLUMN menu.new_window IS 'If true the menu action will be done in a new window';


--
-- Name: menu_seq; Type: SEQUENCE; Schema: clinlims; Owner: clinlims
--

CREATE SEQUENCE menu_seq
    START WITH 1
    INCREMENT BY 1
    NO MINVALUE
    NO MAXVALUE
    CACHE 1;


ALTER TABLE clinlims.menu_seq OWNER TO clinlims;

--
-- Name: message_org; Type: TABLE; Schema: clinlims; Owner: clinlims; Tablespace: 
--

CREATE TABLE message_org (
    id numeric(10,0) NOT NULL,
    org_id character varying(60),
    is_active character varying(1),
    active_begin timestamp without time zone,
    active_end timestamp without time zone,
    description character varying(60),
    lastupdated timestamp(6) without time zone
);


ALTER TABLE clinlims.message_org OWNER TO clinlims;

--
-- Name: message_org_seq; Type: SEQUENCE; Schema: clinlims; Owner: clinlims
--

CREATE SEQUENCE message_org_seq
    START WITH 41
    INCREMENT BY 1
    NO MINVALUE
    NO MAXVALUE
    CACHE 20;


ALTER TABLE clinlims.message_org_seq OWNER TO clinlims;

--
-- Name: messagecontrolidseq; Type: SEQUENCE; Schema: clinlims; Owner: clinlims
--

CREATE SEQUENCE messagecontrolidseq
    START WITH 1
    INCREMENT BY 1
    NO MINVALUE
    NO MAXVALUE
    CACHE 1;


ALTER TABLE clinlims.messagecontrolidseq OWNER TO clinlims;

--
-- Name: method; Type: TABLE; Schema: clinlims; Owner: clinlims; Tablespace: 
--

CREATE TABLE method (
    id numeric(10,0) NOT NULL,
    name character varying(20) NOT NULL,
    description character varying(60) NOT NULL,
    reporting_description character varying(60),
    is_active character varying(1),
    active_begin timestamp without time zone,
    active_end timestamp without time zone,
    lastupdated timestamp(6) without time zone
);


ALTER TABLE clinlims.method OWNER TO clinlims;

--
-- Name: COLUMN method.id; Type: COMMENT; Schema: clinlims; Owner: clinlims
--

COMMENT ON COLUMN method.id IS 'Sequential number';


--
-- Name: COLUMN method.name; Type: COMMENT; Schema: clinlims; Owner: clinlims
--

COMMENT ON COLUMN method.name IS 'Sort name for method';


--
-- Name: COLUMN method.description; Type: COMMENT; Schema: clinlims; Owner: clinlims
--

COMMENT ON COLUMN method.description IS 'Description for Method';


--
-- Name: COLUMN method.reporting_description; Type: COMMENT; Schema: clinlims; Owner: clinlims
--

COMMENT ON COLUMN method.reporting_description IS 'Description that appears on reports';


--
-- Name: COLUMN method.is_active; Type: COMMENT; Schema: clinlims; Owner: clinlims
--

COMMENT ON COLUMN method.is_active IS 'Flag indicating if the test is active';


--
-- Name: COLUMN method.active_begin; Type: COMMENT; Schema: clinlims; Owner: clinlims
--

COMMENT ON COLUMN method.active_begin IS 'Date test was moved into production';


--
-- Name: COLUMN method.active_end; Type: COMMENT; Schema: clinlims; Owner: clinlims
--

COMMENT ON COLUMN method.active_end IS 'Date test was removed from production';


--
-- Name: method_analyte; Type: TABLE; Schema: clinlims; Owner: clinlims; Tablespace: 
--

CREATE TABLE method_analyte (
    id numeric(10,0) NOT NULL,
    method_id numeric(10,0),
    analyte_id numeric(10,0),
    result_group numeric,
    sort_order numeric,
    ma_type character varying(1)
);


ALTER TABLE clinlims.method_analyte OWNER TO clinlims;

--
-- Name: COLUMN method_analyte.method_id; Type: COMMENT; Schema: clinlims; Owner: clinlims
--

COMMENT ON COLUMN method_analyte.method_id IS 'Sequential number';


--
-- Name: COLUMN method_analyte.result_group; Type: COMMENT; Schema: clinlims; Owner: clinlims
--

COMMENT ON COLUMN method_analyte.result_group IS 'a program generated group (sequence) number';


--
-- Name: COLUMN method_analyte.sort_order; Type: COMMENT; Schema: clinlims; Owner: clinlims
--

COMMENT ON COLUMN method_analyte.sort_order IS 'The order the analytes are displayed (sort order)';


--
-- Name: COLUMN method_analyte.ma_type; Type: COMMENT; Schema: clinlims; Owner: clinlims
--

COMMENT ON COLUMN method_analyte.ma_type IS 'type of analyte';


--
-- Name: method_result; Type: TABLE; Schema: clinlims; Owner: clinlims; Tablespace: 
--

CREATE TABLE method_result (
    id numeric(10,0) NOT NULL,
    scrip_id numeric(10,0),
    result_group numeric,
    flags character varying(10),
    methres_type character varying(1),
    value character varying(80),
    quant_limit character varying(30),
    cont_level character varying(30),
    method_id numeric(10,0)
);


ALTER TABLE clinlims.method_result OWNER TO clinlims;

--
-- Name: COLUMN method_result.result_group; Type: COMMENT; Schema: clinlims; Owner: clinlims
--

COMMENT ON COLUMN method_result.result_group IS 'The method analyte result group number';


--
-- Name: COLUMN method_result.flags; Type: COMMENT; Schema: clinlims; Owner: clinlims
--

COMMENT ON COLUMN method_result.flags IS 'A string of 1 character codes: Positive, Reportable';


--
-- Name: COLUMN method_result.methres_type; Type: COMMENT; Schema: clinlims; Owner: clinlims
--

COMMENT ON COLUMN method_result.methres_type IS 'Type of parameter: Dictionary, Titer-range, Number-range, date';


--
-- Name: COLUMN method_result.value; Type: COMMENT; Schema: clinlims; Owner: clinlims
--

COMMENT ON COLUMN method_result.value IS 'A possible result value based on type';


--
-- Name: COLUMN method_result.quant_limit; Type: COMMENT; Schema: clinlims; Owner: clinlims
--

COMMENT ON COLUMN method_result.quant_limit IS 'Quantitation Limit (if any)';


--
-- Name: COLUMN method_result.cont_level; Type: COMMENT; Schema: clinlims; Owner: clinlims
--

COMMENT ON COLUMN method_result.cont_level IS 'Contaminant level (if any)';


--
-- Name: method_seq; Type: SEQUENCE; Schema: clinlims; Owner: clinlims
--

CREATE SEQUENCE method_seq
    START WITH 1
    INCREMENT BY 1
    NO MINVALUE
    NO MAXVALUE
    CACHE 1;


ALTER TABLE clinlims.method_seq OWNER TO clinlims;

--
-- Name: mls_lab_type; Type: TABLE; Schema: clinlims; Owner: clinlims; Tablespace: 
--

CREATE TABLE mls_lab_type (
    id numeric(10,0) NOT NULL,
    description character varying(50) NOT NULL,
    org_mlt_org_mlt_id numeric(10,0)
);


ALTER TABLE clinlims.mls_lab_type OWNER TO clinlims;

--
-- Name: COLUMN mls_lab_type.id; Type: COMMENT; Schema: clinlims; Owner: clinlims
--

COMMENT ON COLUMN mls_lab_type.id IS 'Sequential ID';


--
-- Name: COLUMN mls_lab_type.description; Type: COMMENT; Schema: clinlims; Owner: clinlims
--

COMMENT ON COLUMN mls_lab_type.description IS 'Used to define MLS lab types including Level A, Urine, Virology';


--
-- Name: note; Type: TABLE; Schema: clinlims; Owner: clinlims; Tablespace: 
--

CREATE TABLE note (
    id numeric(10,0) NOT NULL,
    sys_user_id numeric(10,0),
    reference_id numeric,
    reference_table numeric,
    note_type character varying(1),
    subject character varying(60),
    text character varying(1000),
    lastupdated timestamp(6) without time zone
);


ALTER TABLE clinlims.note OWNER TO clinlims;

--
-- Name: COLUMN note.sys_user_id; Type: COMMENT; Schema: clinlims; Owner: clinlims
--

COMMENT ON COLUMN note.sys_user_id IS 'Sequential Identifier';


--
-- Name: COLUMN note.reference_id; Type: COMMENT; Schema: clinlims; Owner: clinlims
--

COMMENT ON COLUMN note.reference_id IS 'Link to record in table to which this entry pertains.';


--
-- Name: COLUMN note.reference_table; Type: COMMENT; Schema: clinlims; Owner: clinlims
--

COMMENT ON COLUMN note.reference_table IS 'Link to table that this entity belongs to';


--
-- Name: COLUMN note.note_type; Type: COMMENT; Schema: clinlims; Owner: clinlims
--

COMMENT ON COLUMN note.note_type IS 'Type of comment such as external, internal';


--
-- Name: COLUMN note.subject; Type: COMMENT; Schema: clinlims; Owner: clinlims
--

COMMENT ON COLUMN note.subject IS 'Comment subject';


--
-- Name: note_seq; Type: SEQUENCE; Schema: clinlims; Owner: clinlims
--

CREATE SEQUENCE note_seq
    START WITH 1
    INCREMENT BY 1
    NO MINVALUE
    NO MAXVALUE
    CACHE 20;


ALTER TABLE clinlims.note_seq OWNER TO clinlims;

--
-- Name: observation_history; Type: TABLE; Schema: clinlims; Owner: clinlims; Tablespace: 
--

CREATE TABLE observation_history (
    id numeric(10,0) NOT NULL,
    patient_id numeric(10,0) NOT NULL,
    sample_id numeric(10,0) NOT NULL,
    observation_history_type_id numeric(10,0) NOT NULL,
    value_type character varying(5) NOT NULL,
    value character varying(80),
    lastupdated timestamp with time zone,
    sample_item_id numeric(10,0)
);


ALTER TABLE clinlims.observation_history OWNER TO clinlims;

--
-- Name: TABLE observation_history; Type: COMMENT; Schema: clinlims; Owner: clinlims
--

COMMENT ON TABLE observation_history IS 'defines the answer at the time of a interview (with sample) to a demographic question.';


--
-- Name: COLUMN observation_history.id; Type: COMMENT; Schema: clinlims; Owner: clinlims
--

COMMENT ON COLUMN observation_history.id IS 'primary key';


--
-- Name: COLUMN observation_history.patient_id; Type: COMMENT; Schema: clinlims; Owner: clinlims
--

COMMENT ON COLUMN observation_history.patient_id IS 'FK linking this information to a patient';


--
-- Name: COLUMN observation_history.sample_id; Type: COMMENT; Schema: clinlims; Owner: clinlims
--

COMMENT ON COLUMN observation_history.sample_id IS 'FK linking this information to a sample (and a collection date).';


--
-- Name: COLUMN observation_history.observation_history_type_id; Type: COMMENT; Schema: clinlims; Owner: clinlims
--

COMMENT ON COLUMN observation_history.observation_history_type_id IS 'FK to type table to define what is contained in the value column';


--
-- Name: COLUMN observation_history.value_type; Type: COMMENT; Schema: clinlims; Owner: clinlims
--

COMMENT ON COLUMN observation_history.value_type IS 'L=local or literal, a value right here in the history table. D=Defined/Dictionary, the value is a foreign key to the Dictionary table. For multiple choice questions with fixed answers.';


--
-- Name: COLUMN observation_history.value; Type: COMMENT; Schema: clinlims; Owner: clinlims
--

COMMENT ON COLUMN observation_history.value IS 'either a literal value for this demo. type, or a Foreign key to dictionary';


--
-- Name: COLUMN observation_history.sample_item_id; Type: COMMENT; Schema: clinlims; Owner: clinlims
--

COMMENT ON COLUMN observation_history.sample_item_id IS 'Optional refereence to sample item';


--
-- Name: observation_history_seq; Type: SEQUENCE; Schema: clinlims; Owner: clinlims
--

CREATE SEQUENCE observation_history_seq
    START WITH 0
    INCREMENT BY 1
    MINVALUE 0
    NO MAXVALUE
    CACHE 1;


ALTER TABLE clinlims.observation_history_seq OWNER TO clinlims;

--
-- Name: observation_history_type; Type: TABLE; Schema: clinlims; Owner: clinlims; Tablespace: 
--

CREATE TABLE observation_history_type (
    id numeric(10,0) NOT NULL,
    type_name character varying(30) NOT NULL,
    description character varying(400),
    lastupdated timestamp with time zone
);


ALTER TABLE clinlims.observation_history_type OWNER TO clinlims;

--
-- Name: TABLE observation_history_type; Type: COMMENT; Schema: clinlims; Owner: clinlims
--

COMMENT ON TABLE observation_history_type IS 'defines the possible classes of values allowed in the demo. history table.';


--
-- Name: COLUMN observation_history_type.id; Type: COMMENT; Schema: clinlims; Owner: clinlims
--

COMMENT ON COLUMN observation_history_type.id IS 'primary key';


--
-- Name: COLUMN observation_history_type.type_name; Type: COMMENT; Schema: clinlims; Owner: clinlims
--

COMMENT ON COLUMN observation_history_type.type_name IS 'a short tag (1 word) for this type. What was asked "Gender", "HIVPositive" etc.';


--
-- Name: COLUMN observation_history_type.description; Type: COMMENT; Schema: clinlims; Owner: clinlims
--

COMMENT ON COLUMN observation_history_type.description IS 'a long description of this type.';


--
-- Name: COLUMN observation_history_type.lastupdated; Type: COMMENT; Schema: clinlims; Owner: clinlims
--

COMMENT ON COLUMN observation_history_type.lastupdated IS 'the last time this item was written to the database.';


--
-- Name: observation_history_type_seq; Type: SEQUENCE; Schema: clinlims; Owner: clinlims
--

CREATE SEQUENCE observation_history_type_seq
    START WITH 0
    INCREMENT BY 1
    MINVALUE 0
    NO MAXVALUE
    CACHE 1;


ALTER TABLE clinlims.observation_history_type_seq OWNER TO clinlims;

--
-- Name: occupation; Type: TABLE; Schema: clinlims; Owner: clinlims; Tablespace: 
--

CREATE TABLE occupation (
    id numeric(10,0) NOT NULL,
    occupation character varying(300),
    lastupdated timestamp without time zone
);


ALTER TABLE clinlims.occupation OWNER TO clinlims;

--
-- Name: occupation_seq; Type: SEQUENCE; Schema: clinlims; Owner: clinlims
--

CREATE SEQUENCE occupation_seq
    START WITH 1
    INCREMENT BY 1
    NO MINVALUE
    NO MAXVALUE
    CACHE 20;


ALTER TABLE clinlims.occupation_seq OWNER TO clinlims;

--
-- Name: or_properties; Type: TABLE; Schema: clinlims; Owner: clinlims; Tablespace: 
--

CREATE TABLE or_properties (
    property_id integer NOT NULL,
    property_key character varying(255) NOT NULL,
    property_value character varying(255)
);


ALTER TABLE clinlims.or_properties OWNER TO clinlims;

--
-- Name: or_tags; Type: TABLE; Schema: clinlims; Owner: clinlims; Tablespace: 
--

CREATE TABLE or_tags (
    tag_id integer NOT NULL,
    tagged_object_id integer NOT NULL,
    tagged_object_class character varying(255) NOT NULL,
    tag_value character varying(255) NOT NULL,
    tag_type character varying(255) NOT NULL
);


ALTER TABLE clinlims.or_tags OWNER TO clinlims;

--
-- Name: order_item; Type: TABLE; Schema: clinlims; Owner: clinlims; Tablespace: 
--

CREATE TABLE order_item (
    id numeric(10,0) NOT NULL,
    ord_id numeric(10,0) NOT NULL,
    quantity_requested numeric,
    quantity_received numeric,
    inv_loc_id numeric(10,0)
);


ALTER TABLE clinlims.order_item OWNER TO clinlims;

--
-- Name: COLUMN order_item.quantity_requested; Type: COMMENT; Schema: clinlims; Owner: clinlims
--

COMMENT ON COLUMN order_item.quantity_requested IS 'Quantity requested by organization';


--
-- Name: COLUMN order_item.quantity_received; Type: COMMENT; Schema: clinlims; Owner: clinlims
--

COMMENT ON COLUMN order_item.quantity_received IS 'Quantity received';


--
-- Name: orders; Type: TABLE; Schema: clinlims; Owner: clinlims; Tablespace: 
--

CREATE TABLE orders (
    id numeric(10,0) NOT NULL,
    org_id numeric(10,0) NOT NULL,
    sys_user_id numeric(10,0),
    ordered_date timestamp without time zone,
    neededby_date timestamp without time zone,
    requested_by character varying(30),
    cost_center character varying(15),
    shipping_type character varying(2),
    shipping_carrier character varying(2),
    shipping_cost numeric,
    delivered_date timestamp without time zone,
    is_external character varying(1),
    external_order_number character varying(20),
    is_filled character varying(1)
);


ALTER TABLE clinlims.orders OWNER TO clinlims;

--
-- Name: COLUMN orders.org_id; Type: COMMENT; Schema: clinlims; Owner: clinlims
--

COMMENT ON COLUMN orders.org_id IS 'Sequential Numbering Field';


--
-- Name: COLUMN orders.sys_user_id; Type: COMMENT; Schema: clinlims; Owner: clinlims
--

COMMENT ON COLUMN orders.sys_user_id IS 'Sequential Identifier';


--
-- Name: COLUMN orders.neededby_date; Type: COMMENT; Schema: clinlims; Owner: clinlims
--

COMMENT ON COLUMN orders.neededby_date IS 'Date-time the order must be received by client';


--
-- Name: COLUMN orders.requested_by; Type: COMMENT; Schema: clinlims; Owner: clinlims
--

COMMENT ON COLUMN orders.requested_by IS 'Name of person/entity who placed the order';


--
-- Name: COLUMN orders.cost_center; Type: COMMENT; Schema: clinlims; Owner: clinlims
--

COMMENT ON COLUMN orders.cost_center IS 'Entity or project the order will be charged against';


--
-- Name: COLUMN orders.shipping_type; Type: COMMENT; Schema: clinlims; Owner: clinlims
--

COMMENT ON COLUMN orders.shipping_type IS 'Type of shipping such as: Air, ground, First Class, Bulk....';


--
-- Name: COLUMN orders.shipping_carrier; Type: COMMENT; Schema: clinlims; Owner: clinlims
--

COMMENT ON COLUMN orders.shipping_carrier IS 'Company used for shipping: UPS, FedEx, USPS...';


--
-- Name: COLUMN orders.shipping_cost; Type: COMMENT; Schema: clinlims; Owner: clinlims
--

COMMENT ON COLUMN orders.shipping_cost IS 'Shipping Cost';


--
-- Name: COLUMN orders.delivered_date; Type: COMMENT; Schema: clinlims; Owner: clinlims
--

COMMENT ON COLUMN orders.delivered_date IS 'Date-time shipment received by client (including us)';


--
-- Name: COLUMN orders.is_external; Type: COMMENT; Schema: clinlims; Owner: clinlims
--

COMMENT ON COLUMN orders.is_external IS 'Indicates if current order will be filled by an external vendor';


--
-- Name: COLUMN orders.external_order_number; Type: COMMENT; Schema: clinlims; Owner: clinlims
--

COMMENT ON COLUMN orders.external_order_number IS 'External order number';


--
-- Name: COLUMN orders.is_filled; Type: COMMENT; Schema: clinlims; Owner: clinlims
--

COMMENT ON COLUMN orders.is_filled IS 'Flag indicating if the order has been filled';


--
-- Name: org_hl7_encoding_type; Type: TABLE; Schema: clinlims; Owner: clinlims; Tablespace: 
--

CREATE TABLE org_hl7_encoding_type (
    organization_id numeric(10,0) NOT NULL,
    encoding_type_id numeric(10,0) NOT NULL,
    lastupdated timestamp with time zone
);


ALTER TABLE clinlims.org_hl7_encoding_type OWNER TO clinlims;

--
-- Name: TABLE org_hl7_encoding_type; Type: COMMENT; Schema: clinlims; Owner: clinlims
--

COMMENT ON TABLE org_hl7_encoding_type IS 'mapping table to identify which organization uses which hly encoding schema';


--
-- Name: org_mls_lab_type; Type: TABLE; Schema: clinlims; Owner: clinlims; Tablespace: 
--

CREATE TABLE org_mls_lab_type (
    org_id numeric NOT NULL,
    mls_lab_id numeric NOT NULL,
    org_mlt_id numeric(10,0) NOT NULL
);


ALTER TABLE clinlims.org_mls_lab_type OWNER TO clinlims;

--
-- Name: COLUMN org_mls_lab_type.org_id; Type: COMMENT; Schema: clinlims; Owner: clinlims
--

COMMENT ON COLUMN org_mls_lab_type.org_id IS 'foreign key from organization table';


--
-- Name: COLUMN org_mls_lab_type.mls_lab_id; Type: COMMENT; Schema: clinlims; Owner: clinlims
--

COMMENT ON COLUMN org_mls_lab_type.mls_lab_id IS 'foreign key from MLS lab type table';


--
-- Name: organization; Type: TABLE; Schema: clinlims; Owner: clinlims; Tablespace: 
--

CREATE TABLE organization (
    id numeric(10,0) NOT NULL,
    name character varying(80) NOT NULL,
    city character varying(30),
    zip_code character varying(10),
    mls_sentinel_lab_flag character varying(1) DEFAULT 'N'::character varying NOT NULL,
    org_mlt_org_mlt_id numeric(10,0),
    org_id numeric(10,0),
    short_name character varying(15),
    multiple_unit character varying(30),
    street_address character varying(30),
    state character varying(2),
    internet_address character varying(40),
    clia_num character varying(12),
    pws_id character varying(15),
    lastupdated timestamp(6) without time zone,
    mls_lab_flag character(1),
    is_active character(1),
    local_abbrev character varying(10),
    code character varying(20)
);


ALTER TABLE clinlims.organization OWNER TO clinlims;

--
-- Name: COLUMN organization.id; Type: COMMENT; Schema: clinlims; Owner: clinlims
--

COMMENT ON COLUMN organization.id IS 'Sequential Numbering Field';


--
-- Name: COLUMN organization.name; Type: COMMENT; Schema: clinlims; Owner: clinlims
--

COMMENT ON COLUMN organization.name IS 'The full name of an organization';


--
-- Name: COLUMN organization.city; Type: COMMENT; Schema: clinlims; Owner: clinlims
--

COMMENT ON COLUMN organization.city IS 'City';


--
-- Name: COLUMN organization.zip_code; Type: COMMENT; Schema: clinlims; Owner: clinlims
--

COMMENT ON COLUMN organization.zip_code IS 'Zip code';


--
-- Name: COLUMN organization.mls_sentinel_lab_flag; Type: COMMENT; Schema: clinlims; Owner: clinlims
--

COMMENT ON COLUMN organization.mls_sentinel_lab_flag IS 'Yes or No field indicating that the submitter is an Minnesota Laboratory System Lab';


--
-- Name: COLUMN organization.org_id; Type: COMMENT; Schema: clinlims; Owner: clinlims
--

COMMENT ON COLUMN organization.org_id IS 'Sequential Numbering Field';


--
-- Name: COLUMN organization.short_name; Type: COMMENT; Schema: clinlims; Owner: clinlims
--

COMMENT ON COLUMN organization.short_name IS 'A shortened or abbreviated name of an organization. For example "BCBSM" is the short name for Blue Cross Blue Shield Minnesota';


--
-- Name: COLUMN organization.multiple_unit; Type: COMMENT; Schema: clinlims; Owner: clinlims
--

COMMENT ON COLUMN organization.multiple_unit IS 'Apartment number or unit information';


--
-- Name: COLUMN organization.street_address; Type: COMMENT; Schema: clinlims; Owner: clinlims
--

COMMENT ON COLUMN organization.street_address IS 'Street address for this organization';


--
-- Name: COLUMN organization.state; Type: COMMENT; Schema: clinlims; Owner: clinlims
--

COMMENT ON COLUMN organization.state IS 'State or Province';


--
-- Name: COLUMN organization.internet_address; Type: COMMENT; Schema: clinlims; Owner: clinlims
--

COMMENT ON COLUMN organization.internet_address IS 'A uniform resource locator (URL), ie a website address assigned to an entity or pager.';


--
-- Name: COLUMN organization.clia_num; Type: COMMENT; Schema: clinlims; Owner: clinlims
--

COMMENT ON COLUMN organization.clia_num IS 'Clinical Laboratory Improvement Amendments number';


--
-- Name: COLUMN organization.pws_id; Type: COMMENT; Schema: clinlims; Owner: clinlims
--

COMMENT ON COLUMN organization.pws_id IS 'Public water supply id (SDWIS)';


--
-- Name: COLUMN organization.code; Type: COMMENT; Schema: clinlims; Owner: clinlims
--

COMMENT ON COLUMN organization.code IS 'The code for this organization';


--
-- Name: organization_address; Type: TABLE; Schema: clinlims; Owner: clinlims; Tablespace: 
--

CREATE TABLE organization_address (
    organization_id numeric(10,0) NOT NULL,
    address_part_id numeric(10,0) NOT NULL,
    type character(1) DEFAULT 'T'::bpchar,
    value character varying(120)
);


ALTER TABLE clinlims.organization_address OWNER TO clinlims;

--
-- Name: TABLE organization_address; Type: COMMENT; Schema: clinlims; Owner: clinlims
--

COMMENT ON TABLE organization_address IS 'Join table between address parts and an organization';


--
-- Name: COLUMN organization_address.organization_id; Type: COMMENT; Schema: clinlims; Owner: clinlims
--

COMMENT ON COLUMN organization_address.organization_id IS 'The id of the organization who this address is attached to';


--
-- Name: COLUMN organization_address.address_part_id; Type: COMMENT; Schema: clinlims; Owner: clinlims
--

COMMENT ON COLUMN organization_address.address_part_id IS 'The id of the address part for which we have a value';


--
-- Name: COLUMN organization_address.type; Type: COMMENT; Schema: clinlims; Owner: clinlims
--

COMMENT ON COLUMN organization_address.type IS 'The type of the value, either D for dictionary or T for text';


--
-- Name: COLUMN organization_address.value; Type: COMMENT; Schema: clinlims; Owner: clinlims
--

COMMENT ON COLUMN organization_address.value IS 'The actual value for this part of the address';


--
-- Name: organization_contact; Type: TABLE; Schema: clinlims; Owner: clinlims; Tablespace: 
--

CREATE TABLE organization_contact (
    id numeric(10,0) NOT NULL,
    organization_id numeric(10,0) NOT NULL,
    person_id numeric(10,0) NOT NULL,
    "position" character varying(32)
);


ALTER TABLE clinlims.organization_contact OWNER TO clinlims;

--
-- Name: TABLE organization_contact; Type: COMMENT; Schema: clinlims; Owner: clinlims
--

COMMENT ON TABLE organization_contact IS 'A join table between organizations and persons';


--
-- Name: COLUMN organization_contact.id; Type: COMMENT; Schema: clinlims; Owner: clinlims
--

COMMENT ON COLUMN organization_contact.id IS 'Unique key for each row';


--
-- Name: COLUMN organization_contact.organization_id; Type: COMMENT; Schema: clinlims; Owner: clinlims
--

COMMENT ON COLUMN organization_contact.organization_id IS 'The id of the organization being referred to';


--
-- Name: COLUMN organization_contact.person_id; Type: COMMENT; Schema: clinlims; Owner: clinlims
--

COMMENT ON COLUMN organization_contact.person_id IS 'The id of the person being referred to';


--
-- Name: COLUMN organization_contact."position"; Type: COMMENT; Schema: clinlims; Owner: clinlims
--

COMMENT ON COLUMN organization_contact."position" IS 'The position of the person within the organization';


--
-- Name: organization_contact_seq; Type: SEQUENCE; Schema: clinlims; Owner: clinlims
--

CREATE SEQUENCE organization_contact_seq
    START WITH 1
    INCREMENT BY 1
    NO MINVALUE
    NO MAXVALUE
    CACHE 1;


ALTER TABLE clinlims.organization_contact_seq OWNER TO clinlims;

--
-- Name: organization_organization_type; Type: TABLE; Schema: clinlims; Owner: clinlims; Tablespace: 
--

CREATE TABLE organization_organization_type (
    org_id numeric(10,0) NOT NULL,
    org_type_id numeric(10,0) NOT NULL
);


ALTER TABLE clinlims.organization_organization_type OWNER TO clinlims;

--
-- Name: TABLE organization_organization_type; Type: COMMENT; Schema: clinlims; Owner: clinlims
--

COMMENT ON TABLE organization_organization_type IS 'many to many mapping table between organization and orginaztion type';


--
-- Name: organization_seq; Type: SEQUENCE; Schema: clinlims; Owner: clinlims
--

CREATE SEQUENCE organization_seq
    START WITH 1
    INCREMENT BY 1
    NO MINVALUE
    NO MAXVALUE
    CACHE 1;


ALTER TABLE clinlims.organization_seq OWNER TO clinlims;

--
-- Name: organization_type; Type: TABLE; Schema: clinlims; Owner: clinlims; Tablespace: 
--

CREATE TABLE organization_type (
    id numeric(10,0) NOT NULL,
    short_name character varying(20) NOT NULL,
    description character varying(60),
    name_display_key character varying(60),
    lastupdated timestamp(6) without time zone
);


ALTER TABLE clinlims.organization_type OWNER TO clinlims;

--
-- Name: TABLE organization_type; Type: COMMENT; Schema: clinlims; Owner: clinlims
--

COMMENT ON TABLE organization_type IS 'The type of an organization.  Releationship will be many to many';


--
-- Name: COLUMN organization_type.short_name; Type: COMMENT; Schema: clinlims; Owner: clinlims
--

COMMENT ON COLUMN organization_type.short_name IS 'The name to be displayed in when organization type is to be associated with an organization';


--
-- Name: COLUMN organization_type.description; Type: COMMENT; Schema: clinlims; Owner: clinlims
--

COMMENT ON COLUMN organization_type.description IS 'Optional longer description of the type';


--
-- Name: COLUMN organization_type.name_display_key; Type: COMMENT; Schema: clinlims; Owner: clinlims
--

COMMENT ON COLUMN organization_type.name_display_key IS 'Resource file lookup key for localization of displaying the name';


--
-- Name: organization_type_seq; Type: SEQUENCE; Schema: clinlims; Owner: clinlims
--

CREATE SEQUENCE organization_type_seq
    START WITH 1
    INCREMENT BY 1
    NO MINVALUE
    NO MAXVALUE
    CACHE 1;


ALTER TABLE clinlims.organization_type_seq OWNER TO clinlims;

--
-- Name: package_1; Type: TABLE; Schema: clinlims; Owner: clinlims; Tablespace: 
--

CREATE TABLE package_1 (
    id numeric(10,0) NOT NULL
);


ALTER TABLE clinlims.package_1 OWNER TO clinlims;

--
-- Name: panel; Type: TABLE; Schema: clinlims; Owner: clinlims; Tablespace: 
--

CREATE TABLE panel (
    id numeric(10,0) NOT NULL,
    name character varying(64),
    description character varying(64) NOT NULL,
    lastupdated timestamp(6) without time zone,
    display_key character varying(60),
    sort_order numeric DEFAULT 2147483647,
    is_active character varying(1) DEFAULT 'Y'::character varying
);


ALTER TABLE clinlims.panel OWNER TO clinlims;

--
-- Name: COLUMN panel.display_key; Type: COMMENT; Schema: clinlims; Owner: clinlims
--

COMMENT ON COLUMN panel.display_key IS 'Resource file lookup key for localization of displaying the name';


--
-- Name: COLUMN panel.is_active; Type: COMMENT; Schema: clinlims; Owner: clinlims
--

COMMENT ON COLUMN panel.is_active IS 'Is this panel currently active';


--
-- Name: panel_item; Type: TABLE; Schema: clinlims; Owner: clinlims; Tablespace: 
--

CREATE TABLE panel_item (
    id numeric(10,0) NOT NULL,
    panel_id numeric(10,0) NOT NULL,
    sort_order numeric,
    test_local_abbrev character varying(20),
    method_name character varying(20),
    lastupdated timestamp(6) without time zone,
    test_name character varying(20),
    test_id numeric(10,0)
);


ALTER TABLE clinlims.panel_item OWNER TO clinlims;

--
-- Name: COLUMN panel_item.sort_order; Type: COMMENT; Schema: clinlims; Owner: clinlims
--

COMMENT ON COLUMN panel_item.sort_order IS 'The order the tests are displayed (sort order)';


--
-- Name: COLUMN panel_item.test_local_abbrev; Type: COMMENT; Schema: clinlims; Owner: clinlims
--

COMMENT ON COLUMN panel_item.test_local_abbrev IS 'Short test name';


--
-- Name: COLUMN panel_item.method_name; Type: COMMENT; Schema: clinlims; Owner: clinlims
--

COMMENT ON COLUMN panel_item.method_name IS 'Short method name';


--
-- Name: panel_item_seq; Type: SEQUENCE; Schema: clinlims; Owner: clinlims
--

CREATE SEQUENCE panel_item_seq
    START WITH 1
    INCREMENT BY 1
    NO MINVALUE
    NO MAXVALUE
    CACHE 1;


ALTER TABLE clinlims.panel_item_seq OWNER TO clinlims;

--
-- Name: panel_seq; Type: SEQUENCE; Schema: clinlims; Owner: clinlims
--

CREATE SEQUENCE panel_seq
    START WITH 1
    INCREMENT BY 1
    NO MINVALUE
    NO MAXVALUE
    CACHE 1;


ALTER TABLE clinlims.panel_seq OWNER TO clinlims;

--
-- Name: patient_identity; Type: TABLE; Schema: clinlims; Owner: clinlims; Tablespace: 
--

CREATE TABLE patient_identity (
    id numeric(10,0) NOT NULL,
    identity_type_id numeric(10,0),
    patient_id numeric(10,0),
    identity_data character varying(255),
    lastupdated timestamp(6) without time zone
);


ALTER TABLE clinlims.patient_identity OWNER TO clinlims;

--
-- Name: patient_identity_seq; Type: SEQUENCE; Schema: clinlims; Owner: clinlims
--

CREATE SEQUENCE patient_identity_seq
    START WITH 1
    INCREMENT BY 1
    MINVALUE 0
    NO MAXVALUE
    CACHE 1;


ALTER TABLE clinlims.patient_identity_seq OWNER TO clinlims;

--
-- Name: patient_identity_type; Type: TABLE; Schema: clinlims; Owner: clinlims; Tablespace: 
--

CREATE TABLE patient_identity_type (
    id numeric(10,0) NOT NULL,
    identity_type character varying(30),
    description character varying(400),
    lastupdated timestamp without time zone
);


ALTER TABLE clinlims.patient_identity_type OWNER TO clinlims;

--
-- Name: patient_identity_type_seq; Type: SEQUENCE; Schema: clinlims; Owner: clinlims
--

CREATE SEQUENCE patient_identity_type_seq
    START WITH 0
    INCREMENT BY 1
    MINVALUE 0
    NO MAXVALUE
    CACHE 1;


ALTER TABLE clinlims.patient_identity_type_seq OWNER TO clinlims;

--
-- Name: patient_occupation; Type: TABLE; Schema: clinlims; Owner: clinlims; Tablespace: 
--

CREATE TABLE patient_occupation (
    id numeric(10,0) NOT NULL,
    patient_id numeric(10,0),
    occupation character varying(400),
    lastupdated timestamp without time zone
);


ALTER TABLE clinlims.patient_occupation OWNER TO clinlims;

--
-- Name: patient_occupation_seq; Type: SEQUENCE; Schema: clinlims; Owner: clinlims
--

CREATE SEQUENCE patient_occupation_seq
    START WITH 1
    INCREMENT BY 1
    MINVALUE 0
    NO MAXVALUE
    CACHE 1;


ALTER TABLE clinlims.patient_occupation_seq OWNER TO clinlims;

--
-- Name: patient_patient_type; Type: TABLE; Schema: clinlims; Owner: clinlims; Tablespace: 
--

CREATE TABLE patient_patient_type (
    id numeric(10,0) NOT NULL,
    patient_type_id numeric(10,0),
    patient_id numeric(10,0),
    lastupdated timestamp without time zone
);


ALTER TABLE clinlims.patient_patient_type OWNER TO clinlims;

--
-- Name: patient_patient_type_seq; Type: SEQUENCE; Schema: clinlims; Owner: clinlims
--

CREATE SEQUENCE patient_patient_type_seq
    START WITH 1
    INCREMENT BY 1
    MINVALUE 0
    NO MAXVALUE
    CACHE 1;


ALTER TABLE clinlims.patient_patient_type_seq OWNER TO clinlims;

--
-- Name: patient_relation_seq; Type: SEQUENCE; Schema: clinlims; Owner: clinlims
--

CREATE SEQUENCE patient_relation_seq
    START WITH 1
    INCREMENT BY 1
    MINVALUE 0
    NO MAXVALUE
    CACHE 1;


ALTER TABLE clinlims.patient_relation_seq OWNER TO clinlims;

--
-- Name: patient_relations; Type: TABLE; Schema: clinlims; Owner: clinlims; Tablespace: 
--

CREATE TABLE patient_relations (
    id numeric(10,0) NOT NULL,
    pat_id_source numeric(10,0) NOT NULL,
    pat_id numeric(10,0),
    relation character varying(1)
);


ALTER TABLE clinlims.patient_relations OWNER TO clinlims;

--
-- Name: COLUMN patient_relations.relation; Type: COMMENT; Schema: clinlims; Owner: clinlims
--

COMMENT ON COLUMN patient_relations.relation IS 'Type of relation (mother to child, parent to child, sibling)';


--
-- Name: patient_seq; Type: SEQUENCE; Schema: clinlims; Owner: clinlims
--

CREATE SEQUENCE patient_seq
    START WITH 1
    INCREMENT BY 1
    NO MINVALUE
    NO MAXVALUE
    CACHE 1;


ALTER TABLE clinlims.patient_seq OWNER TO clinlims;

--
-- Name: patient_type; Type: TABLE; Schema: clinlims; Owner: clinlims; Tablespace: 
--

CREATE TABLE patient_type (
    id numeric(10,0) NOT NULL,
    type character varying(300),
    description character varying(4000),
    lastupdated timestamp without time zone
);


ALTER TABLE clinlims.patient_type OWNER TO clinlims;

--
-- Name: patient_type_seq; Type: SEQUENCE; Schema: clinlims; Owner: clinlims
--

CREATE SEQUENCE patient_type_seq
    START WITH 1
    INCREMENT BY 1
    NO MINVALUE
    NO MAXVALUE
    CACHE 20;


ALTER TABLE clinlims.patient_type_seq OWNER TO clinlims;

--
-- Name: payment_type; Type: TABLE; Schema: clinlims; Owner: clinlims; Tablespace: 
--

CREATE TABLE payment_type (
    id numeric(10,0) NOT NULL,
    type character varying(300),
    description character varying(4000)
);


ALTER TABLE clinlims.payment_type OWNER TO clinlims;

--
-- Name: payment_type_seq; Type: SEQUENCE; Schema: clinlims; Owner: clinlims
--

CREATE SEQUENCE payment_type_seq
    START WITH 1
    INCREMENT BY 1
    NO MINVALUE
    NO MAXVALUE
    CACHE 20;


ALTER TABLE clinlims.payment_type_seq OWNER TO clinlims;

--
-- Name: person; Type: TABLE; Schema: clinlims; Owner: clinlims; Tablespace: 
--

CREATE TABLE person (
    id numeric(10,0) NOT NULL,
    last_name character varying(255),
    first_name character varying(255),
    middle_name character varying(255),
    multiple_unit character varying(255),
    street_address character varying(255),
    city character varying(255),
    state character(2),
    zip_code character(10),
    country character varying(255),
    work_phone character varying(255),
    home_phone character varying(255),
    cell_phone character varying(255),
    fax character varying(255),
    email character varying(255),
    lastupdated timestamp(6) without time zone
);


ALTER TABLE clinlims.person OWNER TO clinlims;

--
-- Name: COLUMN person.last_name; Type: COMMENT; Schema: clinlims; Owner: clinlims
--

COMMENT ON COLUMN person.last_name IS 'Last name';


--
-- Name: COLUMN person.first_name; Type: COMMENT; Schema: clinlims; Owner: clinlims
--

COMMENT ON COLUMN person.first_name IS 'Person Name';


--
-- Name: COLUMN person.middle_name; Type: COMMENT; Schema: clinlims; Owner: clinlims
--

COMMENT ON COLUMN person.middle_name IS 'Middle Name';


--
-- Name: COLUMN person.multiple_unit; Type: COMMENT; Schema: clinlims; Owner: clinlims
--

COMMENT ON COLUMN person.multiple_unit IS 'Designates a specific part of a building, such as "APT 212"';


--
-- Name: person_address; Type: TABLE; Schema: clinlims; Owner: clinlims; Tablespace: 
--

CREATE TABLE person_address (
    person_id numeric(10,0) NOT NULL,
    address_part_id numeric(10,0) NOT NULL,
    type character(1) DEFAULT 'T'::bpchar,
    value character varying(255)
);


ALTER TABLE clinlims.person_address OWNER TO clinlims;

--
-- Name: TABLE person_address; Type: COMMENT; Schema: clinlims; Owner: clinlims
--

COMMENT ON TABLE person_address IS 'Join table between address parts and a person';


--
-- Name: COLUMN person_address.person_id; Type: COMMENT; Schema: clinlims; Owner: clinlims
--

COMMENT ON COLUMN person_address.person_id IS 'The id of the person who this address is attached to';


--
-- Name: COLUMN person_address.address_part_id; Type: COMMENT; Schema: clinlims; Owner: clinlims
--

COMMENT ON COLUMN person_address.address_part_id IS 'The id of the address part for which we have a value';


--
-- Name: COLUMN person_address.type; Type: COMMENT; Schema: clinlims; Owner: clinlims
--

COMMENT ON COLUMN person_address.type IS 'The type of the value, either D for dictionary or T for text';


--
-- Name: COLUMN person_address.value; Type: COMMENT; Schema: clinlims; Owner: clinlims
--

COMMENT ON COLUMN person_address.value IS 'The actual value for this part of the address';


--
-- Name: person_seq; Type: SEQUENCE; Schema: clinlims; Owner: clinlims
--

CREATE SEQUENCE person_seq
    START WITH 1
    INCREMENT BY 1
    NO MINVALUE
    NO MAXVALUE
    CACHE 1;


ALTER TABLE clinlims.person_seq OWNER TO clinlims;

--
-- Name: program; Type: TABLE; Schema: clinlims; Owner: clinlims; Tablespace: 
--

CREATE TABLE program (
    id numeric(10,0) NOT NULL,
    code character varying(10) NOT NULL,
    name character varying(50) NOT NULL,
    lastupdated timestamp(6) without time zone
);


ALTER TABLE clinlims.program OWNER TO clinlims;

--
-- Name: COLUMN program.name; Type: COMMENT; Schema: clinlims; Owner: clinlims
--

COMMENT ON COLUMN program.name IS 'EPI PROGRAM NAME';


--
-- Name: program_seq; Type: SEQUENCE; Schema: clinlims; Owner: clinlims
--

CREATE SEQUENCE program_seq
    START WITH 1
    INCREMENT BY 1
    NO MINVALUE
    NO MAXVALUE
    CACHE 1;


ALTER TABLE clinlims.program_seq OWNER TO clinlims;

--
-- Name: project; Type: TABLE; Schema: clinlims; Owner: clinlims; Tablespace: 
--

CREATE TABLE project (
    id numeric(10,0) NOT NULL,
    name character varying(50) NOT NULL,
    sys_user_id numeric(10,0),
    description character varying(60),
    started_date timestamp without time zone,
    completed_date timestamp without time zone,
    is_active character varying(1),
    reference_to character varying(20),
    program_code character varying(10),
    lastupdated timestamp(6) without time zone,
    scriptlet_id numeric(10,0),
    local_abbrev numeric(10,0),
    display_key character varying(60)
);


ALTER TABLE clinlims.project OWNER TO clinlims;

--
-- Name: COLUMN project.id; Type: COMMENT; Schema: clinlims; Owner: clinlims
--

COMMENT ON COLUMN project.id IS 'Sequential number assigned by sequence';


--
-- Name: COLUMN project.name; Type: COMMENT; Schema: clinlims; Owner: clinlims
--

COMMENT ON COLUMN project.name IS 'Short name of Project';


--
-- Name: COLUMN project.sys_user_id; Type: COMMENT; Schema: clinlims; Owner: clinlims
--

COMMENT ON COLUMN project.sys_user_id IS 'Sequential Identifier';


--
-- Name: COLUMN project.description; Type: COMMENT; Schema: clinlims; Owner: clinlims
--

COMMENT ON COLUMN project.description IS 'Description of Project';


--
-- Name: COLUMN project.started_date; Type: COMMENT; Schema: clinlims; Owner: clinlims
--

COMMENT ON COLUMN project.started_date IS 'Start date of project';


--
-- Name: COLUMN project.completed_date; Type: COMMENT; Schema: clinlims; Owner: clinlims
--

COMMENT ON COLUMN project.completed_date IS 'End date of project';


--
-- Name: COLUMN project.is_active; Type: COMMENT; Schema: clinlims; Owner: clinlims
--

COMMENT ON COLUMN project.is_active IS 'Flag indicating if project is active';


--
-- Name: COLUMN project.reference_to; Type: COMMENT; Schema: clinlims; Owner: clinlims
--

COMMENT ON COLUMN project.reference_to IS 'External reference information such as Grant number, contract number or purchase order number associated with this project.';


--
-- Name: COLUMN project.display_key; Type: COMMENT; Schema: clinlims; Owner: clinlims
--

COMMENT ON COLUMN project.display_key IS 'Resource file lookup key for localization of displaying the name';


--
-- Name: project_organization; Type: TABLE; Schema: clinlims; Owner: clinlims; Tablespace: 
--

CREATE TABLE project_organization (
    project_id numeric(10,0) NOT NULL,
    org_id numeric(10,0) NOT NULL
);


ALTER TABLE clinlims.project_organization OWNER TO clinlims;

--
-- Name: TABLE project_organization; Type: COMMENT; Schema: clinlims; Owner: clinlims
--

COMMENT ON TABLE project_organization IS 'many to many mapping table between project and organization';


--
-- Name: project_parameter; Type: TABLE; Schema: clinlims; Owner: clinlims; Tablespace: 
--

CREATE TABLE project_parameter (
    id numeric(10,0) NOT NULL,
    projparam_type character varying(1),
    operation character varying(2),
    value character varying(256),
    project_id numeric(10,0),
    param_name character varying(80)
);


ALTER TABLE clinlims.project_parameter OWNER TO clinlims;

--
-- Name: COLUMN project_parameter.projparam_type; Type: COMMENT; Schema: clinlims; Owner: clinlims
--

COMMENT ON COLUMN project_parameter.projparam_type IS 'Type of parameter: apply-parameter or search-parameter';


--
-- Name: COLUMN project_parameter.operation; Type: COMMENT; Schema: clinlims; Owner: clinlims
--

COMMENT ON COLUMN project_parameter.operation IS 'Operation to be performed: =, <, <=, >, >=,in,!=';


--
-- Name: COLUMN project_parameter.value; Type: COMMENT; Schema: clinlims; Owner: clinlims
--

COMMENT ON COLUMN project_parameter.value IS 'Query or Set value';


--
-- Name: project_seq; Type: SEQUENCE; Schema: clinlims; Owner: clinlims
--

CREATE SEQUENCE project_seq
    START WITH 1
    INCREMENT BY 1
    NO MINVALUE
    NO MAXVALUE
    CACHE 1;


ALTER TABLE clinlims.project_seq OWNER TO clinlims;

--
-- Name: provider; Type: TABLE; Schema: clinlims; Owner: clinlims; Tablespace: 
--

CREATE TABLE provider (
    id numeric(10,0) NOT NULL,
    npi character varying(10),
    person_id numeric(10,0) NOT NULL,
    external_id character varying(50),
    provider_type character varying(1),
    lastupdated timestamp(6) without time zone
);


ALTER TABLE clinlims.provider OWNER TO clinlims;

--
-- Name: COLUMN provider.npi; Type: COMMENT; Schema: clinlims; Owner: clinlims
--

COMMENT ON COLUMN provider.npi IS 'Unique National Provider ID';


--
-- Name: COLUMN provider.external_id; Type: COMMENT; Schema: clinlims; Owner: clinlims
--

COMMENT ON COLUMN provider.external_id IS 'National/Local provider reference number such as UPIN or MINC#NIMC';


--
-- Name: COLUMN provider.provider_type; Type: COMMENT; Schema: clinlims; Owner: clinlims
--

COMMENT ON COLUMN provider.provider_type IS 'Type of Provider (physician, nurse)';


--
-- Name: provider_seq; Type: SEQUENCE; Schema: clinlims; Owner: clinlims
--

CREATE SEQUENCE provider_seq
    START WITH 1
    INCREMENT BY 1
    NO MINVALUE
    NO MAXVALUE
    CACHE 1;


ALTER TABLE clinlims.provider_seq OWNER TO clinlims;

--
-- Name: qa_event; Type: TABLE; Schema: clinlims; Owner: clinlims; Tablespace: 
--

CREATE TABLE qa_event (
    id numeric(10,0) NOT NULL,
    name character varying(20),
    description character varying(120),
    is_billable character varying(1),
    reporting_sequence numeric,
    reporting_text character varying(1000),
    test_id numeric(10,0),
    is_holdable character varying(1) NOT NULL,
    lastupdated timestamp(6) without time zone,
    type numeric(10,0),
    category numeric(10,0),
    display_key character varying(60)
);


ALTER TABLE clinlims.qa_event OWNER TO clinlims;

--
-- Name: COLUMN qa_event.name; Type: COMMENT; Schema: clinlims; Owner: clinlims
--

COMMENT ON COLUMN qa_event.name IS 'Short Name';


--
-- Name: COLUMN qa_event.description; Type: COMMENT; Schema: clinlims; Owner: clinlims
--

COMMENT ON COLUMN qa_event.description IS 'Description of the QA event';


--
-- Name: COLUMN qa_event.is_billable; Type: COMMENT; Schema: clinlims; Owner: clinlims
--

COMMENT ON COLUMN qa_event.is_billable IS 'Indicates if analysis with this QA Event is billable';


--
-- Name: COLUMN qa_event.reporting_sequence; Type: COMMENT; Schema: clinlims; Owner: clinlims
--

COMMENT ON COLUMN qa_event.reporting_sequence IS 'An overall number that orders the print sequence';


--
-- Name: COLUMN qa_event.test_id; Type: COMMENT; Schema: clinlims; Owner: clinlims
--

COMMENT ON COLUMN qa_event.test_id IS 'Reported/printed text';


--
-- Name: COLUMN qa_event.display_key; Type: COMMENT; Schema: clinlims; Owner: clinlims
--

COMMENT ON COLUMN qa_event.display_key IS 'Resource file lookup key for localization of displaying the name';


--
-- Name: qa_event_seq; Type: SEQUENCE; Schema: clinlims; Owner: clinlims
--

CREATE SEQUENCE qa_event_seq
    START WITH 1
    INCREMENT BY 1
    NO MINVALUE
    NO MAXVALUE
    CACHE 20;


ALTER TABLE clinlims.qa_event_seq OWNER TO clinlims;

--
-- Name: qa_observation; Type: TABLE; Schema: clinlims; Owner: clinlims; Tablespace: 
--

CREATE TABLE qa_observation (
    id numeric(10,0) NOT NULL,
    observed_id numeric(10,0) NOT NULL,
    observed_type character varying(30) NOT NULL,
    qa_observation_type_id numeric(10,0) NOT NULL,
    value_type character varying(1) NOT NULL,
    value character varying(120) NOT NULL,
    lastupdated timestamp with time zone DEFAULT now()
);


ALTER TABLE clinlims.qa_observation OWNER TO clinlims;

--
-- Name: TABLE qa_observation; Type: COMMENT; Schema: clinlims; Owner: clinlims
--

COMMENT ON TABLE qa_observation IS 'The observation that are about sample/analysis qa_events.  Does not include data about the sample';


--
-- Name: COLUMN qa_observation.observed_id; Type: COMMENT; Schema: clinlims; Owner: clinlims
--

COMMENT ON COLUMN qa_observation.observed_id IS 'The row id for either sample_qaEvent or analysis_qaEvent';


--
-- Name: COLUMN qa_observation.observed_type; Type: COMMENT; Schema: clinlims; Owner: clinlims
--

COMMENT ON COLUMN qa_observation.observed_type IS 'One of ANALYSIS or SAMPLE';


--
-- Name: COLUMN qa_observation.qa_observation_type_id; Type: COMMENT; Schema: clinlims; Owner: clinlims
--

COMMENT ON COLUMN qa_observation.qa_observation_type_id IS 'The type of observation this is';


--
-- Name: COLUMN qa_observation.value_type; Type: COMMENT; Schema: clinlims; Owner: clinlims
--

COMMENT ON COLUMN qa_observation.value_type IS 'Dictionary, literal or localization key, D, L, K';


--
-- Name: COLUMN qa_observation.value; Type: COMMENT; Schema: clinlims; Owner: clinlims
--

COMMENT ON COLUMN qa_observation.value IS 'The actual value';


--
-- Name: qa_observation_seq; Type: SEQUENCE; Schema: clinlims; Owner: clinlims
--

CREATE SEQUENCE qa_observation_seq
    START WITH 1
    INCREMENT BY 1
    NO MINVALUE
    NO MAXVALUE
    CACHE 1;


ALTER TABLE clinlims.qa_observation_seq OWNER TO clinlims;

--
-- Name: qa_observation_type; Type: TABLE; Schema: clinlims; Owner: clinlims; Tablespace: 
--

CREATE TABLE qa_observation_type (
    id numeric(10,0) NOT NULL,
    name character varying(30) NOT NULL,
    description character varying(60),
    lastupdated timestamp with time zone DEFAULT now()
);


ALTER TABLE clinlims.qa_observation_type OWNER TO clinlims;

--
-- Name: TABLE qa_observation_type; Type: COMMENT; Schema: clinlims; Owner: clinlims
--

COMMENT ON TABLE qa_observation_type IS 'The types of observation that are about sample/analysis qa_events ';


--
-- Name: qa_observation_type_seq; Type: SEQUENCE; Schema: clinlims; Owner: clinlims
--

CREATE SEQUENCE qa_observation_type_seq
    START WITH 1
    INCREMENT BY 1
    NO MINVALUE
    NO MAXVALUE
    CACHE 1;


ALTER TABLE clinlims.qa_observation_type_seq OWNER TO clinlims;

--
-- Name: qc; Type: TABLE; Schema: clinlims; Owner: clinlims; Tablespace: 
--

CREATE TABLE qc (
    id numeric NOT NULL,
    uom_id numeric(10,0),
    sys_user_id numeric(10,0),
    name character varying(30),
    source character varying(30),
    lot_number character varying(30),
    prepared_date timestamp without time zone,
    prepared_volume numeric,
    usable_date timestamp without time zone,
    expire_date timestamp without time zone
);


ALTER TABLE clinlims.qc OWNER TO clinlims;

--
-- Name: COLUMN qc.sys_user_id; Type: COMMENT; Schema: clinlims; Owner: clinlims
--

COMMENT ON COLUMN qc.sys_user_id IS 'Sequential Identifier';


--
-- Name: COLUMN qc.name; Type: COMMENT; Schema: clinlims; Owner: clinlims
--

COMMENT ON COLUMN qc.name IS 'Descriptive QC name: Positive control for CHL';


--
-- Name: COLUMN qc.source; Type: COMMENT; Schema: clinlims; Owner: clinlims
--

COMMENT ON COLUMN qc.source IS 'Name of supplier such as company or in-house';


--
-- Name: COLUMN qc.lot_number; Type: COMMENT; Schema: clinlims; Owner: clinlims
--

COMMENT ON COLUMN qc.lot_number IS 'Lot number';


--
-- Name: COLUMN qc.prepared_date; Type: COMMENT; Schema: clinlims; Owner: clinlims
--

COMMENT ON COLUMN qc.prepared_date IS 'Date QC was prepared';


--
-- Name: COLUMN qc.prepared_volume; Type: COMMENT; Schema: clinlims; Owner: clinlims
--

COMMENT ON COLUMN qc.prepared_volume IS 'Amount prepared';


--
-- Name: COLUMN qc.usable_date; Type: COMMENT; Schema: clinlims; Owner: clinlims
--

COMMENT ON COLUMN qc.usable_date IS 'Cannot be used before this date';


--
-- Name: COLUMN qc.expire_date; Type: COMMENT; Schema: clinlims; Owner: clinlims
--

COMMENT ON COLUMN qc.expire_date IS 'Cannot be used after this date';


--
-- Name: qc_analytes; Type: TABLE; Schema: clinlims; Owner: clinlims; Tablespace: 
--

CREATE TABLE qc_analytes (
    id numeric(10,0) NOT NULL,
    qcanaly_type character varying(1),
    value character varying(80),
    analyte_id numeric(10,0)
);


ALTER TABLE clinlims.qc_analytes OWNER TO clinlims;

--
-- Name: COLUMN qc_analytes.qcanaly_type; Type: COMMENT; Schema: clinlims; Owner: clinlims
--

COMMENT ON COLUMN qc_analytes.qcanaly_type IS 'Type of value: dictionary, titer range, number range, true value';


--
-- Name: COLUMN qc_analytes.value; Type: COMMENT; Schema: clinlims; Owner: clinlims
--

COMMENT ON COLUMN qc_analytes.value IS 'Min max,, true value & % if type is any range';


--
-- Name: qrtz_blob_triggers; Type: TABLE; Schema: clinlims; Owner: clinlims; Tablespace: 
--

CREATE TABLE qrtz_blob_triggers (
    trigger_name character varying(80) NOT NULL,
    trigger_group character varying(80) NOT NULL,
    blob_data bytea
);


ALTER TABLE clinlims.qrtz_blob_triggers OWNER TO clinlims;

--
-- Name: qrtz_calendars; Type: TABLE; Schema: clinlims; Owner: clinlims; Tablespace: 
--

CREATE TABLE qrtz_calendars (
    calendar_name character varying(80) NOT NULL,
    calendar bytea NOT NULL
);


ALTER TABLE clinlims.qrtz_calendars OWNER TO clinlims;

--
-- Name: qrtz_cron_triggers; Type: TABLE; Schema: clinlims; Owner: clinlims; Tablespace: 
--

CREATE TABLE qrtz_cron_triggers (
    trigger_name character varying(80) NOT NULL,
    trigger_group character varying(80) NOT NULL,
    cron_expression character varying(80) NOT NULL,
    time_zone_id character varying(80)
);


ALTER TABLE clinlims.qrtz_cron_triggers OWNER TO clinlims;

--
-- Name: qrtz_fired_triggers; Type: TABLE; Schema: clinlims; Owner: clinlims; Tablespace: 
--

CREATE TABLE qrtz_fired_triggers (
    entry_id character varying(95) NOT NULL,
    trigger_name character varying(80) NOT NULL,
    trigger_group character varying(80) NOT NULL,
    is_volatile boolean NOT NULL,
    instance_name character varying(80) NOT NULL,
    fired_time bigint NOT NULL,
    priority integer NOT NULL,
    state character varying(16) NOT NULL,
    job_name character varying(80),
    job_group character varying(80),
    is_stateful boolean,
    requests_recovery boolean
);


ALTER TABLE clinlims.qrtz_fired_triggers OWNER TO clinlims;

--
-- Name: qrtz_job_details; Type: TABLE; Schema: clinlims; Owner: clinlims; Tablespace: 
--

CREATE TABLE qrtz_job_details (
    job_name character varying(80) NOT NULL,
    job_group character varying(80) NOT NULL,
    description character varying(120),
    job_class_name character varying(128) NOT NULL,
    is_durable boolean NOT NULL,
    is_volatile boolean NOT NULL,
    is_stateful boolean NOT NULL,
    requests_recovery boolean NOT NULL,
    job_data bytea
);


ALTER TABLE clinlims.qrtz_job_details OWNER TO clinlims;

--
-- Name: qrtz_job_listeners; Type: TABLE; Schema: clinlims; Owner: clinlims; Tablespace: 
--

CREATE TABLE qrtz_job_listeners (
    job_name character varying(80) NOT NULL,
    job_group character varying(80) NOT NULL,
    job_listener character varying(80) NOT NULL
);


ALTER TABLE clinlims.qrtz_job_listeners OWNER TO clinlims;

--
-- Name: qrtz_locks; Type: TABLE; Schema: clinlims; Owner: clinlims; Tablespace: 
--

CREATE TABLE qrtz_locks (
    lock_name character varying(40) NOT NULL
);


ALTER TABLE clinlims.qrtz_locks OWNER TO clinlims;

--
-- Name: qrtz_paused_trigger_grps; Type: TABLE; Schema: clinlims; Owner: clinlims; Tablespace: 
--

CREATE TABLE qrtz_paused_trigger_grps (
    trigger_group character varying(80) NOT NULL
);


ALTER TABLE clinlims.qrtz_paused_trigger_grps OWNER TO clinlims;

--
-- Name: qrtz_scheduler_state; Type: TABLE; Schema: clinlims; Owner: clinlims; Tablespace: 
--

CREATE TABLE qrtz_scheduler_state (
    instance_name character varying(80) NOT NULL,
    last_checkin_time bigint NOT NULL,
    checkin_interval bigint NOT NULL
);


ALTER TABLE clinlims.qrtz_scheduler_state OWNER TO clinlims;

--
-- Name: qrtz_simple_triggers; Type: TABLE; Schema: clinlims; Owner: clinlims; Tablespace: 
--

CREATE TABLE qrtz_simple_triggers (
    trigger_name character varying(80) NOT NULL,
    trigger_group character varying(80) NOT NULL,
    repeat_count bigint NOT NULL,
    repeat_interval bigint NOT NULL,
    times_triggered bigint NOT NULL
);


ALTER TABLE clinlims.qrtz_simple_triggers OWNER TO clinlims;

--
-- Name: qrtz_trigger_listeners; Type: TABLE; Schema: clinlims; Owner: clinlims; Tablespace: 
--

CREATE TABLE qrtz_trigger_listeners (
    trigger_name character varying(80) NOT NULL,
    trigger_group character varying(80) NOT NULL,
    trigger_listener character varying(80) NOT NULL
);


ALTER TABLE clinlims.qrtz_trigger_listeners OWNER TO clinlims;

--
-- Name: qrtz_triggers; Type: TABLE; Schema: clinlims; Owner: clinlims; Tablespace: 
--

CREATE TABLE qrtz_triggers (
    trigger_name character varying(80) NOT NULL,
    trigger_group character varying(80) NOT NULL,
    job_name character varying(80) NOT NULL,
    job_group character varying(80) NOT NULL,
    is_volatile boolean NOT NULL,
    description character varying(120),
    next_fire_time bigint,
    prev_fire_time bigint,
    priority integer,
    trigger_state character varying(16) NOT NULL,
    trigger_type character varying(8) NOT NULL,
    start_time bigint NOT NULL,
    end_time bigint,
    calendar_name character varying(80),
    misfire_instr smallint,
    job_data bytea
);


ALTER TABLE clinlims.qrtz_triggers OWNER TO clinlims;

--
-- Name: quartz_cron_scheduler; Type: TABLE; Schema: clinlims; Owner: clinlims; Tablespace: 
--

CREATE TABLE quartz_cron_scheduler (
    id numeric(10,0) NOT NULL,
    cron_statement character varying(32) DEFAULT 'never'::character varying NOT NULL,
    last_run timestamp with time zone,
    active boolean DEFAULT true,
    run_if_past boolean DEFAULT true,
    name character varying(40),
    job_name character varying(60) NOT NULL,
    display_key character varying(60),
    description_key character varying(60)
);


ALTER TABLE clinlims.quartz_cron_scheduler OWNER TO clinlims;

--
-- Name: TABLE quartz_cron_scheduler; Type: COMMENT; Schema: clinlims; Owner: clinlims
--

COMMENT ON TABLE quartz_cron_scheduler IS 'Sets up the quartz scheduler for cron jobs';


--
-- Name: COLUMN quartz_cron_scheduler.id; Type: COMMENT; Schema: clinlims; Owner: clinlims
--

COMMENT ON COLUMN quartz_cron_scheduler.id IS 'Id for this schedule';


--
-- Name: COLUMN quartz_cron_scheduler.cron_statement; Type: COMMENT; Schema: clinlims; Owner: clinlims
--

COMMENT ON COLUMN quartz_cron_scheduler.cron_statement IS 'The cron statement for when the job should run. N.B. the default is not a valid cron expression';


--
-- Name: COLUMN quartz_cron_scheduler.last_run; Type: COMMENT; Schema: clinlims; Owner: clinlims
--

COMMENT ON COLUMN quartz_cron_scheduler.last_run IS 'The last time this job was run';


--
-- Name: COLUMN quartz_cron_scheduler.active; Type: COMMENT; Schema: clinlims; Owner: clinlims
--

COMMENT ON COLUMN quartz_cron_scheduler.active IS 'True if the schedule is active, false if it is suspended';


--
-- Name: COLUMN quartz_cron_scheduler.run_if_past; Type: COMMENT; Schema: clinlims; Owner: clinlims
--

COMMENT ON COLUMN quartz_cron_scheduler.run_if_past IS 'True if the job should be run if the application is started after the run time and it has not run yet that day';


--
-- Name: COLUMN quartz_cron_scheduler.name; Type: COMMENT; Schema: clinlims; Owner: clinlims
--

COMMENT ON COLUMN quartz_cron_scheduler.name IS 'The name for this job';


--
-- Name: COLUMN quartz_cron_scheduler.job_name; Type: COMMENT; Schema: clinlims; Owner: clinlims
--

COMMENT ON COLUMN quartz_cron_scheduler.job_name IS 'The internal job name, should not be editible by end user';


--
-- Name: COLUMN quartz_cron_scheduler.display_key; Type: COMMENT; Schema: clinlims; Owner: clinlims
--

COMMENT ON COLUMN quartz_cron_scheduler.display_key IS 'The localized name for this job';


--
-- Name: quartz_cron_scheduler_seq; Type: SEQUENCE; Schema: clinlims; Owner: clinlims
--

CREATE SEQUENCE quartz_cron_scheduler_seq
    START WITH 1
    INCREMENT BY 1
    NO MINVALUE
    NO MAXVALUE
    CACHE 1;


ALTER TABLE clinlims.quartz_cron_scheduler_seq OWNER TO clinlims;

--
-- Name: race; Type: TABLE; Schema: clinlims; Owner: clinlims; Tablespace: 
--

CREATE TABLE race (
    id numeric(10,0) NOT NULL,
    description character varying(20) NOT NULL,
    race_type character varying(1),
    is_active character(1)
);


ALTER TABLE clinlims.race OWNER TO clinlims;

--
-- Name: receiver_code_element; Type: TABLE; Schema: clinlims; Owner: clinlims; Tablespace: 
--

CREATE TABLE receiver_code_element (
    id numeric(10,0) NOT NULL,
    identifier character varying(20),
    text character varying(60),
    code_system character varying(20),
    lastupdated timestamp(6) without time zone,
    message_org_id numeric(10,0),
    code_element_type_id numeric(10,0)
);


ALTER TABLE clinlims.receiver_code_element OWNER TO clinlims;

--
-- Name: receiver_code_element_seq; Type: SEQUENCE; Schema: clinlims; Owner: clinlims
--

CREATE SEQUENCE receiver_code_element_seq
    START WITH 21
    INCREMENT BY 1
    NO MINVALUE
    NO MAXVALUE
    CACHE 20;


ALTER TABLE clinlims.receiver_code_element_seq OWNER TO clinlims;

--
-- Name: reference_tables; Type: TABLE; Schema: clinlims; Owner: clinlims; Tablespace: 
--

CREATE TABLE reference_tables (
    id numeric(10,0) NOT NULL,
    name character varying(40),
    keep_history character varying(1),
    is_hl7_encoded character varying(1),
    lastupdated timestamp(6) without time zone
);


ALTER TABLE clinlims.reference_tables OWNER TO clinlims;

--
-- Name: COLUMN reference_tables.name; Type: COMMENT; Schema: clinlims; Owner: clinlims
--

COMMENT ON COLUMN reference_tables.name IS 'Name of table or module';


--
-- Name: reference_tables_seq; Type: SEQUENCE; Schema: clinlims; Owner: clinlims
--

CREATE SEQUENCE reference_tables_seq
    START WITH 1
    INCREMENT BY 1
    NO MINVALUE
    NO MAXVALUE
    CACHE 1;


ALTER TABLE clinlims.reference_tables_seq OWNER TO clinlims;

--
-- Name: referral; Type: TABLE; Schema: clinlims; Owner: clinlims; Tablespace: 
--

CREATE TABLE referral (
    id numeric(10,0) NOT NULL,
    analysis_id numeric(10,0),
    organization_id numeric(10,0),
    organization_name character varying(30),
    send_ready_date timestamp with time zone,
    sent_date timestamp with time zone,
    result_recieved_date timestamp with time zone,
    referral_reason_id numeric(10,0),
    referral_type_id numeric(10,0) NOT NULL,
    requester_name character varying(60),
    lastupdated timestamp with time zone,
    canceled boolean DEFAULT false,
    referral_request_date timestamp with time zone
);


ALTER TABLE clinlims.referral OWNER TO clinlims;

--
-- Name: TABLE referral; Type: COMMENT; Schema: clinlims; Owner: clinlims
--

COMMENT ON TABLE referral IS 'Tracks referrals made to and from the lab.  If referrals should be attached to samples add another column for sample and edit this comment';


--
-- Name: COLUMN referral.analysis_id; Type: COMMENT; Schema: clinlims; Owner: clinlims
--

COMMENT ON COLUMN referral.analysis_id IS 'The analysis which will be duplicated at other lab when refering out or which will be be done at this lab when referred in.  ';


--
-- Name: COLUMN referral.organization_id; Type: COMMENT; Schema: clinlims; Owner: clinlims
--

COMMENT ON COLUMN referral.organization_id IS 'The organization the sample was sent to or from';


--
-- Name: COLUMN referral.organization_name; Type: COMMENT; Schema: clinlims; Owner: clinlims
--

COMMENT ON COLUMN referral.organization_name IS 'The organiztion the sample was sent to or from, if busness rules allow them not to be in the organization table';


--
-- Name: COLUMN referral.send_ready_date; Type: COMMENT; Schema: clinlims; Owner: clinlims
--

COMMENT ON COLUMN referral.send_ready_date IS 'The date the referral out results are ready to be sent';


--
-- Name: COLUMN referral.sent_date; Type: COMMENT; Schema: clinlims; Owner: clinlims
--

COMMENT ON COLUMN referral.sent_date IS 'The date the referral out results are actually sent';


--
-- Name: COLUMN referral.result_recieved_date; Type: COMMENT; Schema: clinlims; Owner: clinlims
--

COMMENT ON COLUMN referral.result_recieved_date IS 'If this was a referral out then the date the results were recieved from the external lab';


--
-- Name: COLUMN referral.referral_reason_id; Type: COMMENT; Schema: clinlims; Owner: clinlims
--

COMMENT ON COLUMN referral.referral_reason_id IS 'Why was this referral done';


--
-- Name: COLUMN referral.requester_name; Type: COMMENT; Schema: clinlims; Owner: clinlims
--

COMMENT ON COLUMN referral.requester_name IS 'The name of the person who requested that the referral be done';


--
-- Name: COLUMN referral.referral_request_date; Type: COMMENT; Schema: clinlims; Owner: clinlims
--

COMMENT ON COLUMN referral.referral_request_date IS 'The date the referral request was made';


--
-- Name: referral_reason; Type: TABLE; Schema: clinlims; Owner: clinlims; Tablespace: 
--

CREATE TABLE referral_reason (
    id numeric(10,0) NOT NULL,
    name character varying(30) NOT NULL,
    description character varying(60),
    display_key character varying(60),
    lastupdated timestamp with time zone
);


ALTER TABLE clinlims.referral_reason OWNER TO clinlims;

--
-- Name: TABLE referral_reason; Type: COMMENT; Schema: clinlims; Owner: clinlims
--

COMMENT ON TABLE referral_reason IS 'The reason a referral was made to or from the lab';


--
-- Name: COLUMN referral_reason.name; Type: COMMENT; Schema: clinlims; Owner: clinlims
--

COMMENT ON COLUMN referral_reason.name IS 'The name of the reason, default value displayed to user if no display_key value';


--
-- Name: COLUMN referral_reason.description; Type: COMMENT; Schema: clinlims; Owner: clinlims
--

COMMENT ON COLUMN referral_reason.description IS 'Clarification of the reason';


--
-- Name: COLUMN referral_reason.display_key; Type: COMMENT; Schema: clinlims; Owner: clinlims
--

COMMENT ON COLUMN referral_reason.display_key IS 'Key for localization files to display locale appropriate reasons';


--
-- Name: referral_reason_seq; Type: SEQUENCE; Schema: clinlims; Owner: clinlims
--

CREATE SEQUENCE referral_reason_seq
    START WITH 1
    INCREMENT BY 1
    MINVALUE 0
    NO MAXVALUE
    CACHE 1;


ALTER TABLE clinlims.referral_reason_seq OWNER TO clinlims;

--
-- Name: referral_result; Type: TABLE; Schema: clinlims; Owner: clinlims; Tablespace: 
--

CREATE TABLE referral_result (
    id numeric(10,0) NOT NULL,
    referral_id numeric(10,0) NOT NULL,
    test_id numeric(10,0),
    result_id numeric(10,0),
    referral_report_date timestamp with time zone,
    lastupdated timestamp with time zone
);


ALTER TABLE clinlims.referral_result OWNER TO clinlims;

--
-- Name: TABLE referral_result; Type: COMMENT; Schema: clinlims; Owner: clinlims
--

COMMENT ON TABLE referral_result IS 'A referral may have one or more results';


--
-- Name: COLUMN referral_result.referral_id; Type: COMMENT; Schema: clinlims; Owner: clinlims
--

COMMENT ON COLUMN referral_result.referral_id IS 'The referral for which this is a result. May be one to many';


--
-- Name: COLUMN referral_result.test_id; Type: COMMENT; Schema: clinlims; Owner: clinlims
--

COMMENT ON COLUMN referral_result.test_id IS 'When the referral lab reported the results back';


--
-- Name: COLUMN referral_result.result_id; Type: COMMENT; Schema: clinlims; Owner: clinlims
--

COMMENT ON COLUMN referral_result.result_id IS 'The result returned by the referral lab';


--
-- Name: referral_result_seq; Type: SEQUENCE; Schema: clinlims; Owner: clinlims
--

CREATE SEQUENCE referral_result_seq
    START WITH 1
    INCREMENT BY 1
    MINVALUE 0
    NO MAXVALUE
    CACHE 1;


ALTER TABLE clinlims.referral_result_seq OWNER TO clinlims;

--
-- Name: referral_seq; Type: SEQUENCE; Schema: clinlims; Owner: clinlims
--

CREATE SEQUENCE referral_seq
    START WITH 1
    INCREMENT BY 1
    MINVALUE 0
    NO MAXVALUE
    CACHE 1;


ALTER TABLE clinlims.referral_seq OWNER TO clinlims;

--
-- Name: referral_type; Type: TABLE; Schema: clinlims; Owner: clinlims; Tablespace: 
--

CREATE TABLE referral_type (
    id numeric(10,0) NOT NULL,
    name character varying(30) NOT NULL,
    description character varying(60),
    display_key character varying(60),
    lastupdated timestamp with time zone
);


ALTER TABLE clinlims.referral_type OWNER TO clinlims;

--
-- Name: TABLE referral_type; Type: COMMENT; Schema: clinlims; Owner: clinlims
--

COMMENT ON TABLE referral_type IS 'The type of referral. i.e. a referral into the lab or a referral out of the lab';


--
-- Name: COLUMN referral_type.name; Type: COMMENT; Schema: clinlims; Owner: clinlims
--

COMMENT ON COLUMN referral_type.name IS 'The name of the type, default value displayed to user if no display_key value';


--
-- Name: COLUMN referral_type.description; Type: COMMENT; Schema: clinlims; Owner: clinlims
--

COMMENT ON COLUMN referral_type.description IS 'Clarification of the type';


--
-- Name: COLUMN referral_type.display_key; Type: COMMENT; Schema: clinlims; Owner: clinlims
--

COMMENT ON COLUMN referral_type.display_key IS 'Key for localization files to display locale appropriate types';


--
-- Name: referral_type_seq; Type: SEQUENCE; Schema: clinlims; Owner: clinlims
--

CREATE SEQUENCE referral_type_seq
    START WITH 1
    INCREMENT BY 1
    MINVALUE 0
    NO MAXVALUE
    CACHE 1;


ALTER TABLE clinlims.referral_type_seq OWNER TO clinlims;

--
-- Name: region; Type: TABLE; Schema: clinlims; Owner: clinlims; Tablespace: 
--

CREATE TABLE region (
    id numeric(10,0) NOT NULL,
    region character varying(240) NOT NULL,
    lastupdated timestamp(6) without time zone
);


ALTER TABLE clinlims.region OWNER TO clinlims;

--
-- Name: COLUMN region.id; Type: COMMENT; Schema: clinlims; Owner: clinlims
--

COMMENT ON COLUMN region.id IS 'Sequential Number';


--
-- Name: COLUMN region.region; Type: COMMENT; Schema: clinlims; Owner: clinlims
--

COMMENT ON COLUMN region.region IS 'Epidemiology Region Description used for MLS';


--
-- Name: region_seq; Type: SEQUENCE; Schema: clinlims; Owner: clinlims
--

CREATE SEQUENCE region_seq
    START WITH 1
    INCREMENT BY 1
    NO MINVALUE
    NO MAXVALUE
    CACHE 1;


ALTER TABLE clinlims.region_seq OWNER TO clinlims;

--
-- Name: report_external_export; Type: TABLE; Schema: clinlims; Owner: clinlims; Tablespace: 
--

CREATE TABLE report_external_export (
    id numeric(10,0) NOT NULL,
    event_date timestamp with time zone NOT NULL,
    collection_date timestamp with time zone NOT NULL,
    sent_date timestamp with time zone,
    type numeric(10,0) NOT NULL,
    data text,
    lastupdated timestamp with time zone,
    send_flag boolean DEFAULT true,
    bookkeeping text
);


ALTER TABLE clinlims.report_external_export OWNER TO clinlims;

--
-- Name: TABLE report_external_export; Type: COMMENT; Schema: clinlims; Owner: clinlims
--

COMMENT ON TABLE report_external_export IS 'Table for holding aggregated results to be sent to an external application';


--
-- Name: COLUMN report_external_export.id; Type: COMMENT; Schema: clinlims; Owner: clinlims
--

COMMENT ON COLUMN report_external_export.id IS 'primary key';


--
-- Name: COLUMN report_external_export.event_date; Type: COMMENT; Schema: clinlims; Owner: clinlims
--

COMMENT ON COLUMN report_external_export.event_date IS 'The date for which the information was collected.  Granularity assumed to be one day';


--
-- Name: COLUMN report_external_export.collection_date; Type: COMMENT; Schema: clinlims; Owner: clinlims
--

COMMENT ON COLUMN report_external_export.collection_date IS 'The date on which the information was collected.';


--
-- Name: COLUMN report_external_export.sent_date; Type: COMMENT; Schema: clinlims; Owner: clinlims
--

COMMENT ON COLUMN report_external_export.sent_date IS 'The date which the data was successfully sent';


--
-- Name: COLUMN report_external_export.type; Type: COMMENT; Schema: clinlims; Owner: clinlims
--

COMMENT ON COLUMN report_external_export.type IS 'The type of report this is';


--
-- Name: COLUMN report_external_export.data; Type: COMMENT; Schema: clinlims; Owner: clinlims
--

COMMENT ON COLUMN report_external_export.data IS 'Formated data.  May be either JASON or xml.  Many datapoints per row';


--
-- Name: COLUMN report_external_export.lastupdated; Type: COMMENT; Schema: clinlims; Owner: clinlims
--

COMMENT ON COLUMN report_external_export.lastupdated IS 'The last time the row was updated for any reason';


--
-- Name: COLUMN report_external_export.send_flag; Type: COMMENT; Schema: clinlims; Owner: clinlims
--

COMMENT ON COLUMN report_external_export.send_flag IS 'The data is ready to be sent.  It may have already been sent once';


--
-- Name: COLUMN report_external_export.bookkeeping; Type: COMMENT; Schema: clinlims; Owner: clinlims
--

COMMENT ON COLUMN report_external_export.bookkeeping IS 'Data which the application will need to record that this document has been sent';


--
-- Name: report_external_import; Type: TABLE; Schema: clinlims; Owner: clinlims; Tablespace: 
--

CREATE TABLE report_external_import (
    id numeric(10,0) NOT NULL,
    sending_site character varying(20) NOT NULL,
    event_date timestamp with time zone NOT NULL,
    recieved_date timestamp with time zone,
    type character varying(32) NOT NULL,
    updated_flag boolean DEFAULT false,
    data text,
    lastupdated timestamp with time zone
);


ALTER TABLE clinlims.report_external_import OWNER TO clinlims;

--
-- Name: TABLE report_external_import; Type: COMMENT; Schema: clinlims; Owner: clinlims
--

COMMENT ON TABLE report_external_import IS 'Table for holding aggregated results sent by an external application';


--
-- Name: COLUMN report_external_import.id; Type: COMMENT; Schema: clinlims; Owner: clinlims
--

COMMENT ON COLUMN report_external_import.id IS 'primary key';


--
-- Name: COLUMN report_external_import.sending_site; Type: COMMENT; Schema: clinlims; Owner: clinlims
--

COMMENT ON COLUMN report_external_import.sending_site IS 'The site which is sending the info';


--
-- Name: COLUMN report_external_import.event_date; Type: COMMENT; Schema: clinlims; Owner: clinlims
--

COMMENT ON COLUMN report_external_import.event_date IS 'The date for which the information was collected.  Granularity assumed to be one day';


--
-- Name: COLUMN report_external_import.recieved_date; Type: COMMENT; Schema: clinlims; Owner: clinlims
--

COMMENT ON COLUMN report_external_import.recieved_date IS 'The date which the data was received';


--
-- Name: COLUMN report_external_import.type; Type: COMMENT; Schema: clinlims; Owner: clinlims
--

COMMENT ON COLUMN report_external_import.type IS 'The type of report this is';


--
-- Name: COLUMN report_external_import.data; Type: COMMENT; Schema: clinlims; Owner: clinlims
--

COMMENT ON COLUMN report_external_import.data IS 'Formated data.  May be either JASON or xml.  Many datapoints per row';


--
-- Name: COLUMN report_external_import.lastupdated; Type: COMMENT; Schema: clinlims; Owner: clinlims
--

COMMENT ON COLUMN report_external_import.lastupdated IS 'The last time the row was updated for any reason';


--
-- Name: report_external_import_seq; Type: SEQUENCE; Schema: clinlims; Owner: clinlims
--

CREATE SEQUENCE report_external_import_seq
    START WITH 1
    INCREMENT BY 1
    NO MINVALUE
    NO MAXVALUE
    CACHE 1;


ALTER TABLE clinlims.report_external_import_seq OWNER TO clinlims;

--
-- Name: report_queue_seq; Type: SEQUENCE; Schema: clinlims; Owner: clinlims
--

CREATE SEQUENCE report_queue_seq
    START WITH 1
    INCREMENT BY 1
    NO MINVALUE
    NO MAXVALUE
    CACHE 1;


ALTER TABLE clinlims.report_queue_seq OWNER TO clinlims;

--
-- Name: report_queue_type; Type: TABLE; Schema: clinlims; Owner: clinlims; Tablespace: 
--

CREATE TABLE report_queue_type (
    id numeric(10,0) NOT NULL,
    name character varying(32) NOT NULL,
    description character varying(60)
);


ALTER TABLE clinlims.report_queue_type OWNER TO clinlims;

--
-- Name: report_queue_type_seq; Type: SEQUENCE; Schema: clinlims; Owner: clinlims
--

CREATE SEQUENCE report_queue_type_seq
    START WITH 1
    INCREMENT BY 1
    NO MINVALUE
    NO MAXVALUE
    CACHE 1;


ALTER TABLE clinlims.report_queue_type_seq OWNER TO clinlims;

--
-- Name: requester_type; Type: TABLE; Schema: clinlims; Owner: clinlims; Tablespace: 
--

CREATE TABLE requester_type (
    id numeric(10,0) NOT NULL,
    requester_type character varying(20) NOT NULL
);


ALTER TABLE clinlims.requester_type OWNER TO clinlims;

--
-- Name: TABLE requester_type; Type: COMMENT; Schema: clinlims; Owner: clinlims
--

COMMENT ON TABLE requester_type IS 'The types of entities which can request test.  This table will be used by sample_requester so the type should map to table';


--
-- Name: COLUMN requester_type.requester_type; Type: COMMENT; Schema: clinlims; Owner: clinlims
--

COMMENT ON COLUMN requester_type.requester_type IS 'The type. i.e. organization or provider';


--
-- Name: requester_type_seq; Type: SEQUENCE; Schema: clinlims; Owner: clinlims
--

CREATE SEQUENCE requester_type_seq
    START WITH 2
    INCREMENT BY 1
    MINVALUE 2
    NO MAXVALUE
    CACHE 1;


ALTER TABLE clinlims.requester_type_seq OWNER TO clinlims;

--
-- Name: result; Type: TABLE; Schema: clinlims; Owner: clinlims; Tablespace: 
--

CREATE TABLE result (
    id numeric(10,0) NOT NULL,
    analysis_id numeric(10,0),
    sort_order numeric,
    is_reportable character varying(1),
    result_type character varying(1),
    value character varying(200),
    analyte_id numeric(10,0),
    test_result_id numeric(10,0),
    lastupdated timestamp(6) without time zone,
    min_normal double precision,
    max_normal double precision,
    parent_id numeric(10,0),
    significant_digits numeric DEFAULT (0)::numeric,
    grouping numeric DEFAULT (0)::numeric
);


ALTER TABLE clinlims.result OWNER TO clinlims;

--
-- Name: COLUMN result.analysis_id; Type: COMMENT; Schema: clinlims; Owner: clinlims
--

COMMENT ON COLUMN result.analysis_id IS 'Sequential number';


--
-- Name: COLUMN result.sort_order; Type: COMMENT; Schema: clinlims; Owner: clinlims
--

COMMENT ON COLUMN result.sort_order IS 'The order the results are displayed (sort order)';


--
-- Name: COLUMN result.is_reportable; Type: COMMENT; Schema: clinlims; Owner: clinlims
--

COMMENT ON COLUMN result.is_reportable IS 'Indicates if the result is reportable.';


--
-- Name: COLUMN result.result_type; Type: COMMENT; Schema: clinlims; Owner: clinlims
--

COMMENT ON COLUMN result.result_type IS 'Type of result: Dictionary, titer, number, date';


--
-- Name: COLUMN result.value; Type: COMMENT; Schema: clinlims; Owner: clinlims
--

COMMENT ON COLUMN result.value IS 'Actual result value.';


--
-- Name: COLUMN result.min_normal; Type: COMMENT; Schema: clinlims; Owner: clinlims
--

COMMENT ON COLUMN result.min_normal IS 'The min normal value for this result. (May vary by patient sex and age)';


--
-- Name: COLUMN result.max_normal; Type: COMMENT; Schema: clinlims; Owner: clinlims
--

COMMENT ON COLUMN result.max_normal IS 'The max normal value for this result. (May vary by patient sex and age)';


--
-- Name: COLUMN result.parent_id; Type: COMMENT; Schema: clinlims; Owner: clinlims
--

COMMENT ON COLUMN result.parent_id IS 'The id of the result that this result is dependent on';


--
-- Name: COLUMN result.significant_digits; Type: COMMENT; Schema: clinlims; Owner: clinlims
--

COMMENT ON COLUMN result.significant_digits IS 'Significant digits for results at the time the results were entered';


--
-- Name: COLUMN result.grouping; Type: COMMENT; Schema: clinlims; Owner: clinlims
--

COMMENT ON COLUMN result.grouping IS 'When an analysis has more then one set of results this groups them';


--
-- Name: result_inventory; Type: TABLE; Schema: clinlims; Owner: clinlims; Tablespace: 
--

CREATE TABLE result_inventory (
    id numeric(10,0) NOT NULL,
    inventory_location_id numeric(10,0) NOT NULL,
    result_id numeric(10,0) NOT NULL,
    description character varying(20),
    lastupdated timestamp(6) without time zone
);


ALTER TABLE clinlims.result_inventory OWNER TO clinlims;

--
-- Name: TABLE result_inventory; Type: COMMENT; Schema: clinlims; Owner: clinlims
--

COMMENT ON TABLE result_inventory IS 'Table to link analyte, inventory_items and results.  This is to tie a specific test kit to HIV or syphilis test result.';


--
-- Name: COLUMN result_inventory.inventory_location_id; Type: COMMENT; Schema: clinlims; Owner: clinlims
--

COMMENT ON COLUMN result_inventory.inventory_location_id IS 'The specific identifiable inventory.  For Haiti this should be a test kit in inventory';


--
-- Name: COLUMN result_inventory.result_id; Type: COMMENT; Schema: clinlims; Owner: clinlims
--

COMMENT ON COLUMN result_inventory.result_id IS 'The result which is tied to the inventory';


--
-- Name: COLUMN result_inventory.description; Type: COMMENT; Schema: clinlims; Owner: clinlims
--

COMMENT ON COLUMN result_inventory.description IS 'The description of inventory the result refers to.';


--
-- Name: result_inventory_seq; Type: SEQUENCE; Schema: clinlims; Owner: clinlims
--

CREATE SEQUENCE result_inventory_seq
    START WITH 1
    INCREMENT BY 1
    NO MINVALUE
    NO MAXVALUE
    CACHE 1;


ALTER TABLE clinlims.result_inventory_seq OWNER TO clinlims;

--
-- Name: result_limits; Type: TABLE; Schema: clinlims; Owner: clinlims; Tablespace: 
--

CREATE TABLE result_limits (
    id numeric(10,0) NOT NULL,
    test_id numeric(10,0) NOT NULL,
    test_result_type_id numeric NOT NULL,
    min_age double precision DEFAULT 0,
    max_age double precision DEFAULT 'Infinity'::double precision,
    gender character(1),
    low_normal double precision DEFAULT '-Infinity'::double precision,
    high_normal double precision DEFAULT 'Infinity'::double precision,
    low_valid double precision DEFAULT '-Infinity'::double precision,
    high_valid double precision DEFAULT 'Infinity'::double precision,
    lastupdated timestamp(6) without time zone,
    normal_dictionary_id numeric(10,0),
    always_validate boolean DEFAULT false
);


ALTER TABLE clinlims.result_limits OWNER TO clinlims;

--
-- Name: TABLE result_limits; Type: COMMENT; Schema: clinlims; Owner: clinlims
--

COMMENT ON TABLE result_limits IS 'This is a mainly read only table for normal and valid limits for given tests.  Currently it assumes that only age and gender matter.  If more criteria matter then refactor';


--
-- Name: COLUMN result_limits.test_id; Type: COMMENT; Schema: clinlims; Owner: clinlims
--

COMMENT ON COLUMN result_limits.test_id IS 'Refers to the test table, this is additional information';


--
-- Name: COLUMN result_limits.test_result_type_id; Type: COMMENT; Schema: clinlims; Owner: clinlims
--

COMMENT ON COLUMN result_limits.test_result_type_id IS 'The data type of the results';


--
-- Name: COLUMN result_limits.min_age; Type: COMMENT; Schema: clinlims; Owner: clinlims
--

COMMENT ON COLUMN result_limits.min_age IS 'Should be null or less than max age';


--
-- Name: COLUMN result_limits.max_age; Type: COMMENT; Schema: clinlims; Owner: clinlims
--

COMMENT ON COLUMN result_limits.max_age IS 'Should be null or greater than min age';


--
-- Name: COLUMN result_limits.gender; Type: COMMENT; Schema: clinlims; Owner: clinlims
--

COMMENT ON COLUMN result_limits.gender IS 'Should be F or M or null if gender is not a criteria';


--
-- Name: COLUMN result_limits.low_normal; Type: COMMENT; Schema: clinlims; Owner: clinlims
--

COMMENT ON COLUMN result_limits.low_normal IS 'Low end of normal range';


--
-- Name: COLUMN result_limits.high_normal; Type: COMMENT; Schema: clinlims; Owner: clinlims
--

COMMENT ON COLUMN result_limits.high_normal IS 'High end of the normal range';


--
-- Name: COLUMN result_limits.low_valid; Type: COMMENT; Schema: clinlims; Owner: clinlims
--

COMMENT ON COLUMN result_limits.low_valid IS 'Low end of the valid range, any result value lower should be considered suspect';


--
-- Name: COLUMN result_limits.high_valid; Type: COMMENT; Schema: clinlims; Owner: clinlims
--

COMMENT ON COLUMN result_limits.high_valid IS 'high end of the valid range, any result value higher should be considered suspect';


--
-- Name: COLUMN result_limits.normal_dictionary_id; Type: COMMENT; Schema: clinlims; Owner: clinlims
--

COMMENT ON COLUMN result_limits.normal_dictionary_id IS 'Reference to the dictionary value which is normal for test';


--
-- Name: COLUMN result_limits.always_validate; Type: COMMENT; Schema: clinlims; Owner: clinlims
--

COMMENT ON COLUMN result_limits.always_validate IS 'Is further validation always required no matter what the results';


--
-- Name: result_limits_seq; Type: SEQUENCE; Schema: clinlims; Owner: clinlims
--

CREATE SEQUENCE result_limits_seq
    START WITH 1
    INCREMENT BY 1
    NO MINVALUE
    NO MAXVALUE
    CACHE 1;


ALTER TABLE clinlims.result_limits_seq OWNER TO clinlims;

--
-- Name: result_seq; Type: SEQUENCE; Schema: clinlims; Owner: clinlims
--

CREATE SEQUENCE result_seq
    START WITH 1
    INCREMENT BY 1
    NO MINVALUE
    NO MAXVALUE
    CACHE 1;


ALTER TABLE clinlims.result_seq OWNER TO clinlims;

--
-- Name: result_signature; Type: TABLE; Schema: clinlims; Owner: clinlims; Tablespace: 
--

CREATE TABLE result_signature (
    id numeric(10,0) NOT NULL,
    result_id numeric(10,0) NOT NULL,
    system_user_id numeric(10,0),
    is_supervisor boolean DEFAULT false NOT NULL,
    lastupdated timestamp(6) without time zone,
    non_user_name character varying(20)
);


ALTER TABLE clinlims.result_signature OWNER TO clinlims;

--
-- Name: TABLE result_signature; Type: COMMENT; Schema: clinlims; Owner: clinlims
--

COMMENT ON TABLE result_signature IS 'This matches the person who signed the result form with the result.';


--
-- Name: COLUMN result_signature.result_id; Type: COMMENT; Schema: clinlims; Owner: clinlims
--

COMMENT ON COLUMN result_signature.result_id IS 'The result which is being signed';


--
-- Name: COLUMN result_signature.system_user_id; Type: COMMENT; Schema: clinlims; Owner: clinlims
--

COMMENT ON COLUMN result_signature.system_user_id IS 'The signer of the result';


--
-- Name: COLUMN result_signature.is_supervisor; Type: COMMENT; Schema: clinlims; Owner: clinlims
--

COMMENT ON COLUMN result_signature.is_supervisor IS 'Is the signer a supervisor';


--
-- Name: COLUMN result_signature.non_user_name; Type: COMMENT; Schema: clinlims; Owner: clinlims
--

COMMENT ON COLUMN result_signature.non_user_name IS 'For signers that are not systemUsers';


--
-- Name: result_signature_seq; Type: SEQUENCE; Schema: clinlims; Owner: clinlims
--

CREATE SEQUENCE result_signature_seq
    START WITH 1
    INCREMENT BY 1
    NO MINVALUE
    NO MAXVALUE
    CACHE 1;


ALTER TABLE clinlims.result_signature_seq OWNER TO clinlims;

--
-- Name: sample; Type: TABLE; Schema: clinlims; Owner: clinlims; Tablespace: 
--

CREATE TABLE sample (
    id numeric(10,0) NOT NULL,
    accession_number character varying(20) NOT NULL,
    package_id numeric(10,0),
    domain character varying(1),
    next_item_sequence numeric(10,0),
    revision numeric,
    entered_date timestamp without time zone NOT NULL,
    received_date timestamp without time zone NOT NULL,
    collection_date timestamp without time zone,
    client_reference character varying(20),
    status character varying(1),
    released_date timestamp without time zone,
    sticker_rcvd_flag character varying(1),
    sys_user_id numeric(10,0),
    barcode character varying(20),
    transmission_date timestamp without time zone,
    lastupdated timestamp(6) without time zone,
    spec_or_isolate character varying(1),
    priority numeric(1,0),
    status_id numeric(10,0),
    referring_id character varying(50),
    clinical_order_id numeric(10,0)
);


ALTER TABLE clinlims.sample OWNER TO clinlims;

--
-- Name: COLUMN sample.status_id; Type: COMMENT; Schema: clinlims; Owner: clinlims
--

COMMENT ON COLUMN sample.status_id IS 'foriegn key to status of analysis ';


--
-- Name: COLUMN sample.referring_id; Type: COMMENT; Schema: clinlims; Owner: clinlims
--

COMMENT ON COLUMN sample.referring_id IS 'The external number supplied the referrer.  AKA Order number';


--
-- Name: sample_animal; Type: TABLE; Schema: clinlims; Owner: clinlims; Tablespace: 
--

CREATE TABLE sample_animal (
    id numeric(10,0) NOT NULL,
    sci_name_id numeric(10,0) NOT NULL,
    comm_anim_id numeric(10,0) NOT NULL,
    sampling_location character varying(40),
    collector character varying(40),
    samp_id numeric(10,0) NOT NULL,
    multiple_unit character varying(30),
    street_address character varying(30),
    city character varying(30),
    state character varying(2),
    country character varying(20),
    zip_code character varying(10)
);


ALTER TABLE clinlims.sample_animal OWNER TO clinlims;

--
-- Name: COLUMN sample_animal.sci_name_id; Type: COMMENT; Schema: clinlims; Owner: clinlims
--

COMMENT ON COLUMN sample_animal.sci_name_id IS 'Sequential Number';


--
-- Name: COLUMN sample_animal.sampling_location; Type: COMMENT; Schema: clinlims; Owner: clinlims
--

COMMENT ON COLUMN sample_animal.sampling_location IS 'Sampling location - name of farm';


--
-- Name: COLUMN sample_animal.collector; Type: COMMENT; Schema: clinlims; Owner: clinlims
--

COMMENT ON COLUMN sample_animal.collector IS 'Person collecting sample';


--
-- Name: COLUMN sample_animal.samp_id; Type: COMMENT; Schema: clinlims; Owner: clinlims
--

COMMENT ON COLUMN sample_animal.samp_id IS 'MDH Specimen Number';


--
-- Name: COLUMN sample_animal.street_address; Type: COMMENT; Schema: clinlims; Owner: clinlims
--

COMMENT ON COLUMN sample_animal.street_address IS 'Address of animal';


--
-- Name: sample_domain; Type: TABLE; Schema: clinlims; Owner: clinlims; Tablespace: 
--

CREATE TABLE sample_domain (
    id numeric(10,0) NOT NULL,
    domain_description character varying(20),
    domain character varying(1),
    lastupdated timestamp(6) without time zone
);


ALTER TABLE clinlims.sample_domain OWNER TO clinlims;

--
-- Name: COLUMN sample_domain.id; Type: COMMENT; Schema: clinlims; Owner: clinlims
--

COMMENT ON COLUMN sample_domain.id IS 'A unique auto generated integer number assigned by the database.';


--
-- Name: COLUMN sample_domain.domain_description; Type: COMMENT; Schema: clinlims; Owner: clinlims
--

COMMENT ON COLUMN sample_domain.domain_description IS 'Type of sample this can be applied to:environ, human, animal, rabies, bt, newborn.';


--
-- Name: COLUMN sample_domain.domain; Type: COMMENT; Schema: clinlims; Owner: clinlims
--

COMMENT ON COLUMN sample_domain.domain IS 'Code for description: E-Environmental, A-Animal, C-Clinical';


--
-- Name: sample_domain_seq; Type: SEQUENCE; Schema: clinlims; Owner: clinlims
--

CREATE SEQUENCE sample_domain_seq
    START WITH 1
    INCREMENT BY 1
    NO MINVALUE
    NO MAXVALUE
    CACHE 1;


ALTER TABLE clinlims.sample_domain_seq OWNER TO clinlims;

--
-- Name: sample_environmental; Type: TABLE; Schema: clinlims; Owner: clinlims; Tablespace: 
--

CREATE TABLE sample_environmental (
    id numeric(10,0) NOT NULL,
    samp_id numeric(10,0) NOT NULL,
    is_hazardous character varying(1),
    lot_nbr character varying(30),
    description character varying(40),
    chem_samp_num character varying(240),
    street_address character varying(30),
    multiple_unit character varying(30),
    city character varying(30),
    state character varying(2),
    zip_code character varying(10),
    country character varying(20),
    collector character varying(40),
    sampling_location character varying(40)
);


ALTER TABLE clinlims.sample_environmental OWNER TO clinlims;

--
-- Name: COLUMN sample_environmental.samp_id; Type: COMMENT; Schema: clinlims; Owner: clinlims
--

COMMENT ON COLUMN sample_environmental.samp_id IS 'MDH Specimen Number';


--
-- Name: COLUMN sample_environmental.lot_nbr; Type: COMMENT; Schema: clinlims; Owner: clinlims
--

COMMENT ON COLUMN sample_environmental.lot_nbr IS 'If sample is unopened package of food then include the lot number from the package';


--
-- Name: COLUMN sample_environmental.description; Type: COMMENT; Schema: clinlims; Owner: clinlims
--

COMMENT ON COLUMN sample_environmental.description IS 'Additional description field for sample attributes.';


--
-- Name: COLUMN sample_environmental.zip_code; Type: COMMENT; Schema: clinlims; Owner: clinlims
--

COMMENT ON COLUMN sample_environmental.zip_code IS 'Zip +4 code';


--
-- Name: COLUMN sample_environmental.collector; Type: COMMENT; Schema: clinlims; Owner: clinlims
--

COMMENT ON COLUMN sample_environmental.collector IS 'Person collecting the sample';


--
-- Name: COLUMN sample_environmental.sampling_location; Type: COMMENT; Schema: clinlims; Owner: clinlims
--

COMMENT ON COLUMN sample_environmental.sampling_location IS 'Sampling location - name of restaurant, store, farm';


--
-- Name: sample_human_seq; Type: SEQUENCE; Schema: clinlims; Owner: clinlims
--

CREATE SEQUENCE sample_human_seq
    START WITH 1
    INCREMENT BY 1
    NO MINVALUE
    NO MAXVALUE
    CACHE 1;


ALTER TABLE clinlims.sample_human_seq OWNER TO clinlims;

--
-- Name: sample_item_seq; Type: SEQUENCE; Schema: clinlims; Owner: clinlims
--

CREATE SEQUENCE sample_item_seq
    START WITH 1
    INCREMENT BY 1
    NO MINVALUE
    NO MAXVALUE
    CACHE 1;


ALTER TABLE clinlims.sample_item_seq OWNER TO clinlims;

--
-- Name: sample_newborn; Type: TABLE; Schema: clinlims; Owner: clinlims; Tablespace: 
--

CREATE TABLE sample_newborn (
    id numeric(10,0) NOT NULL,
    weight numeric(5,0),
    multi_birth character(1),
    birth_order numeric(2,0),
    gestational_week numeric(5,2),
    date_first_feeding date,
    breast character(1),
    tpn character(1),
    formula character(1),
    milk character(1),
    soy character(1),
    jaundice character(1),
    antibiotics character(1),
    transfused character(1),
    date_transfusion date,
    medical_record_numeric character varying(18),
    nicu character(1),
    birth_defect character(1),
    pregnancy_complication character(1),
    deceased_sibling character(1),
    cause_of_death character varying(50),
    family_history character(1),
    other character varying(100),
    y_numeric character varying(18),
    yellow_card character(1),
    lastupdated timestamp(6) without time zone
);


ALTER TABLE clinlims.sample_newborn OWNER TO clinlims;

--
-- Name: sample_org_seq; Type: SEQUENCE; Schema: clinlims; Owner: clinlims
--

CREATE SEQUENCE sample_org_seq
    START WITH 1
    INCREMENT BY 1
    NO MINVALUE
    NO MAXVALUE
    CACHE 1;


ALTER TABLE clinlims.sample_org_seq OWNER TO clinlims;

--
-- Name: sample_organization; Type: TABLE; Schema: clinlims; Owner: clinlims; Tablespace: 
--

CREATE TABLE sample_organization (
    id numeric(10,0) NOT NULL,
    org_id numeric(10,0),
    samp_id numeric(10,0),
    samp_org_type character varying(1),
    lastupdated timestamp(6) without time zone
);


ALTER TABLE clinlims.sample_organization OWNER TO clinlims;

--
-- Name: COLUMN sample_organization.org_id; Type: COMMENT; Schema: clinlims; Owner: clinlims
--

COMMENT ON COLUMN sample_organization.org_id IS 'Sequential Numbering Field';


--
-- Name: COLUMN sample_organization.samp_id; Type: COMMENT; Schema: clinlims; Owner: clinlims
--

COMMENT ON COLUMN sample_organization.samp_id IS 'MDH Specimen Number';


--
-- Name: COLUMN sample_organization.samp_org_type; Type: COMMENT; Schema: clinlims; Owner: clinlims
--

COMMENT ON COLUMN sample_organization.samp_org_type IS 'Type of organization: Primary, Secondary, Billing';


--
-- Name: sample_pdf; Type: TABLE; Schema: clinlims; Owner: clinlims; Tablespace: 
--

CREATE TABLE sample_pdf (
    id numeric(10,0) NOT NULL,
    accession_number numeric(10,0) NOT NULL,
    allow_view character varying(1),
    barcode character varying(20)
);


ALTER TABLE clinlims.sample_pdf OWNER TO clinlims;

--
-- Name: sample_pdf_seq; Type: SEQUENCE; Schema: clinlims; Owner: clinlims
--

CREATE SEQUENCE sample_pdf_seq
    START WITH 1
    INCREMENT BY 1
    NO MINVALUE
    NO MAXVALUE
    CACHE 20;


ALTER TABLE clinlims.sample_pdf_seq OWNER TO clinlims;

--
-- Name: sample_proj_seq; Type: SEQUENCE; Schema: clinlims; Owner: clinlims
--

CREATE SEQUENCE sample_proj_seq
    START WITH 1
    INCREMENT BY 1
    NO MINVALUE
    NO MAXVALUE
    CACHE 1;


ALTER TABLE clinlims.sample_proj_seq OWNER TO clinlims;

--
-- Name: sample_projects; Type: TABLE; Schema: clinlims; Owner: clinlims; Tablespace: 
--

CREATE TABLE sample_projects (
    samp_id numeric(10,0) NOT NULL,
    proj_id numeric(10,0),
    is_permanent character varying(1),
    id numeric(10,0) NOT NULL,
    lastupdated timestamp(6) without time zone
);


ALTER TABLE clinlims.sample_projects OWNER TO clinlims;

--
-- Name: COLUMN sample_projects.samp_id; Type: COMMENT; Schema: clinlims; Owner: clinlims
--

COMMENT ON COLUMN sample_projects.samp_id IS 'MDH Specimen Number';


--
-- Name: COLUMN sample_projects.proj_id; Type: COMMENT; Schema: clinlims; Owner: clinlims
--

COMMENT ON COLUMN sample_projects.proj_id IS 'Sequential number assigned by sequence';


--
-- Name: COLUMN sample_projects.is_permanent; Type: COMMENT; Schema: clinlims; Owner: clinlims
--

COMMENT ON COLUMN sample_projects.is_permanent IS 'Indicates if project is assigned to this sample permanently (Y/N)';


--
-- Name: sample_qaevent; Type: TABLE; Schema: clinlims; Owner: clinlims; Tablespace: 
--

CREATE TABLE sample_qaevent (
    id numeric(10,0) NOT NULL,
    qa_event_id numeric(10,0),
    sample_id numeric(10,0),
    completed_date date,
    lastupdated timestamp without time zone,
    sampleitem_id numeric(10,0),
    entered_date timestamp with time zone
);


ALTER TABLE clinlims.sample_qaevent OWNER TO clinlims;

--
-- Name: COLUMN sample_qaevent.sampleitem_id; Type: COMMENT; Schema: clinlims; Owner: clinlims
--

COMMENT ON COLUMN sample_qaevent.sampleitem_id IS 'If the qaevent refers to a sampleitem of the sample use this column';


--
-- Name: sample_qaevent_action; Type: TABLE; Schema: clinlims; Owner: clinlims; Tablespace: 
--

CREATE TABLE sample_qaevent_action (
    id numeric(10,0) NOT NULL,
    sample_qaevent_id numeric(10,0) NOT NULL,
    action_id numeric(10,0) NOT NULL,
    created_date date NOT NULL,
    lastupdated timestamp(6) without time zone,
    sys_user_id numeric(10,0)
);


ALTER TABLE clinlims.sample_qaevent_action OWNER TO clinlims;

--
-- Name: sample_qaevent_action_seq; Type: SEQUENCE; Schema: clinlims; Owner: clinlims
--

CREATE SEQUENCE sample_qaevent_action_seq
    START WITH 1
    INCREMENT BY 1
    NO MINVALUE
    NO MAXVALUE
    CACHE 1;


ALTER TABLE clinlims.sample_qaevent_action_seq OWNER TO clinlims;

--
-- Name: sample_qaevent_seq; Type: SEQUENCE; Schema: clinlims; Owner: clinlims
--

CREATE SEQUENCE sample_qaevent_seq
    START WITH 1
    INCREMENT BY 1
    NO MINVALUE
    NO MAXVALUE
    CACHE 1;


ALTER TABLE clinlims.sample_qaevent_seq OWNER TO clinlims;

--
-- Name: sample_requester; Type: TABLE; Schema: clinlims; Owner: clinlims; Tablespace: 
--

CREATE TABLE sample_requester (
    sample_id numeric(10,0) NOT NULL,
    requester_id numeric(10,0) NOT NULL,
    requester_type_id numeric(10,0) NOT NULL,
    lastupdated timestamp(6) without time zone,
    id numeric(10,0) NOT NULL
);


ALTER TABLE clinlims.sample_requester OWNER TO clinlims;

--
-- Name: TABLE sample_requester; Type: COMMENT; Schema: clinlims; Owner: clinlims
--

COMMENT ON TABLE sample_requester IS 'Links a sample to the entity which requested it';


--
-- Name: COLUMN sample_requester.sample_id; Type: COMMENT; Schema: clinlims; Owner: clinlims
--

COMMENT ON COLUMN sample_requester.sample_id IS 'The sample';


--
-- Name: COLUMN sample_requester.requester_id; Type: COMMENT; Schema: clinlims; Owner: clinlims
--

COMMENT ON COLUMN sample_requester.requester_id IS 'The requester_id.  The exact table row depends on the requester type';


--
-- Name: COLUMN sample_requester.requester_type_id; Type: COMMENT; Schema: clinlims; Owner: clinlims
--

COMMENT ON COLUMN sample_requester.requester_type_id IS 'The type from the requester_type table';


--
-- Name: sample_requester_seq; Type: SEQUENCE; Schema: clinlims; Owner: clinlims
--

CREATE SEQUENCE sample_requester_seq
    START WITH 1
    INCREMENT BY 1
    NO MINVALUE
    NO MAXVALUE
    CACHE 1;


ALTER TABLE clinlims.sample_requester_seq OWNER TO clinlims;

--
-- Name: sample_seq; Type: SEQUENCE; Schema: clinlims; Owner: clinlims
--

CREATE SEQUENCE sample_seq
    START WITH 1
    INCREMENT BY 1
    NO MINVALUE
    NO MAXVALUE
    CACHE 1;


ALTER TABLE clinlims.sample_seq OWNER TO clinlims;

--
-- Name: sample_type_panel_seq; Type: SEQUENCE; Schema: clinlims; Owner: clinlims
--

CREATE SEQUENCE sample_type_panel_seq
    START WITH 0
    INCREMENT BY 1
    MINVALUE 0
    NO MAXVALUE
    CACHE 1;


ALTER TABLE clinlims.sample_type_panel_seq OWNER TO clinlims;

--
-- Name: sample_type_test_seq; Type: SEQUENCE; Schema: clinlims; Owner: clinlims
--

CREATE SEQUENCE sample_type_test_seq
    START WITH 0
    INCREMENT BY 1
    MINVALUE 0
    NO MAXVALUE
    CACHE 1;


ALTER TABLE clinlims.sample_type_test_seq OWNER TO clinlims;

--
-- Name: sampletype_panel; Type: TABLE; Schema: clinlims; Owner: clinlims; Tablespace: 
--

CREATE TABLE sampletype_panel (
    id numeric(10,0) NOT NULL,
    sample_type_id numeric(10,0) NOT NULL,
    panel_id numeric(10,0) NOT NULL
);


ALTER TABLE clinlims.sampletype_panel OWNER TO clinlims;

--
-- Name: sampletype_test; Type: TABLE; Schema: clinlims; Owner: clinlims; Tablespace: 
--

CREATE TABLE sampletype_test (
    id numeric(10,0) NOT NULL,
    sample_type_id numeric(10,0) NOT NULL,
    test_id numeric(10,0) NOT NULL,
    is_panel boolean DEFAULT false
);


ALTER TABLE clinlims.sampletype_test OWNER TO clinlims;

--
-- Name: scriptlet; Type: TABLE; Schema: clinlims; Owner: clinlims; Tablespace: 
--

CREATE TABLE scriptlet (
    id numeric(10,0) NOT NULL,
    name character varying(40),
    code_type character varying(1),
    code_source character varying(4000),
    lastupdated timestamp(6) without time zone
);


ALTER TABLE clinlims.scriptlet OWNER TO clinlims;

--
-- Name: COLUMN scriptlet.name; Type: COMMENT; Schema: clinlims; Owner: clinlims
--

COMMENT ON COLUMN scriptlet.name IS 'Script name';


--
-- Name: COLUMN scriptlet.code_type; Type: COMMENT; Schema: clinlims; Owner: clinlims
--

COMMENT ON COLUMN scriptlet.code_type IS 'Flag indicating type of script code : Java, Basic, PLSQL';


--
-- Name: COLUMN scriptlet.lastupdated; Type: COMMENT; Schema: clinlims; Owner: clinlims
--

COMMENT ON COLUMN scriptlet.lastupdated IS 'Body of Source Code';


--
-- Name: scriptlet_seq; Type: SEQUENCE; Schema: clinlims; Owner: clinlims
--

CREATE SEQUENCE scriptlet_seq
    START WITH 1
    INCREMENT BY 1
    NO MINVALUE
    NO MAXVALUE
    CACHE 1;


ALTER TABLE clinlims.scriptlet_seq OWNER TO clinlims;

--
-- Name: sequence; Type: TABLE; Schema: clinlims; Owner: clinlims; Tablespace: 
--

CREATE TABLE sequence (
    seq_name character varying(30),
    seq_count numeric
);


ALTER TABLE clinlims.sequence OWNER TO clinlims;

--
-- Name: site_information; Type: TABLE; Schema: clinlims; Owner: clinlims; Tablespace: 
--

CREATE TABLE site_information (
    id integer NOT NULL,
    name character varying(32) NOT NULL,
    lastupdated timestamp with time zone,
    description character varying(120),
    value character varying(200),
    encrypted boolean DEFAULT false,
    domain_id numeric(10,0),
    value_type character varying(10) DEFAULT 'text'::character varying NOT NULL,
    instruction_key character varying(40),
    "group" numeric DEFAULT (0)::numeric,
    schedule_id numeric(10,0),
    tag character varying(20),
    dictionary_category_id numeric(10,0)
);


ALTER TABLE clinlims.site_information OWNER TO clinlims;

--
-- Name: TABLE site_information; Type: COMMENT; Schema: clinlims; Owner: clinlims
--

COMMENT ON TABLE site_information IS 'Information about a specific installation at a site, seperate from an implimentation';


--
-- Name: COLUMN site_information.name; Type: COMMENT; Schema: clinlims; Owner: clinlims
--

COMMENT ON COLUMN site_information.name IS 'Name by which this information will be found';


--
-- Name: COLUMN site_information.description; Type: COMMENT; Schema: clinlims; Owner: clinlims
--

COMMENT ON COLUMN site_information.description IS 'Clarification of the name';


--
-- Name: COLUMN site_information.value; Type: COMMENT; Schema: clinlims; Owner: clinlims
--

COMMENT ON COLUMN site_information.value IS 'Value for the named information';


--
-- Name: COLUMN site_information.encrypted; Type: COMMENT; Schema: clinlims; Owner: clinlims
--

COMMENT ON COLUMN site_information.encrypted IS 'Is the value an encrypted value.  Used for passwords';


--
-- Name: COLUMN site_information.value_type; Type: COMMENT; Schema: clinlims; Owner: clinlims
--

COMMENT ON COLUMN site_information.value_type IS 'The type of value which can be specified for the value. Currently either ''boolean'',''text'' or ''dictionary''';


--
-- Name: COLUMN site_information.instruction_key; Type: COMMENT; Schema: clinlims; Owner: clinlims
--

COMMENT ON COLUMN site_information.instruction_key IS 'The key in Message_Resource which give the user the text for the meaning and consequences of the information';


--
-- Name: COLUMN site_information."group"; Type: COMMENT; Schema: clinlims; Owner: clinlims
--

COMMENT ON COLUMN site_information."group" IS 'If items should be grouped together when displaying they should have the same group number';


--
-- Name: COLUMN site_information.schedule_id; Type: COMMENT; Schema: clinlims; Owner: clinlims
--

COMMENT ON COLUMN site_information.schedule_id IS 'quartz_cron_scheduler id if the item is associated with a scheduler ';


--
-- Name: COLUMN site_information.tag; Type: COMMENT; Schema: clinlims; Owner: clinlims
--

COMMENT ON COLUMN site_information.tag IS 'A tag to help determine how the information should be used';


--
-- Name: COLUMN site_information.dictionary_category_id; Type: COMMENT; Schema: clinlims; Owner: clinlims
--

COMMENT ON COLUMN site_information.dictionary_category_id IS 'Value of the dictionary category if the type of record is dictionary';


--
-- Name: site_information_domain; Type: TABLE; Schema: clinlims; Owner: clinlims; Tablespace: 
--

CREATE TABLE site_information_domain (
    id numeric(10,0) NOT NULL,
    name character varying(20) NOT NULL,
    description character varying(120)
);


ALTER TABLE clinlims.site_information_domain OWNER TO clinlims;

--
-- Name: TABLE site_information_domain; Type: COMMENT; Schema: clinlims; Owner: clinlims
--

COMMENT ON TABLE site_information_domain IS 'Marks the domains to which site information belongs.  Intended use is administration pages';


--
-- Name: site_information_domain_seq; Type: SEQUENCE; Schema: clinlims; Owner: clinlims
--

CREATE SEQUENCE site_information_domain_seq
    START WITH 1
    INCREMENT BY 1
    NO MINVALUE
    NO MAXVALUE
    CACHE 1;


ALTER TABLE clinlims.site_information_domain_seq OWNER TO clinlims;

--
-- Name: site_information_seq; Type: SEQUENCE; Schema: clinlims; Owner: clinlims
--

CREATE SEQUENCE site_information_seq
    START WITH 1
    INCREMENT BY 1
    NO MINVALUE
    NO MAXVALUE
    CACHE 1;


ALTER TABLE clinlims.site_information_seq OWNER TO clinlims;

--
-- Name: source_of_sample; Type: TABLE; Schema: clinlims; Owner: clinlims; Tablespace: 
--

CREATE TABLE source_of_sample (
    id numeric(10,0) NOT NULL,
    description character varying(40),
    domain character varying(1),
    lastupdated timestamp(6) without time zone
);


ALTER TABLE clinlims.source_of_sample OWNER TO clinlims;

--
-- Name: COLUMN source_of_sample.id; Type: COMMENT; Schema: clinlims; Owner: clinlims
--

COMMENT ON COLUMN source_of_sample.id IS 'A unique auto generated integer number assigned by the database.';


--
-- Name: COLUMN source_of_sample.description; Type: COMMENT; Schema: clinlims; Owner: clinlims
--

COMMENT ON COLUMN source_of_sample.description IS 'Description such as left ear, right hand, kitchen sink.';


--
-- Name: COLUMN source_of_sample.domain; Type: COMMENT; Schema: clinlims; Owner: clinlims
--

COMMENT ON COLUMN source_of_sample.domain IS 'Type of sample this can be applied to: Environ, Animal, Clinical';


--
-- Name: source_of_sample_seq; Type: SEQUENCE; Schema: clinlims; Owner: clinlims
--

CREATE SEQUENCE source_of_sample_seq
    START WITH 1
    INCREMENT BY 1
    NO MINVALUE
    NO MAXVALUE
    CACHE 1;


ALTER TABLE clinlims.source_of_sample_seq OWNER TO clinlims;

--
-- Name: state_code; Type: TABLE; Schema: clinlims; Owner: clinlims; Tablespace: 
--

CREATE TABLE state_code (
    id numeric(10,0) NOT NULL,
    code character varying(240),
    description character varying(240),
    lastupdated timestamp(6) without time zone
);


ALTER TABLE clinlims.state_code OWNER TO clinlims;

--
-- Name: COLUMN state_code.code; Type: COMMENT; Schema: clinlims; Owner: clinlims
--

COMMENT ON COLUMN state_code.code IS 'State abbreviation';


--
-- Name: COLUMN state_code.description; Type: COMMENT; Schema: clinlims; Owner: clinlims
--

COMMENT ON COLUMN state_code.description IS 'State Name';


--
-- Name: state_code_seq; Type: SEQUENCE; Schema: clinlims; Owner: clinlims
--

CREATE SEQUENCE state_code_seq
    START WITH 1
    INCREMENT BY 1
    NO MINVALUE
    NO MAXVALUE
    CACHE 1;


ALTER TABLE clinlims.state_code_seq OWNER TO clinlims;

--
-- Name: status_of_sample_seq; Type: SEQUENCE; Schema: clinlims; Owner: clinlims
--

CREATE SEQUENCE status_of_sample_seq
    START WITH 1
    INCREMENT BY 1
    NO MINVALUE
    NO MAXVALUE
    CACHE 1;


ALTER TABLE clinlims.status_of_sample_seq OWNER TO clinlims;

--
-- Name: storage_location; Type: TABLE; Schema: clinlims; Owner: clinlims; Tablespace: 
--

CREATE TABLE storage_location (
    id numeric(10,0) NOT NULL,
    sort_order numeric,
    name character varying(20),
    location character varying(80),
    is_available character varying(1),
    parent_storageloc_id numeric(10,0),
    storage_unit_id numeric(10,0)
);


ALTER TABLE clinlims.storage_location OWNER TO clinlims;

--
-- Name: COLUMN storage_location.sort_order; Type: COMMENT; Schema: clinlims; Owner: clinlims
--

COMMENT ON COLUMN storage_location.sort_order IS 'The sequence order of this item; sort order used for display';


--
-- Name: COLUMN storage_location.name; Type: COMMENT; Schema: clinlims; Owner: clinlims
--

COMMENT ON COLUMN storage_location.name IS 'Name of unit: Virology Fridge #1';


--
-- Name: COLUMN storage_location.location; Type: COMMENT; Schema: clinlims; Owner: clinlims
--

COMMENT ON COLUMN storage_location.location IS 'Location of storage';


--
-- Name: COLUMN storage_location.is_available; Type: COMMENT; Schema: clinlims; Owner: clinlims
--

COMMENT ON COLUMN storage_location.is_available IS 'Indicates if storage is available for use.';


--
-- Name: storage_unit; Type: TABLE; Schema: clinlims; Owner: clinlims; Tablespace: 
--

CREATE TABLE storage_unit (
    id numeric(10,0) NOT NULL,
    category character varying(15),
    description character varying(60),
    is_singular character varying(1)
);


ALTER TABLE clinlims.storage_unit OWNER TO clinlims;

--
-- Name: COLUMN storage_unit.category; Type: COMMENT; Schema: clinlims; Owner: clinlims
--

COMMENT ON COLUMN storage_unit.category IS 'type of storage unit: box, fridge, shelf, tube';


--
-- Name: COLUMN storage_unit.description; Type: COMMENT; Schema: clinlims; Owner: clinlims
--

COMMENT ON COLUMN storage_unit.description IS 'Description of unit: 10 mL tube, 5 shelf fridge.';


--
-- Name: COLUMN storage_unit.is_singular; Type: COMMENT; Schema: clinlims; Owner: clinlims
--

COMMENT ON COLUMN storage_unit.is_singular IS 'Y, N flag indicating if this unit can contain more than one item.';


--
-- Name: system_module; Type: TABLE; Schema: clinlims; Owner: clinlims; Tablespace: 
--

CREATE TABLE system_module (
    id numeric(10,0) NOT NULL,
    name character varying(40),
    description character varying(80),
    has_select_flag character varying(1),
    has_add_flag character varying(1),
    has_update_flag character varying(1),
    has_delete_flag character varying(1)
);


ALTER TABLE clinlims.system_module OWNER TO clinlims;

--
-- Name: COLUMN system_module.name; Type: COMMENT; Schema: clinlims; Owner: clinlims
--

COMMENT ON COLUMN system_module.name IS 'Name of security module';


--
-- Name: COLUMN system_module.description; Type: COMMENT; Schema: clinlims; Owner: clinlims
--

COMMENT ON COLUMN system_module.description IS 'Description for this security module';


--
-- Name: COLUMN system_module.has_select_flag; Type: COMMENT; Schema: clinlims; Owner: clinlims
--

COMMENT ON COLUMN system_module.has_select_flag IS 'Flag indicating if this module can be assigned to a user';


--
-- Name: COLUMN system_module.has_add_flag; Type: COMMENT; Schema: clinlims; Owner: clinlims
--

COMMENT ON COLUMN system_module.has_add_flag IS 'Flag indicating if this module has add capability';


--
-- Name: COLUMN system_module.has_update_flag; Type: COMMENT; Schema: clinlims; Owner: clinlims
--

COMMENT ON COLUMN system_module.has_update_flag IS 'Flag indicating if this module has update capability';


--
-- Name: COLUMN system_module.has_delete_flag; Type: COMMENT; Schema: clinlims; Owner: clinlims
--

COMMENT ON COLUMN system_module.has_delete_flag IS 'Flag indicating if this module has delete capability';


--
-- Name: system_module_seq; Type: SEQUENCE; Schema: clinlims; Owner: clinlims
--

CREATE SEQUENCE system_module_seq
    START WITH 0
    INCREMENT BY 1
    MINVALUE 0
    NO MAXVALUE
    CACHE 1;


ALTER TABLE clinlims.system_module_seq OWNER TO clinlims;

--
-- Name: system_role; Type: TABLE; Schema: clinlims; Owner: clinlims; Tablespace: 
--

CREATE TABLE system_role (
    id numeric(10,0) NOT NULL,
    name character varying(30) NOT NULL,
    description character varying(80),
    is_grouping_role boolean DEFAULT false,
    grouping_parent numeric(10,0),
    display_key character varying(60),
    active boolean DEFAULT true,
    editable boolean DEFAULT false
);


ALTER TABLE clinlims.system_role OWNER TO clinlims;

--
-- Name: TABLE system_role; Type: COMMENT; Schema: clinlims; Owner: clinlims
--

COMMENT ON TABLE system_role IS 'Describes the roles a user may have.  ';


--
-- Name: COLUMN system_role.name; Type: COMMENT; Schema: clinlims; Owner: clinlims
--

COMMENT ON COLUMN system_role.name IS 'The name of the role, this is how it will appear to the user';


--
-- Name: COLUMN system_role.description; Type: COMMENT; Schema: clinlims; Owner: clinlims
--

COMMENT ON COLUMN system_role.description IS 'Notes about the role';


--
-- Name: COLUMN system_role.is_grouping_role; Type: COMMENT; Schema: clinlims; Owner: clinlims
--

COMMENT ON COLUMN system_role.is_grouping_role IS 'Indicates that this role is only for grouping other roles.  It should not have modules assigned to it';


--
-- Name: COLUMN system_role.grouping_parent; Type: COMMENT; Schema: clinlims; Owner: clinlims
--

COMMENT ON COLUMN system_role.grouping_parent IS 'Should only refer to a grouping role';


--
-- Name: COLUMN system_role.display_key; Type: COMMENT; Schema: clinlims; Owner: clinlims
--

COMMENT ON COLUMN system_role.display_key IS 'key for localizing dropdown lists';


--
-- Name: COLUMN system_role.active; Type: COMMENT; Schema: clinlims; Owner: clinlims
--

COMMENT ON COLUMN system_role.active IS 'Is this role active for this installation';


--
-- Name: COLUMN system_role.editable; Type: COMMENT; Schema: clinlims; Owner: clinlims
--

COMMENT ON COLUMN system_role.editable IS 'Is this a role that can be de/activated by the user';


--
-- Name: system_role_module; Type: TABLE; Schema: clinlims; Owner: clinlims; Tablespace: 
--

CREATE TABLE system_role_module (
    id numeric(10,0) NOT NULL,
    has_select character varying(1),
    has_add character varying(1),
    has_update character varying(1),
    has_delete character varying(1),
    system_role_id numeric(10,0) NOT NULL,
    system_module_id numeric(10,0) NOT NULL
);


ALTER TABLE clinlims.system_role_module OWNER TO clinlims;

--
-- Name: system_role_seq; Type: SEQUENCE; Schema: clinlims; Owner: clinlims
--

CREATE SEQUENCE system_role_seq
    START WITH 1
    INCREMENT BY 1
    NO MINVALUE
    NO MAXVALUE
    CACHE 1;


ALTER TABLE clinlims.system_role_seq OWNER TO clinlims;

--
-- Name: system_user; Type: TABLE; Schema: clinlims; Owner: clinlims; Tablespace: 
--

CREATE TABLE system_user (
    id numeric(10,0) NOT NULL,
    external_id character varying(80),
    login_name character varying(20) NOT NULL,
    last_name character varying(30) NOT NULL,
    first_name character varying(20) NOT NULL,
    initials character varying(3),
    is_active character varying(1) NOT NULL,
    is_employee character varying(1) NOT NULL,
    lastupdated timestamp(6) without time zone
);


ALTER TABLE clinlims.system_user OWNER TO clinlims;

--
-- Name: COLUMN system_user.id; Type: COMMENT; Schema: clinlims; Owner: clinlims
--

COMMENT ON COLUMN system_user.id IS 'Sequential Identifier';


--
-- Name: COLUMN system_user.external_id; Type: COMMENT; Schema: clinlims; Owner: clinlims
--

COMMENT ON COLUMN system_user.external_id IS 'External ID such as employee number or external system ID.';


--
-- Name: COLUMN system_user.login_name; Type: COMMENT; Schema: clinlims; Owner: clinlims
--

COMMENT ON COLUMN system_user.login_name IS 'User''s system log in name.';


--
-- Name: COLUMN system_user.last_name; Type: COMMENT; Schema: clinlims; Owner: clinlims
--

COMMENT ON COLUMN system_user.last_name IS 'Last name of person';


--
-- Name: COLUMN system_user.first_name; Type: COMMENT; Schema: clinlims; Owner: clinlims
--

COMMENT ON COLUMN system_user.first_name IS 'Person Name';


--
-- Name: COLUMN system_user.initials; Type: COMMENT; Schema: clinlims; Owner: clinlims
--

COMMENT ON COLUMN system_user.initials IS 'Middle Initial';


--
-- Name: COLUMN system_user.is_active; Type: COMMENT; Schema: clinlims; Owner: clinlims
--

COMMENT ON COLUMN system_user.is_active IS 'Indicates the status of active or inactive for user';


--
-- Name: COLUMN system_user.is_employee; Type: COMMENT; Schema: clinlims; Owner: clinlims
--

COMMENT ON COLUMN system_user.is_employee IS 'Indicates if user is an MDH employee';


--
-- Name: system_user_module; Type: TABLE; Schema: clinlims; Owner: clinlims; Tablespace: 
--

CREATE TABLE system_user_module (
    id numeric(10,0) NOT NULL,
    has_select character varying(1),
    has_add character varying(1),
    has_update character varying(1),
    has_delete character varying(1),
    system_user_id numeric(10,0),
    system_module_id numeric(10,0)
);


ALTER TABLE clinlims.system_user_module OWNER TO clinlims;

--
-- Name: COLUMN system_user_module.has_select; Type: COMMENT; Schema: clinlims; Owner: clinlims
--

COMMENT ON COLUMN system_user_module.has_select IS 'Flag indicating if this user has permission to enter this module';


--
-- Name: COLUMN system_user_module.has_add; Type: COMMENT; Schema: clinlims; Owner: clinlims
--

COMMENT ON COLUMN system_user_module.has_add IS 'Flag indicating if this user has permission to add a record';


--
-- Name: COLUMN system_user_module.has_update; Type: COMMENT; Schema: clinlims; Owner: clinlims
--

COMMENT ON COLUMN system_user_module.has_update IS 'Flag indicating if this person has permission to update a record';


--
-- Name: COLUMN system_user_module.has_delete; Type: COMMENT; Schema: clinlims; Owner: clinlims
--

COMMENT ON COLUMN system_user_module.has_delete IS 'Flag indicating if this person has permission to remove a record';


--
-- Name: system_user_module_seq; Type: SEQUENCE; Schema: clinlims; Owner: clinlims
--

CREATE SEQUENCE system_user_module_seq
    START WITH 0
    INCREMENT BY 1
    MINVALUE 0
    NO MAXVALUE
    CACHE 1;


ALTER TABLE clinlims.system_user_module_seq OWNER TO clinlims;

--
-- Name: system_user_role; Type: TABLE; Schema: clinlims; Owner: clinlims; Tablespace: 
--

CREATE TABLE system_user_role (
    system_user_id numeric(10,0) NOT NULL,
    role_id numeric(10,0) NOT NULL
);


ALTER TABLE clinlims.system_user_role OWNER TO clinlims;

--
-- Name: system_user_section; Type: TABLE; Schema: clinlims; Owner: clinlims; Tablespace: 
--

CREATE TABLE system_user_section (
    id numeric NOT NULL,
    has_view character varying(1),
    has_assign character varying(1),
    has_complete character varying(1),
    has_release character varying(1),
    has_cancel character varying(1),
    system_user_id numeric(10,0),
    test_section_id numeric(10,0)
);


ALTER TABLE clinlims.system_user_section OWNER TO clinlims;

--
-- Name: COLUMN system_user_section.has_view; Type: COMMENT; Schema: clinlims; Owner: clinlims
--

COMMENT ON COLUMN system_user_section.has_view IS 'Flag indicating if user has permission to iew this sections''s records';


--
-- Name: COLUMN system_user_section.has_assign; Type: COMMENT; Schema: clinlims; Owner: clinlims
--

COMMENT ON COLUMN system_user_section.has_assign IS 'Flag indicating if user has permission to assign this section''s tests';


--
-- Name: COLUMN system_user_section.has_complete; Type: COMMENT; Schema: clinlims; Owner: clinlims
--

COMMENT ON COLUMN system_user_section.has_complete IS 'Flag indicating if user has permission to complete this section''s tests';


--
-- Name: COLUMN system_user_section.has_release; Type: COMMENT; Schema: clinlims; Owner: clinlims
--

COMMENT ON COLUMN system_user_section.has_release IS 'Flag indicating if user has permission to release this section''s tests';


--
-- Name: COLUMN system_user_section.has_cancel; Type: COMMENT; Schema: clinlims; Owner: clinlims
--

COMMENT ON COLUMN system_user_section.has_cancel IS 'Flag indicating if user has permission to cancel this section''s tests';


--
-- Name: system_user_section_seq; Type: SEQUENCE; Schema: clinlims; Owner: clinlims
--

CREATE SEQUENCE system_user_section_seq
    START WITH 1
    INCREMENT BY 1
    MINVALUE 0
    NO MAXVALUE
    CACHE 1;


ALTER TABLE clinlims.system_user_section_seq OWNER TO clinlims;

--
-- Name: system_user_seq; Type: SEQUENCE; Schema: clinlims; Owner: clinlims
--

CREATE SEQUENCE system_user_seq
    START WITH 1
    INCREMENT BY 1
    NO MINVALUE
    NO MAXVALUE
    CACHE 1;


ALTER TABLE clinlims.system_user_seq OWNER TO clinlims;

--
-- Name: test_analyte; Type: TABLE; Schema: clinlims; Owner: clinlims; Tablespace: 
--

CREATE TABLE test_analyte (
    id numeric(10,0) NOT NULL,
    test_id numeric(10,0),
    analyte_id numeric(10,0),
    result_group numeric,
    sort_order numeric,
    testalyt_type character varying(1),
    lastupdated timestamp(6) without time zone,
    is_reportable character varying(1)
);


ALTER TABLE clinlims.test_analyte OWNER TO clinlims;

--
-- Name: COLUMN test_analyte.test_id; Type: COMMENT; Schema: clinlims; Owner: clinlims
--

COMMENT ON COLUMN test_analyte.test_id IS 'Sequential value assigned on insert';


--
-- Name: COLUMN test_analyte.result_group; Type: COMMENT; Schema: clinlims; Owner: clinlims
--

COMMENT ON COLUMN test_analyte.result_group IS 'A program generated group number';


--
-- Name: COLUMN test_analyte.sort_order; Type: COMMENT; Schema: clinlims; Owner: clinlims
--

COMMENT ON COLUMN test_analyte.sort_order IS 'The order in which the analytes are displayed (sort order)';


--
-- Name: COLUMN test_analyte.testalyt_type; Type: COMMENT; Schema: clinlims; Owner: clinlims
--

COMMENT ON COLUMN test_analyte.testalyt_type IS 'Type of analyte: required...';


--
-- Name: test_analyte_seq; Type: SEQUENCE; Schema: clinlims; Owner: clinlims
--

CREATE SEQUENCE test_analyte_seq
    START WITH 1
    INCREMENT BY 1
    NO MINVALUE
    NO MAXVALUE
    CACHE 1;


ALTER TABLE clinlims.test_analyte_seq OWNER TO clinlims;

--
-- Name: test_code; Type: TABLE; Schema: clinlims; Owner: clinlims; Tablespace: 
--

CREATE TABLE test_code (
    test_id numeric(10,0) NOT NULL,
    code_type_id numeric(10,0) NOT NULL,
    value character varying(20) NOT NULL,
    lastupdated timestamp with time zone
);


ALTER TABLE clinlims.test_code OWNER TO clinlims;

--
-- Name: TABLE test_code; Type: COMMENT; Schema: clinlims; Owner: clinlims
--

COMMENT ON TABLE test_code IS 'For a given test and schema it gives the encoding';


--
-- Name: COLUMN test_code.test_id; Type: COMMENT; Schema: clinlims; Owner: clinlims
--

COMMENT ON COLUMN test_code.test_id IS 'The test for which the coding supports. FK to test table.';


--
-- Name: COLUMN test_code.code_type_id; Type: COMMENT; Schema: clinlims; Owner: clinlims
--

COMMENT ON COLUMN test_code.code_type_id IS 'The coding type id of the code';


--
-- Name: COLUMN test_code.value; Type: COMMENT; Schema: clinlims; Owner: clinlims
--

COMMENT ON COLUMN test_code.value IS 'The actual code';


--
-- Name: test_code_type; Type: TABLE; Schema: clinlims; Owner: clinlims; Tablespace: 
--

CREATE TABLE test_code_type (
    id numeric(10,0) NOT NULL,
    schema_name character varying(32) NOT NULL,
    lastupdated timestamp with time zone
);


ALTER TABLE clinlims.test_code_type OWNER TO clinlims;

--
-- Name: TABLE test_code_type; Type: COMMENT; Schema: clinlims; Owner: clinlims
--

COMMENT ON TABLE test_code_type IS 'The names of the encoding schems supported (SNOMWD, LOINC etc)';


--
-- Name: test_dictionary; Type: TABLE; Schema: clinlims; Owner: clinlims; Tablespace: 
--

CREATE TABLE test_dictionary (
    id numeric(10,0) NOT NULL,
    test_id numeric(10,0) NOT NULL,
    dictionary_category_id numeric(10,0) NOT NULL,
    context character varying(20) NOT NULL,
    qualifiable_entry_id numeric(10,0),
    lastupdated timestamp with time zone DEFAULT now()
);


ALTER TABLE clinlims.test_dictionary OWNER TO clinlims;

--
-- Name: TABLE test_dictionary; Type: COMMENT; Schema: clinlims; Owner: clinlims
--

COMMENT ON TABLE test_dictionary IS 'Links between tests and dictionary categories.  Intended use is for when a user might have to select dictioanry values for some asspect of a test';


--
-- Name: COLUMN test_dictionary.test_id; Type: COMMENT; Schema: clinlims; Owner: clinlims
--

COMMENT ON COLUMN test_dictionary.test_id IS 'The test part of the linkage';


--
-- Name: COLUMN test_dictionary.dictionary_category_id; Type: COMMENT; Schema: clinlims; Owner: clinlims
--

COMMENT ON COLUMN test_dictionary.dictionary_category_id IS 'The dictionary category part of the linkage';


--
-- Name: COLUMN test_dictionary.context; Type: COMMENT; Schema: clinlims; Owner: clinlims
--

COMMENT ON COLUMN test_dictionary.context IS 'The context of the linkage.  Make it literate';


--
-- Name: COLUMN test_dictionary.qualifiable_entry_id; Type: COMMENT; Schema: clinlims; Owner: clinlims
--

COMMENT ON COLUMN test_dictionary.qualifiable_entry_id IS 'This value has to be further qualified.  It''s intended value is ''other''';


--
-- Name: test_dictionary_seq; Type: SEQUENCE; Schema: clinlims; Owner: clinlims
--

CREATE SEQUENCE test_dictionary_seq
    START WITH 1
    INCREMENT BY 1
    NO MINVALUE
    NO MAXVALUE
    CACHE 1;


ALTER TABLE clinlims.test_dictionary_seq OWNER TO clinlims;

--
-- Name: test_formats; Type: TABLE; Schema: clinlims; Owner: clinlims; Tablespace: 
--

CREATE TABLE test_formats (
    id numeric(10,0) NOT NULL,
    lastupdated timestamp(6) without time zone
);


ALTER TABLE clinlims.test_formats OWNER TO clinlims;

--
-- Name: test_reflex; Type: TABLE; Schema: clinlims; Owner: clinlims; Tablespace: 
--

CREATE TABLE test_reflex (
    id numeric(10,0) NOT NULL,
    tst_rslt_id numeric,
    flags character varying(10),
    lastupdated timestamp(6) without time zone,
    test_analyte_id numeric(10,0),
    test_id numeric(10,0),
    add_test_id numeric(10,0),
    sibling_reflex numeric(10,0),
    scriptlet_id numeric(10,0)
);


ALTER TABLE clinlims.test_reflex OWNER TO clinlims;

--
-- Name: COLUMN test_reflex.flags; Type: COMMENT; Schema: clinlims; Owner: clinlims
--

COMMENT ON COLUMN test_reflex.flags IS 'A string of 1 character codes: duplicate, auto-add';


--
-- Name: COLUMN test_reflex.sibling_reflex; Type: COMMENT; Schema: clinlims; Owner: clinlims
--

COMMENT ON COLUMN test_reflex.sibling_reflex IS 'Reference to tests and results for reflexes with more than one condition.  All add_test_ids should be the same';


--
-- Name: COLUMN test_reflex.scriptlet_id; Type: COMMENT; Schema: clinlims; Owner: clinlims
--

COMMENT ON COLUMN test_reflex.scriptlet_id IS 'If a non-test action should be taken then reference the scriptlet which says what to do';


--
-- Name: test_reflex_seq; Type: SEQUENCE; Schema: clinlims; Owner: clinlims
--

CREATE SEQUENCE test_reflex_seq
    START WITH 1
    INCREMENT BY 1
    NO MINVALUE
    NO MAXVALUE
    CACHE 1;


ALTER TABLE clinlims.test_reflex_seq OWNER TO clinlims;

--
-- Name: test_result; Type: TABLE; Schema: clinlims; Owner: clinlims; Tablespace: 
--

CREATE TABLE test_result (
    id numeric NOT NULL,
    test_id numeric(10,0) NOT NULL,
    result_group numeric,
    flags character varying(10),
    tst_rslt_type character varying(1),
    value character varying(80),
    significant_digits numeric DEFAULT 0,
    quant_limit character varying(30),
    cont_level character varying(30),
    lastupdated timestamp(6) without time zone,
    scriptlet_id numeric(10,0),
    sort_order numeric(22,0),
    is_quantifiable boolean DEFAULT false
);


ALTER TABLE clinlims.test_result OWNER TO clinlims;

--
-- Name: COLUMN test_result.test_id; Type: COMMENT; Schema: clinlims; Owner: clinlims
--

COMMENT ON COLUMN test_result.test_id IS 'Sequential value assigned on insert';


--
-- Name: COLUMN test_result.result_group; Type: COMMENT; Schema: clinlims; Owner: clinlims
--

COMMENT ON COLUMN test_result.result_group IS 'the test_analyte result_group number';


--
-- Name: COLUMN test_result.flags; Type: COMMENT; Schema: clinlims; Owner: clinlims
--

COMMENT ON COLUMN test_result.flags IS 'a string of 1 character codes: Positive, Reportable...';


--
-- Name: COLUMN test_result.tst_rslt_type; Type: COMMENT; Schema: clinlims; Owner: clinlims
--

COMMENT ON COLUMN test_result.tst_rslt_type IS 'Type of parameter: Dictionary, Titer Range, Number Range, Date';


--
-- Name: COLUMN test_result.value; Type: COMMENT; Schema: clinlims; Owner: clinlims
--

COMMENT ON COLUMN test_result.value IS 'Possible result value based on type';


--
-- Name: COLUMN test_result.significant_digits; Type: COMMENT; Schema: clinlims; Owner: clinlims
--

COMMENT ON COLUMN test_result.significant_digits IS 'Number of decimal digits';


--
-- Name: COLUMN test_result.quant_limit; Type: COMMENT; Schema: clinlims; Owner: clinlims
--

COMMENT ON COLUMN test_result.quant_limit IS 'Quantitation Limit (if any)';


--
-- Name: COLUMN test_result.cont_level; Type: COMMENT; Schema: clinlims; Owner: clinlims
--

COMMENT ON COLUMN test_result.cont_level IS 'Contamination Level (if any)';


--
-- Name: COLUMN test_result.is_quantifiable; Type: COMMENT; Schema: clinlims; Owner: clinlims
--

COMMENT ON COLUMN test_result.is_quantifiable IS 'True if the user should be able to quantify the result.  Is only meaningful for D and M types';


--
-- Name: test_result_seq; Type: SEQUENCE; Schema: clinlims; Owner: clinlims
--

CREATE SEQUENCE test_result_seq
    START WITH 1
    INCREMENT BY 1
    NO MINVALUE
    NO MAXVALUE
    CACHE 1;


ALTER TABLE clinlims.test_result_seq OWNER TO clinlims;

--
-- Name: test_section_seq; Type: SEQUENCE; Schema: clinlims; Owner: clinlims
--

CREATE SEQUENCE test_section_seq
    START WITH 1
    INCREMENT BY 1
    NO MINVALUE
    NO MAXVALUE
    CACHE 20;


ALTER TABLE clinlims.test_section_seq OWNER TO clinlims;

--
-- Name: test_seq; Type: SEQUENCE; Schema: clinlims; Owner: clinlims
--

CREATE SEQUENCE test_seq
    START WITH 1
    INCREMENT BY 1
    NO MINVALUE
    NO MAXVALUE
    CACHE 1;


ALTER TABLE clinlims.test_seq OWNER TO clinlims;

--
-- Name: test_trailer; Type: TABLE; Schema: clinlims; Owner: clinlims; Tablespace: 
--

CREATE TABLE test_trailer (
    id numeric(10,0) NOT NULL,
    name character varying(20),
    description character varying(60),
    text character varying(4000),
    lastupdated timestamp(6) without time zone
);


ALTER TABLE clinlims.test_trailer OWNER TO clinlims;

--
-- Name: test_trailer_seq; Type: SEQUENCE; Schema: clinlims; Owner: clinlims
--

CREATE SEQUENCE test_trailer_seq
    START WITH 2
    INCREMENT BY 1
    NO MINVALUE
    NO MAXVALUE
    CACHE 1;


ALTER TABLE clinlims.test_trailer_seq OWNER TO clinlims;

--
-- Name: test_worksheet_item; Type: TABLE; Schema: clinlims; Owner: clinlims; Tablespace: 
--

CREATE TABLE test_worksheet_item (
    id numeric(10,0) NOT NULL,
    tw_id numeric(10,0) NOT NULL,
    qc_id numeric,
    "position" numeric,
    cell_type character varying(2)
);


ALTER TABLE clinlims.test_worksheet_item OWNER TO clinlims;

--
-- Name: COLUMN test_worksheet_item."position"; Type: COMMENT; Schema: clinlims; Owner: clinlims
--

COMMENT ON COLUMN test_worksheet_item."position" IS 'Well location or position within the batch';


--
-- Name: COLUMN test_worksheet_item.cell_type; Type: COMMENT; Schema: clinlims; Owner: clinlims
--

COMMENT ON COLUMN test_worksheet_item.cell_type IS 'Cell/position type: First, random, duplicate last, last run';


--
-- Name: test_worksheets; Type: TABLE; Schema: clinlims; Owner: clinlims; Tablespace: 
--

CREATE TABLE test_worksheets (
    id numeric(10,0) NOT NULL,
    test_id numeric(10,0),
    batch_capacity numeric,
    total_capacity numeric,
    number_format character varying(1)
);


ALTER TABLE clinlims.test_worksheets OWNER TO clinlims;

--
-- Name: COLUMN test_worksheets.test_id; Type: COMMENT; Schema: clinlims; Owner: clinlims
--

COMMENT ON COLUMN test_worksheets.test_id IS 'Sequential value assigned on insert';


--
-- Name: COLUMN test_worksheets.batch_capacity; Type: COMMENT; Schema: clinlims; Owner: clinlims
--

COMMENT ON COLUMN test_worksheets.batch_capacity IS 'number of samples (including QC) per batch/plate';


--
-- Name: COLUMN test_worksheets.total_capacity; Type: COMMENT; Schema: clinlims; Owner: clinlims
--

COMMENT ON COLUMN test_worksheets.total_capacity IS 'Number of samples (including QC) per worksheet';


--
-- Name: COLUMN test_worksheets.number_format; Type: COMMENT; Schema: clinlims; Owner: clinlims
--

COMMENT ON COLUMN test_worksheets.number_format IS 'Specifies the numbering scheme for worksheet cell';


--
-- Name: tobereomved_seq; Type: SEQUENCE; Schema: clinlims; Owner: clinlims
--

CREATE SEQUENCE tobereomved_seq
    START WITH 1
    INCREMENT BY 1
    NO MINVALUE
    NO MAXVALUE
    CACHE 1;


ALTER TABLE clinlims.tobereomved_seq OWNER TO clinlims;

--
-- Name: type_of_provider; Type: TABLE; Schema: clinlims; Owner: clinlims; Tablespace: 
--

CREATE TABLE type_of_provider (
    id numeric(10,0) NOT NULL,
    description character varying(240),
    tp_code character varying(1)
);


ALTER TABLE clinlims.type_of_provider OWNER TO clinlims;

--
-- Name: COLUMN type_of_provider.id; Type: COMMENT; Schema: clinlims; Owner: clinlims
--

COMMENT ON COLUMN type_of_provider.id IS 'A unique auto generated integer number assigned by the database.';


--
-- Name: COLUMN type_of_provider.description; Type: COMMENT; Schema: clinlims; Owner: clinlims
--

COMMENT ON COLUMN type_of_provider.description IS 'Description such as doctor, nurse, clinician, veteranarian.';


--
-- Name: type_of_sample; Type: TABLE; Schema: clinlims; Owner: clinlims; Tablespace: 
--

CREATE TABLE type_of_sample (
    id numeric(10,0) NOT NULL,
    description character varying(40) NOT NULL,
    domain character varying(1),
    lastupdated timestamp(6) without time zone,
    local_abbrev character varying(10),
    display_key character varying(60),
    is_active boolean DEFAULT true,
    sort_order numeric DEFAULT 2147483647
);


ALTER TABLE clinlims.type_of_sample OWNER TO clinlims;

--
-- Name: COLUMN type_of_sample.id; Type: COMMENT; Schema: clinlims; Owner: clinlims
--

COMMENT ON COLUMN type_of_sample.id IS 'A unique auto generated integer number assigned by the database';


--
-- Name: COLUMN type_of_sample.description; Type: COMMENT; Schema: clinlims; Owner: clinlims
--

COMMENT ON COLUMN type_of_sample.description IS 'Description such as water, tissue, sludge, etc.';


--
-- Name: COLUMN type_of_sample.domain; Type: COMMENT; Schema: clinlims; Owner: clinlims
--

COMMENT ON COLUMN type_of_sample.domain IS 'Type of sample this can be applied to : Environ, Animal, Clinical';


--
-- Name: COLUMN type_of_sample.display_key; Type: COMMENT; Schema: clinlims; Owner: clinlims
--

COMMENT ON COLUMN type_of_sample.display_key IS 'Resource file lookup key for localization of displaying the name';


--
-- Name: type_of_sample_seq; Type: SEQUENCE; Schema: clinlims; Owner: clinlims
--

CREATE SEQUENCE type_of_sample_seq
    START WITH 1
    INCREMENT BY 1
    NO MINVALUE
    NO MAXVALUE
    CACHE 1;


ALTER TABLE clinlims.type_of_sample_seq OWNER TO clinlims;

--
-- Name: type_of_test_result; Type: TABLE; Schema: clinlims; Owner: clinlims; Tablespace: 
--

CREATE TABLE type_of_test_result (
    id numeric(10,0) NOT NULL,
    test_result_type character varying(1),
    description character varying(60),
    lastupdated timestamp(6) without time zone,
    hl7_value character varying(20)
);


ALTER TABLE clinlims.type_of_test_result OWNER TO clinlims;

--
-- Name: COLUMN type_of_test_result.id; Type: COMMENT; Schema: clinlims; Owner: clinlims
--

COMMENT ON COLUMN type_of_test_result.id IS 'A unique auto generated integer number assigned by database';


--
-- Name: COLUMN type_of_test_result.test_result_type; Type: COMMENT; Schema: clinlims; Owner: clinlims
--

COMMENT ON COLUMN type_of_test_result.test_result_type IS 'Test Result Type (T, N, D)';


--
-- Name: COLUMN type_of_test_result.description; Type: COMMENT; Schema: clinlims; Owner: clinlims
--

COMMENT ON COLUMN type_of_test_result.description IS 'Human readable description';


--
-- Name: type_of_test_result_seq; Type: SEQUENCE; Schema: clinlims; Owner: clinlims
--

CREATE SEQUENCE type_of_test_result_seq
    START WITH 1
    INCREMENT BY 1
    NO MINVALUE
    NO MAXVALUE
    CACHE 1;


ALTER TABLE clinlims.type_of_test_result_seq OWNER TO clinlims;

--
-- Name: unit_of_measure; Type: TABLE; Schema: clinlims; Owner: clinlims; Tablespace: 
--

CREATE TABLE unit_of_measure (
    id numeric(10,0) NOT NULL,
    name character varying(26),
    description character varying(60),
    lastupdated timestamp(6) without time zone
);


ALTER TABLE clinlims.unit_of_measure OWNER TO clinlims;

--
-- Name: COLUMN unit_of_measure.name; Type: COMMENT; Schema: clinlims; Owner: clinlims
--

COMMENT ON COLUMN unit_of_measure.name IS 'Name of Unit';


--
-- Name: COLUMN unit_of_measure.description; Type: COMMENT; Schema: clinlims; Owner: clinlims
--

COMMENT ON COLUMN unit_of_measure.description IS 'Description of Unit';


--
-- Name: unit_of_measure_seq; Type: SEQUENCE; Schema: clinlims; Owner: clinlims
--

CREATE SEQUENCE unit_of_measure_seq
    START WITH 1
    INCREMENT BY 1
    NO MINVALUE
    NO MAXVALUE
    CACHE 1;


ALTER TABLE clinlims.unit_of_measure_seq OWNER TO clinlims;

--
-- Name: user_alert_map; Type: TABLE; Schema: clinlims; Owner: clinlims; Tablespace: 
--

CREATE TABLE user_alert_map (
    user_id integer NOT NULL,
    alert_id integer,
    report_id integer,
    alert_limit integer,
    alert_operator character varying(255),
    map_id integer NOT NULL
);


ALTER TABLE clinlims.user_alert_map OWNER TO clinlims;

--
-- Name: user_group_map; Type: TABLE; Schema: clinlims; Owner: clinlims; Tablespace: 
--

CREATE TABLE user_group_map (
    user_id integer NOT NULL,
    group_id integer NOT NULL,
    map_id integer NOT NULL
);


ALTER TABLE clinlims.user_group_map OWNER TO clinlims;

--
-- Name: user_security; Type: TABLE; Schema: clinlims; Owner: clinlims; Tablespace: 
--

CREATE TABLE user_security (
    user_id integer NOT NULL,
    role_name character varying(255)
);


ALTER TABLE clinlims.user_security OWNER TO clinlims;

--
-- Name: worksheet_analysis; Type: TABLE; Schema: clinlims; Owner: clinlims; Tablespace: 
--

CREATE TABLE worksheet_analysis (
    id numeric(10,0) NOT NULL,
    reference_type character(1),
    reference_id numeric,
    worksheet_item_id numeric(10,0)
);


ALTER TABLE clinlims.worksheet_analysis OWNER TO clinlims;

--
-- Name: COLUMN worksheet_analysis.reference_type; Type: COMMENT; Schema: clinlims; Owner: clinlims
--

COMMENT ON COLUMN worksheet_analysis.reference_type IS 'Flag indicating if reference points to analysis or QC';


--
-- Name: COLUMN worksheet_analysis.reference_id; Type: COMMENT; Schema: clinlims; Owner: clinlims
--

COMMENT ON COLUMN worksheet_analysis.reference_id IS 'ID of analysis or QC';


--
-- Name: worksheet_analyte; Type: TABLE; Schema: clinlims; Owner: clinlims; Tablespace: 
--

CREATE TABLE worksheet_analyte (
    id numeric NOT NULL,
    wrkst_anls_id numeric(10,0),
    sort_order numeric,
    result_id numeric(10,0)
);


ALTER TABLE clinlims.worksheet_analyte OWNER TO clinlims;

--
-- Name: COLUMN worksheet_analyte.sort_order; Type: COMMENT; Schema: clinlims; Owner: clinlims
--

COMMENT ON COLUMN worksheet_analyte.sort_order IS 'The order worksheet analytes are displayed (sort order)';


--
-- Name: worksheet_heading; Type: TABLE; Schema: clinlims; Owner: clinlims; Tablespace: 
--

CREATE TABLE worksheet_heading (
    id numeric(10,0),
    worksheet_name character varying(20),
    rownumber numeric(10,0),
    column1 character varying(50),
    column2 character varying(50),
    column3 character varying(50),
    column4 character varying(50),
    column5 character varying(50),
    column6 character varying(50),
    column7 character varying(50),
    column8 character varying(50),
    column9 character varying(50),
    column10 character varying(50),
    type character varying(20)
);


ALTER TABLE clinlims.worksheet_heading OWNER TO clinlims;

--
-- Name: worksheet_item; Type: TABLE; Schema: clinlims; Owner: clinlims; Tablespace: 
--

CREATE TABLE worksheet_item (
    id numeric(10,0) NOT NULL,
    "position" numeric,
    worksheet_id numeric(10,0)
);


ALTER TABLE clinlims.worksheet_item OWNER TO clinlims;

--
-- Name: worksheet_qc; Type: TABLE; Schema: clinlims; Owner: clinlims; Tablespace: 
--

CREATE TABLE worksheet_qc (
    id numeric NOT NULL,
    sort_order numeric,
    wq_type character varying(1),
    value character varying(80),
    worksheet_analysis_id numeric(10,0),
    qc_analyte_id numeric(10,0)
);


ALTER TABLE clinlims.worksheet_qc OWNER TO clinlims;

--
-- Name: COLUMN worksheet_qc.sort_order; Type: COMMENT; Schema: clinlims; Owner: clinlims
--

COMMENT ON COLUMN worksheet_qc.sort_order IS 'The order worksheet analystes are displayed (sort order)';


--
-- Name: COLUMN worksheet_qc.wq_type; Type: COMMENT; Schema: clinlims; Owner: clinlims
--

COMMENT ON COLUMN worksheet_qc.wq_type IS 'Type of result: dictionary, titer, number...';


--
-- Name: COLUMN worksheet_qc.value; Type: COMMENT; Schema: clinlims; Owner: clinlims
--

COMMENT ON COLUMN worksheet_qc.value IS 'Result value';


--
-- Name: worksheets; Type: TABLE; Schema: clinlims; Owner: clinlims; Tablespace: 
--

CREATE TABLE worksheets (
    id numeric(10,0) NOT NULL,
    sys_user_id numeric(10,0) NOT NULL,
    test_id numeric(10,0),
    created timestamp without time zone,
    status character varying(1),
    number_format character varying(1)
);


ALTER TABLE clinlims.worksheets OWNER TO clinlims;

--
-- Name: COLUMN worksheets.sys_user_id; Type: COMMENT; Schema: clinlims; Owner: clinlims
--

COMMENT ON COLUMN worksheets.sys_user_id IS 'Sequential Identifier';


--
-- Name: COLUMN worksheets.test_id; Type: COMMENT; Schema: clinlims; Owner: clinlims
--

COMMENT ON COLUMN worksheets.test_id IS 'Sequential value assigned on insert';


--
-- Name: zip_code_seq; Type: SEQUENCE; Schema: clinlims; Owner: clinlims
--

CREATE SEQUENCE zip_code_seq
    START WITH 1
    INCREMENT BY 1
    NO MINVALUE
    NO MAXVALUE
    CACHE 1;


ALTER TABLE clinlims.zip_code_seq OWNER TO clinlims;

--
-- Data for Name: action; Type: TABLE DATA; Schema: clinlims; Owner: clinlims
--

COPY action (id, code, description, type, lastupdated) FROM stdin;
1	FSR	Fee sticker received	resolving	2007-08-21 16:48:38.434
2	CDC	Collection date corrected	resolving	2007-08-21 15:58:29.117
3	RQSOC	Request source corrected	resolving	2007-08-21 14:11:01.737
4	SNAC	Submitter name corrected	resolving	2007-08-21 14:21:11.696
26	DLRQR	Delayed request form received	internal	2008-01-11 04:17:09.054
25	CMRE	Communication reviewed	internal	2008-05-01 21:38:41.775
27	DURPS	Duplicate report to submitter	message	2008-01-11 04:22:59.507
28	SPDC	Specimen discarded	internal	2008-01-11 04:20:13.235
29	SCL	Submitter was called	message	2008-01-11 04:22:33.637
30	SPSOC	Specimen source corrected	internal	2008-01-11 04:24:33.863
31	DLRQRQ	Delayed request form requested	message	2008-01-11 04:46:58.057
32	RPDF	Report placed in dead file	internal	2008-01-11 04:47:25.498
33	RQIDC	Request form ID corrected	internal	2008-01-11 04:47:57.136
34	SPCA	Specimen canceled	internal	2008-01-11 04:48:25.614
35	SPIDC	Specimen ID corrected	internal	2008-01-11 04:48:47.451
36	SPUNS	Specimen declared unsatisfactory	internal	2008-01-11 04:49:13.262
\.


--
-- Name: action_seq; Type: SEQUENCE SET; Schema: clinlims; Owner: clinlims
--

SELECT pg_catalog.setval('action_seq', 45, false);


--
-- Data for Name: address_part; Type: TABLE DATA; Schema: clinlims; Owner: clinlims
--

COPY address_part (id, part_name, display_order, display_key) FROM stdin;
1	fax	\N	address.fax
2	phone	\N	address.phone
3	street	\N	address.street
\.


--
-- Name: address_part_seq; Type: SEQUENCE SET; Schema: clinlims; Owner: clinlims
--

SELECT pg_catalog.setval('address_part_seq', 3, true);


--
-- Data for Name: analysis; Type: TABLE DATA; Schema: clinlims; Owner: clinlims
--

COPY analysis (id, sampitem_id, test_sect_id, test_id, revision, status, started_date, completed_date, released_date, printed_date, is_reportable, so_send_ready_date, so_client_reference, so_notify_received_date, so_notify_send_date, so_send_date, so_send_entry_by, so_send_entry_date, analysis_type, lastupdated, parent_analysis_id, parent_result_id, reflex_trigger, status_id, entry_date, panel_id, referred_out, type_of_sample_name, corrected) FROM stdin;
\.


--
-- Data for Name: analysis_qaevent; Type: TABLE DATA; Schema: clinlims; Owner: clinlims
--

COPY analysis_qaevent (id, qa_event_id, analysis_id, lastupdated, completed_date) FROM stdin;
\.


--
-- Data for Name: analysis_qaevent_action; Type: TABLE DATA; Schema: clinlims; Owner: clinlims
--

COPY analysis_qaevent_action (id, analysis_qaevent_id, action_id, created_date, lastupdated, sys_user_id) FROM stdin;
\.


--
-- Name: analysis_qaevent_action_seq; Type: SEQUENCE SET; Schema: clinlims; Owner: clinlims
--

SELECT pg_catalog.setval('analysis_qaevent_action_seq', 221, false);


--
-- Name: analysis_qaevent_seq; Type: SEQUENCE SET; Schema: clinlims; Owner: clinlims
--

SELECT pg_catalog.setval('analysis_qaevent_seq', 326, false);


--
-- Name: analysis_seq; Type: SEQUENCE SET; Schema: clinlims; Owner: clinlims
--

SELECT pg_catalog.setval('analysis_seq', 1, false);


--
-- Data for Name: analysis_storages; Type: TABLE DATA; Schema: clinlims; Owner: clinlims
--

COPY analysis_storages (id, storage_id, checkin, checkout, analysis_id) FROM stdin;
\.


--
-- Data for Name: analysis_users; Type: TABLE DATA; Schema: clinlims; Owner: clinlims
--

COPY analysis_users (id, action, analysis_id, system_user_id) FROM stdin;
\.


--
-- Data for Name: analyte; Type: TABLE DATA; Schema: clinlims; Owner: clinlims
--

COPY analyte (id, analyte_id, name, is_active, external_id, lastupdated, local_abbrev) FROM stdin;
44	\N	HIV-2 Result	Y	\N	2007-05-15 13:29:44.989	\N
62	\N	MEP Agar	Y	\N	2007-10-09 08:38:25.01	\N
63	\N	MYP Agar	Y	\N	2007-10-09 08:38:31.459	\N
64	\N	PLET Agar	Y	\N	2007-10-09 08:38:41.299	\N
65	\N	SBA Agar	Y	\N	2007-10-09 08:38:49.58	\N
67	\N	Extraction Kit	Y	\N	2007-12-10 09:04:09.124	\N
68	\N	Amplification Kit	Y	\N	2007-12-10 09:04:16.37	\N
69	\N	Light Cycler	Y	\N	2007-12-10 09:04:24.964	\N
70	\N	ABI 7000	Y	\N	2007-12-10 09:04:36.709	\N
71	\N	i Cycler	Y	\N	2007-12-10 09:04:56.821	\N
72	\N	ABI 7500	Y	\N	2007-12-10 09:05:04.01	\N
73	\N	DFA Capsule Antigen Detection	Y	\N	2007-12-10 09:05:41.24	\N
74	\N	DFA Cell Wall Detection	Y	\N	2007-12-10 09:06:56.313	\N
78	\N	Dilution 1:10	N	\N	2007-12-27 03:05:58.517	\N
89	\N	TRF Spore Detection Interpretation	Y	\N	2007-12-27 05:34:16.557	\N
90	\N	TRF Cell Detection Data Value	Y	\N	2007-12-27 05:34:57.18	\N
91	\N	TRF Cell Detection Result	Y	\N	2007-12-27 05:35:11.751	\N
92	\N	TRF Cell Detection Interpretation	Y	\N	2007-12-27 05:35:25.667	\N
1	\N	Influenza Virus B RNA	Y	\N	2007-02-02 14:09:33.524	\N
45	\N	Final HIV Interpretation 	Y	\N	2007-05-15 13:30:15.23	\N
47	\N	Penicillin	Y	\N	2007-05-18 09:41:04.107	\N
48	\N	Ceftriaxone	Y	\N	2007-05-18 09:41:14.295	\N
49	\N	Ciprofloxacin 	Y	\N	2007-05-18 09:43:17.764	\N
50	\N	Spectinomycin	Y	\N	2007-05-18 09:43:30.214	\N
43	\N	HIV-1 Result	Y	\N	2007-05-15 13:29:33.206	\N
51	\N	Tetracycline	Y	\N	2007-05-18 09:43:37.86	\N
52	\N	Cefixime	Y	\N	2007-05-18 09:43:52.144	\N
53	\N	Azithromycin	Y	\N	2007-05-18 09:44:01.789	\N
15	\N	Isoniazid 0.4 mcg.ml	Y	\N	2007-02-13 14:30:20.194	\N
16	\N	Streptomycin 2.0 mcg/ml	Y	\N	2007-02-13 14:30:43.17	\N
17	\N	Ethambutol 2.5 mcg/ml	Y	\N	2007-02-13 14:30:58.832	\N
18	\N	Pyrazinamide 100 mcg/ml	Y	\N	2007-02-13 14:32:46.073	\N
19	\N	DFA Capsule Antigen Detection from Isolate	Y	\N	2007-12-11 03:56:08.454	\N
8	\N	Respiratory Syncytial Virus A RNA	Y	\N	2007-02-02 14:13:44.532	\N
9	\N	Respiratory Syncytial Virus B RNA	Y	\N	2007-02-02 14:13:56.705	\N
20	\N	DFA Cell Wall Detection from Isolate	Y	\N	2007-12-11 03:56:47.987	\N
38	\N	Comment 8	Y	\N	2007-04-02 09:05:17.216	\N
41	\N	Titer	Y	\N	2007-05-03 15:59:07.522	\N
22	\N	Preliminary Result	Y	\N	2007-03-28 14:00:45.933	\N
23	\N	Result 4	Y	\N	2007-03-28 14:00:51.064	\N
24	\N	Result 5	Y	\N	2007-03-28 14:01:00.965	\N
25	\N	Result 6	Y	\N	2007-03-28 14:01:05.352	\N
26	\N	Result 7	Y	\N	2007-03-28 14:01:16.014	\N
27	\N	Result 8	Y	\N	2007-03-28 14:01:20.594	\N
28	\N	Result 9	Y	\N	2007-03-28 14:01:31.066	\N
29	\N	Preliminary Result Modifier	Y	\N	2007-03-28 16:22:57.579	\N
30	\N	Final Result Modifier	Y	\N	2007-03-28 16:22:21.34	\N
208	\N	Influenza Virus A/H3 RNA	Y	\N	2006-09-07 08:32:05	\N
209	\N	Influenza Virus A/H5 RNA	Y	\N	2006-09-07 08:32:21	\N
210	\N	Influenza Virus A/H7 RNA	Y	\N	2006-10-13 10:34:13.207	\N
211	\N	Influenza Virus A/H9 RNA	Y	\N	2008-01-23 08:02:52.021	\N
212	\N	Final Result	Y	\N	2006-09-07 08:34:31	\N
213	\N	Presumptive Result	Y	\N	2006-09-07 08:34:40	\N
214	\N	Result 1	Y	\N	2006-11-07 08:11:16	\N
215	\N	Result 2	Y	\N	2006-10-20 13:28:24	\N
216	\N	Result 3	Y	\N	2006-10-20 13:28:30	\N
217	\N	Interpretation	Y	\N	2006-09-07 08:35:29	\N
21	\N	Comment	Y	\N	2007-02-27 11:09:27.335	\N
54	\N	Gentamycin Interpretation	Y	\N	2007-06-20 10:01:45.134	\N
220	\N	BAND GP160	Y	\N	2006-10-18 09:19:37.724	\N
221	\N	BAND GP120	Y	\N	2006-10-18 09:19:38.505	\N
222	\N	BAND P65	Y	\N	2006-09-07 08:39:02	\N
223	\N	BAND P55	Y	\N	2006-09-07 08:39:12	\N
224	\N	BAND P51	Y	\N	2006-09-07 08:39:22	\N
225	\N	BAND GP41	Y	\N	2006-10-18 09:19:37.302	\N
226	\N	BAND P40	Y	\N	2006-11-07 13:55:36.669	\N
227	\N	BAND P31	Y	\N	2006-11-06 13:15:38.449	\N
228	\N	BAND P24	Y	\N	2006-11-06 13:15:29.222	\N
229	\N	BAND P18	Y	\N	2006-11-08 08:09:44.805	\N
246	\N	Rnase P Interpretation	Y	\N	2006-09-18 10:27:21	\N
251	\N	Result Status	Y	\N	2006-10-10 09:27:45	\N
252	\N	Probability	Y	\N	2006-10-03 10:24:02	\N
271	\N	Modifier 1	Y	\N	2006-10-20 09:28:32	\N
272	\N	Modifier 2	Y	\N	2006-10-20 09:28:37	\N
273	\N	Modifier 3	Y	\N	2006-10-20 09:28:42	\N
274	\N	Result Status 1	Y	\N	2006-10-20 09:28:51	\N
275	\N	Result Status 2	Y	\N	2006-10-20 09:28:59	\N
276	\N	Result Status 3	Y	\N	2006-10-20 09:29:06	\N
206	\N	Influenza Virus A RNA	Y	\N	2007-02-02 14:19:32.675	\N
207	\N	Influenza Virus A/H1 RNA	Y	\N	2006-09-07 08:31:50	\N
240	\N	BA2 CT value	Y	\N	2006-10-18 09:19:43.005	\N
244	\N	Extraction Method	Y	\N	2006-09-20 16:26:23	\N
245	\N	16S Interpretation	Y	\N	2006-10-25 11:21:09.457	\N
40	\N	Agent	Y	\N	2007-04-12 09:42:50.799	\N
249	\N	Modifier	Y	\N	2006-10-02 10:23:08	\N
250	\N	Quantity	Y	\N	2006-10-03 09:12:43	\N
253	\N	Method	Y	\N	2006-11-08 10:28:43	\N
266	\N	Capsule M-Fadyean	Y	\N	2006-10-11 13:51:30	\N
234	\N	BA3 interpretation	Y	\N	2006-10-18 09:19:39.302	\N
235	\N	16S CT value	Y	\N	2007-06-18 08:49:51.801	\N
232	\N	BA1 interpretation	Y	\N	2006-10-18 09:19:44.442	\N
233	\N	BA2 interpretation	Y	\N	2006-10-18 09:19:42.067	\N
236	\N	Rnase P CT value	Y	\N	2006-10-13 09:57:57.558	\N
237	\N	Result	Y	\N	2006-09-18 10:03:34	\N
46	\N	Western Blot Interpretation	Y	\N	2007-05-15 13:48:03.305	\N
239	\N	BA1 CT value	Y	\N	2006-10-23 14:12:56.284	\N
241	\N	BA3 CT value	Y	\N	2006-10-18 09:19:40.583	\N
242	\N	TRF Spore Detection Dilution	Y	\N	2007-12-27 05:33:28.883	\N
243	\N	TRF Cell Detection Dilution	Y	\N	2007-12-27 05:34:38.238	\N
247	\N	Disclaimer	Y	\N	2006-09-20 16:26:06	\N
256	\N	Rifampin 2.0 mcg/ml	Y	\N	2006-10-10 09:29:37	\N
55	\N	Kanamycin Interpretation	Y	\N	2007-06-20 10:02:26.74	\N
255	\N	Rifampin 1.0 mcg/ml	Y	\N	2006-10-10 09:29:21	\N
257	\N	Isoniazid 0.1 mcg/ml	Y	\N	2006-10-10 09:29:54	\N
258	\N	Colony Morphology	Y	\N	2006-10-11 13:49:58	\N
259	\N	Hemolysis	Y	\N	2006-10-11 13:50:05	\N
260	\N	Gram stain	Y	\N	2006-10-11 13:50:12	\N
261	\N	Motility wet mount	Y	\N	2006-10-11 13:50:35	\N
262	\N	Gamma phage	Y	\N	2006-10-11 13:50:43	\N
263	\N	DFA capsule from specimen	N	\N	2007-12-10 09:06:14.825	\N
264	\N	DFA cell wall from specimen	N	\N	2007-12-10 09:06:14.846	\N
265	\N	Capsule India Ink	Y	\N	2006-10-11 13:51:06	\N
267	\N	Capsule bicarbonate	Y	\N	2006-10-11 13:51:40	\N
268	\N	Catalase	Y	\N	2006-10-11 13:51:46	\N
269	\N	Malachite green for spores	Y	\N	2006-10-11 13:51:57	\N
270	\N	Wet mount for spores	Y	\N	2006-10-11 13:52:38	\N
31	\N	Comment 1	Y	\N	2007-04-02 09:04:22.529	\N
32	\N	Comment 2	Y	\N	2007-04-02 09:04:28.801	\N
33	\N	Comment 3	Y	\N	2007-04-02 09:04:41.088	\N
34	\N	Comment 4	Y	\N	2007-04-02 09:04:46.92	\N
35	\N	Comment 5	Y	\N	2007-04-02 09:04:56.112	\N
36	\N	Comment 6	Y	\N	2007-04-02 09:05:01.84	\N
37	\N	Comment 7	Y	\N	2007-04-02 09:05:08.789	\N
39	\N	Comment 9	Y	\N	2007-04-02 09:05:21.5	\N
56	\N	Gentamycin	Y	\N	2007-06-20 10:02:52.199	\N
57	\N	Kanamycin	Y	\N	2007-06-20 10:03:02.449	\N
58	\N	Motility Standard Media	Y	\N	2007-10-02 08:38:33.138	\N
59	\N	Standard Motility Media	Y	\N	2007-10-09 08:37:56.727	\N
60	\N	Chocolate Agar	Y	\N	2007-10-09 08:38:11.08	\N
61	\N	DEA Agar	Y	\N	2007-10-09 08:38:17.659	\N
66	\N	Test Moiety	Y	\N	2007-12-10 09:03:38.415	\N
75	\N	Choose Equipment	Y	\N	2007-12-11 05:35:57.035	\N
76	\N	Previous FTA Reactivity	Y	\N	2007-12-27 02:40:54.886	\N
77	\N	Fluorescence Grading	Y	\N	2007-12-27 02:41:18.215	\N
79	\N	E. coli 25922	Y	\N	2007-12-27 03:34:33.647	\N
80	\N	P. aeruginosa	Y	\N	2007-12-27 03:39:41.842	\N
81	\N	S. aureus	Y	\N	2007-12-27 03:34:57.55	\N
82	\N	Susceptible	N	\N	2007-12-27 03:41:45.362	\N
83	\N	Nonsusceptible - Contact CDC for confirmation of resistance	N	\N	2007-12-27 03:41:30.012	\N
84	\N	Test Not Performed	N	\N	2007-12-27 03:41:50.671	\N
85	\N	No Pass	Y	\N	2007-12-27 03:36:31.375	\N
86	\N	Pass	Y	\N	2007-12-27 03:36:35.561	\N
87	\N	TRF Spore Detection Date Value	Y	\N	2007-12-27 05:33:47.18	\N
88	\N	TRF Spore Detection Result	Y	\N	2007-12-27 05:34:05.441	\N
93	\N	test kit	Y		2009-04-03 10:15:45.64	TESTKIT
94	\N	p24 Ag Result	Y	\N	2010-05-27 17:34:49.294061	\N
95	\N	Western Blot 2 Result	Y	\N	2010-05-27 17:34:49.294061	\N
96	\N	Western Blot 1 Result	Y	\N	2010-05-27 17:34:49.294061	\N
97	\N	Genie II 10 Result	Y	\N	2010-05-27 17:34:49.294061	\N
98	\N	Genie II 100 Result	Y	\N	2010-05-27 17:34:49.294061	\N
99	\N	Genie II Result	Y	\N	2010-05-27 17:34:49.294061	\N
100	\N	Vironostika Result	Y	\N	2010-05-27 17:34:49.294061	\N
101	\N	Murex Result	Y	\N	2010-05-27 17:34:49.294061	\N
102	\N	Integral Result	Y	\N	2010-05-27 17:34:49.294061	\N
103	\N	CD4 percentage count Result	Y	\N	2010-06-23 11:52:38.859042	\N
104	\N	GB Result	Y	\N	2010-06-23 11:52:38.859042	\N
105	\N	Lymph % Result	Y	\N	2010-06-23 11:52:38.859042	\N
106	\N	Conclusion	Y	\N	2010-08-20 16:43:23.503921	\N
107	\N	generated CD4 Count	Y	\N	2010-10-26 12:35:06.813	\N
108	\N	Bioline Results	Y	\N	2012-09-25 14:28:54.943216	\N
109	\N	Innolia Results	Y	\N	2012-11-30 14:50:40.47035	\N
\.


--
-- Name: analyte_seq; Type: SEQUENCE SET; Schema: clinlims; Owner: clinlims
--

SELECT pg_catalog.setval('analyte_seq', 109, true);


--
-- Data for Name: analyzer; Type: TABLE DATA; Schema: clinlims; Owner: clinlims
--

COPY analyzer (id, scrip_id, name, machine_id, description, analyzer_type, is_active, location, lastupdated) FROM stdin;
2	\N	Cobas Integra	\N	Cobas Integra 400	\N	t	\N	2010-05-05 16:16:41.337583
3	\N	Sysmex XT 2000	\N	Sysmex XT 2000	\N	t	\N	2010-05-05 16:16:41.337583
4	\N	Facscalibur	\N	Facscalibur	\N	t	\N	2010-05-05 16:16:41.337583
5	\N	Evolis	\N	Evolis	\N	t	\N	2011-05-24 11:50:17.336
6	\N	Cobas Taqman	\N	Cobas Taqman	\N	t	\N	2011-06-08 12:53:08.793
7	\N	FacsCanto	\N	FacsCanto	\N	t	\N	2011-10-04 08:12:11.294
8	\N	CobasDBS	\N	Cobastaqman	\N	t	\N	2012-09-25 14:28:55.795854
9	\N	Cobas C311	\N	Cobas C311	\N	t	\N	2012-12-05 17:15:55.469191
\.


--
-- Data for Name: analyzer_result_status; Type: TABLE DATA; Schema: clinlims; Owner: clinlims
--

COPY analyzer_result_status (id, name, description) FROM stdin;
7	ERROR	The result sent from the analyzer can not be understood
4	MATCHING_ACCESSION_NOT_FOUND	The Lab No does not exist in the system
5	MATCHING_TEST_NOT_FOUND	The Lab No exists but the test has not been entered
6	TEST_MAPPING_NOT_FOUND	The test name from the analyzer is not recognized
1	NOT_REVIEWED	The result has not yet been reviewed by the user
2	ACCEPTED	The result has been reviewed and accepted by the user
3	DECLINED	The result has been reviewed and not accepted by the user
\.


--
-- Data for Name: analyzer_results; Type: TABLE DATA; Schema: clinlims; Owner: clinlims
--

COPY analyzer_results (id, analyzer_id, accession_number, test_name, result, units, status_id, iscontrol, duplicate_id, complete_date, lastupdated, read_only, test_id, test_result_type) FROM stdin;
\.


--
-- Name: analyzer_results_seq; Type: SEQUENCE SET; Schema: clinlims; Owner: clinlims
--

SELECT pg_catalog.setval('analyzer_results_seq', 86682, true);


--
-- Name: analyzer_seq; Type: SEQUENCE SET; Schema: clinlims; Owner: clinlims
--

SELECT pg_catalog.setval('analyzer_seq', 9, true);


--
-- Data for Name: analyzer_test_map; Type: TABLE DATA; Schema: clinlims; Owner: clinlims
--

COPY analyzer_test_map (analyzer_id, analyzer_test_name, test_id, lastupdated) FROM stdin;
2	ALTL	161	2012-09-25 21:28:54.046982+00
2	GLUC3	159	2012-09-25 21:28:54.046982+00
2	CREJ2	160	2012-09-25 21:28:54.046982+00
3	GB_10_uL	177	2012-09-25 21:28:54.046982+00
3	GR_100000_uL	186	2012-09-25 21:28:54.046982+00
3	NEUT_PER_10_NEG_1_PER	179	2012-09-25 21:28:54.046982+00
3	HBG_g_L	187	2012-09-25 21:28:54.046982+00
3	LYMPH_PER_10_NEG_1_PER	180	2012-09-25 21:28:54.046982+00
3	HCT_10_NEG_1_PER	184	2012-09-25 21:28:54.046982+00
3	MONO_PER_10_NEG_1_PER	181	2012-09-25 21:28:54.046982+00
3	VGM_10_NEG_1_fL	188	2012-09-25 21:28:54.046982+00
3	EO_PER_10_NEG_1_PER	182	2012-09-25 21:28:54.046982+00
3	TCMH_10_NEG_1_pg	189	2012-09-25 21:28:54.046982+00
3	BASO_PER_10_NEG_1_PER	183	2012-09-25 21:28:54.046982+00
3	CCMH_g_L	185	2012-09-25 21:28:54.046982+00
3	PLQ_10_3_uL	178	2012-09-25 21:28:54.046982+00
4	CD4_PER	191	2012-09-25 21:28:54.046982+00
4	CD3_PER	190	2012-09-25 21:28:54.046982+00
2	ASTL	176	2012-09-25 21:28:54.046982+00
2	GLU2	159	2012-09-25 21:28:54.046982+00
5	DBehring Enzygnost HIV integral II	170	2012-09-25 21:28:54.046982+00
5	DBehring Enzygnost HIV integral IIDBS	170	2012-09-25 21:28:54.046982+00
5	Murex HIV 1_2	169	2012-09-25 21:28:54.046982+00
5	Murex HIV 1_2 DBS	169	2012-09-25 21:28:54.046982+00
6	HIV-HPS	174	2012-09-25 21:28:54.046982+00
7	CD3_PER	190	2012-09-25 21:28:54.046982+00
7	CD4_PER	191	2012-09-25 21:28:54.046982+00
6	HIVHP2	174	2012-09-25 21:28:54.046982+00
8	HIQCAP48	175	2012-09-25 21:28:55.804348+00
6	HI2CAP48	174	2012-09-25 21:28:56.980627+00
9	ALTL	161	2012-12-06 01:15:55.469191+00
9	ASTL	176	2012-12-06 01:15:55.469191+00
9	Creatinin	160	2012-12-06 01:15:55.469191+00
9	Glycemia	159	2012-12-06 01:15:55.469191+00
\.


--
-- Data for Name: animal_common_name; Type: TABLE DATA; Schema: clinlims; Owner: clinlims
--

COPY animal_common_name (id, name) FROM stdin;
\.


--
-- Data for Name: animal_scientific_name; Type: TABLE DATA; Schema: clinlims; Owner: clinlims
--

COPY animal_scientific_name (id, comm_anim_id, name) FROM stdin;
\.


--
-- Data for Name: attachment; Type: TABLE DATA; Schema: clinlims; Owner: clinlims
--

COPY attachment (id, attach_type, filename, description, storage_reference) FROM stdin;
\.


--
-- Data for Name: attachment_item; Type: TABLE DATA; Schema: clinlims; Owner: clinlims
--

COPY attachment_item (id, reference_id, reference_table_id, attachment_id) FROM stdin;
\.


--
-- Data for Name: aux_data; Type: TABLE DATA; Schema: clinlims; Owner: clinlims
--

COPY aux_data (id, sort_order, is_reportable, auxdata_type, value, reference_id, reference_table, aux_field_id) FROM stdin;
\.


--
-- Data for Name: aux_field; Type: TABLE DATA; Schema: clinlims; Owner: clinlims
--

COPY aux_field (id, sort_order, auxfld_type, is_active, is_reportable, reference_table, analyte_id, scriptlet_id) FROM stdin;
\.


--
-- Data for Name: aux_field_values; Type: TABLE DATA; Schema: clinlims; Owner: clinlims
--

COPY aux_field_values (id, auxfldval_type, value, aux_field_id) FROM stdin;
\.


--
-- Name: city_seq; Type: SEQUENCE SET; Schema: clinlims; Owner: clinlims
--

SELECT pg_catalog.setval('city_seq', 1, false);


--
-- Data for Name: city_state_zip; Type: TABLE DATA; Schema: clinlims; Owner: clinlims
--

COPY city_state_zip (id, city, state, zip_code, county_fips, county, region_id, region, state_fips, state_name, lastupdated) FROM stdin;
78708	BROADWAY	WA	98102	33	KING	\N	\N	53	WASHINGTON          	2006-12-04 12:46:48
78709	CAPITOL HILL	WA	98102	33	KING	\N	\N	53	WASHINGTON          	2006-12-04 12:46:48
78711	GREENWOOD	WA	98103	33	KING	\N	\N	53	WASHINGTON          	2006-12-04 12:46:48
78713	WALLINGFORD	WA	98103	33	KING	\N	\N	53	WASHINGTON          	2006-12-04 12:46:48
78715	POINEER SQUARE	WA	98104	33	KING	\N	\N	53	WASHINGTON          	2006-12-04 12:46:48
78717	SEATTLE	WA	98105	33	KING	\N	\N	53	WASHINGTON          	2006-12-04 12:46:48
78719	SEATTLE	WA	98106	33	KING	\N	\N	53	WASHINGTON          	2006-12-04 12:46:48
78723	SEATTLE	WA	98108	33	KING	\N	\N	53	WASHINGTON          	2006-12-04 12:46:48
78725	QUEEN ANNE	WA	98109	33	KING	\N	\N	53	WASHINGTON          	2006-12-04 12:46:48
78707	TIMES SQUARE	WA	98101	33	KING	\N	\N	53	WASHINGTON          	2006-12-04 12:46:48
78710	SEATTLE	WA	98102	33	KING	\N	\N	53	WASHINGTON          	2006-12-04 12:46:48
78712	SEATTLE	WA	98103	33	KING	\N	\N	53	WASHINGTON          	2006-12-04 12:46:48
78714	INTERNATIONAL	WA	98104	33	KING	\N	\N	53	WASHINGTON          	2006-12-04 12:46:48
78716	SEATTLE	WA	98104	33	KING	\N	\N	53	WASHINGTON          	2006-12-04 12:46:48
78718	UNIVERSITY	WA	98105	33	KING	\N	\N	53	WASHINGTON          	2006-12-04 12:46:48
78720	WHITE CENTER	WA	98106	33	KING	\N	\N	53	WASHINGTON          	2006-12-04 12:46:48
78722	SEATTLE	WA	98107	33	KING	\N	\N	53	WASHINGTON          	2006-12-04 12:46:48
78724	TUKWILA	WA	98108	33	KING	\N	\N	53	WASHINGTON          	2006-12-04 12:46:48
78726	SEATTLE	WA	98109	33	KING	\N	\N	53	WASHINGTON          	2006-12-04 12:46:48
78706	SEATTLE	WA	98101	33	KING	\N	\N	53	WASHINGTON          	2006-12-04 12:46:48
78721	BALLARD	WA	98107	33	KING	\N	\N	53	WASHINGTON          	2006-12-04 12:46:48
78708	BROADWAY	WA	98102	33	KING	\N	\N	53	WASHINGTON          	2006-12-04 12:46:48
78709	CAPITOL HILL	WA	98102	33	KING	\N	\N	53	WASHINGTON          	2006-12-04 12:46:48
78711	GREENWOOD	WA	98103	33	KING	\N	\N	53	WASHINGTON          	2006-12-04 12:46:48
78713	WALLINGFORD	WA	98103	33	KING	\N	\N	53	WASHINGTON          	2006-12-04 12:46:48
78715	POINEER SQUARE	WA	98104	33	KING	\N	\N	53	WASHINGTON          	2006-12-04 12:46:48
78717	SEATTLE	WA	98105	33	KING	\N	\N	53	WASHINGTON          	2006-12-04 12:46:48
78719	SEATTLE	WA	98106	33	KING	\N	\N	53	WASHINGTON          	2006-12-04 12:46:48
78723	SEATTLE	WA	98108	33	KING	\N	\N	53	WASHINGTON          	2006-12-04 12:46:48
78725	QUEEN ANNE	WA	98109	33	KING	\N	\N	53	WASHINGTON          	2006-12-04 12:46:48
78707	TIMES SQUARE	WA	98101	33	KING	\N	\N	53	WASHINGTON          	2006-12-04 12:46:48
78710	SEATTLE	WA	98102	33	KING	\N	\N	53	WASHINGTON          	2006-12-04 12:46:48
78712	SEATTLE	WA	98103	33	KING	\N	\N	53	WASHINGTON          	2006-12-04 12:46:48
78714	INTERNATIONAL	WA	98104	33	KING	\N	\N	53	WASHINGTON          	2006-12-04 12:46:48
78716	SEATTLE	WA	98104	33	KING	\N	\N	53	WASHINGTON          	2006-12-04 12:46:48
78718	UNIVERSITY	WA	98105	33	KING	\N	\N	53	WASHINGTON          	2006-12-04 12:46:48
78720	WHITE CENTER	WA	98106	33	KING	\N	\N	53	WASHINGTON          	2006-12-04 12:46:48
78722	SEATTLE	WA	98107	33	KING	\N	\N	53	WASHINGTON          	2006-12-04 12:46:48
78724	TUKWILA	WA	98108	33	KING	\N	\N	53	WASHINGTON          	2006-12-04 12:46:48
78726	SEATTLE	WA	98109	33	KING	\N	\N	53	WASHINGTON          	2006-12-04 12:46:48
78706	SEATTLE	WA	98101	33	KING	\N	\N	53	WASHINGTON          	2006-12-04 12:46:48
78721	BALLARD	WA	98107	33	KING	\N	\N	53	WASHINGTON          	2006-12-04 12:46:48
\.


--
-- Data for Name: code_element_type; Type: TABLE DATA; Schema: clinlims; Owner: clinlims
--

COPY code_element_type (id, text, lastupdated, local_reference_table) FROM stdin;
1	TEST	2007-03-07 15:27:58.72	5
2	STATUS OF SAMPLE	2007-03-07 15:28:22.718	40
\.


--
-- Name: code_element_type_seq; Type: SEQUENCE SET; Schema: clinlims; Owner: clinlims
--

SELECT pg_catalog.setval('code_element_type_seq', 21, false);


--
-- Data for Name: code_element_xref; Type: TABLE DATA; Schema: clinlims; Owner: clinlims
--

COPY code_element_xref (id, message_org_id, code_element_type_id, receiver_code_element_id, local_code_element_id, lastupdated) FROM stdin;
1	22	1	1	68	2007-03-07 15:37:04.13
2	22	1	2	67	2007-03-07 15:37:31.067
4	22	1	3	49	2007-03-07 15:39:40.635
\.


--
-- Name: code_element_xref_seq; Type: SEQUENCE SET; Schema: clinlims; Owner: clinlims
--

SELECT pg_catalog.setval('code_element_xref_seq', 41, false);


--
-- Data for Name: contact_type; Type: TABLE DATA; Schema: clinlims; Owner: clinlims
--

COPY contact_type (id, description, ct_type, is_unique) FROM stdin;
\.


--
-- Name: county_seq; Type: SEQUENCE SET; Schema: clinlims; Owner: clinlims
--

SELECT pg_catalog.setval('county_seq', 1, false);


--
-- Data for Name: databasechangelog; Type: TABLE DATA; Schema: clinlims; Owner: clinlims
--

COPY databasechangelog (id, author, filename, dateexecuted, md5sum, description, comments, tag, liquibase) FROM stdin;
1	paulsc	./changeLogs.xml	2010-02-24 17:49:02.13092+00	28cfcd3fcf8c3afe9b7d38f943e17cf2	Add Column, Add Foreign Key Constraint, Custom SQL	Allow more than one test result to trigger a reflex test	\N	1.9.5
3	paulsc	./changeLogs.xml	2010-02-24 17:49:12.014494+00	d4b19e71c884ac6a4d8dc670ef58fd71	Create View	Adds Accession_Test view.  Gathers info for creating analyzer_results table	\N	1.9.5
5	paulsc	./changeLogs.xml	2010-02-24 17:49:21.221363+00	efbb151a89f7837154b13af3c8b2fe0	Custom SQL		\N	1.9.5
6	paulsc	./changeLogs.xml	2010-02-24 17:49:21.236689+00	86a96313bd64fb8cdd1751195862391	Custom SQL		\N	1.9.5
7	paulsc	./changeLogs.xml	2010-02-24 17:49:21.249743+00	3a6158b0cb7b6b16c35c32cc64cb9d84	Create Table, Create Sequence, Create Table, Add Primary Key, Custom SQL	Adds organization_type and mapping table between organization and organization_type	\N	1.9.5
8	paulsc	./changeLogs.xml	2010-02-24 17:49:30.223565+00	715f838dd022dc3d9562738692c37d	Create Table (x2), Add Primary Key, Custom SQL	Adds register_type and sample_requester tables	\N	1.9.5
9	paulsc	./changeLogs.xml	2010-02-24 17:49:39.250536+00	f6dcce60772b9ac13fadfefa74352ec	Custom SQL	Sets lastupdated in test_analyte.  Otherwise test_reflex update fails	\N	1.9.5
10	paulsc	./changeLogs.xml	2010-02-24 17:49:39.267999+00	4f23198ef3134d90bae9ec739af8c	Drop Foreign Key Constraint, Add Foreign Key Constraint	Adds the constraint to the test_reflex.reflex_sibling column to set it to null if the referencing row is deleted	\N	1.9.5
11	paulsc	./changeLogs.xml	2010-02-24 17:49:39.276908+00	8a9eacaa348a4058ba9bca399fa9713	Custom SQL	Correct dictionary spelling of patuese	\N	1.9.5
12	paulsc	./changeLogs.xml	2010-02-24 17:49:39.289901+00	d344d84ac6054b223cf28ccd35fc351	Custom SQL	Remove Reticulocytes from Hemogramme panel	\N	1.9.5
13	paulsc	./changeLogs.xml	2010-02-24 18:24:09.289037+00	f5a5cef4a2fb9e7e49fd87df8de8a1ee	Drop Column	Drop positive column from analyzer_results	\N	1.9.5
14	paulsc	./changeLogs.xml	2010-02-24 18:24:18.699889+00	be31e99756e7b46c49e6587d617be824	Add Column, Custom SQL	Add read only column to analyzer_results	\N	1.9.5
4	paulsc	./changeLogs.xml	2010-03-04 19:08:55.039976+00	e4569a995332dc9af53470efceb5523	Create Table, Create Sequence, Create Table, Custom SQL	Creates analyzer_results and analyzer_results_status table	\N	1.9.5
15	paulsc	./changeLogs.xml	2010-03-04 19:13:32.509399+00	879b3213f471a7f057fc4bd74524a97	Drop Foreign Key Constraint (x3), Drop Column (x3)	Drop columns that related to existing data in database	\N	1.9.5
16	paulsc	./changeLogs.xml	2010-03-04 19:13:41.880176+00	9d1d7ab7c7ee481e35e894b4e72b6c	Drop View	Drop accession_test view	\N	1.9.5
17	paulsc	./changeLogs.xml	2010-03-04 19:13:50.822345+00	f38da0495e64bb5062dcc1b6cac0a417	Drop View	Drop Accession_Test view	\N	1.9.5
18	paulsc	./changeLogs.xml	2010-03-05 22:04:26.951946+00	6989821986447d4755d9538334d4ad1	Add Column, Custom SQL	Adds a column to the analysis table to indicate if an analysis is the root of a reflex test	\N	1.9.5
3	pahill	CDIRetroCIData.xml	2010-04-22 21:15:47.446338+00	d26f53e7afe52141b791d44db42172c0	Custom SQL	Insert answers to ARV demographic question: Nationality	\N	1.9.5
2	paulsc	./changeLogs.xml	2010-03-15 20:14:46.587815+00	a7338818ec75b5c67b38d20939d658	Create Table, Create Sequence, Custom SQL	Add analyzer table	\N	1.9.5
19	paulsc	./changeLogs.xml	2010-03-15 20:14:57.181402+00	a532c12af43766cf9e4170f2ab355e6	Custom SQL	Adds commune and mothers initial as patient types	\N	1.9.5
20	paulsc	./changeLogs.xml	2010-03-19 23:15:58.274309+00	1ce318b2e8f25f3389d89af216cb9b0	Add Column (x6), Custom SQL	Adds localization columns to test, test_section, SampleTypes, dictonary, panel and project	\N	1.9.5
21	paulsc	./changeLogs.xml	2010-03-19 23:15:58.660199+00	a0bbf3e444dadfcda094c2e81764bda2	Add Foreign Key Constraint	Add foriegn key constraint between extended_accession_number and sample	\N	1.9.5
22	paulsc	./changeLogs.xml	2010-03-19 23:43:06.501132+00	f2602445c45caaa1e9cc8d760e61581	Add Unique Constraint	Add Unique value contstraint to patient_identity_type	\N	1.9.5
1	paulscLNSP	HaitiLNSPData.xml	2010-03-19 23:43:06.72786+00	76f7ee70a2fb2d93499be8ece1b114fb	Insert Row (x4), Custom SQL	Initializes the project table for LNSP	\N	1.9.5
23	paulsc	./changeLogs.xml	2010-03-24 00:04:19.126874+00	b12b82b3df6c3ab9ed3a4b25612a5f2	Create Table, Add Primary Key, Create Sequence, Custom SQL	Adds site_information to database	\N	1.9.5
1	paulHaiti	HaitiData.xml	2010-03-24 19:50:02.099974+00	76adeeb3e62de8798feb9cb6f84616	Custom SQL	Adds Mantenance Admin to the module site_information	\N	1.9.5
24	nixonl	./changeLogs.xml	2010-04-06 20:47:34.219499+00	b669a894c63984cb1d9ef79b29995bf5	Create Table, Add Primary Key, Custom SQL	Creates project_organization table	\N	1.9.5
1	pahill	./changeLogs.xml	2010-04-21 17:37:51.276431+00	7b785adea251d66286546ebf85e3e296	Add Column	added messageResources key for value to display	\N	1.9.5
2	pahill	./changeLogs.xml	2010-04-21 17:38:00.587665+00	d82ef4c1bd45d3b15d7e32c4708049eb	Custom SQL	added values for name_key	\N	1.9.5
4	pahill	CDIRetroCIData.xml	2010-04-21 17:38:28.817104+00	dd93d29e7ee01fb1a894ad722befe5ac	Custom SQL	Insert answers to demographic question which have 3 possible answers: Yes, No and Unknown	\N	1.9.5
2	pauls	HaitiData.xml	2010-04-21 18:33:48.089946+00	b8d4a030e4659d3aa9735f36557429b	Update Data (x16)	Adding localization keys to the sample type table	\N	1.9.5
1	pahill	CDIRetroCIData.xml	2010-04-21 18:33:48.217973+00	e09b55ddc8e6a2941085a3b9cdd7c	Custom SQL	Insert clinlims.demographic ARV answers to question: Education Level	\N	1.9.5
2	pahill	CDIRetroCIData.xml	2010-04-21 18:33:48.230306+00	dd64726068be32b823332774955959d	Custom SQL	Insert answers to ARV demographic question: Marital Status	\N	1.9.5
5	pahill	CDIRetroCIData.xml	2010-04-21 18:33:48.274575+00	6361455f5aa12653ebd933a03b8196ef	Custom SQL	Insert answers to demographic question which have 3 possible answers: Yes, No and NA (Not Applicable)	\N	1.9.5
6	pahill	CDIRetroCIData.xml	2010-04-21 18:33:48.296096+00	b1f5359a6e3bc9e06a6dbd2b9ed2ff78	Custom SQL	Insert answers to demographic question which have 2 possible answers: Yes and No	\N	1.9.5
3	pahill	./changeLogs.xml	2010-04-28 21:12:52.63772+00	d41d8cd98f0b24e980998ecf8427e	Create Table, Create Sequence, Custom SQL (x2)	Added the typing table for demographic history information which defines what each row is about (what question was asked).	\N	1.9.5
4	pahill	./changeLogs.xml	2010-04-28 22:42:50.253218+00	d41d8cd98f0b24e980998ecf8427e	Create Table, Create Sequence, Custom SQL (x2)	Adds the demographic history table which contains responses to demographic questions from various forms. Associated to a patient and a sample.	\N	1.9.5
1	nixonl	CDIRetroCIData.xml	2010-04-28 22:43:18.776638+00	f8a3cd836834cce287fc7b0f758c55	Insert Row (x2), Custom SQL	Adds service type and partner type to organization_type table	\N	1.9.5
8	pahill	CDIRetroCIData.xml	2010-04-21 18:33:48.393759+00	fbb257df86bd111e2696946ad32d1	Custom SQL	Insert answers to ARV demographic question: Precise type of Prophlaxis	\N	1.9.5
9	pahill	CDIRetroCIData.xml	2010-04-21 18:33:48.420709+00	8f858b51e75c838c3ea0562ea6d89422	Custom SQL	Insert answers to AID Stages question	\N	1.9.5
3	paulsc	CDIRetroCIData.xml	2010-05-06 00:02:55.714139+00	c372985e29ebfd411c1e9a18430c7	Insert Row (x2)	Adds analyzer user to db if they do not exist	\N	1.9.5
36	nixonl	./changeLogs.xml	2010-05-20 19:38:11.076063+00	cef4b866d793ce075991342212f1db	Custom SQL, Drop Table, Rename Table	Copy 'unit_of_measure' contents to 'soon' table and rename 'soon' to 'unit_of_measure'	\N	1.9.5
32	paulsc	./changeLogs.xml	2010-05-10 23:06:45.474544+00	22ec25106aba3b7da048d911e761929	Add Column, Custom SQL	Adds additional columns to the analyzer_results table	\N	1.9.5
27	paulsc	./changeLogs.xml	2010-04-28 21:13:03.295223+00	65c8be43a466bc0cf6b20d87a115db4	Create Table, Create Sequence, Custom SQL (x2)	Added the typing table for observation history information which defines what each row is about (what question was asked).	\N	1.9.5
26	paulsc	./changeLogs.xml	2010-04-28 22:42:50.242733+00	58e36633f0f8bf9f268c7b433a98fe94	Rename Table (x4), Rename Column, Update Data (x2)	If the demographics history table exists then rename it, and associated tables to observation_history etc	\N	1.9.5
28	paulsc	./changeLogs.xml	2010-04-28 22:42:50.264318+00	7f85d320e3362ff739c4c9ec3a7ddce	Create Table, Create Sequence, Insert Row, Custom SQL	Adds the observation history table which contains responses to observation questions from various forms. Associated to a patient and a sample.	\N	1.9.5
24	paulsc	./changeLogs.xml	2010-04-28 22:43:09.298621+00	bb1a1b186e8147767ca4ab2f938fd252	Add Column	Add display key column to status_of_sample	\N	1.9.5
10	pahill	CDIRetroCIData.xml	2010-04-28 22:43:18.786056+00	d41d8cd98f0b24e980998ecf8427e	Custom SQL	Demographic history categories do not coorespond to dictionary categories for two reasons.\n    \tTwo survey questions might record a DH value as the same type, but the set of choices for each survey might be different.\n    \tOne example from CDI is .. hm...	\N	1.9.5
2	paulsc	CDIRetroCIData.xml	2010-04-28 22:43:18.793038+00	cede1031595833483abaa67a8b913e	Custom SQL	Observation history categories do not coorespond to dictionary categories for two reasons.\n    \tTwo survey questions might record a DH value as the same type, but the set of choices for each survey might be different.\n    \tTwo survey questions might us...	\N	1.9.5
11	pahill	CDIRetroCIData.xml	2010-04-28 22:43:18.821545+00	245f24cfde3e5f9b13a2375dd358f052	Custom SQL	Insert answers to RTN demographic question: Nationality	\N	1.9.5
12	pahill	CDIRetroCIData.xml	2010-04-28 22:43:18.863016+00	ada7e332bdeec36a8a181a2670443	Custom SQL	Insert observation_history_type type legal residence	\N	1.9.5
13	pahill	CDIRetroCIData.xml	2010-04-28 22:43:18.967425+00	1fc21eab58ddc4b6d35c12775b5515	Custom SQL	Insert demographic type HIV Status	\N	1.9.5
1	pauls	CDIRetroCIData.xml	2010-04-28 22:43:19.030689+00	2222cee356f72a8fbf92185855c61759	Delete Data, Insert Row (x14)	Setting Status for RetroCI	\N	1.9.5
4	nixonl	CDIRetroCIData.xml	2010-05-10 23:06:57.894742+00	7b161f7bb38a1f3bfd99d46c0465	Insert Row (x2)	Add Record Status (Sample and Patient) as a type to ObservationHistoryType table	\N	1.9.5
25	paulsc	./changeLogs.xml	2010-05-05 23:16:01.418142+00	484a5518756cadcfcbc74db5c466122	Add Column (x2), Custom SQL	Addes status columns with foriegn key constraint	\N	1.9.5
30	paulsc	./changeLogs.xml	2010-05-05 23:16:22.16207+00	e37a98d6c9dd451f6112e22ac05fc99a	Add Foreign Key Constraint (x2)	Corrects the addition of a fk constraint in sample and analyysis	\N	1.9.5
29	paulsc	./changeLogs.xml	2010-05-05 23:16:31.548624+00	55336b40bbe339c547e5fb9ad65d52	Create Table, Add Primary Key, Custom SQL	Adds a table which maps between tests as known to the analyzer and tests as known to OpenElis	\N	1.9.5
31	paulsc	./changeLogs.xml	2010-05-05 23:16:40.944123+00	c3bb50ca3ea219c8aafd81714455f954	Add Column, Custom SQL	Adds a test_id column to the analyzer_results table	\N	1.9.5
14	pahill	CDIRetroCIData.xml	2010-05-05 23:16:41.015154+00	8af7d7fe79fb7db11255bc1c5e65f95	Insert Row (x7)		\N	1.9.5
2	nixonl	CDIRetroCIData.xml	2010-05-05 23:16:41.318461+00	5190b7c0e15b1d0368c7450ada49afd	Delete Data (x8), Insert Row (x41)	Inserting type_of_sample, test_sections and tests	\N	1.9.5
4	paulsc	CDIRetroCIData.xml	2010-05-05 23:16:41.35576+00	b6e54e9c6d958d077e04ac853594645	Delete Data (x3), Insert Row (x3)	drop and repopulates analyzer table unconditionally	\N	1.9.5
15	pahill	CDIRetroCIData.xml	2010-05-05 23:16:41.380735+00	f7e8d5456f4197bf93a04d7490421c	Update Data (x11)	Generalizing some of the lists 1st used in CDI RetroCI studies for others to use.	\N	1.9.5
16	pahill	ARV Centers.xml	2010-05-05 23:16:41.460014+00	84708c954db7642e97e42f5195d9cf2e	Insert Row (x26)	Anti-retrovirus site definition	\N	1.9.5
6	paulsc	CDIRetroCIData.xml	2010-05-10 23:06:57.922666+00	8441ef4c8da6f447a6afc249e5e05e89	Delete Data, Insert Row	Sets the app name in the site information database	\N	1.9.5
35	paulsc	./changeLogs.xml	2010-05-18 23:18:42.954335+00	e763ceadab5f99b17eb27ce4c57de9b	Add Column, Custom SQL	Adds three columns to system_role; display_key, is_grouping_role and parent_role	\N	1.9.5
33	paulsc	./changeLogs.xml	2010-05-11 21:43:58.502561+00	c56c4ea3f3d86e572b91d2b32359e4	Insert Row	Adds the AnalyzerTestName module	\N	1.9.5
34	paulsc	./changeLogs.xml	2010-05-11 21:43:58.528835+00	ead25c864f831be9eaccb1548f5866d0	Insert Row	Adds the AnalyzerResults module	\N	1.9.5
17	pahill	CDIRetroCIData.xml	2010-05-18 23:18:43.133644+00	4cd893c93268b845fafb4f9f369bd87f	Insert Row (x5)	insert 'Simplified' nationality for demographic questions: here, our neighbors, other	\N	1.9.5
5	nixonl	CDIRetroCIData.xml	2010-05-11 21:43:58.655375+00	c16757c0bf3c15067fafa7dca34faa4	Insert Row	Adds the SampleEntryByProject module	\N	1.9.5
6	nixonl	CDIRetroCIData.xml	2010-05-11 21:43:58.664878+00	a657155b79d363273ad4c661fa8bc31	Insert Row	Adds the PatientEntryByProject module	\N	1.9.5
7	pahill	CDIRetroCIData.xml	2010-05-18 23:18:42.976795+00	2af34f77dc4251f6e48e334f2199c81	Custom SQL	Insert answers to demographic question about disease	\N	1.9.5
18	pahill	CDIRetroCIData.xml	2010-05-18 23:18:43.149655+00	378e2235924360e36e32ce8c298f2625	Insert Row (x5)		\N	1.9.5
7	nixonl	CDIRetroCIData.xml	2010-05-20 19:38:11.985061+00	f1cb309cee13ed806e6062d19a6c359	Insert Row	Inserts "Retro-CI" as organization	\N	1.9.5
7	paulsc	CDIRetroCIData.xml	2010-05-20 19:38:12.144075+00	c1847fd9faeb1f23888311f5a6dc63e6	Custom SQL, Modify Column	Drops all of the current roles and modules in preperation for adding them back in the next changeset	\N	1.9.5
8	paulsc	CDIRetroCIData.xml	2010-05-20 19:38:12.327045+00	391ce2fa2315a389d614f5d3353ad39	Load Data (x2)	Adds modules and roles	\N	1.9.5
1	nixonl	System_Module.xml	2010-05-21 23:21:36.10604+00	6d59f8a7f7c6a4ecfeb1138d13e135	Insert Row (x2), Custom SQL	Adds PatientEditByProject Modules	\N	1.9.5
8	nixonl	CDIRetroCIData.xml	2010-05-21 23:21:36.154703+00	b4fa8325da27fa8a1c4bfa3b926174c	Update Data (x2)	Changing SampleEdit module to SampleEditByProject	\N	1.9.5
33	pahill	CDIRetroCIData.xml	2010-10-26 12:35:06.984+00	44d86fdc665669c4cfe9d94d2d92af1d	Insert Row (x3)	Add a couple of missing NA and unknowns	\N	1.9.5
9	nixonl	CDIRetroCIData.xml	2010-05-21 23:52:58.963589+00	d9ee1d68a8aeae879ebaa7801d6851	Insert Row (x4)	Changing SampleEdit system_role and system_role_module to SampleEditByProject	\N	1.9.5
19	pahill	CDIRetroCIData.xml	2010-05-21 23:52:59.110705+00	4e481a5c2858b48cd9fa28e72caff	Insert Row	Another change to one of the dictionary: add other to RTNNation	\N	1.9.5
2	nixonl	System_Module.xml	2010-05-27 22:27:17.501189+00	b4fa8325da27fa8a1c4bfa3b926174c	Update Data (x2)	Changing SampleEdit module to SampleEditByProject	\N	1.9.5
3	nixonl	CDIRetroCIData.xml	2010-05-27 22:27:17.624797+00	e07c8d9b6eaf71e6bdd6eb3b4718caad	Delete Data (x2), Insert Row (x3)	Drop and Insert Projects	\N	1.9.5
1	pahill	ARV Centers.xml	2010-05-27 22:27:17.725577+00	8f2430a85a4ad7b3c9d132cbcc763cb5	Insert Row (x38)	Anti-retrovirus site definition	\N	1.9.5
1	pahill	EID Study Organizations.xml	2010-05-27 22:27:18.739845+00	ff8df242f499e05791833e4cfc56547	Insert Row (x1001)	Early Infant HIV Detection site definitions	\N	1.9.5
1	pahill	RTN Study Organizations.xml	2010-05-27 22:27:18.845727+00	943a28ff7c3f5fa294cc5cf5d9b95ef8	Insert Row (x65)	routine HIV request site definitions	\N	1.9.5
1	pahill	RTN Hospital Organizations.xml	2010-05-27 22:27:18.865165+00	6e4a893373e1bde6a37cebb2f482157	Insert Row (x11)	routine HIV request hospital definitions	\N	1.9.5
1	pahill	CI RTN Diseases.xml	2010-05-27 22:27:19.007098+00	febf38aaf3a151c58c3a769e89a91	Insert Row (x14)	A list of diseases for CI routine (RTN) tests	\N	1.9.5
2	pahill	CI RTN Diseases.xml	2010-05-27 22:27:19.025888+00	c74028d54d06725d7864fb21f46127	Insert Row (x9)	A list of current diseases found during a physical examination for CI routine (RTN) tests	\N	1.9.5
7	nixonl	RetroCITests.xml	2010-05-28 00:11:02.850947+00	60fb87f1ab7ec459c2e8e4364ba5057	Insert Row (x12)	Add Result Values to Dictionary table	\N	1.9.5
10	nixonl	CDIRetroCIData.xml	2010-05-28 00:11:03.403302+00	252ac6e551cf62654e0f5c157b57966	Update Data	Fix typo of Indeterminate Results Project	\N	1.9.5
8	nixonl	RetroCITests.xml	2010-05-28 00:34:52.511025+00	e4e8e5ba7ae7d122b4f744267beeb8c4	Delete Data (x8), Insert Row (x95), Update Data, Insert Row, Update Data, Insert Row (x2), Update Data, Insert Row (x18)	Inserting type_of_sample, test_sections and tests	\N	1.9.5
9	nixonl	RetroCITests.xml	2010-05-28 00:34:52.614364+00	1ba996424f43ab7252e4bb479fa2b0d0	Delete Data, Insert Row, Update Data, Insert Row, Update Data, Insert Row, Update Data, Insert Row (x42), Update Data	Add remaining tests and unit of measure	\N	1.9.5
36	paulsc	./changeLogs.xml	2010-06-23 18:52:27.574177+00	7e59f8863ef58f9212c225d0d556f7ad	Delete Data, Insert Row (x5)	Adds record status to the dictonary and intake as a dictonary type	\N	1.9.5
37	paulsc	./changeLogs.xml	2010-06-23 18:52:38.450832+00	3aa9ae1ddee828297bc4b687b8f5ed0	Add Column, Custom SQL	Adds a new column to test_reflex	\N	1.9.5
11	nixonl	RetroCITests.xml	2010-06-23 18:52:38.845375+00	f0b0edbda6167e834ba1aa6361f4bb2	Insert Row (x2), Update Data, Insert Row (x4), Update Data (x2), Insert Row (x2), Update Data, Insert Row (x2), Update Data, Insert Row (x2), Update Data, Delete Data (x2), Insert Row (x2), Update Data, Insert Row (x2), Update Data, Insert Row (x2), Up...	Adding HIV Status Final Result Test Reflexes	\N	1.9.5
15	nixonl	RetroCITests.xml	2010-06-23 18:52:38.904535+00	865fe36922869c82e546daac4396ba	Insert Row (x14), Update Data	Adding CD4 Absolute Count Calculation Test Reflexes	\N	1.9.5
11	nixonl	CDIRetroCIData.xml	2010-06-23 18:52:38.921327+00	1fe8fb9c4fa025d6cb1eec6fd2cca9	Update Data	Fix typo of ARV Project program code	\N	1.9.5
9	paulsc	CDIRetroCIData.xml	2010-06-23 18:52:38.977691+00	d958169344c73094e1e62817b1ea55b	Load Data	Adds missed AnalyzerResults actions to analyzer roles	\N	1.9.5
12	nixonl	CDIRetroCIData.xml	2010-06-23 18:52:39.011126+00	4ea998b8ebd68cb339855736ad8f267	Insert Row	Add HIV Status as a type to ObservationHistoryType table	\N	1.9.5
10	paulsc	CDIRetroCIData.xml	2010-06-23 18:52:39.042756+00	ed38e22277c3e92d72523d3f2ce5d1f	Insert Row	Adds lab director to the site information if they do not already exist	\N	1.9.5
20	pahill	CDIRetroCIData.xml	2010-06-23 18:52:39.065164+00	1acfc71f3255b6fe4f3fc186fd526bf	Update Data (x3), Delete Data (x2), Insert Row (x2), Load Data	Change a few role names and adds a few missing Role to Module Mappings.	\N	1.9.5
21	pahill	CDIRetroCIData.xml	2010-06-23 18:52:39.083077+00	614345e8af7d17a7449f9432a389a43	Load Data	various demographic questions respones defined as Observation History Types	\N	1.9.5
16	nixonl	RetroCITests.xml	2010-06-28 20:37:10.405819+00	f480e4bd2442da3c9c23d9e6e780166a	Delete Data (x2), Insert Row (x2), Update Data (x3), Insert Row, Update Data (x5), Insert Row, Update Data (x5), Insert Row, Update Data (x4), Insert Row (x3), Update Data, Insert Row (x2), Update Data, Delete Data, Insert Row (x2), Update Data, Insert...	Changing test reflexes to use scriptlet FK instead of flags	\N	1.9.5
14	nixonl	CDIRetroCIData.xml	2010-07-01 23:20:56.857071+00	180622aaccbced9245c8e79f3750bf	Insert Row (x17)	Adding Test Request Observation History Type and Dictionary Entries	\N	1.9.5
15	nixonl	CDIRetroCIData.xml	2010-07-06 18:32:28.407522+00	63c4fe4ba4df2c1a7d3a17b8d6a915	Insert Row (x36)	Adding EID Patient Observation History Type and Dictionary Entries	\N	1.9.5
25	paulsc	CDIRetroCIData.xml	2010-07-06 18:47:08.386923+00	4aab8aa952883a47f1a3613d4c7d190	Custom SQL, Load Data	Drops and adds analyzer test to openELIS tests mapping	\N	1.9.5
16	nixonl	CDIRetroCIData.xml	2010-07-07 16:36:08.174961+00	18aea29da6f705ca55a7fb38471c66d	Update Data (x8)		\N	1.9.5
22	pahill	CDIRetroCIData.xml	2010-07-08 19:25:25.995801+00	e685b3c0ea88ac6d58729a59fbd56b65	Load Data	more demographic questions respones defined as Observation History Types	\N	1.9.5
10	nixonl	RetroCITests.xml	2010-07-09 19:17:54.604842+00	e820dae13b7920a9a787427311eafefb	Update Data	Adding Transminases ALTL Test	\N	1.9.5
11	paulsc	CDIRetroCIData.xml	2010-07-15 20:23:41.277877+00	cc5bc7b35edaa5b3cd7cb6d4dd77e	Load Data (x2)	Adds modules and roles	\N	1.9.5
1	paulsc	RetroCI_Reports.xml	2010-07-15 20:23:41.34395+00	693380bcf82ac385c5b3244cb8ad67b	Delete Data (x5), Insert Row (x9)	Drops existing openReport table contents and re-adds reports specific to RetroCI	\N	1.9.5
23	pahill	CDIRetroCIData.xml	2010-07-24 00:50:57.987007+00	a4c1397462ba9805c62b5f1bfe45	Insert Row	an implicit observation = what form did the patient fill out?	\N	1.9.5
24	pahill	CDIRetroCIData.xml	2010-08-02 22:07:28.119923+00	2ad9a4b0624e413ca9c16df8f7b18ded	Insert Row	clean up difference in disease lists to make sure all have the last one.	\N	1.9.5
26	pahill	CDIRetroCIData.xml	2010-08-02 22:07:28.142373+00	a2a85796ae524e577c9d35f2014576	Update Data		\N	1.9.5
12	paulsc	CDIRetroCIData.xml	2010-08-02 22:07:28.188586+00	f3b8befc7bd58093468e863927e9ba	Load Data	Adds search modules to appropriate roles	\N	1.9.5
27	pahill	CDIRetroCIData.xml	2010-08-02 22:07:28.201726+00	27dfbbc06b94f3ae522682ad274142	Insert Row	one more missing field saved as a Obser. Hist. this time from RTN.	\N	1.9.5
38	pauls	./changeLogs.xml	2010-08-05 21:49:43.424797+00	ebec62c7a2a95948d0e63df3948c74f	Add Column, Custom SQL	Adds display_key to QA_Events	\N	1.9.5
34	pahill	CDIRetroCIData.xml	2010-10-26 12:35:07+00	1527bb6c178803419ac4bf6e36ea558	Insert Row (x2)	Add a couple of missing answers to demographic questions.	\N	1.9.5
39	pauls	./changeLogs.xml	2010-08-05 21:49:43.690553+00	50ebc4ca859f9a2fbba7817dec149de	Add Column, Add Foreign Key Constraint, Custom SQL	Adds a sample_item_id to sample_qaevent to allow refinement of target	\N	1.9.5
40	paulsc	./changeLogs.xml	2010-08-05 21:49:43.770346+00	bdfdc6318091d4eb8a51f9ca53493ef8	Add Foreign Key Constraint (x3)	Adding foreign key constraints which were not added due to liquibase bug	\N	1.9.5
13	paulsc	CDIRetroCIData.xml	2010-08-05 21:49:43.832151+00	bd69da0a81f3555f1e1dc93fd1daec	Delete Data, Load Data	Drops and reloads qa_events for RetorCI	\N	1.9.5
41	paulsc	./changeLogs.xml	2010-08-06 00:39:59.271188+00	1a5c5ae3992055d9d88248f9d829e1	Insert Row	Adding Sample_qaevent to reference_tables	\N	1.9.5
42	paulsc	./changeLogs.xml	2010-08-13 16:52:43.242312+00	f194585a96f0f2c12d8387e9319bb34	Update Data (x2)	Changes test Section names form 'Immuno' to 'Immunology' and 'Chem' to 'Biochemistry'	\N	1.9.5
14	paulsc	CDIRetroCIData.xml	2010-08-13 16:52:43.425345+00	d0cd296392952ee99c159ccb691ce4ef	Load Data	Adds search modules to appropriate roles	\N	1.9.5
15	pauls	CDIRetroCIData.xml	2010-08-13 16:52:43.447912+00	b197e975c9f111dccdc99736d3958c0	Insert Row	Adding analysis status of non-conforming	\N	1.9.5
43	paulsc	./changeLogs.xml	2010-08-17 23:01:35.428588+00	bc54d51115315012cdf729c2772b3b62	Insert Row	Adds a test result type of R (for remark )	\N	1.9.5
1	paulsc	RetroCITests.xml	2010-08-17 23:01:35.641588+00	ecfd43636ee58bd4bdf1ec391ae3f91	Delete Data (x2), Insert Row, Update Data, Insert Row (x10)	Drops some tests and adds others.  Note: It may be nessessary to run the context deleteData to be able to drop "CD4"	\N	1.9.5
27	paulsc	CDIRetroCIData.xml	2010-08-19 19:53:38.146613+00	93d155d4cb40eb283b0a4e79dd71cdb	Custom SQL, Load Data	Drops and adds analyzer test to openELIS tests mapping	\N	1.9.5
44	paulsc	./changeLogs.xml	2010-08-20 23:43:26.521803+00	a4735d10b5dba8dfd99df73f46d63	Insert Row	Adds 'Conclusion' to the analyte table	\N	1.9.5
16	paulsc	CDIRetroCIData.xml	2010-08-24 17:04:18.362173+00	9a5911df099a96c41be80a6eabbd1ea	Insert Row, Custom SQL	Insert Project ARV followup project and copies organizations from ARV study	\N	1.9.5
17	paulsc	CDIRetroCIData.xml	2010-08-24 17:04:18.39143+00	af3b495e7c4a5be3a9d826f048a7d6bc	Load Data	more demographic questions respones defined as Observation History Types	\N	1.9.5
2	paulsc	System_Module.xml	2010-08-27 22:14:02.653324+00	965727b9e9c9f7a2bc1fd63065481aaf	Delete Data	Drops two modules which are unused	\N	1.9.5
18	paulsc	CDIRetroCIData.xml	2010-08-27 22:14:02.729562+00	20fb467fab68b80ec7b59b7eba337b	Update Data, Delete Data, Update Data, Load Data (x2)	Adds modules and roles for reports	\N	1.9.5
1	paulsc	RTN Study Organizations.xml	2010-09-01 00:44:29.696775+00	df4d1ebd16973fa0c5a8d6571c5a8c41	Update Data	Change USAC to U.S.A.C	\N	1.9.5
17	nixonl	CDIRetroCIData.xml	2010-09-03 22:48:27.868632+00	e3ea45d84f23d942841967669f53	Insert Row (x6)	Adding Special Request Reason list	\N	1.9.5
18	nixonl	CDIRetroCIData.xml	2010-09-03 22:48:27.917079+00	16c0531c18283699c7236789fdecfbce	Load Data	Adding Biological Validation Roles	\N	1.9.5
1	paulsc	RetroCIUsers.xml	2010-09-14 10:20:07.197+00	20de8ae6149052aab72bf2cdc9479a70	Load Data (x3)		\N	1.9.5
17	nixonl	RetroCITests.xml	2010-09-15 18:50:21.537+00	d9de3bf82d2c86f6f75240d46d725d9	Insert Row (x2), Update Data, Insert Row (x2), Update Data, Insert Row (x2), Update Data, Insert Row (x2), Update Data, Insert Row (x2), Update Data, Insert Row (x2), Update Data, Insert Row (x2), Update Data, Insert Row (x2), Update Data, Insert Row (...	Adding remaining test reflexes for Indeterminate and Invalid results	\N	1.9.5
18	nixonl	RetroCITests.xml	2010-09-15 18:50:21.599+00	a63ec5899606dcb5e6a0a8559b953b	Insert Row (x9)		\N	1.9.5
19	nixonl	RetroCITests.xml	2010-09-15 18:50:21.693+00	66bdaff6d513887b15e152e79fd8b7	Insert Row (x3), Update Data, Insert Row (x2), Update Data, Insert Row (x2), Update Data, Insert Row (x2), Update Data, Insert Row (x2), Update Data, Insert Row (x2), Update Data, Insert Row (x2), Update Data	Adding WB invalid test reflexes	\N	1.9.5
28	pahill	CDIRetroCIData.xml	2010-09-15 18:50:21.709+00	8232c416ca4c1272a05ac1b96aa6627	Insert Row	one more missing field saved as a Obser. Hist. -- for all forms.	\N	1.9.5
35	pahill	CDIRetroCIData.xml	2010-10-27 10:54:51.138+00	3e11738ec6425ef362062428dc7ed	Update Data	Bug Fix: Make sure any old ARV-F samples entered on a ARV-F form point to the ARV-F project.	\N	1.9.5
1	paulsc	util/SystemUtil.xml	2010-09-20 12:08:55.071+00	5fda3fc3b32b29e4f9b72dd4ebe0d036	Custom SQL	This will truncate patient, test and releated data.  It is non-recoverable	\N	1.9.5
20	nixonl	RetroCITests.xml	2010-09-20 14:23:13.907+00	e5a4ea5b3e7594b0f68c8dd7f52f128e	Insert Row (x2), Update Data	Adding Murex Invalid, Integral Negative	\N	1.9.5
29	pahill	CDIRetroCIData.xml	2010-09-20 14:23:13.923+00	b2feacda9ba5566f2c4743f3367b1d	Insert Row	Missing Marital Status - divorced	\N	1.9.5
30	pahill	CDIRetroCIData.xml	2010-09-20 14:23:13.938+00	f2e8d7e09fa4808e4a66ab3efdbf211	Update Data	Missing Marital Status - divorced	\N	1.9.5
46	paulsc	./changeLogs.xml	2010-09-23 09:16:03.117+00	c66d32785c4eb6c51ed34de337473272	Drop View, Modify Column, Custom SQL	Expand value column of first and last names from 20 to 40	\N	1.9.5
47	paulsc	./changeLogs.xml	2010-10-12 17:22:23.969+00	d354e8e497f5f01c411a1c7cd764cc	Insert Row	Adds a test result type of A (for AlphaNumeric )	\N	1.9.5
2	paulsc	RetroCITests.xml	2010-10-12 17:22:24+00	e43b6da119cb7d74813c612d4bdbe37	Insert Row	Make the result type of Viral Load to be A (for alphanumeric)	\N	1.9.5
31	pahill	CDIRetroCIData.xml	2010-10-12 17:22:24.047+00	f79a103255a4f0aaa81373833bef627	Custom SQL	Rename of several Org Types to suggest EID association	\N	1.9.5
48	paulsc	./changeLogs.xml	2010-10-26 12:35:06.392+00	3c1a40606615633594663b8c3a5559ac	Delete Data, Insert Row	drops anaylsis status of 'started' and adds analysis status of 'refered'	\N	1.9.5
49	paulsc	./changeLogs.xml	2010-10-26 12:35:06.797+00	966eaef59b851e2e87dfb9c7fdaf8fc2	Create Table (x3), Custom SQL, Create Sequence (x3), Insert Row (x3)	Adds three new tables and sequences, referral and referral_reason and referral_type	\N	1.9.5
50	paulsc	./changeLogs.xml	2010-10-26 12:35:06.828+00	aee666ef695fbd8e8acb94b69f9e680	Insert Row, Update Data	Adds a analyte of 'Calculated CD4 count' and moves all cd4 count results from 'conclusion' to new analyte	\N	1.9.5
21	nixonl	RetroCITests.xml	2010-10-26 12:35:06.922+00	437f141e44ae9d4c57a23dea93fa2d	Update Data (x32)	Setting sort order for Tests by section	\N	1.9.5
32	pahill	CDIRetroCIData.xml	2010-10-26 12:35:06.953+00	3dbd5cf9627269928db6d76fe44156	Insert Row, Update Data	Move a couple of dictionary options from dictionary_category.name = 'EID How Infant Eating' to dictionary_category.name = 'EID Stopped Breastfeeding'	\N	1.9.5
51	paulsc	./changeLogs.xml	2010-11-09 16:01:15.27+00	6d3b22ea97a2dbc414cbaa7b31d2dfe	Modify Column	Expands value column of site_information table to 120 chars	\N	1.9.5
52	paulsc	./changeLogs.xml	2010-11-09 16:01:26.361+00	182954e1d1db6519fa7ef473d364ff3d	Custom SQL	removes duplicate accession numbers if they exist	\N	1.9.5
5	pahill	./changeLogs.xml	2010-11-09 16:01:36.345+00	fb69788feb9c4f52f40fa631fbe589a	Drop View, Modify Column, Custom SQL (x2), Drop Table	getting rid of extended accesion number table.	\N	1.9.5
53	paulsc	./changeLogs.xml	2010-11-09 16:01:36.377+00	36cd658d3c8dfae1cbb43f1918720d0	Add Column	Adding a canceled column to referral table so we know what to do with users changing their minds	\N	1.9.5
36	pahill	CDIRetroCIData.xml	2010-11-09 16:01:36.423+00	b78218bd8d2456f578a3d4efd26598c4	Insert Row (x5)		\N	1.9.5
54	paulsc	./changeLogs.xml	2010-12-08 09:56:11.588+00	39edd922fad9e261519e147bc54b2e79	Create Table, Create Sequence, Insert Row, Custom SQL	Adds a referral results table since there may be more than one result per referral	\N	1.9.5
55	paulsc	./changeLogs.xml	2010-12-08 09:56:11.65+00	559e60d152a21b8013a858607977eeb5	Drop Column, Add Column, Custom SQL	Drops the external result id from referral table.  A referral results table has been created. Add request date	\N	1.9.5
56	paulsc	./changeLogs.xml	2010-12-08 09:56:11.666+00	b4a1fd9bbd539bfa40afe8d4f911fbce	Insert Row	Adding referralLab as an organization type if it does not exist	\N	1.9.5
57	paulsc	./changeLogs.xml	2010-12-08 09:56:11.697+00	fa09bd41035d7c3bf1837a81005128	Modify Column	Changing the type for referral_result column result_id from integer to numeric	\N	1.9.5
38	pahill	CDIRetroCIData.xml	2010-12-08 09:56:11.728+00	a1a51db7d18141a91cb7ea2de8e20b2	Insert Row	Adding one Observation History Type for Under Investigation	\N	1.9.5
1	paulsc	version.xml	2011-10-04 08:12:11.793+00	90f9cba928f5261b56cc45e253a911ea	Insert Row	Adds the release to site information table	\N	1.9.5
58	paulsc	./changeLogs.xml	2010-12-22 12:26:37.48+00	ee32c6a5a295f75aca32826fdbf628d9	Drop Column	drops the referral recieved date column from referral_result table	\N	1.9.5
7	pahill	./changeLogs.xml	2010-12-22 12:26:37.526+00	c825af2b1c6445b5968a3d8ac502f2c	Add Column, Custom SQL	Add section and authorization text columns to the sample_qaevent table	\N	1.9.5
59	paulsc	./changeLogs.xml	2010-12-22 12:26:37.558+00	39c46129a1c2505b4937e61c34e18a8c	Delete Data	Fix for accidental removal of id number	\N	1.9.5
39	pahill	CDIRetroCIData.xml	2011-01-05 11:52:24.037+00	6ee074adfe1a45e5c21aa4dfc88c4d1	Custom SQL	Make sure all test sections have language resource names.	\N	1.9.5
60	paulsc	./changeLogs.xml	2011-01-20 09:48:08.473+00	be61f9dd7d2e783dc7b554b6c1c6e8	Custom SQL	Add default for minnesota only value in orginaztion table	\N	1.9.5
61	paulsc	./changeLogs.xml	2011-01-20 09:48:08.504+00	3c40cb39dfa443a51cc98855f372f5fc	Insert Row	Adds a test result type of M (for multi select )	\N	1.9.5
1	pahill	util/SystemUtil.xml	2011-01-27 12:31:45.26+00	256ac56c3a7c20999e9d59b9f414246c	Custom SQL (x3)	This is for Retro CI's demonstration database:\n   \t\t\t1. Change technical rejected results 'XXXX' into 54.321\n   \t\t\t2. Move Biologist Rejection to Valid\n   \t\t\t3. Move Technical Rejected to Valid	\N	1.9.5
62	paulsc	./changeLogs.xml	2011-02-14 09:44:41.347+00	24bdc45e6d03e552710b41d932f8f5	Add Column, Custom SQL	Adds a min and max normal range to result table	\N	1.9.5
64	paulsc	./changeLogs.xml	2011-02-14 09:44:41.378+00	e3c0f434834e9c4ae6d7f4b839d7d4b	Drop Column	Removes hl7_transmission_code column from test table if it exists	\N	1.9.5
65	paulsc	./changeLogs.xml	2011-02-14 09:44:51.986+00	727cb35a2821737d995b377401258a2	Create Sequence, Create Table (x3), Custom SQL	Adds tables to support data exchange with other organizations	\N	1.9.5
66	paulsc	./changeLogs.xml	2011-03-08 12:03:20.249+00	c894868538c62d4a6bad0a55e244217	Insert Row	Adds a dictionary category for initial sample condition	\N	1.9.5
67	paulsc	./changeLogs.xml	2011-03-08 12:03:20.28+00	cfbd3e7e84ce1567f7f132652bad723	Drop Table	droping unused result_context table	\N	1.9.5
68	paulsc	./changeLogs.xml	2011-03-08 12:03:20.296+00	44bcc47c6911d33b97db7612c9b6694f	Insert Row	Addes referring site as an org type	\N	1.9.5
71	paulsc	./changeLogs.xml	2011-03-08 12:03:20.311+00	263ae35f9b11316adac03f67cf83d95	Delete Data	Remove unused org types from retroCI and  CI LNSP	\N	1.9.5
69	paulsc	./changeLogs.xml	2011-03-08 12:03:20.42+00	6a8c553a2fc1d742a0711b3ba3966f35	Drop View, Modify Column, Custom SQL	widening the name column of the organization table to 80 char	\N	1.9.5
70	paulsc	./changeLogs.xml	2011-03-08 12:03:20.436+00	72feb86f23a26442b56534d955524d58	Add Column, Custom SQL	adds a sample_id column to observbation history	\N	1.9.5
72	paulsc	./changeLogs.xml	2011-03-08 12:03:20.467+00	51c4bc5b4479e0cc6b363c144424d29a	Create Sequence	Adds a sequence for requester_type	\N	1.9.5
73	paulsc	./changeLogs.xml	2011-03-08 12:03:20.514+00	127c50cdfbba9d30a68de0da61a666c	Add Column, Custom SQL	Adds a column to the site information table to note if the entry should be encrypted	\N	1.9.5
75	paulsc	./changeLogs.xml	2011-03-08 12:03:20.576+00	41438ed5113fba6eece038b3855684c	Create Table, Custom SQL	Adds hl7 dictionary value table to support data exchange with other organizations	\N	1.9.5
76	paulsc	./changeLogs.xml	2011-03-08 12:03:20.592+00	14a334981a2941a5b36142cd12d2325c	Insert Row (x4)	Adds the hl7 related tables to the history table	\N	1.9.5
40	pahill	CDIRetroCIData.xml	2011-03-08 12:03:20.623+00	77c56037e66627da3c4fa54cbbf59f0	Custom SQL	Makes sure the UNKNOWN patient is really empty.	\N	1.9.5
77	paulsc	./changeLogs.xml	2011-05-24 11:50:16.041+00	8b2421bc5f4e754eeb65e29768cb9bd	Insert Row	Adds referral in as a analysis status type	\N	1.9.5
78	paulsc	./changeLogs.xml	2011-05-24 11:50:16.104+00	febe9a5e68bd08772bc1857b07335a2	Add Column, Custom SQL	Adding external_id and collection date to sampleItem	\N	1.9.5
79	paulsc	./changeLogs.xml	2011-05-24 11:50:16.509+00	b7663d835492c19a815fa74a0d6ca8f	Create Table, Create Sequence, Create Table (x2), Custom SQL	Adds an address part table	\N	1.9.5
80	paulsc	./changeLogs.xml	2011-05-24 11:50:16.806+00	e0d845c75f4d6b71efaf788a2a3dd6c6	Custom SQL	Drops all of the tables for OpenReports	\N	1.9.5
81	paulsc	./changeLogs.xml	2011-05-24 11:50:16.821+00	7b1fedd26243431c13de221446cfa78	Insert Row (x3)	Inserts the address tables into the reference table	\N	1.9.5
82	paulsc	./changeLogs.xml	2011-05-24 11:50:16.915+00	2cc66814bcc7433fd4e1869e573cb39	Drop Table (x2), Create Table, Insert Row, Create Sequence, Custom SQL	Drops the organization_contact table and then re-adds it with fewer columns	\N	1.9.5
74	paulsc	./changeLogs.xml	2011-10-04 08:12:11.809+00	6244f82fff533c57bf61ef6b643a535	Update Data	Sets the iSante patient service password to encrypted	\N	1.9.5
83	paulsc	./changeLogs.xml	2011-05-24 11:50:16.946+00	58cd43b1d1c9f3e1436053a9f25522	Delete Data	removes duplicate entries in sampletype_test table	\N	1.9.5
84	paulsc	./changeLogs.xml	2011-05-24 11:50:17.086+00	6d38acdb8aff3bfe1a15fe12eb301a5f	Modify Column, Custom SQL	Widens the name of the 'name' column of the test table and then copies the description over	\N	1.9.5
88	paulsc	./changeLogs.xml	2011-05-24 11:50:17.118+00	aeb57b3b452bdfdf52525561386e9910	Insert Row	Adds allowLanguageChange to site_information	\N	1.9.5
19	paulsc	CDIRetroCIData.xml	2011-05-24 11:50:17.383+00	8ae11bc0bada6f7d81ca0d9d08929	Modify Column, Insert Row (x5)	Adds Evolis analyzer	\N	1.9.5
20	paulsc	CDIRetroCIData.xml	2011-05-24 11:50:17.492+00	3016a5bfc17f4a6dab8b335fc2d361	Custom SQL	Adds missing rows to sample_project based on the observation history	\N	1.9.5
86	paulsc	./changeLogs.xml	2011-05-24 11:50:17.539+00	2c273d676c02d3d3f77f6aaa6c47f47	Add Not-Null Constraint	Sets the name column on the test table to non-nullable	\N	1.9.5
87	paulsc	./changeLogs.xml	2011-05-24 11:50:17.539+00	dbf1c088b125d0c21c1523d91b822b6b	Add Column	Adds a type column to the analyzer_results table	\N	1.9.5
45	paulsc	./changeLogs.xml	2011-06-08 12:53:08.746+00	af5dc5fc449d9c3cc69f6b67abdd24	Modify Column	Expand value column of result table from 80 to 100 char	\N	1.9.5
37	nixonl	./changeLogs.xml	2011-06-08 12:53:08.762+00	9a4c6cea632f5739fc8d2ee41775819	Delete Data	Remove unused org types from retroCI and  CI LNSP	\N	1.9.5
21	paulsc	CDIRetroCIData.xml	2011-06-08 12:53:08.808+00	937a3c1128aeaddde64afd1b8e33aec	Insert Row (x2)	Adds Cobas Taqman analyzer	\N	1.9.5
22	paulsc	CDIRetroCIData.xml	2011-06-08 12:53:08.871+00	42c7daebdeba122d38833d65617ac54	Insert Row (x3)	Adds cobas_taqman module and assigns it to the  correct role	\N	1.9.5
89	pauls	./changeLogs.xml	2011-06-21 16:26:40.76+00	5fbedc63d631f0cfd24cf72f61cfac52	Insert Row (x2)	Adds LOINC and SNOMED as HL7 encoding types	\N	1.9.5
90	paulsc	./changeLogs.xml	2011-06-21 16:26:41.072+00	88393fd881123d4dc1971046b155a51b	Create Table, Add Primary Key, Custom SQL	Adds a site information domain table	\N	1.9.5
91	paulsc	./changeLogs.xml	2011-06-21 16:26:41.087+00	42d6730f6a180a4e2533afcbc786f	Add Column	Adds column to site_information table to tag them with the site information domain	\N	1.9.5
92	paulsc	./changeLogs.xml	2011-06-21 16:26:41.134+00	19aac84d3ce5ae84affddffe228be650	Update Data (x2)	fixed miss-entered units of measure	\N	1.9.5
9	paulsc	SystemProperties.xml	2011-10-04 08:12:11.622+00	a989ef75c5579ec4217f381ed31bbb	Update Data (x3)	Sets configuration items to configIdentity	\N	1.9.5
8	pahill	./changeLogs.xml	2011-06-21 16:26:41.181+00	554acbeedd9c22df5a1bfb960ce89e8	Custom SQL	Back fill test_results column, so all tests including test with (nonranged) numeric results have defined results, not just the more complex ones.	\N	1.9.5
9	pahill	./changeLogs.xml	2011-06-21 16:26:42.944+00	ab4330a4d6a7c2dfa814797190fa65	Custom SQL	Back fill to link up all result records to their test_results, now that all tests have test_results.	\N	1.9.5
10	pahill	./changeLogs.xml	2011-06-21 16:26:42.975+00	d1eefdfa5c5ad63cd96fab59b4c272e0	Custom SQL	Special Case the back fill results which are 'generated CD4 Count' analytes, so that they point at the 'CD4 absolute count'\n\t\t\tThey currently (after the previous chage), point at the same test_results which went into the calculation, i.e. 'CD4 percenta...	\N	1.9.5
95	paulsc	./changeLogs.xml	2011-07-05 13:28:06.825+00	24e6e143b313f57a4dad78ed40a92db7	Create Sequence, Insert Row	Adds the sequence and entry in in reference table for site_information_domain	\N	1.9.5
93	paulsc	./changeLogs.xml	2011-07-05 13:28:06.919+00	16d48a5d7b37ce923c6b641c348bed7	Modify Column	Widening the description column in site_information	\N	1.9.5
94	paulsc	./changeLogs.xml	2011-07-05 13:28:07.106+00	aaa258ad1af23e6db72b4f62f3f4a5b	Create Table, Custom SQL, Create Sequence, Insert Row	Adds menu table	\N	1.9.5
96	paulsc	./changeLogs.xml	2011-07-05 13:28:07.168+00	4ba91fa04ff7b3cea4f1892cf9d7e70	Add Column, Custom SQL	Adds "new_window" column to the menu table	\N	1.9.5
97	paulsc	./changeLogs.xml	2011-07-05 13:28:07.215+00	d51a7df41d2aaa3d21453d9d74d5a	Create Table, Custom SQL, Create Sequence, Insert Row	Adds a table for quartz cron jobs	\N	1.9.5
98	paulsc	./changeLogs.xml	2011-07-05 13:28:07.262+00	cc36cfaaf0b43df04376a1f126f8ef	Insert Row (x2)	Adds agregation schedule to quartz_cron_scheduler	\N	1.9.5
99	paulsc	./changeLogs.xml	2011-07-05 13:28:07.309+00	f4dc46c6342f17b66bfdf63ef56a5a2	Modify Column	Widening the menu element_id column to 40 columns	\N	1.9.5
100	paulsc	./changeLogs.xml	2011-07-05 13:28:07.356+00	8cb65c8ff16e4e675f65640f8f1dc5e	Create Table, Create Sequence, Insert Row	Adds report queue type table	\N	1.9.5
101	pauls	./changeLogs.xml	2011-07-05 13:28:07.434+00	1d8527f3a1b85fa3bf2a7fb2ef769467	Create Table, Create Index, Custom SQL, Create Sequence, Insert Row	Adds a table for queuing up aggregate information to other sites	\N	1.9.5
102	paulsc	./changeLogs.xml	2011-07-05 13:28:07.465+00	39b5792cdae23adeeef5d28535fbd49	Insert Row	Adds lab indicators as a report queue type	\N	1.9.5
41	pahill	CDIRetroCIData.xml	2011-07-05 13:28:07.48+00	66adbb5f84d6417a115554bf1f5ff88e	Insert Row		\N	1.9.5
103	paulsc	./changeLogs.xml	2011-07-29 11:20:33.539+00	50ccdaaed356dc53776a374f6b844ec5	Rename Table	Renaming report queue to report_external_export	\N	1.9.5
42	pahill	CDIRetroCIData.xml	2011-07-29 11:20:33.68+00	a33f78d221436d9060147afbdda5dcf2	Load Data	Adds more explicit observation history questions for all of the lists of diseases.  From currentDisease value=TB or priorDisease value=pneumonia to exact questions "currTB" value = yes, no etc. to support saving various NO answers (not filled in, NA ... )	\N	1.9.5
43	pahill	CDIRetroCIData.xml	2011-07-29 11:20:35.193+00	7e5992e68f544fdabcb32b947bfc9cb0	Custom SQL	Move all current diseases value = disease (dict id) to CDisease value = Yes (Yes from the proper list)	\N	1.9.5
44	pahill	CDIRetroCIData.xml	2011-07-29 11:20:36.3+00	f684ea585e9be34472898d5da4a7b2	Custom SQL	Move all ARV PRIOR diseases value = disease (dict id) to "PSomeDisease" value = Yes (Yes from proper list of Yes, No)	\N	1.9.5
45	pahill	CDIRetroCIData.xml	2011-07-29 11:20:36.534+00	11b8de5752b119d7b774585f333a9b67	Custom SQL	Move all RTN diseases from a list of diseases to one question response (OH) for each disease with the answer "yes"	\N	1.9.5
104	pauls	./changeLogs.xml	2011-10-04 08:12:07.238+00	d33940cdf6e31e19e6329bd1d457aa	Create Table, Create Index, Custom SQL, Create Sequence, Insert Row	Adds a table for receiving reports other sites	\N	1.9.5
105	paulsc	./changeLogs.xml	2011-10-04 08:12:09.75+00	d81fd9e487ac42f9f3c2a29d9610d3ee	Add Column, Update Data, Custom SQL	Add a entry date for analysis and backfill with complete date	\N	1.9.5
106	paulsc	./changeLogs.xml	2011-10-04 08:12:09.797+00	793c81205b413f35812c93f19ca2fed8	Drop Column	Drops the recalculate flag column from report_external_export	\N	1.9.5
107	paulsc	./changeLogs.xml	2011-10-04 08:12:09.859+00	2cd45d3fe4e07bae9b261875fb19c0	Drop Column, Add Column, Custom SQL	Renames the sent_flag to send_flag and changes the default	\N	1.9.5
108	paulsc	./changeLogs.xml	2011-10-04 08:12:09.875+00	d4be4d1baf1766dd984261c4768fced2	Update Data	Make the name of the non-conforming status the same for both analysis and sample	\N	1.9.5
109	paulsc	./changeLogs.xml	2011-10-04 08:12:09.89+00	1425f4f56bc6895a9f65325f6d0a4dd	Insert Row (x2)	Adding NonConforming status to db which don't already have them	\N	1.9.5
110	paulsc	./changeLogs.xml	2011-10-04 08:12:10.28+00	591ef22d7a8a60ca862a5117e6fe3ac1	Custom SQL	copies entered_date to collection date if collection_date is null for sample	\N	1.9.5
1	paulsc	Schema.xml	2011-10-04 08:12:10.483+00	f52615835c33928f2a597e19fdeb4a	Create Table, Custom SQL, Create Sequence, Create Table, Custom SQL, Create Sequence	Adds a table for tracking documents.  Includes action type table	\N	1.9.5
1	paulsc	MetaData.xml	2011-10-04 08:12:10.514+00	eadb147a4676c6d81ea768e6836012d2	Insert Row	Adds nonConformityNotification document type	\N	1.9.5
23	paulsc	CDIRetroCIData.xml	2011-10-04 08:12:11.263+00	8b8971aef4c17a21e96ae82415442211	Custom SQL, Delete Data (x2)	Move under investigation comments from observation history to note table	\N	1.9.5
24	paulsc	CDIRetroCIData.xml	2011-10-04 08:12:11.279+00	10f7f3181ebbb8c36632b2cc9310aa	Insert Row, Load Data	Adding Missed Biological Validation Roles	\N	1.9.5
26	paulsc	CDIRetroCIData.xml	2011-10-04 08:12:11.325+00	6e24fd1149aa831c644668ce847aacfd	Insert Row	Adds the FacsCanto analyzer	\N	1.9.5
28	paulsc	CDIRetroCIData.xml	2011-10-04 08:12:11.357+00	37553406092b6fd25301825e2a5e42	Load Data (x2)	Adds modules and roles for facsCanto analyzer	\N	1.9.5
29	paulsc	CDIRetroCIData.xml	2011-10-04 08:12:11.388+00	5eb47811ce9921361a21bd8f3eb8	Update Data (x2)	Inactivates unused tests	\N	1.9.5
1	paulsc	SystemProperties.xml	2011-10-04 08:12:11.435+00	a42d61269b16bbf1a6d216955c8fc	Modify Column	widens the description column for site_information	\N	1.9.5
2	paulsc	SystemProperties.xml	2011-10-04 08:12:11.528+00	834ef11c21f581bc8b72662ca6bcd8e	Insert Row (x16)	Sets up the site information domains and sets up the system information rows	\N	1.9.5
3	paulsc	SystemProperties.xml	2011-10-04 08:12:11.544+00	efc15cb07a3023829ea96f74ef28c34	Insert Row	Adds a send status item in site-informat	\N	1.9.5
5	paulsc	SystemProperties.xml	2011-10-04 08:12:11.575+00	2926b3551dd4238a60cb1ad3e52ed67	Update Data (x2)	changes resultReporting row of site_information from true/false to enable/disable	\N	1.9.5
6	paulsc	SystemProperties.xml	2011-10-04 08:12:11.591+00	e14b6af3dbd76ce199ee433e1e9cd051	Insert Row (x2)	Adds the resultReporting rows to site_information	\N	1.9.5
7	paulsc	SystemProperties.xml	2011-10-04 08:12:11.591+00	352f0dd50a8193bee8c8b3c7dd6feb3	Insert Row	Adds another site information entry setting for configuration identifiers	\N	1.9.5
8	paulsc	SystemProperties.xml	2011-10-04 08:12:11.606+00	d910b5b55d7b06e7f99aac06a51a0	Insert Row	Adds another site information entry setting for configuration identifiers	\N	1.9.5
2	paulsc	Schema.xml	2011-10-06 08:27:43.975+00	207dd9f9d8b31d30dbb3603bcaecfa9	Create Index	Adds an index to the sample_id column of the observation_table	\N	1.9.5
30	paulsc	CDIRetroCIData.xml	2011-10-21 10:48:04.192+00	e5a27d69d246f25d7d922aa1c6b7ad0	Delete Data	Deletes 'NE#', 'MO#' ,'BA#' ,'LY#' ,'EO#' from the analyzer table	\N	1.9.5
111	paulsc	./changeLogs.xml	2011-11-02 20:13:29.741+00	eec92123b3c56f2ddc9a5b06382cce	Add Column, Modify Column, Custom SQL	adds an active column to system_roles	\N	1.9.5
112	paulsc	./changeLogs.xml	2011-11-02 20:13:29.772+00	5df8e7a6ff2ab340e112427796fff99b	Insert Row	Adds a resultUpdater role	\N	1.9.5
2	paulsc	MetaData.xml	2011-11-02 20:13:29.794+00	7e21d299328e6ef77d3b77484823955	Insert Row (x3)	Adds a results site-information domain and adds modifier role required to site information	\N	1.9.5
2	paulsc	version.xml	2011-11-02 20:13:29.814+00	bb5b6659c45229a833da1b4518c0837c	Update Data	The current release number for OpenElis.  Update after each release	\N	1.9.5
3	paulsc	Schema.xml	2012-09-25 21:28:53.994719+00	cdd4ca59d9fd9cda8e0178cbe1d289	Add Column, Custom SQL	Adds both a type and instruction key column to site_information	\N	1.9.5
4	paulsc	Schema.xml	2012-09-25 21:28:54.038339+00	d336957c272023b9fd999d13c770e7	Modify Column	Widen site_information value to 200 char	\N	1.9.5
8	paulsc	Schema.xml	2012-09-25 21:28:54.058546+00	f79cdb152c1cb933ea3aaafde6bc6ef	Add Column	The audit trail requires a lastupdated field	\N	1.9.5
9	paulsc	Schema.xml	2012-09-25 21:28:54.070631+00	9aeabacea3db843c22df799a96dde77	Add Column, Custom SQL	Adds another column for bookkeeping data	\N	1.9.5
10	paulsc	Schema.xml	2012-09-25 21:28:54.091775+00	abbe33e7642a349ce7a4112e37c3955	Modify Column	Widens the panel name to 32	\N	1.9.5
11	paulsc	Schema.xml	2012-09-25 21:28:54.116054+00	10f276f924df5faede3aad18c89dccc	Add Column	Adds an inactive column to sample types	\N	1.9.5
12	paulsc	Schema.xml	2012-09-25 21:28:54.126482+00	5ed4919a6f8d38fb24b0537f87d5c3b	Add Column	Adding a foreign key to the test table so we don't have to depend on names not changing	\N	1.9.5
13	paulsc	Schema.xml	2012-09-25 21:28:54.196753+00	52d51218cfa24151c8479e1087a4dc4a	Add Column (x3), Add Default Value	Adds sort order to panel, sample type and test sections	\N	1.9.5
14	paulsc	Schema.xml	2012-09-25 21:28:54.21354+00	a42d61269b16bbf1a6d216955c8fc	Modify Column	widens the description column for site_information	\N	1.9.5
15	paulsc	Schema.xml	2012-09-25 21:28:54.226505+00	972be63731884a8bc1bde359f8b4df	Add Column, Drop Column, Custom SQL	add normal dictionary value to result range and remove units	\N	1.9.5
16	paulsc	Schema.xml	2012-09-25 21:28:54.266617+00	7b80a2c74185ba4ade18187fc88759	Modify Column	Expands the test description to 120 char	\N	1.9.5
17	paulsc	Schema.xml	2012-09-25 21:28:54.292714+00	f96f7a82e9cbd238624c6677bd518ca	Add Column, Custom SQL	Adds a group and schedule column to site_information table	\N	1.9.5
18	paulsc	Schema.xml	2012-09-25 21:28:54.331723+00	1843343ac74b4c1a8d091c5e62d2291	Add Column	Adds a is active column to test_section	\N	1.9.5
19	paulsc	Schema.xml	2012-09-25 21:28:54.390046+00	cc201a1c76ea5a1b227288b8d07f733	Modify Column	Widens the phone number columns for the person table	\N	1.9.5
3	paulsc	MetaData.xml	2012-09-25 21:28:54.404221+00	a760f73ffb86a88d62e95703039174	Update Data (x3)	Sets the value_type of several rows to 'boolean' in the site_information table	\N	1.9.5
4	paulsc	MetaData.xml	2012-09-25 21:28:54.416591+00	3591f44d6c52d9332f97e4af36a98a4e	Insert Row (x3)	This will add three new rows to the site_information table	\N	1.9.5
5	paulsc	MetaData.xml	2012-09-25 21:28:54.424818+00	4350ee5334d484de497799da38efaed	Insert Row	Adding biologist fail indicator on results page to site_information	\N	1.9.5
6	paulsc	MetaData.xml	2012-09-25 21:28:54.434126+00	593a64eafd1f14b4766c0c856375c98	Update Data	Setting the name of the status for analysis being done to 'Finalized'	\N	1.9.5
7	paulsc	MetaData.xml	2012-09-25 21:28:54.448346+00	15b7dccbe2aad291532f74095c37fc1	Insert Row (x5)	Adds missing tables to reference_tables	\N	1.9.5
8	paulsc	MetaData.xml	2012-09-25 21:28:54.458203+00	42be182526331934b4bc52f13303e53	Insert Row	Add site name to site_information table	\N	1.9.5
9	paulsc	MetaData.xml	2012-09-25 21:28:54.464923+00	6860d816c84876ac7b78e547ecc854f	Insert Row	Add lab director to site_information table	\N	1.9.5
10	paulsc	MetaData.xml	2012-09-25 21:28:54.4779+00	73c755e3d567e2a031a63a23d7785d2	Insert Row	Adds results as a report queue type	\N	1.9.5
11	paulsc	MetaData.xml	2012-09-25 21:28:54.488806+00	9b1c837e7fc3c19fe262d60828af6e4	Insert Row	Adds data export as a document type	\N	1.9.5
12	paulsc	MetaData.xml	2012-09-25 21:28:54.497613+00	573df289f0b04c703f52ebeee1f2a71	Insert Row	Add flag for using logo to site_information table	\N	1.9.5
13	paulsc	MetaData.xml	2012-09-25 21:28:54.520413+00	bdd2760762bc953bf7aff4dafa19828	Update Data	Changing all of the passwords in the site information to be visible.	\N	1.9.5
14	paulsc	MetaData.xml	2012-09-25 21:28:54.53872+00	2aeb5107a7dd88a9b2cae1f975153f9	Insert Row (x4)	Adds payment dictionary category and populates it	\N	1.9.5
15	paulsc	MetaData.xml	2012-09-25 21:28:54.555361+00	4c49fbb94c561c87e2d107d80287d49	Insert Row	Adds observation_history_type for payment status	\N	1.9.5
16	paulsc	MetaData.xml	2012-09-25 21:28:54.565628+00	787fdd1a5e8819c37bc7eaf324043d6	Insert Row	Add flag for using pop-up when the result is out of valid range to site_information table	\N	1.9.5
17	paulsc	MetaData.xml	2012-09-25 21:28:54.617029+00	b98c56963ddebe287563c9608ccd52e	Update Data	Sets all of the analysis revision counts to 1 which have a completion date	\N	1.9.5
18	paulsc	MetaData.xml	2012-09-25 21:28:54.624566+00	b73cfcad3ab8a0457de21e08449bac7	Insert Row	Adds TrainingInstallation to any DB which does not already have it	\N	1.9.5
19	paulsc	MetaData.xml	2012-09-25 21:28:54.634119+00	8c8f95ecc9e3118576611ccb8420f4	Insert Row	Adds Malaraia case reporting as a queue type	\N	1.9.5
20	paulsc	MetaData.xml	2012-09-25 21:28:54.643372+00	6fb2a12c30d5b6fb7a87c863f71f88	Insert Row	Adds malaria case document type	\N	1.9.5
9	paulsc	System_Module.xml	2012-09-25 21:28:54.667378+00	e5d0e87038c227bbf5e40bac25b4acf	Modify Column	lengthen allowable name size in system_module	\N	1.9.5
1	paulsc	System_Module.xml	2012-09-25 21:28:54.7636+00	7e75434bc423fe5058a6bdd0553cf8e	Insert Row (x52), Custom SQL	Adds all of the modules to the database for all instances.\n    Can be re-run because of the de-duplication at the end of the change set	\N	1.9.5
3	paulsc	System_Module.xml	2012-09-25 21:28:54.776166+00	da73fcbc1d547f404964fc992de5db22	Insert Row (x5)	Adds new result sections	\N	1.9.5
4	paulsc	System_Module.xml	2012-09-25 21:28:54.785793+00	336e8d3be59b104a943660618dda1679	Insert Row	Adding workplan panel as system module	\N	1.9.5
5	paulsc	System_Module.xml	2012-09-25 21:28:54.79443+00	98614192a8d06fc5a69de6d3524ae184	Insert Row	Adding auditlogview system module	\N	1.9.5
6	paulsc	System_Module.xml	2012-09-25 21:28:54.80287+00	18c354f1da82fb395f21a74ee03ba15a	Insert Row	Adding cobasDBS to system module	\N	1.9.5
23	paulsc	HaitiData.xml	2012-09-25 21:28:54.820325+00	a071be38f3c5c66187dcee5e2d6f18d4	Update Data (x2), Delete Data	fixes the issue with Mycobacteriology and Mycrobacteriology	\N	1.9.5
3	paulsc	RetroCITests.xml	2012-09-25 21:28:54.855221+00	d55817df1373efb2074b9f3c3e11947	Insert Row (x9)	Adds the bioline reflexes	\N	1.9.5
31	paulsc	CDIRetroCIData.xml	2012-09-25 21:28:54.864824+00	5018a6c2d6a179c973f056e59ad14e	Update Data	Sets the default for showing the invalid results icon to true	\N	1.9.5
32	paulsc	CDIRetroCIData.xml	2012-09-25 21:28:54.874649+00	c352c35ac22130c83e7b5784837a7b1d	Insert Row (x2)	Adds FacsCanto analyzer test mapping	\N	1.9.5
34	paulsc	CDIRetroCIData.xml	2012-09-25 21:28:54.885255+00	4089df91902ac333ce519d1c2199be4a	Delete Data	delete constraint for following change set	\N	1.9.5
33	paulsc	CDIRetroCIData.xml	2012-09-25 21:28:54.908756+00	b4929cc01c9b3e8a8255137759e430	Delete Data (x3)	Removes junk from dictionary and organization table	\N	1.9.5
35	paulsc	CDIRetroCIData.xml	2012-09-25 21:28:54.918601+00	40798869bc5afc8e6745a0369eb68981	Insert Row	Add NFS as panel	\N	1.9.5
36	paulsc	CDIRetroCIData.xml	2012-09-25 21:28:54.934045+00	cc25d7fe905c1978441bce8fb5dad06e	Update Data	Spreads out the sort order of tests	\N	1.9.5
37	paulsc	CDIRetroCIData.xml	2012-09-25 21:28:54.959999+00	f16aa4f43dd3eb1185928e1afa3bbf	Insert Row, Custom SQL, Insert Row (x3)	Adds Bioline test	\N	1.9.5
38	paulsc	CDIRetroCIData.xml	2012-09-25 21:28:54.969434+00	2e14256746458533b8ba1b44c2a98a7	Insert Row	Adds extras Cobastaqman analyzer test mapping	\N	1.9.5
14	paulsc	SystemProperties.xml	2012-09-25 21:28:54.988819+00	82e7dd465515358a121d3189b6256c93	Insert Row (x2)	Adds sampleEntryConfiguration to site information domain and adds trackPaymentInformation to site_information	\N	1.9.5
1	kaseyc	SystemProperties.xml	2012-09-25 21:28:55.006043+00	b24ea85a4a7739c2262565123b3934c	Insert Row (x7)		\N	1.9.5
3	kaseyc	SystemProperties.xml	2012-09-25 21:28:55.016769+00	25e3d448491b922e5be67626387861c	Update Data (x6)	migrating configurations from code to database for ciLNSP	\N	1.9.5
15	paulsc	SystemProperties.xml	2012-09-25 21:28:55.037123+00	348187725f3489e74f1c9dd2184e412a	Update Data (x4), Insert Row (x5)	Adds malaria Surveillance and aggregate reporting	\N	1.9.5
16	paulsc	SystemProperties.xml	2012-09-25 21:28:55.046865+00	e4705dba17449d999628aff6f75afb62	Insert Row	Adds enable test usage reporting rows to site_information	\N	1.9.5
17	paulsc	SystemProperties.xml	2012-09-25 21:28:55.053151+00	5670ae36f795aad7e77c0d25930fa	Update Data		\N	1.9.5
3	paulsc	version.xml	2012-09-25 21:28:55.163933+00	7594a536bffa1e9252cc2677e1c1e5a	Delete Data	Removes the release number from the database.  It is now in build.properties.	\N	1.9.5
1	paulsc	OE2.7/Schema.xml	2012-09-25 21:28:55.181918+00	9d612fb46dace77647b71a6caec4f4c	Add Column, Custom SQL	Adds dictionary type to site information	\N	1.9.5
4	paulsc	OE2.7/Schema.xml	2012-09-25 21:28:55.367936+00	36a21931c59571986214c5a557966a6a	Update Data (x4), Insert Row (x2), Custom SQL, Update Data, Add Not-Null Constraint	Adds status id to sampleItem	\N	1.9.5
5	paulsc	OE2.7/Schema.xml	2012-09-25 21:28:55.390436+00	51d7a0e15de2c9bf0f3e0b121871123	Rename Table (x2), Rename Column (x2), Custom SQL	changing hl7 codes to a more general test code	\N	1.9.5
6	paulsc	OE2.7/Schema.xml	2012-09-25 21:28:55.405549+00	c0286d0b3baa66e488c50fa80294f8f	Drop Table	drop the dictionary_hl7_code table	\N	1.9.5
7	paulsc	OE2.7/Schema.xml	2012-09-25 21:28:55.419347+00	60bdc87d2ec022abed48245973ee717d	Update Data (x2), Delete Data	Update the reference_tables to reflect the changes in the table names	\N	1.9.5
8	paulsc	OE2.7/Schema.xml	2012-09-25 21:28:55.548761+00	78cf3fd8cbed5fe6316b8e5892df84c	Create Sequence (x2), Create Table (x2), Custom SQL	Adds tables to support lab order types and members of those types	\N	1.9.5
9	paulsc	OE2.7/Schema.xml	2012-09-25 21:28:55.560346+00	eec9e1e3fc48c08c984a134733d4753	Add Column, Custom SQL	Adds collector column to sample item	\N	1.9.5
10	paulsc	OE2.7/Schema.xml	2012-09-25 21:28:55.575735+00	be3d379ac2325a3083e3289edd3e265	Custom SQL	Allows deletion from organization_organization_type to cascade to organization	\N	1.9.5
11	paulsc	OE2.7/Schema.xml	2012-09-25 21:28:55.592711+00	752fa96f9dc87ddc0865581a5289eac	Custom SQL	Allows deletion from organization_organization_type to cascade to organization	\N	1.9.5
1	paulsc	OE2.7/MetaData.xml	2012-09-25 21:28:55.607107+00	62f553ee2b9a731b730267103d908c	Insert Row (x5)	Adds dictionary value for default languages and new entry for site information	\N	1.9.5
2	paulsc	OE2.7/MetaData.xml	2012-09-25 21:28:55.616175+00	182e2361ad9440b12d3252c613ef6342	Insert Row	Adding configuration name to site information	\N	1.9.5
3	paulsc	OE2.7/MetaData.xml	2012-09-25 21:28:55.626483+00	6ed01e5cacc156488c821f29b5144ca	Insert Row (x2)	Add analyze and billing code to test code type	\N	1.9.5
6	paulsc	OE2.7/MetaData.xml	2012-09-25 21:28:55.636296+00	34338eac9a9e63de6677856c782ba47	Insert Row	adds condenseNFS as a configuration property	\N	1.9.5
7	paulsc	OE2.7/MetaData.xml	2012-09-25 21:28:55.646901+00	798ce246e8635d61e38da4961c3b7f7	Custom SQL	Adds new address parts	\N	1.9.5
8	paulsc	OE2.7/MetaData.xml	2012-09-25 21:28:55.657029+00	27c8459ce0d6bedd1eabae64b835dff	Insert Row	Adds Education Level Demographic Information as dictionary category if it does not exist	\N	1.9.5
9	paulsc	OE2.7/MetaData.xml	2012-09-25 21:28:55.666157+00	3c17f14d24d6a875fa3287be6711fd99	Insert Row	Adds Marital Status Demographic Information as dictionary category if it does not exist	\N	1.9.5
10	paulsc	OE2.7/MetaData.xml	2012-09-25 21:28:55.675038+00	8a987115a479448218de8e6d5d61cc7	Insert Row	Adds Nationality Demographic Information as dictionary category if it does not exist	\N	1.9.5
11	paulsc	OE2.7/MetaData.xml	2012-09-25 21:28:55.691863+00	4b431a91bb4db73a1e5ae3b3bfa96f	Insert Row (x6)	Adds education, marital status and nationality to patient identity type	\N	1.9.5
12	paulsc	OE2.7/MetaData.xml	2012-09-25 21:28:55.701188+00	404f29a3d0d159f8aa4e653a841eca0	Insert Row	Adds role needed to view patient results	\N	1.9.5
13	paulsc	OE2.7/MetaData.xml	2012-09-25 21:28:55.709489+00	abf9d4e71a1a309c796b48446331c9a	Update Data	Correcting Status of sample for analysis non_conforming	\N	1.9.5
14	paulsc	OE2.7/MetaData.xml	2012-09-25 21:28:55.717775+00	7aac3e7647be7fc839dc1f0bbfeac56	Update Data	Correcting Status of sample for analysis non_conforming	\N	1.9.5
1	paulsc	OE2.7/RetroCIData.xml	2012-09-25 21:28:55.727819+00	fd6784c8e6d61be736bd3e53321a27e7	Update Data	Set the configuration name	\N	1.9.5
2	paulsc	OE2.7/RetroCIData.xml	2012-09-25 21:28:55.741655+00	e9b561a059ff6f2b2ace840d38c3d	Update Data, Insert Row	Updates test reflexes to support selection of GenieII or Bioline	\N	1.9.5
3	paulsc	OE2.7/RetroCIData.xml	2012-09-25 21:28:55.760545+00	9b4b31d2a42faf924591934bef3785bb	Update Data (x2), Insert Row (x2), Update Data (x2)	Updates test reflexes to support selection of GenieII or Bioline for positive murex and integral	\N	1.9.5
4	paulsc	OE2.7/RetroCIData.xml	2012-09-25 21:28:55.768196+00	493e9e5dabc77df860efd094a6278	Update Data	sets site information for condenseNFS to true	\N	1.9.5
5	paulsc	OE2.7/RetroCIData.xml	2012-09-25 21:28:55.780101+00	a0a68b33dd4591cef66bb743eeb3e163	Insert Row	Adds the show patient module to biologist	\N	1.9.5
6	paulsc	OE2.7/RetroCIData.xml	2012-09-25 21:28:55.788228+00	1e1929608a13aefa12d179c02d6a7b72	Update Data	Sets role needed to view patient info to true in site information	\N	1.9.5
7	paulsc	OE2.7/RetroCIData.xml	2012-09-25 21:28:55.797793+00	19194b22c39bacb3fc5a2b92dc5ccdd	Insert Row	Adds the Cobas DBS analyzer	\N	1.9.5
8	paulsc	OE2.7/RetroCIData.xml	2012-09-25 21:28:55.805879+00	5c7d48ca4887a826f98cf9fd5dd1949	Insert Row	Add the mapping between the cobasDBS and test name	\N	1.9.5
6	paulsc	OE2.8/OE2.8.1/RetroCIData.xml	2012-12-06 23:32:10.95889+00	5381e21135a86c0c55b2f43f9ff7	Insert Row (x7)	adding Cobas C311 role and adding correct modules to role	\N	1.9.5
9	paulsc	OE2.7/RetroCIData.xml	2012-09-25 21:28:55.819251+00	2ca12f296fc339ecf7ef7bfeb8cc5732	Insert Row, Delete Data, Insert Row, Delete Data (x2)	Adds new role, patient reports, and move patient search from current role to the new role	\N	1.9.5
10	paulsc	OE2.7/RetroCIData.xml	2012-09-25 21:28:55.830583+00	523e85ca483fa5feb53c29c76d6a065	Custom SQL	Sets the test reporting description to be the same as the test name	\N	1.9.5
11	paulsc	OE2.7/RetroCIData.xml	2012-09-25 21:28:55.845315+00	4049b6ad3152bc66ce57adc3e7285c6b	Insert Row (x5)	Adds the show patient module to biologist	\N	1.9.5
1	paulsc	OE2.8/Schema.xml	2012-09-25 21:28:55.8581+00	a8fa7e8f4b7bc09285a769d187861346	Add Column, Custom SQL	Adds report name column to document_tracking	\N	1.9.5
2	paulsc	OE2.8/Schema.xml	2012-09-25 21:28:56.932551+00	d9c1f2b2d171bf82dbbb2ded907e59db	Custom SQL	Adds an index to history table	\N	1.9.5
3	paulsc	OE2.8/Schema.xml	2012-09-25 21:28:56.943188+00	c2f2ce92af99bafa32a716186e4e17	Delete Data, Add Not-Null Constraint (x2)	Remove entries in system_role_module table where the role_id is null and then add non-null constraints	\N	1.9.5
1	paulsc	OE2.8/MetaData.xml	2012-09-25 21:28:56.952155+00	de8068a21c185cfa21449e168a09d91	Insert Row	Adds a new document type for document tracking	\N	1.9.5
1	paulsc	OE2.8/RetroCIData.xml	2012-09-25 21:28:56.961396+00	c98978bdb953fbe412a2d30f57a8f72	Insert Row	Adds the module workplan:panel to Results entry role	\N	1.9.5
2	paulsc	OE2.8/RetroCIData.xml	2012-09-25 21:28:56.972309+00	e2994152afe0c2393f19eaef316661d4	Delete Data, Insert Row (x2)	Rolls back the change from above and adds the AuditTrailView to a new Role	\N	1.9.5
3	paulsc	OE2.8/RetroCIData.xml	2012-09-25 21:28:56.982196+00	9b5339d4729aaea31bf33c7aed55b1e	Insert Row	Adds new mapping to analyzer test map table	\N	1.9.5
4	paulsc	OE2.8/RetroCIData.xml	2012-09-25 21:28:56.99302+00	c4cfc04d51cedb44b322f999ef647e	Insert Row (x2)	Adds a CobasTaqman DNA PCR role and matches it with the module	\N	1.9.5
7	paulsc	System_Module.xml	2012-09-26 17:01:10.876296+00	e633bf0714e0b580c37465fd65a2a2	Insert Row	Adding validation:molecular biology to system module	\N	1.9.5
4	paulsc	OE2.8/Schema.xml	2012-09-26 17:01:11.226132+00	9fc3b6f966484b521b3b9f24e3561b	Add Column, Custom SQL	Adds a column to the patient table to represent how birthdates were entered	\N	1.9.5
5	paulsc	OE2.8/Schema.xml	2012-09-26 17:01:11.755903+00	429675cbecbb2f2265a16626176412d	Create Table (x2), Create Sequence (x2), Insert Row, Custom SQL	Adding an qa_observation_type and a qa_observation table	\N	1.9.5
6	paulsc	OE2.8/Schema.xml	2012-09-26 17:01:11.76856+00	b03954143e68a1ab49a07511518db42c	Insert Row (x3)	Adds first set of metadata to qa_observation_type so we can do the following update	\N	1.9.5
7	paulsc	OE2.8/Schema.xml	2012-09-26 17:01:11.794956+00	55271d481f759a936887adc968b4c81b	Custom SQL, Drop Column (x2)	Moves qa observation data from sample_qaevent table and then drops the columns	\N	1.9.5
8	paulsc	OE2.8/Schema.xml	2012-09-26 17:01:11.804286+00	95f62271f6cad7d57f6b4a7e7165317f	Add Column	Adds entered date to sample_qaevent	\N	1.9.5
9	paulsc	OE2.8/Schema.xml	2012-09-26 17:01:11.934343+00	4bf3d56cdafecf82398b2e420f53b71	Modify Column	widen the local_abbrev column in test	\N	1.9.5
2	paulsc	OE2.8/MetaData.xml	2012-09-26 17:01:11.996177+00	ea24d19dfa7f8a7982eb1af396974fa	Insert Row (x2)	Adds ability to turn page numbers on and off to site_information	\N	1.9.5
3	paulsc	OE2.8/MetaData.xml	2012-09-26 17:01:12.012256+00	879a1d8581a308946bf342f822bec7a	Update Data	Moves lab director, siteName and useLogoInReport to configure reports	\N	1.9.5
4	paulsc	OE2.8/MetaData.xml	2012-09-26 17:01:12.021498+00	38f8c3bcb5bd59ae98ba44e9aa2b7422	Delete Data	Removes un-used site_information	\N	1.9.5
5	paulsc	OE2.8/MetaData.xml	2012-09-26 17:01:12.029603+00	f7cc5e77329558387ffe45edb32ca2	Update Data	Changes Border Line to Borderline in dictionary.  Only effects haiti lnsp	\N	1.9.5
10	paulsc	OE2.8/Schema.xml	2012-09-28 19:45:33.286433+00	eb1a2be0251fc4178eda4cd328b4e9	Add Column, Custom SQL	adds inactive column to status of sample table	\N	1.9.5
6	paulsc	OE2.8/MetaData.xml	2012-09-28 19:45:33.322483+00	a56f93db7f23a32cd73669e0d8945c	Update Data	makes the non-conformity an inactive status	\N	1.9.5
7	paulsc	OE2.8/MetaData.xml	2012-10-10 19:02:46.015658+00	37fb74e2476e2e7aa6cc34d1bcce8b3c	Update Data	corrects spelling for name_key for qa_event	\N	1.9.5
8	paulsc	OE2.8/MetaData.xml	2012-10-10 19:02:46.06647+00	6988b6ada895a4f9a057d78f9b26885b	Insert Row	Adds new site identity for triggering the sorting of qa_event reasons	\N	1.9.5
9	paulsc	OE2.8/MetaData.xml	2012-10-20 00:03:28.822293+00	60463e43b4c3bbf52d42f9ccc1ef47	Delete Data (x2)	Removes an extraneous system_role called enter. It ha no modules	\N	1.9.5
5	paulsc	OE2.8/RetroCIData.xml	2012-10-22 23:40:53.936196+00	a7dc503c37d7d9cdc19aa8dd493dec	Insert Row	Adds biochem role to the biochem module	\N	1.9.5
6	paulsc	OE2.8/RetroCIData.xml	2012-10-22 23:40:53.972287+00	8792df79cf8298993fd1e6d761a0cb	Insert Row (x12)	Adds modules to Facsalibur user role	\N	1.9.5
7	paulsc	OE2.8/RetroCIData.xml	2012-10-22 23:40:53.982175+00	52ec94cc12b98ca4c721fdda32789d	Insert Row	Results admin missing access to tacqman DNA	\N	1.9.5
8	paulsc	OE2.8/RetroCIData.xml	2012-10-23 17:13:05.681236+00	89d3cb942aa08077cdb233042fd38	Insert Row (x4)	maintenance admin missing access to result and report configuration	\N	1.9.5
9	paulsc	OE2.8/RetroCIData.xml	2012-10-25 17:33:20.800361+00	d55817df1373efb2074b9f3c3e11947	Insert Row (x9)	Rerunning the insertion of Bioline reflexes.  They are in the log but not in the db  Go figure	\N	1.9.5
8	paulsc	System_Module.xml	2012-11-06 00:48:14.061296+00	774a9c5a4b798cc3f7f598f9b681184	Insert Row (x8)	Adding additional validation to system module	\N	1.9.5
10	paulsc	System_Module.xml	2012-11-06 00:48:14.101401+00	c7f4754451faeecb943964e4cf1f8593	Insert Row (x3)	Adding additional validation to system module	\N	1.9.5
11	paulsc	OE2.8/Schema.xml	2012-11-06 00:48:14.574813+00	3db3a7bdf7ca4b5c4a789713af36cac	Add Column, Custom SQL	Adds new field to result_limits to support concept of always requiring extra validation	\N	1.9.5
10	paulsc	OE2.8/MetaData.xml	2012-11-06 00:48:14.592891+00	f0ff2c308ae69c5327ed9b636313f331	Delete Data	Removes un-used site information entry	\N	1.9.5
11	paulsc	OE2.8/MetaData.xml	2012-11-06 00:48:14.63254+00	cb7e62aa31982dd5fda1222d43ff65f	Insert Row	Adds new site_information item for changing workflow	\N	1.9.5
1	paulsc	OE2.8/OE2.8.1/RetroCIData.xml	2012-11-30 22:50:40.435897+00	4f21d58e43c8e34376e83e47c6b72197	Update Data	De activates the un-used tests for the ELISA algorithm	\N	1.9.5
2	paulsc	OE2.8/OE2.8.1/RetroCIData.xml	2012-11-30 22:50:40.700681+00	88fbc684374277e6dee59a5599ff3997	Insert Row, Custom SQL, Insert Row (x3)	Add Innolia as test and dictionary values for test results	\N	1.9.5
3	paulsc	OE2.8/OE2.8.1/RetroCIData.xml	2012-11-30 22:50:40.78008+00	351ff7fb543264b65ea5f788b4a6a2	Update Data, Delete Data, Insert Row (x5)	Remove unused reflexes and add those for Innolia	\N	1.9.5
4	paulsc	OE2.8/OE2.8.1/RetroCIData.xml	2012-11-30 22:50:40.795394+00	8d2f4a2111c59a561beb6567b761b610	Update Data	Drop user selection from reflex tests	\N	1.9.5
5	paulsc	OE3.3/MetaData.xml	2013-04-29 17:44:28.612167+00	d7fbec4dbd3fb806942372853f481d2	Insert Row (x2)	Add OBNumber and PCNumber as patient identity types	\N	1.9.5
5	paulsc	OE2.8/OE2.8.1/RetroCIData.xml	2012-12-06 01:15:55.523146+00	125f797fa87dc84626e89cf1eeb870f9	Insert Row (x5)	Add Cobas C311 analyzer	\N	1.9.5
11	paulsc	System_Module.xml	2012-12-06 23:32:10.702504+00	927847bcc2eb44d29c7ee227322cbf1	Insert Row	Adding additional validation to system module	\N	1.9.5
1	paulsc	OE2.9/Schema.xml	2012-12-11 00:39:53.527021+00	8cfe471f5abcc79f56e439d1b0647137	Add Column, Custom SQL	Add is_active to panel	\N	1.9.5
2	paulsc	OE2.9/Schema.xml	2012-12-11 00:39:53.585716+00	7e131a6b651e74b7806fa19175f3fe30	Add Column, Custom SQL	Adds panel_id to analysis	\N	1.9.5
1	paulsc	OE2.9/MetaData.xml	2012-12-19 19:21:48.819621+00	54cbb12f5fc5a4ea3164d42dc8e7d1a1	Insert Row	Adds ability to turn page numbers on and off to site_information	\N	1.9.5
2	paulsc	OE2.9/MetaData.xml	2012-12-19 20:15:26.420125+00	92e718bd176e7fbeda42544a114245	Insert Row	Adds ability to add site logo to reports	\N	1.9.5
3	paulsc	OE2.9/Schema.xml	2013-01-11 22:27:39.419749+00	883089ecdae52a8924d173faa1e33b27	Add Column, Custom SQL	Adds a parent key to results	\N	1.9.5
4	paulsc	OE2.9/Schema.xml	2013-01-11 22:27:39.609779+00	ad3df772dca38a25acd5e21ecbc46b9	Add Foreign Key Constraint	Adding foreign keys that seem to have been missed by liquibase	\N	1.9.5
5	paulsc	OE2.9/Schema.xml	2013-01-11 22:27:39.709948+00	e01ff7144c7ba698f6b24b3988c14d75	Add Foreign Key Constraint	Adding foreign keys that seem to have been missed by liquibase	\N	1.9.5
3	paulsc	OE2.9/MetaData.xml	2013-01-11 22:27:39.788303+00	7eeab82d81744dff3ab023cb95164b7	Insert Row	Adds a test section called user which indicates that the user selects the test section	\N	1.9.5
6	paulsc	OE2.9/Schema.xml	2013-01-23 22:54:17.324358+00	9220fa48cbf6295ae68b79cfad5966	Modify Column	Widening the panel name to 64 chars	\N	1.9.5
20	paulsc	OE2.9/testCatalogHT_LNSP/HaitiLNSPTestTemplateUpdate.xml	2013-02-15 21:23:16.446837+00	5b9043bdfaeec26253a5aa0eacb94f	Custom SQL	Update viral load to add quanitive qualification	\N	1.9.5
7	paulsc	OE2.9/Schema.xml	2013-02-19 22:25:33.062567+00	57798ba3e56a580ad94d948cbc92e3e	Modify Column	Widening the external_id of the provider to 50 chars	\N	1.9.5
8	paulsc	OE2.9/Schema.xml	2013-02-20 21:12:08.272961+00	8e6a8348fe4d84c365221ace8567319	Add Column, Custom SQL	Add new column for test to indicate that it can not be ordered.  It is only a reflex test	\N	1.9.5
4	paulsc	OE3.3/Schema.xml	2013-05-16 21:37:38.910732+00	2ab95e699f89af979c6c6092c93a48f6	Add Column, Custom SQL	Adding column to analysis table to mark if the analysis has been referred out, will replace ""referred out" status	\N	1.9.5
1	paulsc	OE3.2/MetaData.xml	2013-02-28 19:08:44.297609+00	5324f54af9fbf45c8d7ccbd7ea2f554	Delete Data (x2)	Remove unused elements from site_identity	\N	1.9.5
1	paulsc	OE3.2/RetroCIData.xml	2013-03-04 20:24:36.567535+00	39775a2e5b99aeb13ae80ba045882e	Custom SQL	Sets up new site information for CDI regional labs	\N	1.9.5
2	paulsc	OE3.2/MetaData.xml	2013-03-06 00:27:22.322959+00	c6aae29c1eb7a51d6cc97672c72d6e6f	Insert Row	Add workplan configuration to site information domain	\N	1.9.5
3	paulsc	OE3.2/MetaData.xml	2013-03-06 00:27:22.356912+00	15a37bf4778a511ba3bd7c48d4672144	Insert Row	Adds configuration property of adding subject number to accession number for workplan	\N	1.9.5
4	paulsc	OE3.2/MetaData.xml	2013-03-06 00:27:22.36757+00	be7dfc208d6e4e5efe4f4d1f88d1555f	Insert Row	Adds configuration property of adding subject number to accession number for workplan	\N	1.9.5
12	paulsc	System_Module.xml	2013-03-07 19:23:09.813573+00	6113e99758955c4c3aa7781165611638	Insert Row (x2)	Adding admin items to system module	\N	1.9.5
1	paulsc	OE3.2/Schema.xml	2013-03-14 00:26:12.773403+00	4ca69ead85247696901afc46e2cafc	Add Column, Custom SQL	Adds code column to organization table	\N	1.9.5
6	paulsc	OE3.3/MetaData.xml	2013-05-04 00:13:01.593604+00	8beb37346949223d73252d6e109bc2bd	Insert Row	Adds configuration property of adding supervisors signature to non-conformity report	\N	1.9.5
7	paulsc	OE3.3/MetaData.xml	2013-05-16 21:37:39.00013+00	60d764d810906775c4d278206fff2e46	Delete Data	Removes referred out from status_of_sample table	\N	1.9.5
2	paulsc	OE3.2/Schema.xml	2013-03-26 16:22:42.753507+00	c7b14d34474e2ffc0fa159ac1f07d2	Modify Column	Expand the home phone number for person so that it is the same length as other phone numbers	\N	1.9.5
3	paulsc	OE3.2/CrosscuttingData.xml	2013-03-28 16:06:45.189941+00	2d21a03819c8fd237d9a5a431312b8	Update Data	Turn the validation icon on by default for all sites	\N	1.9.5
1	paulsc	OE3.3/Schema.xml	2013-04-10 22:41:47.998113+00	16688fa2dac66a3674fbe6f582f0ece3	Add Column, Custom SQL	Adds new column to Sample(aka Order) table	\N	1.9.5
2	paulsc	OE3.3/CrosscuttingData.xml	2013-04-10 22:41:48.196629+00	b1e811b9858d1e88169f5c14609289bf	Custom SQL	Move external ids from provider to sample referring id	\N	1.9.5
2	jfurlong	OE3.3/Schema.xml	2013-04-10 22:59:30.44471+00	75f174413f44ba672a1fc1c4e1b27	Custom SQL		\N	1.9.5
5	jfurlong	OE3.3/Schema.xml	2013-04-10 22:59:30.706998+00	1c61e3eb58963c37e7b17281b2d1585	Custom SQL		\N	1.9.5
3	jfurlong	OE3.3/MetaData.xml	2013-04-10 22:59:30.756318+00	a76aa877cbe582a3e6e1670f461e96	Insert Row (x3)	Adds status_of_sample entries for electron_orders	\N	1.9.5
6	jfurlong	OE3.3/Schema.xml	2013-04-17 17:43:26.76817+00	85f94cf9f3f5a225d152a999f6b8ee8	Custom SQL		\N	1.9.5
2	paulsc	OE3.3/Schema.xml	2013-04-17 17:43:26.790927+00	19d97e3d20f919beea538a2f3fbd77	Custom SQL	Change the start of electronic_order_seq so it starts at 1	\N	1.9.5
3	paulsc	OE3.3/Schema.xml	2013-04-17 17:43:26.852426+00	c0ebfbf4c136fbfe2c5d650b5674841	Insert Row	Add electronic_orders to reference_tables table	\N	1.9.5
3	paulsc	OE3.3/MetaData.xml	2013-04-17 17:43:26.894899+00	cd2d7dd02eaf3ab6e085e53bddb5bade	Insert Row	Adds configuration property of enabling accepting electronic orders	\N	1.9.5
4	paulsc	OE3.3/MetaData.xml	2013-04-17 17:43:26.927161+00	dab9939a5331e1e51ff9a85713516aec	Insert Row	Adds a service user	\N	1.9.5
8	paulsc	OE3.3/MetaData.xml	2013-05-21 00:20:09.129471+00	aed2e434c482287ff0547a62116baddd	Insert Row	Adds configuration property of auto-filling collection date/time	\N	1.9.5
9	paulsc	OE3.3/MetaData.xml	2013-05-21 00:20:09.161876+00	1abb3994e1ab31489411954fa594ce6	Insert Row	Adds configuration property of space for results on workplan	\N	1.9.5
2	paulsc	OE3.3/HaitiLNSPData.xml	2013-05-21 00:20:09.171965+00	5192f7b08887aff19061a217e9fc11f3	Update Data	Sets the specimen auto date/time to false	\N	1.9.5
3	paulsc	OE3.3/HaitiLNSPData.xml	2013-05-21 00:20:09.261824+00	57af1b12d74af65216581737631f50	SQL From File	Update display order of "VIH-1 PCR Qualitatif"	\N	1.9.5
4	paulsc	OE3.3/HaitiLNSPData.xml	2013-05-28 20:25:36.009415+00	674113c75f3844df26298ad3d34dfaef	Update Data	Deactivate the malaria panel	\N	1.9.5
10	paulsc	OE3.3/MetaData.xml	2013-05-30 23:32:18.346451+00	ee4ba0e019e911b898c25eb7eb24ebc	Insert Row	Add non-conformity site_information_domain	\N	1.9.5
11	paulsc	OE3.3/MetaData.xml	2013-05-30 23:32:18.393637+00	c54228f9ed2c2cb9823918993ab8ef68	Insert Row (x2)	Add reception and sample collection as non-conformity sections	\N	1.9.5
12	paulsc	OE3.3/MetaData.xml	2013-06-06 19:07:06.828001+00	209ef8fc99754f7fea63a66478d42620	Insert Row	Making the display of referred out tests optional on patient reports	\N	1.9.5
13	paulsc	OE3.3/MetaData.xml	2013-06-14 16:59:55.653563+00	82984976834c24f13078ac9c130feab	Update Data	Correct spelling of CIRBA	\N	1.9.5
14	paulsc	OE3.3/MetaData.xml	2013-06-17 18:44:40.316086+00	2f8b4831dd583e5eb1ca6c3dfbac76e7	Insert Row	Adds site information of accession number prefix	\N	1.9.5
15	paulsc	OE3.3/MetaData.xml	2013-06-17 18:44:40.328416+00	f486252441de835dfe32f14982d6893	Custom SQL	copies the site id to the accession number prefix	\N	1.9.5
16	paulsc	OE3.3/MetaData.xml	2013-06-17 18:44:40.336679+00	f69c72c4a7ebcbe8866453eff08fd788	Update Data	Migrate all of the AlphaSiteNumYear accession formats to SiteNumYear	\N	1.9.5
2	paulsc	OE3.3/HaitiClinicalData.xml	2013-06-18 00:40:17.580566+00	7f98f1489d8294af5522df79219fa13	Update Data	change panel name to match what is in test catalog	\N	1.9.5
1	paulsc	OE3.4/MetaData.xml	2013-08-05 18:35:07.571849+00	204f1faf43c3371ffe86381bfc735b	Update Data, Insert Row (x4)	Deactivates existing payment options and adds new ones	\N	1.9.5
2	paulsc	OE3.4/MetaData.xml	2013-08-07 16:26:46.24344+00	1aea3d36b117b5476b89e2b741560e8	Insert Row	Add notes section to site configuration	\N	1.9.5
3	paulsc	OE3.4/MetaData.xml	2013-08-07 16:26:46.320959+00	7efaa212f75663c85c142bb9dde31a	Update Data	Sets all note types to external	\N	1.9.5
4	paulsc	OE3.4/MetaData.xml	2013-08-29 19:35:28.856706+00	b7f15c32bae7b9aba9cd87fd4f9cc1	Insert Row	Adds configurable phone format	\N	1.9.5
5	paulsc	OE3.4/MetaData.xml	2013-08-29 19:35:28.874534+00	5f99defae6cb573a6883d861babfb2b	Insert Row	Adds configurable phone format validation	\N	1.9.5
1	paulsc	OE3.4/Schema.xml	2013-09-19 21:31:19.27836+00	99c8e01a1efa8ecdb371603af707080	Create Sequence, Create Table, Add Foreign Key Constraint (x3), Custom SQL	Creates a new table to map tests to dictionary values with arbitrary context	\N	1.9.5
2	paulsc	OE3.4/Schema.xml	2013-09-19 21:31:19.31496+00	e16eb5dd1aeb46f36af341b1343d256	Add Column, Custom SQL	Adds a column to the sample_item table which indicates the sample type name.  Used to support arbitrary types	\N	1.9.5
3	paulsc	OE3.4/Schema.xml	2013-09-19 21:31:19.340307+00	30fc3d13c067877e891128abcff2c450	Modify Column	Lengths the uom name column	\N	1.9.5
6	paulsc	OE3.4/MetaData.xml	2013-09-19 21:31:19.35181+00	a074848179bfb8779c374c4a6eb4ff	Insert Row	Adds a sample type of variable	\N	1.9.5
7	paulsc	OE3.4/MetaData.xml	2013-09-19 21:31:19.360949+00	5f39fa4526fa12fa2cc148e8050fb90	Update Data (x2)	Adds accents	\N	1.9.5
8	paulsc	OE3.4/MetaData.xml	2013-09-19 21:31:19.377223+00	a8e441db4aa8198aa1fc4ff3b3dcff	Update Data (x2)	Remove trailing spaces in system_role name	\N	1.9.5
13	paulsc	OE3.4/MetaData.xml	2014-03-17 23:54:27.539258+00	b181af64f53bef4e311d4d455415fe2	Custom SQL	Change result notes to analysis notes.update from results to analysis.remove orphaned notes.remove duplicates from multiselects	\N	1.9.5
16	paulsc	OE3.4/MetaData.xml	2014-03-27 21:58:13.63499+00	deea62a66994364907d237ad126dd2b	Update Data	Sets validationOnlyNotesAreExternal to true	\N	1.9.5
4	paulsc	OE3.4/Schema.xml	2013-10-10 23:52:29.393588+00	86d2bf44c6c29d80f625d12a4fc87131	Custom SQL	Widen patient columns	\N	1.9.5
9	paulsc	OE3.4/MetaData.xml	2013-10-10 23:52:29.413342+00	1d071dd4f5ab376f773fa2a5a4cd29	Insert Row	Adds patient entry as configuration domain	\N	1.9.5
10	paulsc	OE3.4/MetaData.xml	2013-10-10 23:52:29.429988+00	2946d7f261aeb47a681ef3b1e79c3ae1	Insert Row	Adds allowing duplicate subject numbers as configurable item	\N	1.9.5
2	paulsc	OE3.4/RetroCIData.xml	2014-03-27 21:58:13.655066+00	d91a8be692eda2b242f1a163ce39dda	Update Data	Sets validationOnlyNotesAreExternal to false	\N	1.9.5
5	paulsc	OE3.4/Schema.xml	2013-10-29 21:00:47.709828+00	597491c227dbd478e65b373aae3ba3	Custom SQL	Widen dictionary abbrev column	\N	1.9.5
6	paulsc	OE3.4/Schema.xml	2013-10-29 21:00:48.038698+00	edfd7962244f5385413b5b941c22cf1	Drop Primary Key, Add Primary Key	Remove requester_id as a primary key memberWiden dictionary abbrev column	\N	1.9.5
7	paulsc	OE3.4/Schema.xml	2013-12-02 21:57:46.026628+00	b2cb8b6523f7c6ad7c5648b630f5c5	SQL From File	Adds an id column to sample_requester and makes it the primary key	\N	1.9.5
11	paulsc	OE3.4/Schema.xml	2014-03-26 19:26:34.93168+00	5316e2942f847fde4b4a806cb5eae188	Custom SQL	Widen type_of_test_result description column	\N	1.9.5
12	paulsc	OE3.4/Schema.xml	2014-03-26 19:26:35.159248+00	e69ac4222098ab3aecf79840354cb7ca	Add Column, Custom SQL	Adds a grouping column to result table	\N	1.9.5
8	paulsc	OE3.4/Schema.xml	2013-12-19 18:02:46.837054+00	6c9f37334fc775fc1785c3ae948cc3	Add Column, Custom SQL	Add a significant digit column to result	\N	1.9.5
1	paulsc	OE3.4/PostCatalogUpdate.xml	2013-12-19 18:02:46.902168+00	e83bcaf0682533941b1a195a2191ff	Custom SQL	Update the significant digit column in result table	\N	1.9.5
14	paulsc	OE3.4/MetaData.xml	2014-03-26 19:26:35.196141+00	6161287673112953133253b5715126	Insert Row	Add cascading multiselect to result type	\N	1.9.5
11	paulsc	OE3.4/MetaData.xml	2013-11-07 17:59:59.114451+00	66281cb1e484745df847a78d58876262	Insert Row	Adding "Test Result" as a general dictionary category	\N	1.9.5
12	paulsc	OE3.4/MetaData.xml	2013-11-07 17:59:59.152527+00	fc7de12eb5366d18b3b16310f5159817	Update Data	Update layout of VIH 1 and 2 dictionary value	\N	1.9.5
15	paulsc	OE3.4/MetaData.xml	2014-03-26 19:26:35.22343+00	f39a45586385a08ee015e0fb1c4766db	Insert Row	Add flag to send technical rejected analysis to validation	\N	1.9.5
17	paulsc	OE3.4/MetaData.xml	2014-04-29 21:42:26.263542+00	5289927022377fd6b5806cc2bd2f2554	Delete Data	drops  Patient report with no alerts from site_information table	\N	1.9.5
13	paulsc	OE3.4/Schema.xml	2014-04-17 23:35:17.697386+00	ba195d744c2df38ee326ab5b5d84394	Add Column, Custom SQL	Adds a new column to analysis table to track updates	\N	1.9.5
14	paulsc	OE3.4/Schema.xml	2014-04-29 18:28:19.793645+00	65d8b93f21345691cb6c3a515123ac4	Drop Foreign Key Constraint, Add Foreign Key Constraint	the foreign key from the analyzer.parent_result_id to result_id is now a nulling delete	\N	1.9.5
9	paulsc	OE3.4/Schema.xml	2014-02-25 00:00:01.159666+00	7513e8edf12bc11de2c0293df2c8afcf	Add Column, Custom SQL	Add is quantifiable column to test_result	\N	1.9.5
10	paulsc	OE3.4/Schema.xml	2014-02-25 00:00:01.216402+00	70c17da2542dc518c868b3db55ab8f6	Update Data (x2)	backfill test_result table and result table for the change to a boolean for is_quantifiable	\N	1.9.5
1	paulsc	OE3.4/RetroCIData.xml	2014-03-26 23:38:03.507415+00	b12935d3442c38ba15bb1cb57b26	Update Data	Sets the value for directing rejected tests to validation to false	\N	1.9.5
1	jfurlong	OE3.4/MetaData.xml	2014-05-02 03:40:26.742285+00	fe525374fa277561313f99c6faf057	Insert Row	Adding "Rejection reasons" as a general dictionary category	\N	1.9.5
2	jfurlong	OE3.4/MetaData.xml	2014-05-02 03:40:26.806664+00	98d999a6abc496861caa0dc6da5cb7f	Insert Row (x18)	Adding reasons for rejection list	\N	1.9.5
3	jfurlong	OE3.4/MetaData.xml	2014-05-02 03:40:26.823815+00	573b2b2541a4cdbc524785d1b9be91ba	Insert Row	Add reject reasons to the result page	\N	1.9.5
3	marks	menus.xml	2011-10-04 08:12:11.778+00	bc78d7bf75dd4eb085d7d9fd942182a	Insert Row (x67)	Adds the menu items for RetroCI	\N	1.9.5
4	marks	menus.xml	2014-05-19 23:50:29.397117+00	30701ed250cd92d8761636a44d99e8a1	Delete Data, Insert Row (x76)	Adds the menu items for RetroCI	\N	1.9.5
3	paulsc	OE3.2/Schema.xml	2014-05-27 22:49:29.091643+00	5385c052e227f6d4c6d17fa9aa59c82b	Modify Column	Expand the sample referring_id column so it is the same width as the provider external_id column	\N	1.9.5
1	paulsc	OE4.2/Schema.xml	2014-06-12 23:00:43.265931+00	d4ef98bb9381fe4b2649e3552a2a728	Custom SQL	Widen qa_observation value column	\N	1.9.5
1	paulsc	OE4.2/MetaData.xml	2014-06-12 23:00:43.305235+00	c1612cf7fd2f8c8eee551e3dfa7253	SQL From File	Change test section values from strings to keys to support localization	\N	1.9.5
2	paulsc	OE4.2/MetaData.xml	2014-06-12 23:00:43.365251+00	74887bc4d549f9f9f3433010f58a62b3	Custom SQL	remove spaces from test_section keys	\N	1.9.5
4	paulsc	SystemProperties.xml	2014-06-27 00:04:39.704143+00	4a79518b39ec4588de80315c3819446	Update Data	assigns siteIdenity to whatever site_information is not covered by other domains	\N	1.9.5
85	paulsc	./changeLogs.xml	2014-06-27 00:04:39.709573+00	d1a9f6876a6832bfd7616e5263cc48e9	Custom SQL	copies the description to the name column	\N	1.9.5
\.


--
-- Data for Name: databasechangeloglock; Type: TABLE DATA; Schema: clinlims; Owner: clinlims
--

COPY databasechangeloglock (id, locked, lockgranted, lockedby) FROM stdin;
1	f	\N	\N
\.


--
-- Data for Name: dictionary; Type: TABLE DATA; Schema: clinlims; Owner: clinlims
--

COPY dictionary (id, is_active, dict_entry, lastupdated, local_abbrev, dictionary_category_id, display_key) FROM stdin;
37	Y	FINAL INTERPRETATION: These results most closely indicate the presence of HIV-2 antibodies. Confirmation testing for HIV-2 will be performed at the Centers for Disease Control and Prevention on this current specimen. Please submit another specimen one month following the collection of the first specimen for repeat testing. 	2007-05-07 14:27:13	H25	3	\N
86	Y	NEGATIVE (NOT LYSED)	2006-09-20 16:30:44	\N	3	\N
87	Y	POSITIVE (LYSED)	2006-09-20 16:31:19	\N	3	\N
88	Y	No Spores Present	2007-10-09 13:29:52.416	\N	3	\N
379	Y	NONREACTIVE	2007-12-17 07:34:19.397	NR	3	\N
102	Y	acid fast bacilli	2006-10-16 15:03:56.035	\N	3	\N
103	Y	PRESENT	2006-10-02 13:57:39	\N	3	\N
105	Y	Mycobacterium not suggestive of M tuberculosis	2006-10-02 14:04:44	\N	3	\N
106	Y	Mycobacterium fortuitum	2006-10-02 14:04:56	\N	3	\N
107	Y	Mycobacterium kansasii	2006-10-02 14:05:18	\N	3	\N
108	Y	Mycobacterium species	2006-10-02 14:05:35	\N	3	\N
111	Y	1+ (rare)	2006-10-10 10:47:41	\N	3	\N
112	Y	2+ (few)	2006-10-10 10:47:43	\N	3	\N
113	Y	3+ (moderate)	2006-10-10 10:47:44	\N	3	\N
114	Y	4+ (numerous)	2006-10-10 10:47:46	\N	3	\N
119	Y	PENDING	2006-10-03 09:25:55	\N	3	\N
90	Y	DETECTED	2006-09-20 16:31:57	\N	3	\N
38	Y	FINAL INTERPRETATION: These results most closely indicate the presence of HIV antibodies (without differentiation). Please submit another specimen one month following the first specimen for repeat testing. This subsequent specimen may allow for HIV antibody confirmation and differentiation. 	2007-05-07 14:27:13	H26	3	\N
92	Y	Presumptive for Bacillus Anthracis	2007-10-09 13:33:16.867	\N	3	\N
93	Y	Bacillus anthracis	2006-10-11 14:24:46	\N	3	\N
94	Y	INCONCLUSIVE	2006-09-20 16:32:51	\N	3	\N
99	N	FLUORESCENCE NOT DETECTED	2007-12-10 08:48:42.818	\N	3	\N
100	Y	NOT TESTED	2006-09-20 16:34:09	\N	3	\N
101	Y	WARNING: PCR results are FOR RESEARCH USE ONLY and should not be used for diagnosis of disease. Patient management decisions must be based on appropriate findings by a physician and the clinical condition of the patient.	2006-10-16 15:04:01.132	\N	3	\N
109	Y	Mycobacterium tuberculosis complex	2006-10-02 14:05:58	\N	3	\N
110	Y	Mycobacterium gordonae	2006-10-02 14:06:11	\N	3	\N
116	Y	RESISTANT	2006-10-03 09:25:25	\N	3	\N
117	Y	UNINTERPRETABLE	2006-10-03 09:25:45	\N	3	\N
124	Y	Most Closely Resembles	2007-10-10 12:44:36.813	\N	3	\N
125	Y	PRESUMPTIVE	2006-10-10 09:21:47	\N	3	\N
143	Y	-	2006-11-01 10:59:32.624	\N	3	\N
56	Y	Neisseria gonorrhoeae not found 	2007-05-15 14:10:32.538	\N	3	\N
57	Y	IMPORTANT: You are legally required to return a case report form. See enclosures.	2007-05-15 14:12:02.896	\N	3	\N
122	Y	acid fast bacilli present	2006-10-10 09:08:55	\N	3	\N
123	Y	acid fast bacilli not found	2006-10-10 09:09:07	\N	3	\N
141	Y	+/-	2006-11-01 10:16:32.717	\N	3	\N
149	Y	REDUCED SUSCEPTIBILITY	2007-10-09 13:33:42.967	\N	3	\N
65	Y	INTERMEDIATE	2007-05-18 13:35:55.083	\N	3	\N
51	Y	REPEATEDLY REACTIVE	2007-05-11 15:35:34.997	\N	3	\N
53	Y	Neisseria gonorrhoeae present	2007-05-15 14:08:07.576	\N	3	\N
150	Y	Weakly Reactive	2007-10-09 13:36:48.001	\N	3	\N
169	Y	No interpretation	2007-06-15 15:56:56.402	NI	3	\N
209	Y	<2	2007-06-20 09:59:13.276	<2	3	\N
210	Y	4	2007-06-20 09:59:23.908	4	3	\N
211	Y	8	2007-06-20 09:59:33.83	8	3	\N
212	Y	>16	2007-06-20 09:59:48.261	>16	3	\N
249	Y	No growth present	2007-10-08 09:55:01.109	\N	3	\N
250	Y	Motile	2007-10-08 09:55:32.44	\N	3	\N
251	Y	Motility test inconclusive	2007-10-08 09:55:53.953	\N	3	\N
265	Y	Fluorescence detected	2007-12-27 03:07:17.178	\N	3	\N
266	Y	Bacillus anthracis DNA detected	2007-10-08 10:05:39.554	\N	3	\N
267	Y	Inconclusive for Bacillus anthracis DNA	2007-10-08 10:06:07.064	\N	3	\N
268	Y	No Bacillus anthracis DNA detected	2007-10-08 10:06:30.659	\N	3	\N
269	Y	Enrichment	2007-10-08 10:07:02.446	\N	3	\N
270	Y	Recovered isolate	2007-10-08 10:07:36.743	\N	3	\N
271	Y	Sample wash or extract	2007-10-08 10:09:14.495	\N	3	\N
272	Y	Light cycler	2007-10-08 10:09:31.913	\N	3	\N
274	Y	I cycler	2007-10-08 10:09:52.084	\N	3	\N
275	Y	Cell lysates	2007-10-08 10:12:28.743	\N	3	\N
276	Y	MasterPure complete RNA and DNA purification	2007-10-08 10:19:21.954	\N	3	\N
277	Y	Spore prep	2007-10-08 10:19:44.624	\N	3	\N
278	Y	Roche Fast Start DNA Master Hyridization Probe Kit	2007-10-08 10:25:54.483	\N	3	\N
306	Y	Variable: Bacilli in no discernable pattern	2007-10-08 07:56:05.985	\N	3	\N
307	Y	Variable: Bacilli in clusters	2007-10-08 07:56:21.999	\N	3	\N
309	Y	Variable: Cocci in chains	2007-10-08 07:57:53.608	\N	3	\N
310	Y	Variable: Cocci in no discernable pattern	2007-10-08 07:58:14.118	\N	3	\N
311	Y	Variable: Cocci in clusters	2007-10-08 07:58:29.634	\N	3	\N
312	Y	Variable: Cocci in pairs	2007-10-08 07:59:02.003	\N	3	\N
313	Y	Variable: Coccobacilli in chains	2007-10-08 07:59:25.137	\N	3	\N
334	Y	Internal	2007-10-25 10:58:02	\N	36	\N
335	Y	Warning	2007-10-25 10:58:06	\N	36	\N
16	Y	Unsat interpretation 	2007-04-24 14:16:26.355	\N	3	\N
17	Y	UNINTERPRETABLE = Bands on Western Blot suggest possible HIV vaccine recipient.	2007-05-07 14:23:44	H4	3	\N
18	Y	POSITIVE = Specific cytoplasmic staining present. Patient is positive for anti-HIV-1 antibody.	2007-05-07 14:23:44	H5	3	\N
19	Y	NEGATIVE = No specific fluorescent staining present. Patient is negative for HIV-1 antibody.	2007-05-07 14:23:44	H6	3	\N
20	Y	INDETERMINATE = Non-specific staining present. Please submit another specimen.	2007-05-07 14:23:44	H7	3	\N
21	Y	NONREACTIVE = No anti-HIV-1 antibody detected.	2007-05-07 14:23:44	H0	3	\N
22	Y	POSITIVE = Any two of the following bands present: p24, gp41, and gp120/160. Other viral bands may be present. Indicates patient is positive for anti-HIV-1 antibody.	2007-05-07 14:23:44	H1	3	\N
23	Y	NEGATIVE = No bands present indicating absence of anti-HIV-1 antibody. Please submit another OraSure (or serum) sample one month following the first sample for repeat testing.	2007-05-07 14:23:44	H2	3	\N
24	Y	INDETERMINATE = Band pattern does not meet criteria for positive. Repeatedly similar indeterminate patterns indicate bands not specific for HIV. Please submit another OraSure (or serum) sample on month following the first sample for repeat testing.	2007-05-07 14:23:44	H3	3	\N
273	N	ABI 7000	2009-07-31 10:03:29.609	\N	3	\N
381	Y	Results usually indicate syphilis.	2007-12-17 07:36:43.609	RR2	34	\N
25	Y	One or more bands are present but the blot does not meet the criteria for a positive HIV-1 Western Blot result. NOTE: The HIV-1 Western Blot confirms the presence of antibodies to HIV. This test does not always distinguish between the antibodies to HIV-1 and HIV-2 due to cross reactivity between the antibodies. If you suspect HIV-2, please contact the MDH Epidemiology at 877-676-5414 or 651-201-5414.	2007-05-07 14:23:44	H13	3	\N
26	Y	No bands present on the HIV-1 Western Blot. NOTE:The HIV-1 Western Blot confirms the presence of antibodies to HIV. This test does not always distinguish between the antibodies to HIV-1 and HIV-2 due to cross reactivity between the antibodies. If you suspect HIV-2, please contact the MDH Epidemiology at 877-676-5414 or 651-201-5414.	2007-05-07 14:23:44	H14	3	\N
27	Y	The HIV-1 Western Blot confirms the presence of antibodies to HIV. This test does not always distinguish between the antibodies to HIV-1 and HIV-2 due to cross reactivity between the antibodies. If you suspect HIV-2, please contact the MDH Epidemiology at 877-676-5414 or 651-201-5414.	2007-05-07 14:23:44	H12	3	\N
28	Y	PRELIMINARY POSITIVE screen for HIV-1 antibodies and PRELIMINARY NEGATIVE screen for HIV-2 antibodies	2007-05-07 14:23:44	H8	3	\N
29	Y	PRELIMINARY NEGATIVE screen for HIV-1 antibodies and PRELIMINARY POSITIVE screen for HIV-2 antibodies	2007-05-07 14:23:44	H9	3	\N
30	Y	PRELIMINARY POSITIVE screen for antibodies to HIV-1 and HIV-2, undifferentiated	2007-05-07 14:23:44	H10	3	\N
31	Y	PRELIMINARY NEGATIVE screen for HIV-1 and HIV-2 antibodies	2007-05-07 14:23:44	H11	3	\N
32	Y	No anti-HIV-1/HIV-2 Plus O antibodies detected.	2007-05-07 14:23:44	H30	3	\N
336	Y	Override result	2007-10-25 10:58:11	\N	36	\N
338	Y	No comments.	2007-11-14 17:03:46.77	\N	3	\N
252	Y	Non-motile	2007-10-08 09:56:08.255	\N	3	\N
253	Y	Test not performed	2007-12-27 03:51:18.518	\N	3	\N
254	Y	Not lysed by phage	2007-10-08 09:56:44.403	\N	3	\N
255	Y	Lysed by phage	2007-10-08 09:57:04.542	\N	3	\N
256	Y	Not performed	2007-10-08 09:57:57.952	\N	3	\N
257	Y	Non-encapsulated	2007-10-08 09:58:19.183	\N	3	\N
258	Y	Encapsulated	2007-10-08 09:58:32.744	\N	3	\N
259	Y	Catalase produced	2007-10-08 09:59:18.243	\N	3	\N
260	Y	No spores	2007-10-08 09:59:32.582	\N	3	\N
261	Y	No Bacillus Anthracis cells detected	2007-10-08 10:02:18.847	\N	3	\N
262	Y	Presumptive result for Bacillus anthracis cells	2007-10-08 10:02:53.064	\N	3	\N
263	Y	No Bacillus anthracis spres detected	2007-10-08 10:03:17.726	\N	3	\N
264	Y	Presumptive results for Bacillus anthracis spores	2007-10-08 10:03:49.025	\N	3	\N
279	Y	Negative: Bacilli in chains	2007-10-08 07:45:50.345	\N	3	\N
280	Y	Negative: Bacilli in no discernable pattern	2007-10-08 07:46:58.699	\N	3	\N
281	Y	Negative: Bacilli in clusters	2007-10-08 07:47:16.713	\N	3	\N
282	Y	Negative: Bacilli in pairs	2007-10-08 07:47:35.311	\N	3	\N
283	Y	Negative: Cocci in chains	2007-10-08 08:02:26.586	\N	3	\N
284	Y	Negative: Cocci in no discernable pattern	2007-10-08 07:48:09.441	\N	3	\N
285	Y	Negative: Cocci in clusters	2007-10-08 07:48:28.11	\N	3	\N
286	Y	Negative: Cocci in pairs	2007-10-08 07:48:43.603	\N	3	\N
287	Y	Negative: Coccobacilli in chains	2007-10-08 07:49:05.522	\N	3	\N
288	Y	Negative: Coccobacilli in no discernable pattern	2007-10-08 07:49:46.483	\N	3	\N
289	Y	Negative: Coccobacilli in clusters	2007-10-08 07:50:05.555	\N	3	\N
290	Y	Negative: Coccobacilli in pairs	2007-10-08 07:50:28.128	\N	3	\N
291	Y	Negative: Other	2007-10-08 07:50:46.049	\N	3	\N
292	Y	Positive: Bacilli in chains	2007-10-08 07:51:33.771	\N	3	\N
293	Y	Positive: Bacilli in no discernable pattern	2007-10-19 14:22:55.748	+B	3	\N
294	Y	Positive: Bacilli in clusters	2007-10-08 07:52:14.538	\N	3	\N
295	Y	Positive: Bacilli in pairs	2007-10-08 07:52:28.789	\N	3	\N
296	Y	Positive: Cocci in chains	2007-10-08 07:52:46.549	\N	3	\N
297	Y	Positive: Cocci in no discernable pattern	2007-10-08 07:53:04.245	\N	3	\N
298	Y	Positive: Cocci in clusters	2007-10-08 07:53:21.216	\N	3	\N
299	Y	Positive: Cocci in pairs	2007-10-08 07:53:41.896	\N	3	\N
300	Y	Positive: Coccobacilli in chains	2007-10-08 07:53:59.557	\N	3	\N
301	Y	Positive: Coccobacilli in no discernable pattern	2007-10-08 07:54:17.456	\N	3	\N
302	Y	Positive: Coccobacilli in clusters	2007-10-08 07:54:42.972	\N	3	\N
303	Y	Positive:  Coccobacilli in pairs	2007-10-08 07:55:06.109	\N	3	\N
304	Y	Positive: Other	2007-10-19 14:20:46.6	+O	3	\N
305	Y	Variable: Bacilli in chains	2007-10-08 07:55:41.877	\N	3	\N
314	Y	Variable: Coccobacilli in no discernable pattern	2007-10-08 07:59:43.354	\N	3	\N
315	Y	Variable: Coccobacilli in clusters	2007-10-08 08:00:03.637	\N	3	\N
316	Y	Variable: Coccobacilli in pairs	2007-10-08 08:00:25.013	\N	3	\N
317	Y	Variable: Other	2007-10-08 08:00:42.907	\N	3	\N
318	Y	Positive: Coccobacilli in pairs	2007-10-08 08:03:43.41	\N	3	\N
319	Y	Roche Fast Start DNA Master Hybridization Probe Kit	2007-10-09 08:36:41.538	\N	3	\N
320	Y	Unsatisfactory	2007-10-09 08:43:16.297	UNS	3	\N
321	Y	Fluorescence detected +1	2007-10-09 08:59:17.731	\N	3	\N
322	Y	Fluorescence detected +2	2007-10-09 08:59:36.507	\N	3	\N
323	Y	Fluorescence detected +3	2007-10-09 08:59:46.012	\N	3	\N
324	Y	Fluorescence detected +4	2007-10-09 08:59:54.726	\N	3	\N
325	Y	No fluorescence detected	2007-10-09 09:00:19.689	\N	3	\N
326	Y	Influenza Virus A RNA Not Detected	2007-10-09 13:43:45.111	\N	3	\N
327	Y	Influenza Virus RNA Detected	2007-10-09 13:48:00.927	\N	3	\N
330	Y	Influenza Virus A/H3 RNA Detected	2007-10-11 08:47:57.952	\N	35	\N
329	Y	Influenza Virus A/H1 RNA Detected	2007-10-11 08:47:33.595	\N	35	\N
331	Y	Influenza Virus A/H5 RNA Detected	2007-10-11 08:50:08.869	\N	35	\N
332	Y	Influenza Virus A RNA Detected	2007-10-11 08:50:34.933	\N	35	\N
333	Y	Influenza Virus A/Untypeable	2007-10-11 08:51:02.16	\N	3	\N
357	Y	Suspect Colonies Present	2007-12-10 08:52:40.007	AAA	3	\N
361	Y	No Suspect Colonies Present	2007-12-11 04:45:11.6	\N	3	\N
362	Y	Gamma Hemolytic Not Detected	2007-12-11 04:46:25.383	\N	3	\N
363	Y	Alpha Hemolytic	2007-12-11 04:46:41.619	\N	3	\N
364	Y	Alpha Hemolytic Not Detected	2007-12-11 04:47:08.684	\N	3	\N
365	Y	Beta Hemolytic	2007-12-11 04:47:17.573	\N	3	\N
366	Y	Beta Hemolytic Not Detected	2007-12-11 04:47:35.056	\N	3	\N
367	Y	Choose Equipment	2007-12-11 05:34:07.166	\N	3	\N
380	Y	Results usually indicate syphilis. A follow-up specimen is recommended to confirm this result unless another specimen has already been submitted within the past 3 months.	2007-12-17 07:36:12.899	RR1	34	\N
382	Y	Nonreactive FTA-ABS test result does not confirm syphilis.	2007-12-17 07:37:16.386	RN	34	\N
383	Y	Results indicate previous syphilis (treated or untreated) or late syphilis. A follow-up specimen is recommended to confirm this result unless another specimen has already been submitted.	2007-12-17 07:38:33.035	NR1	34	\N
1	Y	INFLUENZA VIRUS A RNA DETECTED	2007-10-11 08:46:19.447	\N	3	\N
2	Y	INFLUENZA VIRUS A/H1 RNA DETECTED	2007-10-11 08:46:31.254	\N	3	\N
3	Y	INFLUENZA VIRUS A/H5 RNA DETECTED	2007-10-11 08:46:52.81	\N	3	\N
4	Y	INFLUENZA VIRUS A/H3 RNA DETECTED	2007-10-11 08:46:42.949	\N	3	\N
14	Y	Giardia lamblia trophozoites	2007-04-02 15:15:41.835	\N	3	\N
15	Y	Entamoeba histolytica cysts	2007-04-02 15:16:08.952	\N	3	\N
229	Y	Viral Agent Not Isolated	2007-10-09 13:25:15.857	VANI	34	\N
384	Y	Results indicate previous syphilis (treated or untreated) or late syphilis.	2007-12-17 07:39:11.179	NR2	34	\N
397	Y	1+	2007-12-27 02:36:49.169	\N	3	\N
406	Y	Dilution 1:10	2007-12-27 03:06:21.748	\N	3	\N
407	Y	Dilution 1:100	2007-12-27 03:06:32.554	\N	3	\N
408	Y	Dilution 1:1000	2007-12-27 03:06:48.844	\N	3	\N
409	Y	No Bacillus anthracis cells detected by TRF	2007-12-27 03:08:09.884	\N	3	\N
410	Y	Presumptive result for Bacillus anthracis cells by TRF	2007-12-27 03:08:48.806	\N	3	\N
411	Y	No Bacillus anthracis sprores detected by TRF	2007-12-27 03:10:11.36	\N	3	\N
412	Y	Presumptive results for Bacillus anthracis spores by TRF	2007-12-27 03:10:54.525	\N	3	\N
413	Y	Susceptible	2007-12-27 03:42:09.733	\N	3	\N
414	Y	Nonsusceptible - Contact CDC for confirmation of resistance	2007-12-27 03:45:53.502	\N	3	\N
415	Y	No Pass	2007-12-27 03:46:15.051	\N	3	\N
416	Y	Pass	2007-12-27 03:46:24.654	\N	3	\N
6	Y	PRELIMINARY POSITIVE	2007-02-13 14:47:16.565	\N	3	\N
7	Y	PRELIMINARY NEGATIVE	2007-02-13 14:47:27.368	\N	3	\N
8	N	gram + rod	2007-12-11 05:24:10.354	\N	3	\N
9	N	gram - rod	2007-12-11 05:24:18.07	\N	3	\N
10	Y	Bacillus species (not anthracis)	2007-02-14 14:42:03.911	\N	3	\N
12	Y	Brucella species	2007-03-30 15:22:28.09	\N	3	\N
385	Y	FTA-ABS test result equivocal. A follow-up specimen is recommended in 2-3 weeks to check for a possible early infection.	2007-12-17 07:40:11.015	BOR1	34	\N
386	Y	FTA-ABS test result equivocal.	2007-12-17 07:40:31.918	BOR2	34	\N
387	Y	Antibody detected may be maternal. Other criteria must be used to rule out congenital syphilis.	2007-12-18 05:29:09.034	INF	34	\N
388	Y	Staining is atypical. Results are uninterpretable. Please submit another specimen.	2007-12-17 07:41:59.546	ATYP	34	\N
398	Y	1/2+	2007-12-27 02:37:25.718	\N	3	\N
399	Y	2+	2007-12-27 02:37:34.275	\N	3	\N
400	Y	2/3+	2007-12-27 02:37:44.413	\N	3	\N
401	Y	3+	2007-12-27 02:37:52.447	\N	3	\N
402	Y	3/4+	2007-12-27 02:38:00.824	\N	3	\N
403	Y	4+	2007-12-27 02:38:09.595	\N	3	\N
404	Y	FTA Reactive	2007-12-27 02:39:48.232	F	34	\N
405	Y	Fluorescence	2007-12-27 02:40:02.324	R	34	\N
417	Y	< 0.002 ug/ml	2007-12-27 07:31:23.462	\N	3	\N
418	Y	= 0.002 ug/ml	2007-12-27 07:31:40.039	\N	3	\N
419	Y	=0.003 ug/ml	2007-12-27 07:31:59.163	\N	3	\N
420	Y	=0.004 ug/ml	2007-12-27 07:32:12.161	\N	3	\N
421	Y	=0.006 ug/ml	2007-12-27 07:32:25.987	\N	3	\N
422	Y	=0.008 ug/ml	2007-12-27 07:32:40.565	\N	3	\N
423	Y	=0.012 ug/ml	2007-12-27 07:32:54.853	\N	3	\N
424	Y	=0.016 ug/ml	2007-12-27 07:33:07.974	\N	3	\N
425	Y	=0.023 ug/ml	2007-12-27 07:33:19.043	\N	3	\N
426	Y	=0.032 ug/ml	2007-12-27 07:33:33.124	\N	3	\N
427	Y	=0.047 ug/ml	2007-12-27 07:33:45.267	\N	3	\N
428	Y	=0.064 ug/ml	2007-12-27 07:33:58.572	\N	3	\N
429	Y	=0.094 ug/ml	2007-12-27 07:34:11.959	\N	3	\N
430	Y	=0.125 ug/ml	2007-12-27 07:34:28.266	\N	3	\N
431	Y	=0.19 ug/ml	2007-12-27 07:34:45.808	\N	3	\N
432	Y	=0.25 ug/ml	2007-12-27 07:34:56.729	\N	3	\N
433	Y	=0.38 ug/ml	2007-12-27 07:35:09.267	\N	3	\N
434	Y	=0.5 ug/ml	2007-12-27 07:35:21.777	\N	3	\N
435	Y	=0.75 ug/ml	2007-12-27 07:35:33.775	\N	3	\N
436	Y	=1.0 ug/ml	2007-12-27 07:35:45.211	\N	3	\N
437	Y	=1.5 ug/ml	2007-12-27 07:35:56.407	\N	3	\N
438	N	=2.3 ug/ml	2007-12-27 08:29:59.506	\N	3	\N
439	N	=4.6 ug/ml	2007-12-27 08:33:16.223	\N	3	\N
440	Y	=8 ug/ml	2007-12-27 07:36:35.588	\N	3	\N
441	Y	=12 ug/ml	2007-12-27 07:36:46.709	\N	3	\N
442	Y	=16 ug/ml	2007-12-27 07:36:55.681	\N	3	\N
443	Y	=24 ug/ml	2007-12-27 07:37:23.01	\N	3	\N
444	Y	=32 ug/ml	2007-12-27 07:37:38.262	\N	3	\N
445	Y	> 32 ug/ml	2007-12-27 07:37:55.913	\N	3	\N
446	Y	< 0.016 ug/ml	2007-12-27 07:38:44.343	\N	3	\N
447	Y	=48 ug/ml	2007-12-27 07:39:15.52	\N	3	\N
448	Y	=64 ug/ml	2007-12-27 07:39:25.217	\N	3	\N
449	Y	=96 ug/ml	2007-12-27 07:39:36.704	\N	3	\N
450	Y	=128 ug/ml	2007-12-27 07:39:52.246	\N	3	\N
451	Y	=192 ug/ml	2007-12-27 07:40:02.528	\N	3	\N
452	Y	=256 ug/ml	2007-12-27 07:40:16.527	\N	3	\N
453	Y	> 256 ug/ml	2007-12-27 07:40:25.681	\N	3	\N
454	Y	Tetracycline	2007-12-27 07:42:15.347	\N	3	\N
455	Y	=2.0 ug/ml	2007-12-27 08:30:11.726	\N	3	\N
456	Y	=3.0 ug/ml	2007-12-27 08:30:19.976	\N	3	\N
457	Y	=4.0 ug/ml	2007-12-27 08:33:31.812	\N	3	\N
458	Y	=6.0 ug/ml	2007-12-27 08:33:42.375	\N	3	\N
477	Y	Influenza Virus A/H7 RNA Detected	2008-01-23 08:05:11.335	\N	35	\N
478	Y	Influenza Virus A/H9 RNA Detected	2008-01-23 08:05:36.034	\N	35	\N
45	Y	Influenza Virus A/H1	2007-10-11 08:36:26.062	\N	35	\N
46	Y	Influenza Virus A/H7	2007-10-11 08:36:50.383	\N	35	\N
47	Y	Influenza Virus A/H9	2007-10-11 08:36:58.426	\N	35	\N
337	Y	dummy placeholder	2007-11-14 14:06:05.175	\N	3	\N
49	Y	INDETERMINATE	2006-09-28 09:02:04.359	\N	34	\N
50	Y	UNSATISFACTORY	2006-09-20 16:28:00	\N	35	\N
11	Y	Coded comments need to be added	2007-02-27 11:11:45.697	\N	3	\N
52	Y	NOT DETECTED	2006-10-05 12:29:29.094	\N	3	\N
13	Y	Giardia lamblia cysts	2007-04-02 15:15:17.813	\N	3	\N
54	Y	REACTIVE	2006-10-31 11:40:34.312	\N	34	\N
55	Y	NONREACTIVE	2006-09-07 08:47:17	\N	34	\N
147	Y	POSITIVE = Any two of the following bands present: p24,gp41, and gp 120/160. Other viral bands may be present. Indicates patient is positive for anti-HIV-1 antibody.	2007-02-13 13:49:27.544	\N	34	\N
33	Y	FINAL INTERPRETATION: These results most closely indicate the presence of HIV-1 antibodies.	2007-05-07 14:27:13	H21	3	\N
58	Y	MID = Patient ID ON Specimen and Request Mismatched	2007-10-09 13:23:44.957	\N	34	\N
59	Y	NR = Specimen/Culture Not Received	2007-10-09 13:24:37.161	\N	34	\N
60	Y	GH = Gross Hemolysis of Specimen	2007-10-09 13:22:48.171	\N	34	\N
61	Y	ANO = Please Submit Another Specimen.	2007-10-09 13:22:23.13	\N	34	\N
62	Y	POSITIVE	2006-09-20 16:28:29	\N	3	\N
63	Y	NEGATIVE	2006-09-20 16:28:31	\N	3	\N
148	Y	NEGATIVE = No bands are present indicating absence of anti-HIV-1 antibody. Please submit another OraSure (or serum) sample one month following the first sample for repeat testing.	2007-02-13 14:03:58.845	\N	34	\N
67	Y	Influenza Virus A/H5	2007-10-11 08:36:42.02	\N	35	\N
115	Y	SENSITIVE	2006-10-03 09:25:20	\N	3	\N
120	Y	Preliminary	2007-10-09 13:31:55.42	\N	3	\N
121	Y	FINAL	2006-10-03 09:48:58	\N	3	\N
127	Y	Bacillus anthracis not found	2006-10-11 14:25:42	\N	3	\N
128	Y	+	2006-10-23 14:46:29.656	\N	3	\N
358	Y	Variable: Bacilli in pairs	2007-12-11 03:18:22.068	\N	3	\N
44	Y	Influenza Virus A/H3	2007-10-11 08:36:34.112	\N	35	\N
66	Y	INDETERMINATE = Band pattern does not meet criteria for positive. Repeatedly similar indeterminate patterns indicate bands not specific for HIV. Please submit another OraSure (or serum) sample one month following the first sample for repeat testing.	2007-02-13 13:52:38.554	\N	34	\N
77	Y	No Growth	2007-10-09 13:29:29.012	\N	3	\N
359	Y	Spores Present	2007-12-11 03:49:49.524	\N	3	\N
360	Y	Atypical Suspect Colonies	2007-12-11 04:16:34.021	\N	3	\N
368	Y	ABI 7500	2007-12-11 05:37:39.257	\N	3	\N
34	Y	FINAL INTERPRETATION: These results most closely indicate the presence of HIV-2 antibodies; however, confirmation testing for HIV-2 will be performed at the Centers for Disease Control and Prevention on this current specimen.	2007-05-07 14:27:13	H22	3	\N
80	Y	Gamma Hemolytic	2006-09-20 16:35:46	\N	3	\N
377	Y	REACTIVE	2007-12-17 07:33:39.319	R	3	\N
378	Y	BORDERLINE	2007-12-17 07:34:03.607	BOR	3	\N
35	Y	FINAL INTERPRETATION: These results most closely indicate the presence of HIV antibodies (without differentiation). Please submit another specimen one month following the collection of the first specimen for repeat testing. This subsequent specimen may allow for HIV antibody differentiation.	2007-05-07 14:27:13	H23	3	\N
36	Y	FINAL INTERPRETATION: These results most closely indicate the presence of HIV-1 antibodies. Please submit another specimen one month following the first specimen for repeat testing. This subsequent specimen may allow for confirmation of HIV-1 antibodies.	2007-05-07 14:27:13	H24	3	\N
497	Y	A	2009-07-31 10:02:01.984		3	\N
498	Y	AB	2009-07-31 10:04:27.937		34	\N
499	Y	O	2009-07-31 10:04:53.609		35	\N
500	Y	A	2009-07-31 10:21:31.718		38	\N
501	Y	A	\N	\N	\N	\N
502	Y	Trace	2009-07-31 10:33:15.796	TRACE	38	\N
503	Y	B	2009-07-31 10:33:27.875	B	38	\N
504	Y	AB	2009-07-31 10:33:37.953	AB	38	\N
505	Y	O	2009-07-31 10:33:44.359	O	38	\N
506	Y	Wucheria Bancrofti	2009-07-31 10:34:20.468	WUCH BANC	38	\N
507	Y	Manzonella Ozardi	2009-07-31 10:34:38.765	MANZ OZ	38	\N
508	Y	Forme trophozoite	2009-07-31 10:34:55.468	F TROPH	38	\N
509	Y	Forme Gametocyte	2009-07-31 10:35:18.484	F GAM	38	\N
510	Y	Forme Shizogonique	2009-07-31 10:35:38.015	F SHIZ	38	\N
511	Y	Intermediare	2009-07-31 10:35:58.671	INTER	38	\N
516	Y	En Amas	2009-07-31 10:37:49.937	AMAS	38	\N
517	Y	Liquide	2009-07-31 10:38:10.468	LIQU	38	\N
518	Y	Diarrheique	2009-07-31 10:38:32	DIAR	38	\N
519	Y	Molle	2009-07-31 10:38:47.187	MOLL	38	\N
520	Y	Pateuse	2009-07-31 10:39:11.25	PATUESE	38	\N
521	Y	Moule	2009-07-31 10:39:30.14	MOUL	38	\N
522	Y	Dure	2009-07-31 10:39:46.218	DURE	38	\N
523	Y	Isospora Belli	2009-07-31 10:40:09.546	ISO BELLI	38	\N
524	Y	Cryptosporidium Parvum	2009-07-31 10:40:24.125	CRYP PARV	38	\N
525	Y	Cryptosporidium Cayetanensis	2009-07-31 10:40:42.046	CRYP CAY	38	\N
526	Y	Cyclospora	2009-07-31 10:41:01.093	CYCLOSPORA	38	\N
527	Y	Cryptosporidium canum	2009-07-31 10:41:24.296	CRYP CANUM	38	\N
528	Y	Toxoplasma Gondii	2009-07-31 10:41:39.625	TOX GONDII	38	\N
529	Y	Cryptosporidium andersoni	2009-07-31 10:41:58.812	CRYP ANDE	38	\N
531	Y	Cryptosporidium bailey	2009-07-31 10:42:18.218	CRYP BAIL	38	\N
532	Y	Cryptosporidium canis	2009-07-31 10:42:31.984	CRYP CANIS	38	\N
533	Y	Cryptosporidium felis	2009-07-31 10:42:46.406	CRYP FELIS	38	\N
534	Y	Cryptosporidium galli	2009-07-31 10:43:19.968	CRYP GALLI	38	\N
535	Y	Cryptosporidium hominis	2009-07-31 10:43:38.593	CRYP HOMIN	38	\N
536	Y	Cryptosporidium meleagridis	2009-07-31 10:43:52.828	CRYP MELEA	38	\N
537	Y	Cryptosporidium muris	2009-07-31 10:44:03.921	CRYP MURIS	38	\N
538	Y	Cryptosporidium saurophilum	2009-07-31 10:44:44.187	CRYP SAUR	38	\N
539	Y	Cryptosporidium serpentis	2009-07-31 10:44:57.812	CRYP SERP	38	\N
540	Y	Cryptosporidium wrairi	2009-07-31 10:45:13.5	CRYP WRAIR	38	\N
541	Y	Tres Positive	2009-07-31 10:45:40.156	TRES POS	38	\N
542	Y	Positif	2009-07-31 10:45:59.906	POSITIF	38	\N
543	Y	Faiblement Positif	2009-07-31 10:46:22.171	F POS	38	\N
544	Y	Negatif	2009-07-31 10:46:33.984	NEG	38	\N
545	Y	Normal	2009-07-31 10:47:12.468	NORM	38	\N
546	Y	Anormal	2009-07-31 10:48:06.64	ANORM	38	\N
547	Y	Ascaris Lumbricoides	2009-07-31 10:48:52.656	ASC LUMB	38	\N
548	Y	Enterobius Vermicularis	2009-07-31 10:49:08.578	ENT VERM	38	\N
549	Y	Necator Americanus	2009-07-31 10:49:25.14	NEC AM	38	\N
550	Y	Ancyclostoma Duodenale	2009-07-31 10:49:44.468	ANC DU	38	\N
551	Y	Trichnella Spiralis	2009-07-31 10:50:01.765	TRICH SPIR	38	\N
552	Y	Toxocara Canis	2009-07-31 10:50:21.5	TOX CAN	38	\N
553	Y	Dracunculus Medinensis	2009-07-31 10:50:41.812	DRAC MED	38	\N
554	Y	Entamoeba Histolitica	2009-07-31 10:51:02.718	ENT HIST	38	\N
555	Y	Entamoeba Coli	2009-07-31 10:51:14.984	ENT COLI	38	\N
556	Y	Iodamoeba	2009-07-31 10:51:43.328	IODAMOEBA	38	\N
557	Y	Giardia	2009-07-31 10:51:55	GIARDIA	38	\N
558	Y	Lamblia	2009-07-31 10:52:06.078	LAMBLIA	38	\N
559	Y	Trichomonas Intestinalis	2009-07-31 10:52:32.562	TRICH INT	38	\N
560	Y	Trouble	2009-07-31 10:53:14.656	TROUBLE	38	\N
513	Y	Positif (++)	2009-07-31 10:36:51	++	38	\N
514	Y	Positif (+++)	2009-07-31 10:37:07.5	+++	38	\N
515	Y	Positif (++++)	2009-07-31 10:37:23.781	++++	38	\N
561	Y	Clair	2009-07-31 10:53:32.218	CLAIR	38	\N
562	Y	lipemique	2009-07-31 10:53:44.484	LIPEMIQUE	38	\N
563	Y	icterique	2009-07-31 10:53:55.859	ICTERIQUE	38	\N
564	Y	Autre	2009-07-31 10:54:14.468	AUTRE	38	\N
565	Y	Indetermin	2009-07-31 10:55:02.437	IND	38	\N
566	Y	Jaune Paille	2009-07-31 10:55:31.296	JAU PAI	38	\N
567	Y	Jaune Citrin	2009-07-31 10:55:48.484	JAU CIT	38	\N
568	Y	Jaune Foncee	2009-07-31 10:56:08.375	JAU FONC	38	\N
569	Y	Rouge	2009-07-31 10:56:24.093	ROUG	38	\N
570	Y	Marron	2009-07-31 10:56:38.109	MARR	38	\N
571	Y	Fonce	2009-07-31 10:56:55.39	FONCE	38	\N
572	Y	Granuleux	2009-07-31 10:57:35.468	GRAN	38	\N
573	Y	Cireux	2009-07-31 10:57:52.062	CIREUX	38	\N
574	Y	Hyalin	2009-07-31 10:58:03.796	HYALIN	38	\N
512	Y	Positif (+)	2009-07-31 10:36:35.953	+	38	\N
575	Y	Entamoeba Hartmani	\N	ENT HART	38	\N
576	Y	Endolimax Nana	\N	END NANA	38	\N
577	Y	Dientamoeba Fragilis	\N	DIEN FRAG	38	\N
578	Y	Chilomastix Mesnili	\N	CHIL MES	38	\N
579	Y	Balantidium Coli	\N	BAL COLI	38	\N
580	Y	Ankylostome Duodenale	2009-08-05 22:08:36.758	ANK DUO	38	\N
600	Y	Demographic Response Yes (in Yes, No or Unknown)	\N	Yes	57	answer.yes
601	Y	Demographic Response No (Yes, No or Unknown)	\N	No	57	answer.no
602	Y	Demographic Response Unknown (Yes, No or Unknown)	\N	Unknown	57	answer.unknown
620	Y	No Schooling	\N	NoSchool	77	education.noSchool
621	Y	Primary School	\N	Primary	77	education.primary
622	Y	Secondary School	\N	Secondary	77	education.secondary
623	Y	College or University	\N	PostSecond	77	education.postSecondary
624	Y	Marital Status Single (for ARV)	\N	celibate	78	marital.single
625	Y	Martial Status Married (for ARV)	\N	married	78	marital.married
626	Y	Martial Status cohabiting (for ARV)	\N	cohab	78	marital.cohabitating
627	Y	Martial Status window(er) (for ARV)	\N	widow	78	marital.widow
628	Y	Martial Status N/A for children (for ARV)	\N	NA	78	marital.n_a
629	Y	Nationality Cte d'Ivoire (for ARV)	\N	CI	79	nationality.CI
630	Y	Nationality Benin (for ARV)	\N	BJ	79	nationality.BJ
631	Y	Nationality Burkino Faso (for ARV)	\N	BF	79	nationality.BF
632	Y	Nationality Ghana (for ARV)	\N	GH	79	nationality.GH
633	Y	Nationality Guinea (for ARV)	\N	GN	79	nationality.GN
634	Y	Nationality Mali (for ARV)	\N	ML	79	nationality.ML
635	Y	Nationality Maurintainia (for ARV)	\N	MR	79	nationality.MR
636	Y	Nationality Niger (for ARV)	\N	NE	79	nationality.NE
637	Y	Nationality Togo (for ARV)	\N	TG	79	nationality.TG
638	Y	Nationality Liberia (for ARV)	\N	LR	79	nationality.LR
639	Y	Nationality Nigeria (for ARV)	\N	NG	79	nationality.NG
640	Y	Nationality Senegal (for ARV)	\N	SN	79	nationality.SN
641	Y	Demographic Response Yes (in Yes, No or N/A)	\N	Yes	80	answer.yes
642	Y	Demographic Response No (Yes, No or N/A)	\N	No	80	answer.no
643	Y	Demographic Response N/A (Yes, No or N/A)	\N	NA	80	answer.notApplicable
644	Y	Demographic Response Yes (in Yes or No)	\N	Yes	81	answer.yes
645	Y	Demographic Response No (in Yes or No)	\N	No	81	answer.no
646	Y	Pulmonary TB : Demographic Answer to AVR disease question	\N	TBPul	82	disease.tbPulmonary
647	Y	Expulmonary TB : Demographic Answer to AVR disease question	\N	TBExpul	82	disease.tbExpulmonary
648	Y	Cerebral Toxoplamosis : Demographic Answer to AVR disease question	\N	CrblToxo	82	disease.cerebralToxoplamosis
649	Y	Cryoptococcal Meningitis : Demographic Answer to AVR disease question	\N	CryptoMen	82	disease.cryoptococcalMeningitis
650	Y	General Prurigo : Demographic Answer to AVR disease question	\N	GenPrurigo	82	disease.generalPrurigo
651	Y	IST (?) : Demographic Answer to AVR disease question	\N	IST	82	disease.IST
652	Y	Cervical Cancer : Demographic Answer to AVR disease question	\N	CervCancer	82	disease.cervicalCancer
653	Y	Oropharyngeal Candidiasis : Demographic Answer to AVR disease question	\N	OpharCand	82	disease.oropharyngealCandidiasis
654	Y	Kaposi's sarcoma : Demographic Answer to AVR disease question	\N	KaposiSarc	82	disease.KaposisSarcoma
655	Y	shingles : Demographic Answer to AVR disease question	\N	Shingles	82	disease.shingles
656	Y	Preventing Mother to Child Transmission (AIDs Prophylaxis) FR: PTME	\N	PTME	83	prophylaxis.ptme
657	Y	AES (FR) (AIDs Prophylaxis)	\N	AES	83	prophylaxis.AES
659	Y	AIDS Stage A (Adult)	\N	AIDSStgA-A	84	AIDSStage.adultA
660	Y	AIDS Stage B (Adult)	\N	AIDSStgB-A	84	AIDSStage.adultB
661	Y	AIDS Stage C (Adult)	\N	AIDSStgC-A	84	AIDSStage.adultC
662	Y	AIDS Stage N (Infant)	\N	AIDSStgN-I	84	AIDSStage.infantN
663	Y	AIDS Stage A (Infant)	\N	AIDSStgA-I	84	AIDSStage.infantA
664	Y	AIDS Stage B (Infant)	\N	AIDSStgB-I	84	AIDSStage.infantB
665	Y	AIDS Stage C (Infant)	\N	AIDSStgC-I	84	AIDSStage.infantC
680	Y	Nationality Cte d'Ivoire (for ARV)	\N	CI	97	nationality.CI
681	Y	Nationality Benin (for ARV)	\N	BJ	97	nationality.BJ
682	Y	Nationality Burkino Faso (for ARV)	\N	BF	97	nationality.BF
683	Y	Nationality Ghana (for ARV)	\N	GH	97	nationality.GH
684	Y	Nationality Guinea (for ARV)	\N	GN	97	nationality.GN
685	Y	Nationality Mali (for ARV)	\N	ML	97	nationality.ML
686	Y	Nationality Maurintainia (for ARV)	\N	MR	97	nationality.MR
687	Y	Nationality Niger (for ARV)	\N	NE	97	nationality.NE
688	Y	Nationality Togo (for ARV)	\N	TG	97	nationality.TG
689	Y	Nationality Liberia (for ARV)	\N	LR	97	nationality.LR
690	Y	Nationality Nigeria (for ARV)	\N	NG	97	nationality.NG
691	Y	Nationality Senegal (for ARV)	\N	SN	97	nationality.SN
700	Y	HIV Status HIV-1 infection	\N	HIV-1	117	HIVStatus.HIV_1
701	Y	HIV Status HIV-2 infection	\N	HIV-2	117	HIVStatus.HIV_2
702	Y	HIV Status HIV-1 and HIV-2	\N	HIVDual	117	HIVStatus.HIVDual
720	Y	Fluconazole	2010-05-05 16:16:40.960609	flucona	137	arvProphyl.fluconazole
721	Y	Dalacine (clindamycine) + pyrimethamine + folinic acid	2010-05-05 16:16:40.960609	dalPyrFolA	137	arvProphyl.dalacinePyrimethamineFolinicAcid
722	Y	Adiazine (Sulfadiazine) + pyrimethamine + folinic acid	2010-05-05 16:16:40.960609	adiPyrFolA	137	arvProphyl.adiazinePyrimethamineFolinicAcid
723	Y	Anphotericine B	2010-05-05 16:16:40.960609	anphoterB	137	arvProphyl.anphotericineB
724	Y	Cotrimoxazole	2010-05-05 16:16:40.960609	cotrimoxaz	137	arcProphyl.cotrimoxazole
725	Y	N/A	2010-05-05 16:16:40.960609	na	137	answer.notApplicable
740	Y	Ivorian	2010-05-18 16:18:43.070359	Ivorian	157	nationality.simple.CI
741	Y	West African	2010-05-18 16:18:43.070359	W.African	157	nationality.simple.WestAfrican
742	Y	Other African	2010-05-18 16:18:43.070359	African	157	nationality.simple.OtherAfrican
743	Y	Other	2010-05-18 16:18:43.070359	Other	157	nationality.simple.Other
744	Y	1st Line	2010-05-18 16:18:43.145384	line1	158	arvRegime.firstLine
745	Y	2nd Line	2010-05-18 16:18:43.145384	line2	158	arvRegime.secondLine
746	Y	3rd Line	2010-05-18 16:18:43.145384	line3	158	arvRegime.thirdLine
747	Y	Not Applicable	2010-05-18 16:18:43.145384	NA	158	answer.notApplicable
760	Y	another nationality	2010-05-21 16:52:58.986701	other	79	nationality.Other
780	Y	Significant weight loss?	2010-05-27 15:27:18.876801	weightLoss	177	diseases.RTN.weightLoss
781	Y	A diarrhea lasting more than a month?	2010-05-27 15:27:18.876801	diarrhea	177	diseases.RTN.diarrhea
782	Y	A fever lasting more than a month?	2010-05-27 15:27:18.876801	fever	177	diseases.RTN.fever
783	Y	A cough lasting more than a month?	2010-05-27 15:27:18.876801	cough	177	diseases.RTN.cough
784	Y	Pulmonary tuberculosis?	2010-05-27 15:27:18.876801	pulTB	177	diseases.RTN.pulmonaryTuberculosis
785	Y	Extrapulmonary tuberculosis	2010-05-27 15:27:18.876801	expulTB	177	diseases.RTN.expulmonaryTuberculosis
786	Y	Pain on swallowing?	2010-05-27 15:27:18.876801	swallPaint	177	diseases.RTN.painfulSwallowing
787	Y	cryptococcus meningitis?	2010-05-27 15:27:18.876801	cryptoMen	177	diseases.RTN.cryptococcusMeningitis
788	Y	Recurrent pneumonia?	2010-05-27 15:27:18.876801	recPneumon	177	diseases.RTN.recurrentPneumonia
789	Y	Sepsis?	2010-05-27 15:27:18.876801	sespis	177	diseases.RTN.sespis
790	Y	recurrent infections (otite, pharyngite)?	2010-05-27 15:27:18.876801	recInfect	177	diseases.RTN.recurrentInfections
791	Y	Invasive cancer of the cervix or the uterus?	2010-05-27 15:27:18.876801	curvixC	177	diseases.RTN.curvixCancer
792	Y	Is the patient's mother known to be infected by HIV?	2010-05-27 15:27:18.876801	matHIV	177	diseases.RTN.maternalHIV
793	Y	Cachexia?	2010-05-27 15:27:19.019343	cachexie	178	diseases.RTN.cachexia
794	Y	Oropharyngeal candidiasis?	2010-05-27 15:27:19.019343	thrush	178	diseases.RTN.thrush
795	Y	Widespread Dermititis pruipineuse?	2010-05-27 15:27:19.019343	dermPruip	178	diseases.RTN.generalDermititisPruipineuse
796	Y	Herpes (chronic progressive or generalized)?	2010-05-27 15:27:19.019343	herpes	178	diseases.RTN.herpes
797	Y	Zona?	2010-05-27 15:27:19.019343	zona	178	diseases.RTN.zona
798	Y	Kaposi's Sarcoma?	2010-05-27 15:27:19.019343	sarcKapo	178	diseases.RTN.kaposisSarcoma
799	Y	Polyadenopathy extra inguinale (> 1 site,u2265 1 cm)?	2010-05-27 15:27:19.019343	xIngPadenp	178	diseases.RTN.extraInquinalePolyadenopathy
800	Y	Dementia or a neurological deficit associated with HIV?	2010-05-27 15:27:19.019343	HIVDement	178	diseases.RTN.hivDementia
820	Y	Positive	2010-05-27 17:11:00.100711	\N	197	dict.PosNegIndInv.positive
821	Y	Negative	2010-05-27 17:11:00.100711	\N	197	dict.PosNegIndInv.negative
822	Y	Indeterminate	2010-05-27 17:11:00.100711	\N	197	dict.PosNegIndInv.indeterminate
823	Y	Invalid	2010-05-27 17:11:00.100711	\N	197	dict.PosNegIndInv.invalid
824	Y	HIV1	2010-05-27 17:11:00.100711	\N	198	dict.HIVResult.hiv1
825	Y	HIV2	2010-05-27 17:11:00.100711	\N	198	dict.HIVResult.hiv2
826	Y	HIVD	2010-05-27 17:11:00.100711	\N	198	dict.HIVResult.hivd
827	Y	Negative	2010-05-27 17:11:00.100711	\N	198	dict.HIVResult.negative
828	Y	Indeterminate	2010-05-27 17:11:00.100711	\N	198	dict.HIVResult.indeterminate
829	Y	Invalid	2010-05-27 17:11:00.100711	\N	198	dict.HIVResult.invalid
840	Y	The data entry has not yet started	2010-06-23 11:52:23.957739	Not Start	217	record.notStarted
841	Y	The initial entry has been done	2010-06-23 11:52:23.957739	Init Ent	217	record.initialEntry
842	Y	The second, validation, entry has been done	2010-06-23 11:52:23.957739	Valid Ent	217	record.validationEntry
843	Y	There is reason to suspect that the form was not filled out correctly	2010-06-23 11:52:23.957739	Under Inv	217	record.underInvestigation
860	Y	HIV 1	2010-06-28 13:37:06.754484	\N	237	dict.HIV1NInd.hiv1
861	Y	Negative	2010-06-28 13:37:06.754484	\N	237	dict.HIV1NInd.negative
862	Y	Indeterminate	2010-06-28 13:37:06.754484	\N	237	dict.HIV1NInd.indeterminate
880	Y	First PCR	2010-07-01 16:20:54.03714	firstPCR	257	EID.firstPCR
881	Y	Second PCR	2010-07-01 16:20:54.03714	secondPCR	257	EID.secondPCR
882	Y	1 - PCR to confirm first Positive PCR test result	2010-07-01 16:20:54.03714	confirmPCR	258	EID.confirmationPCR
883	Y	2 - PCR six weeks after stopping breastfeeding	2010-07-01 16:20:54.03714	sixWeekPCR	258	EID.sixWeeksPCR
884	Y	3 - PCR after indeterminate result	2010-07-01 16:20:54.03714	indeterPCR	258	EID.indeterminatePCR
885	Y	7 - Not Applicable for First PCR Test	2010-07-01 16:20:54.03714	nonAppPCR	258	EID.nonApplicablePCR
900	Y	1 = Vaccination	2010-07-06 11:32:25.216115	vaccinatn	277	EID.vaccination
901	Y	2 = Pediatrician	2010-07-06 11:32:25.216115	pediatricn	277	EID.pediatrician
902	Y	3 = Dietitian	2010-07-06 11:32:25.216115	dietitian	277	EID.dietitian
903	Y	4 = Other(Specify)	2010-07-06 11:32:25.216115	otherSpcfy	277	EID.otherSpecify
904	Y	1 = Exclusivly Breastfeeding	2010-07-06 11:32:25.216115	olyBrstFed	278	EID.onlyBreastfeeding
905	Y	2 = Mixed Feeding	2010-07-06 11:32:25.216115	mixedFed	278	EID.mixedfeeding
906	Y	3 = Never breastfed	2010-07-06 11:32:25.216115	nvrBrstfd	278	EID.neverBreastfed
909	Y	1 = HIV-1	2010-07-06 11:32:25.216115	eidHiv1	279	EID.hiv1
910	Y	2 = HIV-2	2010-07-06 11:32:25.216115	ediHiv2	279	EID.hiv2
911	Y	D = HIV 1+2	2010-07-06 11:32:25.216115	eidHivd	279	EID.hivD
912	Y	P = HIV-POS	2010-07-06 11:32:25.216115	hivpos	279	EID.hivP
913	Y	9 = Inconclusive	2010-07-06 11:32:25.216115	inconclsve	279	EID.inconclusive
914	Y	1 = NVP	2010-07-06 11:32:25.216115	eidNVP	280	EID.nvp
915	Y	2 = AZT + NVP + 3TC	2010-07-06 11:32:25.216115	eid.aztNvp	280	EID.aztNvp
916	Y	3 = HAART	2010-07-06 11:32:25.216115	eid.haart	280	EID.haart
917	Y	4 = None	2010-07-06 11:32:25.216115	eid.none	280	EID.none
918	Y	1 = AZT + NVP	2010-07-06 11:32:25.216115	infaztNVP	281	EID.infantAztNvp
919	Y	2 = NVP Single Dose	2010-07-06 11:32:25.216115	nvpSingle	281	EID.nvpSingleDose
920	Y	3 = Other	2010-07-06 11:32:25.216115	infARVOthr	281	EID.infantARVOther
921	Y	4 = None	2010-07-06 11:32:25.216115	infARVNone	281	EID.infantARVNone
940	Y	Chronic Diarrhea : Demographic Answer to ARV disease question	2010-08-02 15:07:28.102272	DiarrheaC	82	disease.diarrhea
981	Y	QA Event Type	2010-08-30 12:14:06.74		36	\N
1000	Y	Retro CI Staff	2010-09-03 15:48:27.834256	retroCStaf	297	special.request.reason.retroCIStaff
1001	Y	US Embassy	2010-09-03 15:48:27.834256	USEmbassy	297	special.request.reason.USEmbassy
1002	Y	External Request	2010-09-03 15:48:27.834256	extnlReqst	297	special.request.reason.externalRequest
1003	Y	ACONDA Request	2010-09-03 15:48:27.834256	ACONDA	297	special.request.reason.ACONDA
1004	Y	EGPAF Request	2010-09-03 15:48:27.834256	EGPAF	297	special.request.reason.EGPAF
1020	Y	Marital Status Divorced	2010-09-20 07:23:13.923	divorced	78	marital.divorced
658	Y	Not applicable (AIDS Prophylaxis)	\N	NA	83	answer.notApplicable
907	Y	4 = Stopped breastfeeding Less than 6 weeks ago	2010-10-26 12:35:06.938	Brstfedlt6	317	EID.stoppedBreastfedless6weeks
908	Y	5 = Stopped breastfeeding More than 6 weeks ago	2010-10-26 12:35:06.938	Brstfedmt6	317	EID.stoppedBreastfedmore6weeks
1040	Y	Not Applicable	2010-10-26 12:35:06.969	NA	317	answer.notApplicable
1041	Y	Unknown	2010-10-26 12:35:06.969	Unknown	281	answer.unknown
1042	Y	Unknown	2010-10-26 12:35:06.969	Unknown	280	answer.unknown
1060	Y	the paper form doesn't have any explicit answer.	2011-07-05 13:28:07.48	NotSpeced	\N	answer.notSpecified
1083	Y	fr-FR	2012-09-25 14:28:55.601995	fr-FR	358	\N
1084	Y	en-US	2012-09-25 14:28:55.601995	en-US	358	\N
1080	N	paidInFull	2012-09-25 14:28:54.528364	\N	357	dictionary.patient.payment.full
1081	N	paidPartial	2012-09-25 14:28:54.528364	\N	357	dictionary.patient.payment.partial
1082	N	paidNone	2012-09-25 14:28:54.528364	\N	357	dictionary.patient.payment.none
1100	Y	normalCash	2013-08-05 11:35:07.496315	\N	357	dictionary.patient.payment.normal.cash
1101	Y	reducedCash	2013-08-05 11:35:07.496315	\N	357	dictionary.patient.payment.reduced.cash
1102	Y	normalInsurance	2013-08-05 11:35:07.496315	\N	357	dictionary.patient.payment.normal.insurance
1103	Y	reducedInsurance	2013-08-05 11:35:07.496315	\N	357	dictionary.patient.payment.reduced.insurance
1120	Y	Measurement not available due to technical problem. Please submit another sample.	2014-05-01 20:40:26.758801	\N	397	dictionary.reject.result.technical.problem
1121	Y	 Sample / request form not / misidentified . Please submit another sample.	2014-05-01 20:40:26.758801	\N	397	dictionary.reject.result.form.misidentified
1122	Y	Sample / request form incompatible . Please submit another sample.	2014-05-01 20:40:26.758801	\N	397	dictionary.reject.result.form.incompatible
1123	Y	Free sample request form or vice versa. Please submit another sample.	2014-05-01 20:40:26.758801	\N	397	dictionary.reject.result.free.request.form
1124	Y	Sample transported / stored incorrectly. Please submit another sample.	2014-05-01 20:40:26.758801	\N	397	dictionary.reject.result.stored.incorrectly
1125	Y	Identification of improper sample. Please submit another sample.	2014-05-01 20:40:26.758801	\N	397	dictionary.reject.result.identification.improper
1126	Y	Sample was collected in the wrong tube. Please submit another sample.	2014-05-01 20:40:26.758801	\N	397	dictionary.reject.result.wrong.tube
1127	Y	 Incorrect quantity of the sample. Please submit another sample.	2014-05-01 20:40:26.758801	\N	397	dictionary.reject.result.incorrect.quantity
1128	Y	The sample received is not suitable for test requested . Please submit the appropriate sample.	2014-05-01 20:40:26.758801	\N	397	dictionary.reject.result.not.suitable
1129	Y	The sample received is coagulated . Please submit another sample.	2014-05-01 20:40:26.758801	\N	397	dictionary.reject.result.coagulated
1130	Y	The received sample was refrigerated . Please submit another sample.	2014-05-01 20:40:26.758801	\N	397	dictionary.reject.result.was.referigerated
1131	Y	Tube received arrived broken or spilled . Please submit another sample.	2014-05-01 20:40:26.758801	\N	397	dictionary.reject.result.broken.tube
1132	Y	The received sample is hemolyzed . Please submit another sample.	2014-05-01 20:40:26.758801	\N	397	dictionary.reject.result.hemolyzed
1133	Y	The sample is contaminated. Please submit another sample.	2014-05-01 20:40:26.758801	\N	397	dictionary.reject.result.contaminated
1134	Y	The sample received was insufficient volume . Please submit another sample.	2014-05-01 20:40:26.758801	\N	397	dictionary.reject.result.insufficient.volume
1135	Y	Following a mistake in sample intake, a not requested test has been scheduled but not executed.	2014-05-01 20:40:26.758801	\N	397	dictionary.reject.result.mistake.not.executed
1136	Y	Please submit another sample. Need to re-test .	2014-05-01 20:40:26.758801	\N	397	dictionary.reject.result.re-test
1137	Y	Need to re-test. Sample already available in the laboratory.	2014-05-01 20:40:26.758801	\N	397	dictionary.reject.result.already.available
\.


--
-- Data for Name: dictionary_category; Type: TABLE DATA; Schema: clinlims; Owner: clinlims
--

COPY dictionary_category (id, description, lastupdated, local_abbrev, name) FROM stdin;
34	VIROLOGY	2006-09-28 09:03:13.541	V	V
35	MOLECULAR EPI	2006-11-08 08:52:56.228	E	E
1	GONORRHEA CULTURE 	2007-10-26 05:15:27.178	GC	GC
3	CLINICAL GENERAL	2007-10-25 16:09:10.239	CG	CG
36	QA Event Type	2007-10-25 10:44:58	Q	Q
37	QA Event Category	2008-10-31 00:00:00	QC	QA Event Category
38	Haiti Lab	2008-10-31 00:00:00	HL	HL
137	Secondary ARV Prophlaxis choices for ARV studies.	2010-05-05 16:16:40.960609	arvProph2	Secondary Prophylaxis
77	Education Level Demographic Information	2010-05-05 16:16:41.37361	Education	Education Level
79	Nationality Demographic Information	2010-05-05 16:16:41.37361	National	Nationality
78	Marital Status Demographic Information	2010-05-05 16:16:41.37361	Marital	Marital Status
57	Yes No Unknown question choices	2010-05-05 16:16:41.37361	YesNoUnkn	Yes No Unknown
80	Yes No N/A question choices	2010-05-05 16:16:41.37361	YesNoNA	Yes No NA
81	Yes No question choices	2010-05-05 16:16:41.37361	YesNo	Yes No
84	AID Stages demographic question choices	2010-05-05 16:16:41.37361	AIDSStg	AIDS Stages
97	Simplified list of nationality demographic question choices	2010-05-05 16:16:41.37361	RegionNat	Regional Nationality
117	possible HIV status for demographic question choices	2010-05-05 16:16:41.37361	HIVStatus	HIV Status
83	ARV Prophylaxis treatments for demographic question choices	2010-05-05 16:16:41.37361	ARVProphyl	ARV Prophylaxis
82	ARV diseases for demographic question	2010-05-05 16:16:41.37361	ARVDisease	ARV Disease
157	Simplified Nationality Choices for demographic questions	2010-05-18 16:18:43.070359	NatSimple	Simplified Nationality
158	ARV treatment regime choices for ARV studies.	2010-05-18 16:18:43.145384	arvRegime	ARV Treatment Regime
177	Diseases for Routine Tests	2010-05-27 15:27:18.876801	RTNDisease	RTN Diseases
178	Diseases for Routine Test Examine Questions	2010-05-27 15:27:19.019343	RTNExam	RTN Examination Diseases
197	Result Values - Pos, Neg, Indeterminate, Invalid	2010-05-27 17:11:00.100711	PsNgIndInv	PosNegIndInv
198	HIV Result-HIV1, HIV2, HIVD, Neg, Indtrminate, Invalid	2010-05-27 17:11:00.100711	HIVResult	HIVResult
217	intake status	2010-06-23 11:52:23.957739	REC_STATUS	REC_STATUS
237	Result Values - HIV 1, Negative, Indeterminate	2010-06-28 13:37:06.754484	HIV1NInd	HIV1NInd
257	EID Which PCR Test	2010-07-01 16:20:54.03714	whichPCR	EID Which PCR Test
258	Reason for Second PCR Test	2010-07-01 16:20:54.03714	rsonPCRTst	Reason for Second PCR Test
277	EID Type of Clinic	2010-07-06 11:32:25.216115	typOfClinc	EID Type of Clinic
278	EID How Infant Eating	2010-07-06 11:32:25.216115	howEating	EID How Infant Eating
279	Mother's HIV Status	2010-07-06 11:32:25.216115	momsStatus	Mother's HIV Status
280	Mother's ARV Treatment	2010-07-06 11:32:25.216115	momsTrtmnt	Mother's ARV Treatment
281	EID Infant's ARV Prophylaxis	2010-07-06 11:32:25.216115	infantARV	EID Infant's ARV Prophylaxis
282	EID Infant Cotrimoxazole	2010-07-06 11:32:25.216115	eidCotrim	EID Cotrimoxazole
297	Special Request Reason	2010-09-03 15:48:27.834256	SpeclReasn	Special Request Reason
317	Choices for when an infant stopped breastfeeding	2010-10-26 12:35:06.938	stopFeed	EID Stopped Breastfeeding
337	specimen reception condition	2011-03-08 12:03:16.255	reciptCond	specimen reception condition
357	patientPayment	2012-09-25 14:28:54.528364	PP	patientPayment
358	possible language locales for the user to select	2012-09-25 14:28:55.601995	locale	locale
359	Possible education levels	2012-09-25 14:28:55.655234	education	Education Level Demographic Information
360	Possible marriage status	2012-09-25 14:28:55.664523	marriage	Marital Status Demographic Information
361	Possible nationalities	2012-09-25 14:28:55.673336	nation	Nationality Demographic Information
377	General test result	2013-11-07 09:59:59.044357	Test Reslt	Test Result
397	Reasons for rejecting test results	2014-05-01 20:40:26.677447	resReject	resultRejectionReasons
\.


--
-- Name: dictionary_category_seq; Type: SEQUENCE SET; Schema: clinlims; Owner: clinlims
--

SELECT pg_catalog.setval('dictionary_category_seq', 416, true);


--
-- Name: dictionary_seq; Type: SEQUENCE SET; Schema: clinlims; Owner: clinlims
--

SELECT pg_catalog.setval('dictionary_seq', 1139, true);


--
-- Data for Name: district; Type: TABLE DATA; Schema: clinlims; Owner: clinlims
--

COPY district (id, city_id, dist_entry, lastupdated, description) FROM stdin;
\.


--
-- Name: district_seq; Type: SEQUENCE SET; Schema: clinlims; Owner: clinlims
--

SELECT pg_catalog.setval('district_seq', 1, false);


--
-- Data for Name: document_track; Type: TABLE DATA; Schema: clinlims; Owner: clinlims
--

COPY document_track (id, table_id, row_id, document_type_id, parent_id, report_generation_time, lastupdated, name) FROM stdin;
\.


--
-- Name: document_track_seq; Type: SEQUENCE SET; Schema: clinlims; Owner: clinlims
--

SELECT pg_catalog.setval('document_track_seq', 195, true);


--
-- Data for Name: document_type; Type: TABLE DATA; Schema: clinlims; Owner: clinlims
--

COPY document_type (id, name, description, lastupdated) FROM stdin;
1	nonConformityNotification	Non_Conformity reports to be sent to clinic	2011-10-04 08:12:10.514+00
2	resultExport	Results sent electronically to other systems	2012-09-25 21:28:54.486483+00
3	malariaCase	malaria case report sent	2012-09-25 21:28:54.642285+00
4	patientReport	Any patient report, name in report_tracker	2012-09-25 21:28:56.951144+00
\.


--
-- Name: document_type_seq; Type: SEQUENCE SET; Schema: clinlims; Owner: clinlims
--

SELECT pg_catalog.setval('document_type_seq', 4, true);


--
-- Data for Name: electronic_order; Type: TABLE DATA; Schema: clinlims; Owner: clinlims
--

COPY electronic_order (id, external_id, patient_id, status_id, order_timestamp, data, lastupdated) FROM stdin;
\.


--
-- Name: electronic_order_seq; Type: SEQUENCE SET; Schema: clinlims; Owner: clinlims
--

SELECT pg_catalog.setval('electronic_order_seq', 1, false);


--
-- Data for Name: ethnicity; Type: TABLE DATA; Schema: clinlims; Owner: clinlims
--

COPY ethnicity (id, ethnic_type, description, is_active) FROM stdin;
\.


--
-- Data for Name: gender; Type: TABLE DATA; Schema: clinlims; Owner: clinlims
--

COPY gender (id, gender_type, description, lastupdated, name_key) FROM stdin;
145	M	MALE	2006-10-10 13:18:40.094	gender.male
146	F	FEMALE	2006-11-21 12:04:02.372	gender.female
\.


--
-- Name: gender_seq; Type: SEQUENCE SET; Schema: clinlims; Owner: clinlims
--

SELECT pg_catalog.setval('gender_seq', 1, false);


--
-- Name: hibernate_sequence; Type: SEQUENCE SET; Schema: clinlims; Owner: clinlims
--

SELECT pg_catalog.setval('hibernate_sequence', 3219, true);


--
-- Data for Name: history; Type: TABLE DATA; Schema: clinlims; Owner: clinlims
--

COPY history (id, sys_user_id, reference_id, reference_table, "timestamp", activity, changes) FROM stdin;
1	1	0	0	2014-06-27 00:07:07.118	T	\N
2	1	3	184	2014-06-27 00:07:19.509	U	\\x3c76616c75653e747275653c2f76616c75653e0a
\.


--
-- Name: history_seq; Type: SEQUENCE SET; Schema: clinlims; Owner: clinlims
--

SELECT pg_catalog.setval('history_seq', 20, true);


--
-- Name: hl7_encoding_type_seq; Type: SEQUENCE SET; Schema: clinlims; Owner: clinlims
--

SELECT pg_catalog.setval('hl7_encoding_type_seq', 4, true);


--
-- Data for Name: hl7_transmission_sequence; Type: TABLE DATA; Schema: clinlims; Owner: clinlims
--

COPY hl7_transmission_sequence (id, lastupdated) FROM stdin;
\.


--
-- Data for Name: htmldb_plan_table; Type: TABLE DATA; Schema: clinlims; Owner: clinlims
--

COPY htmldb_plan_table (statement_id, plan_id, "timestamp", remarks, operation, options, object_node, object_owner, object_name, object_alias, object_instance, object_type, optimizer, search_columns, id, parent_id, depth, "position", cost, cardinality, bytes, other_tag, partition_start, partition_stop, partition_id, other, distribution, cpu_cost, io_cost, temp_space, access_predicates, filter_predicates, projection, "time", qblock_name) FROM stdin;
7146420525171748	1	2008-05-08 14:33:14	\N	SELECT STATEMENT	\N	\N	\N	\N	\N	\N	\N	ALL_ROWS	\N	0	\N	0	238	238	79529	5726088	\N	\N	\N	\N	\N	\N	33895495	232	\N	\N	\N	\N	3	\N
7146420525171748	1	2008-05-08 14:33:14	<remarks><info type="db_version">10.2.0.1</info><info type="parse_schema"><![CDATA["CLINLIMS"]]></info><info type="plan_hash">288471584</info><outline_data><hint><![CDATA[FULL(@"SEL$1" "CITY_STATE_ZIP"@"SEL$1")]]></hint><hint><![CDATA[OUTLINE_LEAF(@"SEL$1")]]></hint><hint><![CDATA[ALL_ROWS]]></hint><hint><![CDATA[OPTIMIZER_FEATURES_ENABLE('10.2.0.1')]]></hint><hint><![CDATA[IGNORE_OPTIM_EMBEDDED_HINTS]]></hint></outline_data></remarks>	TABLE ACCESS	FULL	\N	CLINLIMS	CITY_STATE_ZIP	CITY_STATE_ZIP@SEL$1	1	TABLE	ANALYZED	\N	1	0	1	1	238	79529	5726088	\N	\N	\N	\N	\N	\N	33895495	232	\N	\N	\N	"CITY_STATE_ZIP"."ID"[NUMBER,22], "CITY_STATE_ZIP"."CITY"[VARCHAR2,30], "CITY_STATE_ZIP"."STATE"[VARCHAR2,2], "CITY_STATE_ZIP"."ZIP_CODE"[VARCHAR2,10], "CITY_STATE_ZIP"."COUNTY_FIPS"[NUMBER,22], "CITY_STATE_ZIP"."COUNTY"[VARCHAR2,25], "CITY_STATE_ZIP"."REGION_ID"[NUMBER,22], "CITY_STATE_ZIP"."REGION"[VARCHAR2,30], "CITY_STATE_ZIP"."STATE_FIPS"[NUMBER,22], "CITY_STATE_ZIP"."STATE_NAME"[VARCHAR2,30], "CITY_STATE_ZIP"."LASTUPDATED"[TIMESTAMP,11]	3	SEL$1
7146722603172428	2	2008-05-08 14:33:20	\N	SELECT STATEMENT	\N	\N	\N	\N	\N	\N	\N	ALL_ROWS	\N	0	\N	0	238	238	79529	5726088	\N	\N	\N	\N	\N	\N	33895495	232	\N	\N	\N	\N	3	\N
7146722603172428	2	2008-05-08 14:33:20	<remarks><info type="db_version">10.2.0.1</info><info type="parse_schema"><![CDATA["CLINLIMS"]]></info><info type="plan_hash">288471584</info><outline_data><hint><![CDATA[FULL(@"SEL$1" "CITY_STATE_ZIP"@"SEL$1")]]></hint><hint><![CDATA[OUTLINE_LEAF(@"SEL$1")]]></hint><hint><![CDATA[ALL_ROWS]]></hint><hint><![CDATA[OPTIMIZER_FEATURES_ENABLE('10.2.0.1')]]></hint><hint><![CDATA[IGNORE_OPTIM_EMBEDDED_HINTS]]></hint></outline_data></remarks>	TABLE ACCESS	FULL	\N	CLINLIMS	CITY_STATE_ZIP	CITY_STATE_ZIP@SEL$1	1	TABLE	ANALYZED	\N	1	0	1	1	238	79529	5726088	\N	\N	\N	\N	\N	\N	33895495	232	\N	\N	\N	"CITY_STATE_ZIP"."ID"[NUMBER,22], "CITY_STATE_ZIP"."CITY"[VARCHAR2,30], "CITY_STATE_ZIP"."STATE"[VARCHAR2,2], "CITY_STATE_ZIP"."ZIP_CODE"[VARCHAR2,10], "CITY_STATE_ZIP"."COUNTY_FIPS"[NUMBER,22], "CITY_STATE_ZIP"."COUNTY"[VARCHAR2,25], "CITY_STATE_ZIP"."REGION_ID"[NUMBER,22], "CITY_STATE_ZIP"."REGION"[VARCHAR2,30], "CITY_STATE_ZIP"."STATE_FIPS"[NUMBER,22], "CITY_STATE_ZIP"."STATE_NAME"[VARCHAR2,30], "CITY_STATE_ZIP"."LASTUPDATED"[TIMESTAMP,11]	3	SEL$1
7146420525171748	1	2008-05-08 14:33:14	\N	SELECT STATEMENT	\N	\N	\N	\N	\N	\N	\N	ALL_ROWS	\N	0	\N	0	238	238	79529	5726088	\N	\N	\N	\N	\N	\N	33895495	232	\N	\N	\N	\N	3	\N
7146420525171748	1	2008-05-08 14:33:14	<remarks><info type="db_version">10.2.0.1</info><info type="parse_schema"><![CDATA["CLINLIMS"]]></info><info type="plan_hash">288471584</info><outline_data><hint><![CDATA[FULL(@"SEL$1" "CITY_STATE_ZIP"@"SEL$1")]]></hint><hint><![CDATA[OUTLINE_LEAF(@"SEL$1")]]></hint><hint><![CDATA[ALL_ROWS]]></hint><hint><![CDATA[OPTIMIZER_FEATURES_ENABLE('10.2.0.1')]]></hint><hint><![CDATA[IGNORE_OPTIM_EMBEDDED_HINTS]]></hint></outline_data></remarks>	TABLE ACCESS	FULL	\N	CLINLIMS	CITY_STATE_ZIP	CITY_STATE_ZIP@SEL$1	1	TABLE	ANALYZED	\N	1	0	1	1	238	79529	5726088	\N	\N	\N	\N	\N	\N	33895495	232	\N	\N	\N	"CITY_STATE_ZIP"."ID"[NUMBER,22], "CITY_STATE_ZIP"."CITY"[VARCHAR2,30], "CITY_STATE_ZIP"."STATE"[VARCHAR2,2], "CITY_STATE_ZIP"."ZIP_CODE"[VARCHAR2,10], "CITY_STATE_ZIP"."COUNTY_FIPS"[NUMBER,22], "CITY_STATE_ZIP"."COUNTY"[VARCHAR2,25], "CITY_STATE_ZIP"."REGION_ID"[NUMBER,22], "CITY_STATE_ZIP"."REGION"[VARCHAR2,30], "CITY_STATE_ZIP"."STATE_FIPS"[NUMBER,22], "CITY_STATE_ZIP"."STATE_NAME"[VARCHAR2,30], "CITY_STATE_ZIP"."LASTUPDATED"[TIMESTAMP,11]	3	SEL$1
7146722603172428	2	2008-05-08 14:33:20	\N	SELECT STATEMENT	\N	\N	\N	\N	\N	\N	\N	ALL_ROWS	\N	0	\N	0	238	238	79529	5726088	\N	\N	\N	\N	\N	\N	33895495	232	\N	\N	\N	\N	3	\N
7146722603172428	2	2008-05-08 14:33:20	<remarks><info type="db_version">10.2.0.1</info><info type="parse_schema"><![CDATA["CLINLIMS"]]></info><info type="plan_hash">288471584</info><outline_data><hint><![CDATA[FULL(@"SEL$1" "CITY_STATE_ZIP"@"SEL$1")]]></hint><hint><![CDATA[OUTLINE_LEAF(@"SEL$1")]]></hint><hint><![CDATA[ALL_ROWS]]></hint><hint><![CDATA[OPTIMIZER_FEATURES_ENABLE('10.2.0.1')]]></hint><hint><![CDATA[IGNORE_OPTIM_EMBEDDED_HINTS]]></hint></outline_data></remarks>	TABLE ACCESS	FULL	\N	CLINLIMS	CITY_STATE_ZIP	CITY_STATE_ZIP@SEL$1	1	TABLE	ANALYZED	\N	1	0	1	1	238	79529	5726088	\N	\N	\N	\N	\N	\N	33895495	232	\N	\N	\N	"CITY_STATE_ZIP"."ID"[NUMBER,22], "CITY_STATE_ZIP"."CITY"[VARCHAR2,30], "CITY_STATE_ZIP"."STATE"[VARCHAR2,2], "CITY_STATE_ZIP"."ZIP_CODE"[VARCHAR2,10], "CITY_STATE_ZIP"."COUNTY_FIPS"[NUMBER,22], "CITY_STATE_ZIP"."COUNTY"[VARCHAR2,25], "CITY_STATE_ZIP"."REGION_ID"[NUMBER,22], "CITY_STATE_ZIP"."REGION"[VARCHAR2,30], "CITY_STATE_ZIP"."STATE_FIPS"[NUMBER,22], "CITY_STATE_ZIP"."STATE_NAME"[VARCHAR2,30], "CITY_STATE_ZIP"."LASTUPDATED"[TIMESTAMP,11]	3	SEL$1
\.


--
-- Data for Name: instrument; Type: TABLE DATA; Schema: clinlims; Owner: clinlims
--

COPY instrument (id, scrip_id, name, description, instru_type, is_active, location) FROM stdin;
\.


--
-- Data for Name: instrument_analyte; Type: TABLE DATA; Schema: clinlims; Owner: clinlims
--

COPY instrument_analyte (id, analyte_id, instru_id, method_id, result_group) FROM stdin;
\.


--
-- Data for Name: instrument_log; Type: TABLE DATA; Schema: clinlims; Owner: clinlims
--

COPY instrument_log (id, instru_id, instlog_type, event_begin, event_end) FROM stdin;
\.


--
-- Data for Name: inventory_component; Type: TABLE DATA; Schema: clinlims; Owner: clinlims
--

COPY inventory_component (id, invitem_id, quantity, material_component_id) FROM stdin;
\.


--
-- Data for Name: inventory_item; Type: TABLE DATA; Schema: clinlims; Owner: clinlims
--

COPY inventory_item (id, uom_id, name, description, quantity_min_level, quantity_max_level, quantity_to_reorder, is_reorder_auto, is_lot_maintained, is_active, average_lead_time, average_cost, average_daily_use) FROM stdin;
1	\N	VIH Test Kit	HIV	\N	\N	\N	\N	Y	Y	\N	\N	\N
2	\N	Syphilis Test Kit	SYPHILIS	\N	\N	\N	\N	Y	Y	\N	\N	\N
4	\N	Murky	SYPHILIS	\N	\N	\N	\N	\N	Y	\N	\N	\N
5	\N	Mike	SYPHILIS	\N	\N	\N	\N	\N	N	\N	\N	\N
6	\N	Murky Syphilis Kit	SYPHILIS	\N	\N	\N	\N	\N	N	\N	\N	\N
7	\N	Piu-test	SYPHILIS	\N	\N	\N	\N	\N	Y	\N	\N	\N
31	\N	\N	HIV	\N	\N	\N	\N	\N	Y	\N	\N	\N
10	\N	qqqqq	HIV	\N	\N	\N	\N	\N	Y	\N	\N	\N
11	\N	testing	HIV	\N	\N	\N	\N	\N	Y	\N	\N	\N
12	\N	aerer	HIV	\N	\N	\N	\N	\N	Y	\N	\N	\N
32	\N	wwwww	SYPHILIS	\N	\N	\N	\N	\N	Y	\N	\N	\N
16	\N	adf	HIV	\N	\N	\N	\N	\N	Y	\N	\N	\N
17	\N	ghg	HIV	\N	\N	\N	\N	\N	Y	\N	\N	\N
18	\N			\N	\N	\N	\N	\N	N	\N	\N	\N
19	\N	asdfdf		\N	\N	\N	\N	\N	Y	\N	\N	\N
20	\N	erere		\N	\N	\N	\N	\N	Y	\N	\N	\N
22	\N	ffff		\N	\N	\N	\N	\N	Y	\N	\N	\N
21	\N	dfdfdfd	HIV	\N	\N	\N	\N	\N	Y	\N	\N	\N
23	\N	dfdf	HIV	\N	\N	\N	\N	\N	Y	\N	\N	\N
24	\N	\N		\N	\N	\N	\N	\N	Y	\N	\N	\N
25	\N	\N		\N	\N	\N	\N	\N	Y	\N	\N	\N
26	\N	\N		\N	\N	\N	\N	\N	Y	\N	\N	\N
27	\N	\N		\N	\N	\N	\N	\N	Y	\N	\N	\N
28	\N	dfadf	HIV	\N	\N	\N	\N	\N	Y	\N	\N	\N
29	\N	aaa	SYPHILIS	\N	\N	\N	\N	\N	Y	\N	\N	\N
30	\N	\N		\N	\N	\N	\N	\N	Y	\N	\N	\N
\.


--
-- Name: inventory_item_seq; Type: SEQUENCE SET; Schema: clinlims; Owner: clinlims
--

SELECT pg_catalog.setval('inventory_item_seq', 32, true);


--
-- Data for Name: inventory_location; Type: TABLE DATA; Schema: clinlims; Owner: clinlims
--

COPY inventory_location (id, storage_id, lot_number, quantity_onhand, expiration_date, inv_item_id) FROM stdin;
5	\N	444	\N	2009-09-10 00:00:00	4
6	\N	333	\N	2009-02-16 00:00:00	5
7	\N	666	\N	2009-02-16 00:00:00	6
2	\N	sdfadf	\N	2009-02-12 00:00:00	1
4	\N	104	\N	2009-02-21 00:00:00	2
11	\N	djkfd	\N	2009-03-12 00:00:00	10
12	\N	kdlfj	\N	2009-05-05 00:00:00	11
8	\N		\N	2007-08-12 00:00:00	7
13	\N		\N	2009-05-06 00:00:00	12
17	\N		\N	\N	16
18	\N		\N	\N	17
19	\N		\N	\N	18
20	\N		\N	\N	19
21	\N		\N	\N	20
22	\N		\N	\N	21
23	\N		\N	\N	22
24	\N		\N	\N	23
25	\N		\N	\N	24
26	\N		\N	\N	25
27	\N		\N	\N	26
28	\N		\N	\N	27
29	\N		\N	\N	28
30	\N	fffff	\N	2009-08-21 00:00:00	29
31	\N		\N	\N	30
32	\N		\N	\N	31
33	\N	44444	\N	\N	32
\.


--
-- Name: inventory_location_seq; Type: SEQUENCE SET; Schema: clinlims; Owner: clinlims
--

SELECT pg_catalog.setval('inventory_location_seq', 33, true);


--
-- Data for Name: inventory_receipt; Type: TABLE DATA; Schema: clinlims; Owner: clinlims
--

COPY inventory_receipt (id, invitem_id, received_date, quantity_received, unit_cost, qc_reference, external_reference, org_id) FROM stdin;
\.


--
-- Name: inventory_receipt_seq; Type: SEQUENCE SET; Schema: clinlims; Owner: clinlims
--

SELECT pg_catalog.setval('inventory_receipt_seq', 31, true);


--
-- Data for Name: lab_order_item; Type: TABLE DATA; Schema: clinlims; Owner: clinlims
--

COPY lab_order_item (id, lab_order_type_id, table_ref, record_id, identifier, action, lastupdated) FROM stdin;
\.


--
-- Name: lab_order_item_seq; Type: SEQUENCE SET; Schema: clinlims; Owner: clinlims
--

SELECT pg_catalog.setval('lab_order_item_seq', 1, false);


--
-- Data for Name: lab_order_type; Type: TABLE DATA; Schema: clinlims; Owner: clinlims
--

COPY lab_order_type (id, domain, type, context, description, sort_order, lastupdated, display_key) FROM stdin;
\.


--
-- Name: lab_order_type_seq; Type: SEQUENCE SET; Schema: clinlims; Owner: clinlims
--

SELECT pg_catalog.setval('lab_order_type_seq', 1, false);


--
-- Data for Name: label; Type: TABLE DATA; Schema: clinlims; Owner: clinlims
--

COPY label (id, name, description, printer_type, scriptlet_id, lastupdated) FROM stdin;
\.


--
-- Name: label_seq; Type: SEQUENCE SET; Schema: clinlims; Owner: clinlims
--

SELECT pg_catalog.setval('label_seq', 3, false);


--
-- Data for Name: login_user; Type: TABLE DATA; Schema: clinlims; Owner: clinlims
--

COPY login_user (id, login_name, password, password_expired_dt, account_locked, account_disabled, is_admin, user_time_out) FROM stdin;
127	analyzer	u1AXh5zmcldvxFzjLzswpg==	2023-06-24	N	N	N	480
1	admin	n2OrWHXVm/BQsgd1YZJoCA==	2050-01-07	N	N	Y	220
\.


--
-- Name: login_user_seq; Type: SEQUENCE SET; Schema: clinlims; Owner: clinlims
--

SELECT pg_catalog.setval('login_user_seq', 133, true);


--
-- Data for Name: menu; Type: TABLE DATA; Schema: clinlims; Owner: clinlims
--

COPY menu (id, parent_id, presentation_order, element_id, action_url, click_action, display_key, tool_tip_key, new_window) FROM stdin;
1	\N	1	menu_home	/Dashboard.do	\N	banner.menu.home	tooltip.bannner.menu.home	f
2	\N	2	menu_sample	\N	\N	banner.menu.sample	tooltip.bannner.menu.sample	f
3	2	1	menu_sample_create	\N	\N	banner.menu.sampleCreate	tooltip.bannner.menu.sampleCreate	f
4	3	1	menu_sample_create_initial	/SampleEntryByProject.do?type=initial	\N	banner.menu.createInitial	tooltip.bannner.menu.createInitial	f
5	3	2	menu_sample_create_double	/SampleEntryByProject.do?type=verify	\N	banner.menu.createDouble	tooltip.banner.menu.createDouble	f
6	2	2	menu_sample_edit	/SampleEdit.do?type=readwrite	\N	banner.menu.sampleEdit	tooltip.banner.menu.sampleEdit	f
7	2	3	menu_sample_consult	/SampleEdit.do?type=readonly	\N	banner.menu.sampleConsult	tooltip.banner.menu.sampleConsult	f
8	\N	3	menu_patient	\N	\N	banner.menu.patient	tooltip.bannner.menu.patient	f
9	8	1	menu_patient_create	\N	\N	banner.menu.patient.Create	tooltip.banner.menu.patient.Create	f
10	9	1	menu_patient_create_initial	/PatientEntryByProject.do?type=initial	\N	banner.menu.createInitial	tooltip.bannner.menu.createInitial	f
11	9	2	menu_patient_create_double	/PatientEntryByProject.do?type=verify	\N	banner.menu.createDouble	tooltip.banner.menu.createDouble	f
12	8	2	menu_patient_edit	/PatientEditByProject.do?type=readwrite	\N	banner.menu.patientEdit	tooltip.banner.menu.patientEdit	f
13	8	3	menu_patient_consult	/PatientEditByProject.do?type=readonly	\N	banner.menu.patientConsult	tooltip.banner.menu.patientConsult	f
14	\N	4	menu_nonconformity	/NonConformity.do	\N	banner.menu.nonconformity	tooltip.bannner.menu.nonconformity	f
15	\N	5	menu_workplan	\N	\N	banner.menu.workplan	tooltip.bannner.menu.workplan	f
16	15	1	menu_workplan_test	/WorkPlanByTest.do?type=test	\N	banner.menu.workplan.test	tooltip.bannner.menu.workplan.test	f
17	15	2	menu_workplan_bench	\N	\N	banner.menu.workplan.bench	tooltip.bannner.menu.workplan.bench	f
18	17	1	menu_workplan_immunology	/WorkPlanByTestSection.do?type=immunology	\N	banner.menu.workplan.Immunology	tooltip.bannner.menu.workplan.Immunology	f
19	17	2	menu_workplan_hematology	/WorkPlanByTestSection.do?type=hematology	\N	banner.menu.workplan.Hematology	tooltip.bannner.menu.workplan.Hematology	f
20	17	3	menu_workplan_biochemistry	/WorkPlanByTestSection.do?type=biochemistry	\N	banner.menu.workplan.Biochemistry	tooltip.bannner.menu.workplan.Biochemistry	f
21	17	4	menu_workplan_serology	/ElisaAlgorithmWorkplan.do?type=serology	\N	banner.menu.workplan.Serology	tooltip.bannner.menu.workplan.Serology	f
22	17	5	menu_workplan_virology	/WorkPlanByTestSection.do?type=virology	\N	banner.menu.workplan.Virology	tooltip.bannner.menu.workplan.Virology	f
23	\N	6	menu_results	\N	\N	banner.menu.results	tooltip.bannner.menu.results	f
24	23	1	menu_results_logbook	\N	\N	banner.menu.results.logbook	tooltip.banner.menu.results.logbook	f
25	24	1	menu_results_immunology_ci	/LogbookResults.do?type=immuno	\N	banner.menu.results.logbook.immunoSerology.CI	tooltip.banner.menu.results.logbook.immunoSerology.CI	f
26	24	2	menu_results_hematology	/LogbookResults.do?type=hematology	\N	banner.menu.results.logbook.hemato	tooltip.banner.menu.results.logbook.hemato	f
27	24	3	menu_results_chem	/LogbookResults.do?type=chem	\N	banner.menu.results.logbook.chem	tooltip.banner.menu.results.logbook.chem	f
28	24	4	menu_results_serology	/LogbookResults.do?type=serology	\N	banner.menu.results.logbook.serology	tooltip.banner.menu.results.logbook.serology	f
29	24	5	menu_results_virology	/LogbookResults.do?type=virology	\N	banner.menu.results.logbook.virology	tooltip.banner.menu.results.logbook.virology	f
30	23	2	menu_results_search	\N	\N	banner.menu.results.search	tooltip.banner.menu.results.search	f
31	30	1	menu_results_patient	/PatientResults.do	\N	banner.menu.results.patient	tooltip.banner.menu.results.patient	f
32	30	2	menu_results_lab_no	/AccessionResults.do	\N	banner.menu.results.lab.no	tooltip.banner.menu.results.lab.no	f
33	30	3	menu_results_status	/StatusResults.do?blank=true	\N	banner.menu.results.status	tooltip.banner.menu.results.status	f
34	23	3	menu_results_analyzer	\N	\N	banner.menu.results.analyzer	tooltip.banner.menu.results.analyzer	f
35	34	1	menu_results_cobas_integra	/AnalyzerResults.do?type=cobas_integra	\N	banner.menu.results.cobas.integra	tooltip.banner.menu.results.cobas.integra	f
36	34	20	menu_results_cobasc311	/AnalyzerResults.do?type=cobasc311	\N	banner.menu.results.cobasc311	banner.menu.results.cobasc311	f
37	34	30	menu_results_cobas_taqman	/AnalyzerResults.do?type=cobas_taqman	\N	banner.menu.results.cobas.taqman	tooltip.banner.menu.results.cobas.taqman	f
38	34	40	menu_results_coabas_DBS	/AnalyzerResults.do?type=cobasDBS	\N	banner.menu.results.cobasDBS	banner.menu.results.cobasDBS	f
39	34	50	menu_results_sysmex	/AnalyzerResults.do?type=sysmex	\N	banner.menu.results.sysmex	tooltip.banner.menu.results.sysmex	f
40	34	60	menu_results_facscalibur	/AnalyzerResults.do?type=facscalibur	\N	banner.menu.results.facscalibur	tooltip.banner.menu.results.facscalibur	f
41	34	70	menu_results_facscanto	/AnalyzerResults.do?type=facscanto	\N	banner.menu.results.facscanto	tooltip.banner.menu.results.facscanto	f
42	34	80	menu_results_evolis	/AnalyzerResults.do?type=evolis	\N	banner.menu.results.evolis	tooltip.banner.menu.results.evolis	f
43	\N	7	menu_resultvalidation	\N	\N	banner.menu.resultvalidation	tooltip.banner.menu.resultvalidation	f
44	43	1	menu_resultvalidation_immunology	/ResultValidation.do?type=immunology&test=	\N	banner.menu.resultvalidation.immunologyHematology	tooltip.banner.menu.resultvalidation.immunologyHematology	f
45	43	2	menu_resultvalidation_biochemistry	/ResultValidation.do?type=biochemistry&test=	\N	banner.menu.resultvalidation.biochemistry	tooltip.banner.menu.resultvalidation.biochemistry	f
46	43	3	menu_resultvalidation_serology	/ResultValidation.do?type=serology	\N	banner.menu.resultvalidation.serology	tooltip.banner.menu.resultvalidation.serology	f
47	43	4	menu_resultvalidation_virology	/ResultValidation.do?type=virology&test=	\N	banner.menu.resultvalidation.virology	tooltip.banner.menu.resultvalidation.virology	f
48	47	1	menu_resultvalidation_dnapcr	/ResultValidation.do?type=virology&test=DNA PCR	\N	banner.menu.resultvalidation.dnapcr	tooltip.banner.menu.resultvalidation.dnapcr	f
49	47	2	menu_resultvalidation_viralload	/ResultValidation.do?type=virology&test=Viral Load	\N	banner.menu.resultvalidation.viralload	tooltip.banner.menu.resultvalidation.viralload	f
50	47	3	menu_resultvalidation_genotyping	/ResultValidation.do?type=virology&test=Genotyping	\N	banner.menu.resultvalidation.genotyping	tooltip.banner.menu.resultvalidation.genotyping	f
51	\N	8	menu_reports	\N	\N	banner.menu.reports	tooltip.banner.menu.reports	f
52	51	1	menu_reports_patients	\N	\N	openreports.patientreports.title	tooltip.openreports.patientreports.title	f
53	52	1	menu_reports_arv	\N	\N	project.ARVStudies.name	project.ARVStudies.name	f
54	53	1	menu_reports_arv_initial1	/Report.do?type=patient&report=patientARVInitial1	\N	reports.patient.ARVInitial.version1	tooltip.reports.patient.ARVInitial.version1	f
55	53	2	menu_reports_arv_initial2	/Report.do?type=patient&report=patientARVInitial2	\N	reports.patient.ARVInitial.version2	tooltip.reports.patient.ARVInitial.version2	f
56	53	3	menu_reports_arv_followup1	/Report.do?type=patient&report=patientARVFollowup1	\N	reports.patient.ARVFollowup.version1	tooltip.reports.patient.ARVFollowup.version1	f
57	53	4	menu_reports_arv_followup2	/Report.do?type=patient&report=patientARVFollowup2	\N	reports.patient.ARVFollowup.version2	tooltip.reports.patient.ARVFollowup.version2	f
58	52	2	menu_reports_eid	\N	\N	project.EIDStudy.name	tooltip.project.EIDStudy.name	f
59	58	1	menu_reports_eid_version1	/Report.do?type=patient&report=patientEID1	\N	openreports.patient.EID.version1	tooltip.openreports.patient.EID.version1	f
60	58	2	menu_reports_eid_version2	/Report.do?type=patient&report=patientEID2	\N	openreports.patient.EID.version2	tooltip.openreports.patient.EID.version2	f
61	52	3	menu_reports_indeterminate	\N	\N	project.IndeterminateStudy.name	tooltip.project.IndeterminateStudy.name	f
62	61	1	menu_reports_indeterminate_version1	/Report.do?type=patient&report=patientIndeterminate1	\N	reports.patient.Indeterminate.version1	tooltip.reports.patient.Indeterminate.version1	f
63	61	2	menu_reports_indeterminate_version2	/Report.do?type=patient&report=patientIndeterminate2	\N	reports.patient.Indeterminate.version2	tooltip.reports.patient.Indeterminate.version2	f
64	61	3	menu_reports_indeterminate_location	/Report.do?type=patient&report=patientIndeterminateByLocation	\N	reports.patient.Indeterminate.location	tooltip.reports.patient.Indeterminate.location	f
65	52	4	menu_reports_special	/Report.do?type=patient&report=patientSpecialReport	\N	project.SpecialRequestStudy.name	tooltip.project.SpecialRequestStudy.name	f
66	52	5	menu_reports_patient_collection	/Report.do?type=patient&report=patientCollection	\N	patient.report.collection.name	patient.report.collection.name	f
67	52	6	menu_reports_patient_associated	/Report.do?type=patient&report=patientAssociated	\N	patient.report.associated.name	patient.report.associated.name	f
68	51	2	menu_reports_indicator	\N	\N	reports.label.indicator	tooltip.reports.label.indicator	f
69	68	1	menu_reports_indicator_performance	/ReportPrint.do?type=indicator&report=indicatorSectionPerformance	\N	reports.label.indicator.performance	tooltip.reports.label.indicator.performance	t
70	68	2	menu_reports_validation_backlog	/ReportPrint.do?type=indicator&report=validationBacklog	\N	banner.menu.report.validation.backlog	banner.menu.report.validation.backlog	t
71	51	3	menu_reports_nonconformity	\N	\N	reports.nonConformity.menu	tooltip.reports.nonConformity.menu	f
72	71	1	menu_reports_nonconformity_date	/Report.do?type=patient&report=retroCINonConformityByDate	\N	reports.nonConformity.byDate.report	tooltip.reports.nonConformity.byDate.report	f
73	71	2	menu_reports_nonconformity_section	/Report.do?type=patient&report=retroCInonConformityBySectionReason	\N	reports.nonConformity.bySectionReason.report	tooltip.reports.nonConformity.bySectionReason.report	f
74	71	3	menu_reports_nonconformity_notification	/Report.do?type=patient&report=retroCInonConformityNotification	\N	reports.nonConformity.notification.report	tooltip.reports.nonConformity.notification.report	f
75	71	4	menu_reports_followupRequired_ByLocation	/Report.do?type=patient&report=retroCIFollowupRequiredByLocation	\N	reports.followupRequired.byLocation	tooltip.reports.followupRequired.byLocation	f
76	51	4	menu_reports_export	/Report.do?type=patient&report=CISampleExport	\N	reports.export.byDate	tooltip.reports.export.byDate	f
77	51	5	menu_reports_auditTrail	/AuditTrailReport.do	\N	reports.auditTrail	reports.auditTrail	f
78	\N	9	menu_administration	/MasterListsPage.do	\N	banner.menu.administration	tooltip.banner.menu.administration	f
\.


--
-- Name: menu_seq; Type: SEQUENCE SET; Schema: clinlims; Owner: clinlims
--

SELECT pg_catalog.setval('menu_seq', 78, true);


--
-- Data for Name: message_org; Type: TABLE DATA; Schema: clinlims; Owner: clinlims
--

COPY message_org (id, org_id, is_active, active_begin, active_end, description, lastupdated) FROM stdin;
25	1956	Y	2007-03-07 00:00:00	\N	COLORADO	2007-03-07 15:21:05.819
21	2133	Y	2007-03-07 00:00:00	\N	CDC	2007-03-07 15:19:35.712
22	2294	Y	2007-03-07 00:00:00	\N	IOWA	2007-03-07 15:19:56.455
23	2015	Y	2007-03-07 00:00:00	\N	CALIFORNIA	2007-03-07 15:25:42.987
24	2296	Y	2007-03-07 00:00:00	\N	NEBRASKA	2007-03-07 15:20:35.645
\.


--
-- Name: message_org_seq; Type: SEQUENCE SET; Schema: clinlims; Owner: clinlims
--

SELECT pg_catalog.setval('message_org_seq', 41, false);


--
-- Name: messagecontrolidseq; Type: SEQUENCE SET; Schema: clinlims; Owner: clinlims
--

SELECT pg_catalog.setval('messagecontrolidseq', 1, false);


--
-- Data for Name: method; Type: TABLE DATA; Schema: clinlims; Owner: clinlims
--

COPY method (id, name, description, reporting_description, is_active, active_begin, active_end, lastupdated) FROM stdin;
1	EIA 	Enzyme-linked immunoassay	EIA 	Y	2007-04-24 00:00:00	\N	2007-04-24 13:46:47.063
31	PCR	Polymerase Chain Reaction	\N	Y	2006-09-18 00:00:00	\N	2006-09-29 14:32:51
32	STAIN	Stain	\N	Y	2006-09-29 00:00:00	\N	2006-09-29 14:32:57
33	CULTURE	Culture	\N	Y	2006-09-29 00:00:00	\N	2006-11-01 08:10:49.606
34	PROBE	Probe	\N	Y	2006-09-29 00:00:00	\N	2006-09-29 14:33:05
35	BIOCHEMICAL	Biochemical	\N	Y	2006-09-29 00:00:00	\N	2006-11-08 09:16:24.377
27	Diane Test	Diane Test	\N	Y	2006-09-06 00:00:00	\N	2006-10-23 15:35:39.534
36	HPLC	High Pressure Liquid Chromatography	\N	Y	2006-09-29 00:00:00	\N	2006-09-29 14:31:50
37	DNA SEQUENCING	DNA Sequencing	\N	Y	2006-09-29 00:00:00	\N	2006-10-23 15:35:40.691
3	AUTO	Automated (Haiti)		Y	2009-02-24 00:00:00	\N	2009-02-24 16:26:17.507
4	MANUAL	test done manually (Haiti)		Y	2009-02-24 00:00:00	\N	2009-02-24 16:26:47.604
5	HIV_TEST_KIT	Uses Hiv test kit		Y	2009-03-05 00:00:00	\N	2009-03-05 14:26:19.46
6	SYPHILIS_TEST_KIT	Test kit for syphilis		Y	2009-03-05 00:00:00	\N	2009-03-05 14:28:11.61
\.


--
-- Data for Name: method_analyte; Type: TABLE DATA; Schema: clinlims; Owner: clinlims
--

COPY method_analyte (id, method_id, analyte_id, result_group, sort_order, ma_type) FROM stdin;
\.


--
-- Data for Name: method_result; Type: TABLE DATA; Schema: clinlims; Owner: clinlims
--

COPY method_result (id, scrip_id, result_group, flags, methres_type, value, quant_limit, cont_level, method_id) FROM stdin;
\.


--
-- Name: method_seq; Type: SEQUENCE SET; Schema: clinlims; Owner: clinlims
--

SELECT pg_catalog.setval('method_seq', 6, true);


--
-- Data for Name: mls_lab_type; Type: TABLE DATA; Schema: clinlims; Owner: clinlims
--

COPY mls_lab_type (id, description, org_mlt_org_mlt_id) FROM stdin;
\.


--
-- Data for Name: note; Type: TABLE DATA; Schema: clinlims; Owner: clinlims
--

COPY note (id, sys_user_id, reference_id, reference_table, note_type, subject, text, lastupdated) FROM stdin;
\.


--
-- Name: note_seq; Type: SEQUENCE SET; Schema: clinlims; Owner: clinlims
--

SELECT pg_catalog.setval('note_seq', 1, false);


--
-- Data for Name: observation_history; Type: TABLE DATA; Schema: clinlims; Owner: clinlims
--

COPY observation_history (id, patient_id, sample_id, observation_history_type_id, value_type, value, lastupdated, sample_item_id) FROM stdin;
\.


--
-- Name: observation_history_seq; Type: SEQUENCE SET; Schema: clinlims; Owner: clinlims
--

SELECT pg_catalog.setval('observation_history_seq', 323178, true);


--
-- Data for Name: observation_history_type; Type: TABLE DATA; Schema: clinlims; Owner: clinlims
--

COPY observation_history_type (id, type_name, description, lastupdated) FROM stdin;
1	educationLevel	Education Level	\N
2	maritalStatus	Marital Status	\N
3	nationality	Nationality	\N
5	legalResidence	Legal Residence	\N
6	SampleRecordStatus	Sample Record Status	2010-05-10 23:06:57.867538+00
7	PatientRecordStatus	Patient Record Status	2010-05-10 23:06:57.867538+00
9	nameOfDoctor	Name of Doctor	2010-06-23 18:52:39.075897+00
10	anyPriorDiseases	Any Prior Diseases	2010-06-23 18:52:39.075897+00
11	priorDiseases	Prior Diseases	2010-06-23 18:52:39.075897+00
12	anyCurrentDiseases	Any Current Diseases	2010-06-23 18:52:39.075897+00
13	currentDiseases	Current Diseases	2010-06-23 18:52:39.075897+00
14	arvProphylaxisBenefit	Arv Prophylaxis Benefit	2010-06-23 18:52:39.075897+00
15	arvProphylaxis	Arv Prophylaxis	2010-06-23 18:52:39.075897+00
16	currentARVTreatment	Current ARV Treatment	2010-06-23 18:52:39.075897+00
17	priorARVTreatment	Prior ARV Treatment	2010-06-23 18:52:39.075897+00
18	priorARVTreatmentINNs	Prior ARV Treatment Medicines (INN)	2010-06-23 18:52:39.075897+00
19	cotrimoxazoleTreatment	Cotrimoxazole Treatment	2010-06-23 18:52:39.075897+00
20	aidsStage	AIDS Stage	2010-06-23 18:52:39.075897+00
21	currentOITreatment	Current Opportunistic Infection Treatment	2010-06-23 18:52:39.075897+00
22	patientWeight	Patient Weight	2010-06-23 18:52:39.075897+00
23	karnofskyScore	Karnofsky Score	2010-06-23 18:52:39.075897+00
24	whichPCR	Which PCR - 1st or 2nd Test	2010-07-01 23:20:54.03714+00
25	reasonForSecondPCRTest	Reason for Second PCR Test	2010-07-01 23:20:54.03714+00
33	eidInfantPTME	Infant Benefit from PTME	2010-07-06 18:32:25.216115+00
34	eidTypeOfClinic	Type of Clinic	2010-07-06 18:32:25.216115+00
36	eidInfantSymptomatic	Infant Experiencing Symptoms	2010-07-06 18:32:25.216115+00
37	eidMothersHIVStatus	Mother's HIV Status	2010-07-06 18:32:25.216115+00
38	eidMothersARV	Mother's ARV Treatment	2010-07-06 18:32:25.216115+00
39	eidInfantsARV	Infant's ARV Prophylaxis	2010-07-06 18:32:25.216115+00
40	eidInfantCotrimoxazole	Infant Cotrimoxazole	2010-07-06 18:32:25.216115+00
26	indFirstTestName	Indeterminate First Test Name	2010-07-07 16:36:05.165319+00
27	indSecondTestName	Indeterminate Second Test Name	2010-07-07 16:36:05.165319+00
28	indFirstTestDate	Indeterminate First Test Date	2010-07-07 16:36:05.165319+00
29	indSecondTestDate	Indeterminate Second Test Date	2010-07-07 16:36:05.165319+00
30	indFirstTestResult	Indeterminate First Test Result	2010-07-07 16:36:05.165319+00
31	indSecondTestResult	Indeterminate Second Test Result	2010-07-07 16:36:05.165319+00
32	indSiteFinalResult	Indeterminate Site Final Result	2010-07-07 16:36:05.165319+00
35	eidHowChildFed	How the infant is eating	2010-07-07 16:36:05.165319+00
41	cd4Count	CD4 Count	2010-07-08 19:25:22.799494+00
42	cd4Percent	CD4 Percent	2010-07-08 19:25:22.799494+00
43	priorCd4Date	prior CD4 Date	2010-07-08 19:25:22.799494+00
44	antiTbTreatment	anti TB Treatment	2010-07-08 19:25:22.799494+00
45	interruptedARVTreatment	Interrupted ARV Treatment	2010-07-08 19:25:22.799494+00
46	arvTreatmentAnyAdverseEffects	arv Treatment Any AdverseEffects	2010-07-08 19:25:22.799494+00
47	arvTreatmentChange	arv Treatment Change	2010-07-08 19:25:22.799494+00
48	arvTreatmentNew	arv Treatment New	2010-07-08 19:25:22.799494+00
49	arvTreatmentRegime	arv Treatment Regime	2010-07-08 19:25:22.799494+00
50	cotrimoxazoleTreatAnyAdvEff	Cotrimoxazole Treatment Any Adverse Effects	2010-07-08 19:25:22.799494+00
51	anySecondaryTreatment	Any Secondary Treatment	2010-07-08 19:25:22.799494+00
52	secondaryTreatment	Secondary Treatment	2010-07-08 19:25:22.799494+00
53	clinicVisits	ClinicVisits	2010-07-08 19:25:22.799494+00
54	hospital	Hospital	2010-07-08 19:25:22.799494+00
55	service	Service in Hospital	2010-07-08 19:25:22.799494+00
56	hospitalPatient	Hospital Patient	2010-07-08 19:25:22.799494+00
57	futureARVTreatmentINNs	 Future ARV Treatment Medicine/Drugs	2010-07-08 19:25:22.799494+00
58	arvTreatmentAdvEffGrd	 ARV Treatment Adverse Effects: Grade	2010-07-08 19:25:22.799494+00
59	arvTreatmentAdvEffType	 ARV Treatment Adverse Effects: Type	2010-07-08 19:25:22.799494+00
60	cotrimoxazoleTreatAdvEffGrd	 Cotrimoxazole Treatment Adverse Effects: Grade	2010-07-08 19:25:22.799494+00
61	cotrimoxazoleTreatAdvEffType	 Cotrimoxazole Treatment Adverse Effects: Type	2010-07-08 19:25:22.799494+00
62	projectFormName	the name of the form (paper questions not JSP) which the patient used.	2010-07-24 00:50:55.363932+00
8	hivStatus	HIV Status	2010-08-02 22:07:28.130828+00
63	reason	Reason that this sample/patient test request was created.	2010-08-02 22:07:28.195643+00
64	nameOfSampler	Name of Sampler	2010-08-24 17:04:18.378788+00
65	nameOfRequestor	Name of Requestor	2010-08-24 17:04:18.378788+00
67	eidTypeOfClinicOther	text field for undefined clinic type	2010-10-26 12:35:07+00
68	eidStoppedBreastfeeding	value for when the child stopped breastfeeding	2010-10-26 12:35:07+00
69	underInvestigation	indicates that this patient/sample combination is under investigation	2010-12-08 09:56:11.713+00
70	CTBPul	Pulmonary TB : Answer to (current) disease question	2011-07-29 11:20:33.617+00
71	CTBExpul	Expulmonary TB : Answer to (current) disease question	2011-07-29 11:20:33.617+00
72	CCrblToxo	Cerebral Toxoplamosis : Answer to (current) disease question	2011-07-29 11:20:33.617+00
73	CCryptoMen	Cryoptococcal Meningitis : Answer to (current) disease question	2011-07-29 11:20:33.617+00
74	CGenPrurigo	General Prurigo : Answer to (current) disease question	2011-07-29 11:20:33.617+00
75	CIST	IST (?) : Answer to (current) disease question	2011-07-29 11:20:33.617+00
76	CCervCancer	Cervical Cancer : Answer to (current) disease question	2011-07-29 11:20:33.617+00
77	COpharCand	Oropharyngeal Candidiasis : Answer to (current) disease question	2011-07-29 11:20:33.617+00
78	CKaposiSarc	Kaposi''s sarcoma : Answer to (current) disease question	2011-07-29 11:20:33.617+00
79	CShingles	shingles : Answer to (current) disease question	2011-07-29 11:20:33.617+00
80	CDiarrheaC	Chronic Diarrhea : Answer to (current) disease question	2011-07-29 11:20:33.617+00
81	PTBPul	Pulmonary TB : Answer to (prior) disease question	2011-07-29 11:20:33.617+00
82	PTBExpul	Expulmonary TB : Answer to (prior) disease question	2011-07-29 11:20:33.617+00
83	PCrblToxo	Cerebral Toxoplamosis : Answer to (prior) disease question	2011-07-29 11:20:33.617+00
84	PCryptoMen	Cryoptococcal Meningitis : Answer to (prior) disease question	2011-07-29 11:20:33.617+00
85	PGenPrurigo	General Prurigo : Answer to (prior) disease question	2011-07-29 11:20:33.617+00
86	PIST	IST (?) : Answer to (prior) disease question	2011-07-29 11:20:33.617+00
87	PCervCancer	Cervical Cancer : Answer to (prior) disease question	2011-07-29 11:20:33.617+00
88	POpharCand	Oropharyngeal Candidiasis : Answer to (prior) disease question	2011-07-29 11:20:33.617+00
89	PKaposiSarc	Kaposi's sarcoma : Answer to (prior) disease question	2011-07-29 11:20:33.617+00
90	PShingles	shingles : Answer to (prior) disease question	2011-07-29 11:20:33.617+00
91	PDiarrheaC	Chronic Diarrhea : Answer to (prior) disease question	2011-07-29 11:20:33.617+00
92	weightLoss	weight loss: Answer to RTN Disease Question	2011-07-29 11:20:33.617+00
93	diarrhea	diarrhea: Answer to RTN Disease Question	2011-07-29 11:20:33.617+00
94	fever	fever: Answer to RTN Disease Question	2011-07-29 11:20:33.617+00
95	cough	cough: Answer to RTN Disease Question	2011-07-29 11:20:33.617+00
96	pulTB	pulmonary Tuberculosis: Answer to RTN Disease Question	2011-07-29 11:20:33.617+00
97	expulTB	expulmonary Tuberculosis: Answer to RTN Disease Question	2011-07-29 11:20:33.617+00
98	swallPaint	painful Swallowing: Answer to RTN Disease Question	2011-07-29 11:20:33.617+00
99	cryptoMen	cryptococcus Meningitis: Answer to RTN Disease Question	2011-07-29 11:20:33.617+00
100	recPneumon	recurrent Pneumonia: Answer to RTN Disease Question	2011-07-29 11:20:33.617+00
101	sespis	sespis : Answer to RTN Disease Question	2011-07-29 11:20:33.617+00
102	recInfect	recurrent Infections: Answer to RTN Disease Question	2011-07-29 11:20:33.617+00
103	curvixC	curvix Cancer: Answer to RTN Disease Question	2011-07-29 11:20:33.617+00
104	matHIV	maternal HIV: Answer to RTN Disease Question	2011-07-29 11:20:33.617+00
105	cachexie	cachexia: Answer to RTN Disease Question	2011-07-29 11:20:33.617+00
106	thrush	thrush : Answer to RTN Disease Question	2011-07-29 11:20:33.617+00
107	dermPruip	General Dermititis Pruipineuse: Answer to RTN Disease Question	2011-07-29 11:20:33.617+00
108	herpes	Herpes : Answer to RTN Disease Question: Answer to RTN Disease Question	2011-07-29 11:20:33.617+00
109	zona	Zona: Answer to RTN Disease Question	2011-07-29 11:20:33.617+00
110	sarcKapo	Kaposis Sarcoma: Answer to RTN Disease Question	2011-07-29 11:20:33.617+00
111	xIngPadenp	Extra Inquinale Polyadenopathy: Answer to RTN Disease Question	2011-07-29 11:20:33.617+00
112	HIVDement	HIV Dementia: Answer to RTN Disease Question	2011-07-29 11:20:33.617+00
113	paymentStatus	The payment status of the patient	2012-09-25 21:28:54.552242+00
\.


--
-- Name: observation_history_type_seq; Type: SEQUENCE SET; Schema: clinlims; Owner: clinlims
--

SELECT pg_catalog.setval('observation_history_type_seq', 113, true);


--
-- Data for Name: occupation; Type: TABLE DATA; Schema: clinlims; Owner: clinlims
--

COPY occupation (id, occupation, lastupdated) FROM stdin;
\.


--
-- Name: occupation_seq; Type: SEQUENCE SET; Schema: clinlims; Owner: clinlims
--

SELECT pg_catalog.setval('occupation_seq', 1, false);


--
-- Data for Name: or_properties; Type: TABLE DATA; Schema: clinlims; Owner: clinlims
--

COPY or_properties (property_id, property_key, property_value) FROM stdin;
1870	base.directory	/var/lib/tomcat5.5/webapps/openreports/reports/
1871	temp.directory	/var/lib/tomcat5.5/webapps/openreports/temp/
1872	report.generation.directory	/var/lib/tomcat5.5/webapps/openreports/generatedreports/
1873	date.format	dd/MM/yyyy
1874	mail.auth.password	barLAC28
1875	mail.auth.user	admin
1876	mail.smtp.auth	false
1877	mail.smtp.host	
1878	xmla.catalog	
1879	xmla.datasource	
1880	xmla.uri	
\.


--
-- Data for Name: or_tags; Type: TABLE DATA; Schema: clinlims; Owner: clinlims
--

COPY or_tags (tag_id, tagged_object_id, tagged_object_class, tag_value, tag_type) FROM stdin;
\.


--
-- Data for Name: order_item; Type: TABLE DATA; Schema: clinlims; Owner: clinlims
--

COPY order_item (id, ord_id, quantity_requested, quantity_received, inv_loc_id) FROM stdin;
\.


--
-- Data for Name: orders; Type: TABLE DATA; Schema: clinlims; Owner: clinlims
--

COPY orders (id, org_id, sys_user_id, ordered_date, neededby_date, requested_by, cost_center, shipping_type, shipping_carrier, shipping_cost, delivered_date, is_external, external_order_number, is_filled) FROM stdin;
\.


--
-- Data for Name: org_hl7_encoding_type; Type: TABLE DATA; Schema: clinlims; Owner: clinlims
--

COPY org_hl7_encoding_type (organization_id, encoding_type_id, lastupdated) FROM stdin;
\.


--
-- Data for Name: org_mls_lab_type; Type: TABLE DATA; Schema: clinlims; Owner: clinlims
--

COPY org_mls_lab_type (org_id, mls_lab_id, org_mlt_id) FROM stdin;
\.


--
-- Data for Name: organization; Type: TABLE DATA; Schema: clinlims; Owner: clinlims
--

COPY organization (id, name, city, zip_code, mls_sentinel_lab_flag, org_mlt_org_mlt_id, org_id, short_name, multiple_unit, street_address, state, internet_address, clia_num, pws_id, lastupdated, mls_lab_flag, is_active, local_abbrev, code) FROM stdin;
760	ABENGOUROU	\N	\N	N	\N	\N	AG	\N	\N	\N	\N	\N	\N	2010-05-27 15:27:17.651807	\N	Y	\N	\N
761	CAT ADJAME	\N	\N	N	\N	\N	CA	\N	\N	\N	\N	\N	\N	2010-05-27 15:27:17.651807	\N	Y	\N	\N
762	CIRBA	\N	\N	N	\N	\N	CI	\N	\N	\N	\N	\N	\N	2010-05-27 15:27:17.651807	\N	Y	\N	\N
763	HOPITAL GENERAL DE DANANE	\N	\N	N	\N	\N	HD	\N	\N	\N	\N	\N	\N	2010-05-27 15:27:17.651807	\N	Y	\N	\N
764	HOPITAL MILITAIRE	\N	\N	N	\N	\N	HM	\N	\N	\N	\N	\N	\N	2010-05-27 15:27:17.651807	\N	Y	\N	\N
765	MALADIES INFECTIEUSES	\N	\N	N	\N	\N	MI	\N	\N	\N	\N	\N	\N	2010-05-27 15:27:17.651807	\N	Y	\N	\N
766	LA PIERRE ANGULAIRE	\N	\N	N	\N	\N	PA	\N	\N	\N	\N	\N	\N	2010-05-27 15:27:17.651807	\N	Y	\N	\N
767	PPH CHU COCODY	\N	\N	N	\N	\N	PC	\N	\N	\N	\N	\N	\N	2010-05-27 15:27:17.651807	\N	Y	\N	\N
768	PEDIATRIE CHU YOPOUGON	\N	\N	N	\N	\N	PY	\N	\N	\N	\N	\N	\N	2010-05-27 15:27:17.651807	\N	Y	\N	\N
769	AMBASSADE DES USA	\N	\N	N	\N	\N	UE	\N	\N	\N	\N	\N	\N	2010-05-27 15:27:17.651807	\N	Y	\N	\N
770	CENTRE EXPERENCE	\N	\N	N	\N	\N	UM	\N	\N	\N	\N	\N	\N	2010-05-27 15:27:17.651807	\N	Y	\N	\N
772	HG TOULEUPLEU	\N	\N	N	\N	\N	284	\N	\N	\N	\N	\N	\N	2010-05-27 15:27:18.077672	\N	Y	\N	\N
773	CSU MEAGUI	\N	\N	N	\N	\N	241	\N	\N	\N	\N	\N	\N	2010-05-27 15:27:18.077672	\N	Y	\N	\N
774	CSU YABAYO	\N	\N	N	\N	\N	242	\N	\N	\N	\N	\N	\N	2010-05-27 15:27:18.077672	\N	Y	\N	\N
775	CSU MAYO	\N	\N	N	\N	\N	243	\N	\N	\N	\N	\N	\N	2010-05-27 15:27:18.077672	\N	Y	\N	\N
776	CSU Okrouyo	\N	\N	N	\N	\N	244	\N	\N	\N	\N	\N	\N	2010-05-27 15:27:18.077672	\N	Y	\N	\N
777	CSU Grand Zatry	\N	\N	N	\N	\N	245	\N	\N	\N	\N	\N	\N	2010-05-27 15:27:18.077672	\N	Y	\N	\N
778	CSR Mn Centre	\N	\N	N	\N	\N	246	\N	\N	\N	\N	\N	\N	2010-05-27 15:27:18.077672	\N	Y	\N	\N
779	CSU Gabiadji	\N	\N	N	\N	\N	247	\N	\N	\N	\N	\N	\N	2010-05-27 15:27:18.077672	\N	Y	\N	\N
780	CSR Touih	\N	\N	N	\N	\N	248	\N	\N	\N	\N	\N	\N	2010-05-27 15:27:18.077672	\N	Y	\N	\N
781	CSR Djapadji	\N	\N	N	\N	\N	249	\N	\N	\N	\N	\N	\N	2010-05-27 15:27:18.077672	\N	Y	\N	\N
782	CSR Dagadi	\N	\N	N	\N	\N	250	\N	\N	\N	\N	\N	\N	2010-05-27 15:27:18.077672	\N	Y	\N	\N
783	CSR Kako	\N	\N	N	\N	\N	251	\N	\N	\N	\N	\N	\N	2010-05-27 15:27:18.077672	\N	Y	\N	\N
784	SAPH TOUPAH	\N	\N	N	\N	\N	252	\N	\N	\N	\N	\N	\N	2010-05-27 15:27:18.077672	\N	Y	\N	\N
785	CSU TOUPAH	\N	\N	N	\N	\N	253	\N	\N	\N	\N	\N	\N	2010-05-27 15:27:18.077672	\N	Y	\N	\N
786	CSR Cosrou	\N	\N	N	\N	\N	254	\N	\N	\N	\N	\N	\N	2010-05-27 15:27:18.077672	\N	Y	\N	\N
787	CSR Viel Aklodj	\N	\N	N	\N	\N	255	\N	\N	\N	\N	\N	\N	2010-05-27 15:27:18.077672	\N	Y	\N	\N
788	CSR Ellibou	\N	\N	N	\N	\N	256	\N	\N	\N	\N	\N	\N	2010-05-27 15:27:18.077672	\N	Y	\N	\N
789	CSU Gomon	\N	\N	N	\N	\N	257	\N	\N	\N	\N	\N	\N	2010-05-27 15:27:18.077672	\N	Y	\N	\N
790	CSR BECEDI	\N	\N	N	\N	\N	258	\N	\N	\N	\N	\N	\N	2010-05-27 15:27:18.077672	\N	Y	\N	\N
791	CSR BAKANOU B	\N	\N	N	\N	\N	259	\N	\N	\N	\N	\N	\N	2010-05-27 15:27:18.077672	\N	Y	\N	\N
792	CSU GADOUAN	\N	\N	N	\N	\N	260	\N	\N	\N	\N	\N	\N	2010-05-27 15:27:18.077672	\N	Y	\N	\N
793	CSU ZOUKOUGBEU	\N	\N	N	\N	\N	261	\N	\N	\N	\N	\N	\N	2010-05-27 15:27:18.077672	\N	Y	\N	\N
794	CSR ZALIHOUAN	\N	\N	N	\N	\N	262	\N	\N	\N	\N	\N	\N	2010-05-27 15:27:18.077672	\N	Y	\N	\N
795	CSU BEDIALA	\N	\N	N	\N	\N	263	\N	\N	\N	\N	\N	\N	2010-05-27 15:27:18.077672	\N	Y	\N	\N
796	CSR BOBOUA BAHOUAN	\N	\N	N	\N	\N	264	\N	\N	\N	\N	\N	\N	2010-05-27 15:27:18.077672	\N	Y	\N	\N
797	ICT GR YAMOUSSOUKRO	\N	\N	N	\N	\N	265	\N	\N	\N	\N	\N	\N	2010-05-27 15:27:18.077672	\N	Y	\N	\N
798	CS PIETRO BONELLI	\N	\N	N	\N	\N	266	\N	\N	\N	\N	\N	\N	2010-05-27 15:27:18.077672	\N	Y	\N	\N
799	CSU TIEME	\N	\N	N	\N	\N	267	\N	\N	\N	\N	\N	\N	2010-05-27 15:27:18.077672	\N	Y	\N	\N
800	PMI/MATERNITE ODIENNE	\N	\N	N	\N	\N	268	\N	\N	\N	\N	\N	\N	2010-05-27 15:27:18.077672	\N	Y	\N	\N
801	HG MADINANI	\N	\N	N	\N	\N	269	\N	\N	\N	\N	\N	\N	2010-05-27 15:27:18.077672	\N	Y	\N	\N
802	CM COMPLEXE SUCRIER BOROTOU	\N	\N	N	\N	\N	270	\N	\N	\N	\N	\N	\N	2010-05-27 15:27:18.077672	\N	Y	\N	\N
803	HG BANGOLO	\N	\N	N	\N	\N	271	\N	\N	\N	\N	\N	\N	2010-05-27 15:27:18.077672	\N	Y	\N	\N
804	HG ZOUHAN HOUNIEN	\N	\N	N	\N	\N	272	\N	\N	\N	\N	\N	\N	2010-05-27 15:27:18.077672	\N	Y	\N	\N
805	HG BIANKOUMAN	\N	\N	N	\N	\N	273	\N	\N	\N	\N	\N	\N	2010-05-27 15:27:18.077672	\N	Y	\N	\N
806	HG DANANE	\N	\N	N	\N	\N	274	\N	\N	\N	\N	\N	\N	2010-05-27 15:27:18.077672	\N	Y	\N	\N
807	CSU MAHAPLEU	\N	\N	N	\N	\N	275	\N	\N	\N	\N	\N	\N	2010-05-27 15:27:18.077672	\N	Y	\N	\N
808	HG DUEKOUE	\N	\N	N	\N	\N	276	\N	\N	\N	\N	\N	\N	2010-05-27 15:27:18.077672	\N	Y	\N	\N
809	HG KOUIBLY	\N	\N	N	\N	\N	277	\N	\N	\N	\N	\N	\N	2010-05-27 15:27:18.077672	\N	Y	\N	\N
810	CSU FACOBLY	\N	\N	N	\N	\N	278	\N	\N	\N	\N	\N	\N	2010-05-27 15:27:18.077672	\N	Y	\N	\N
811	CAMES MAN	\N	\N	N	\N	\N	279	\N	\N	\N	\N	\N	\N	2010-05-27 15:27:18.077672	\N	Y	\N	\N
812	CSU Logoual	\N	\N	N	\N	\N	280	\N	\N	\N	\N	\N	\N	2010-05-27 15:27:18.077672	\N	Y	\N	\N
813	HG BLOLEQUIN	\N	\N	N	\N	\N	281	\N	\N	\N	\N	\N	\N	2010-05-27 15:27:18.077672	\N	Y	\N	\N
814	CHC (Centre Hvcole du CAVALLY)	\N	\N	N	\N	\N	282	\N	\N	\N	\N	\N	\N	2010-05-27 15:27:18.077672	\N	Y	\N	\N
815	CSU ZAGNE	\N	\N	N	\N	\N	283	\N	\N	\N	\N	\N	\N	2010-05-27 15:27:18.077672	\N	Y	\N	\N
816	FSU COM ABOBO BAOULE	\N	\N	N	\N	\N	117	\N	\N	\N	\N	\N	\N	2010-05-27 15:27:18.077672	\N	Y	\N	\N
817	GSPM	\N	\N	N	\N	\N	334	\N	\N	\N	\N	\N	\N	2010-05-27 15:27:18.077672	\N	Y	\N	\N
818	FSU COM GESCO	\N	\N	N	\N	\N	335	\N	\N	\N	\N	\N	\N	2010-05-27 15:27:18.077672	\N	Y	\N	\N
819	FSU COM ABOBOTE	\N	\N	N	\N	\N	336	\N	\N	\N	\N	\N	\N	2010-05-27 15:27:18.077672	\N	Y	\N	\N
820	CHU  Yopougon  Pdiatrie	\N	\N	N	\N	\N	107	\N	\N	\N	\N	\N	\N	2010-05-27 15:27:18.077672	\N	Y	\N	\N
821	FSU COM PORT-BOUET 2	\N	\N	N	\N	\N	108	\N	\N	\N	\N	\N	\N	2010-05-27 15:27:18.077672	\N	Y	\N	\N
822	Disp. Sur Cathrine Yopougon	\N	\N	N	\N	\N	109	\N	\N	\N	\N	\N	\N	2010-05-27 15:27:18.077672	\N	Y	\N	\N
823	FSU COM Toit rouge	\N	\N	N	\N	\N	110	\N	\N	\N	\N	\N	\N	2010-05-27 15:27:18.077672	\N	Y	\N	\N
824	FSU COM Wassakara	\N	\N	N	\N	\N	111	\N	\N	\N	\N	\N	\N	2010-05-27 15:27:18.077672	\N	Y	\N	\N
825	Centre Nazaren Yopougon	\N	\N	N	\N	\N	112	\N	\N	\N	\N	\N	\N	2010-05-27 15:27:18.077672	\N	Y	\N	\N
826	MTCT PLUS NIANGON	\N	\N	N	\N	\N	113	\N	\N	\N	\N	\N	\N	2010-05-27 15:27:18.077672	\N	Y	\N	\N
827	HG ANYAMA	\N	\N	N	\N	\N	114	\N	\N	\N	\N	\N	\N	2010-05-27 15:27:18.077672	\N	Y	\N	\N
828	HG ABOBO SUD	\N	\N	N	\N	\N	115	\N	\N	\N	\N	\N	\N	2010-05-27 15:27:18.077672	\N	Y	\N	\N
829	FSU COM Anonkoua Kout abobo	\N	\N	N	\N	\N	116	\N	\N	\N	\N	\N	\N	2010-05-27 15:27:18.077672	\N	Y	\N	\N
830	MTCT Plus ABOBO AVOCATIER	\N	\N	N	\N	\N	118	\N	\N	\N	\N	\N	\N	2010-05-27 15:27:18.077672	\N	Y	\N	\N
831	HG SIKENSI	\N	\N	N	\N	\N	119	\N	\N	\N	\N	\N	\N	2010-05-27 15:27:18.077672	\N	Y	\N	\N
832	HG DABOU	\N	\N	N	\N	\N	120	\N	\N	\N	\N	\N	\N	2010-05-27 15:27:18.077672	\N	Y	\N	\N
833	PHCI COSROU	\N	\N	N	\N	\N	121	\N	\N	\N	\N	\N	\N	2010-05-27 15:27:18.077672	\N	Y	\N	\N
834	CSU LOPOU	\N	\N	N	\N	\N	122	\N	\N	\N	\N	\N	\N	2010-05-27 15:27:18.077672	\N	Y	\N	\N
835	POLYCLINIQUE II PLATEAUX	\N	\N	N	\N	\N	145	\N	\N	\N	\N	\N	\N	2010-05-27 15:27:18.077672	\N	Y	\N	\N
836	CS Abobo Te	\N	\N	N	\N	\N	146	\N	\N	\N	\N	\N	\N	2010-05-27 15:27:18.077672	\N	Y	\N	\N
837	PMI YAMOUSSOUKRO	\N	\N	N	\N	\N	147	\N	\N	\N	\N	\N	\N	2010-05-27 15:27:18.077672	\N	Y	\N	\N
838	CHR YAMOUSSOUKRO	\N	\N	N	\N	\N	148	\N	\N	\N	\N	\N	\N	2010-05-27 15:27:18.077672	\N	Y	\N	\N
839	HG TOUMODI	\N	\N	N	\N	\N	149	\N	\N	\N	\N	\N	\N	2010-05-27 15:27:18.077672	\N	Y	\N	\N
840	HG DJEKANOU	\N	\N	N	\N	\N	150	\N	\N	\N	\N	\N	\N	2010-05-27 15:27:18.077672	\N	Y	\N	\N
841	CHR DALOA	\N	\N	N	\N	\N	151	\N	\N	\N	\N	\N	\N	2010-05-27 15:27:18.077672	\N	Y	\N	\N
842	PMI DALOA	\N	\N	N	\N	\N	152	\N	\N	\N	\N	\N	\N	2010-05-27 15:27:18.077672	\N	Y	\N	\N
843	HG SOUBRE	\N	\N	N	\N	\N	153	\N	\N	\N	\N	\N	\N	2010-05-27 15:27:18.077672	\N	Y	\N	\N
844	CHR GAGNOA	\N	\N	N	\N	\N	154	\N	\N	\N	\N	\N	\N	2010-05-27 15:27:18.077672	\N	Y	\N	\N
845	PMI GAGNOA	\N	\N	N	\N	\N	155	\N	\N	\N	\N	\N	\N	2010-05-27 15:27:18.077672	\N	Y	\N	\N
846	DU GAGNOA	\N	\N	N	\N	\N	156	\N	\N	\N	\N	\N	\N	2010-05-27 15:27:18.077672	\N	Y	\N	\N
847	CAMES Yopougon	\N	\N	N	\N	\N	157	\N	\N	\N	\N	\N	\N	2010-05-27 15:27:18.077672	\N	Y	\N	\N
848	PMI GRAND-BASSAM	\N	\N	N	\N	\N	158	\N	\N	\N	\N	\N	\N	2010-05-27 15:27:18.077672	\N	Y	\N	\N
849	CSR SAMO	\N	\N	N	\N	\N	159	\N	\N	\N	\N	\N	\N	2010-05-27 15:27:18.077672	\N	Y	\N	\N
850	CSR YAOU	\N	\N	N	\N	\N	160	\N	\N	\N	\N	\N	\N	2010-05-27 15:27:18.077672	\N	Y	\N	\N
851	HG GRAND BASSAM	\N	\N	N	\N	\N	161	\N	\N	\N	\N	\N	\N	2010-05-27 15:27:18.077672	\N	Y	\N	\N
852	CSU NOE	\N	\N	N	\N	\N	162	\N	\N	\N	\N	\N	\N	2010-05-27 15:27:18.077672	\N	Y	\N	\N
853	HG ADIAKE	\N	\N	N	\N	\N	163	\N	\N	\N	\N	\N	\N	2010-05-27 15:27:18.077672	\N	Y	\N	\N
854	HG BONOUA	\N	\N	N	\N	\N	164	\N	\N	\N	\N	\N	\N	2010-05-27 15:27:18.077672	\N	Y	\N	\N
855	La Pierre angulaire	\N	\N	N	\N	\N	165	\N	\N	\N	\N	\N	\N	2010-05-27 15:27:18.077672	\N	Y	\N	\N
856	HG Abobo Nord	\N	\N	N	\N	\N	10	\N	\N	\N	\N	\N	\N	2010-05-27 15:27:18.077672	\N	Y	\N	\N
857	FSU Yopougon Atti	\N	\N	N	\N	\N	15	\N	\N	\N	\N	\N	\N	2010-05-27 15:27:18.077672	\N	Y	\N	\N
858	CEPREF	\N	\N	N	\N	\N	16	\N	\N	\N	\N	\N	\N	2010-05-27 15:27:18.077672	\N	Y	\N	\N
859	Hopit. Methodiste Dabou	\N	\N	N	\N	\N	18	\N	\N	\N	\N	\N	\N	2010-05-27 15:27:18.077672	\N	Y	\N	\N
860	HG Sassandra	\N	\N	N	\N	\N	19	\N	\N	\N	\N	\N	\N	2010-05-27 15:27:18.077672	\N	Y	\N	\N
861	Maternit Caftou-Abeng	\N	\N	N	\N	\N	30	\N	\N	\N	\N	\N	\N	2010-05-27 15:27:18.077672	\N	Y	\N	\N
862	CSU KOUTO	\N	\N	N	\N	\N	326	\N	\N	\N	\N	\N	\N	2010-05-27 15:27:18.077672	\N	Y	\N	\N
863	CSR BAYA	\N	\N	N	\N	\N	327	\N	\N	\N	\N	\N	\N	2010-05-27 15:27:18.077672	\N	Y	\N	\N
864	CSU KASSERE	\N	\N	N	\N	\N	328	\N	\N	\N	\N	\N	\N	2010-05-27 15:27:18.077672	\N	Y	\N	\N
865	CSU GBON	\N	\N	N	\N	\N	329	\N	\N	\N	\N	\N	\N	2010-05-27 15:27:18.077672	\N	Y	\N	\N
866	HG Ayam	\N	\N	N	\N	\N	46	\N	\N	\N	\N	\N	\N	2010-05-27 15:27:18.077672	\N	Y	\N	\N
867	HG Grand Lahou	\N	\N	N	\N	\N	47	\N	\N	\N	\N	\N	\N	2010-05-27 15:27:18.077672	\N	Y	\N	\N
868	HG Jacqueville	\N	\N	N	\N	\N	48	\N	\N	\N	\N	\N	\N	2010-05-27 15:27:18.077672	\N	Y	\N	\N
869	CSC PALAZOLLO	\N	\N	N	\N	\N	189	\N	\N	\N	\N	\N	\N	2010-05-27 15:27:18.077672	\N	Y	\N	\N
870	CSU TANGUELAN	\N	\N	N	\N	\N	190	\N	\N	\N	\N	\N	\N	2010-05-27 15:27:18.077672	\N	Y	\N	\N
871	CSU AKOBOISSUE	\N	\N	N	\N	\N	191	\N	\N	\N	\N	\N	\N	2010-05-27 15:27:18.077672	\N	Y	\N	\N
872	FSU Plateau	\N	\N	N	\N	\N	49	\N	\N	\N	\N	\N	\N	2010-05-27 15:27:18.077672	\N	Y	\N	\N
873	Maternit Attcoub	\N	\N	N	\N	\N	50	\N	\N	\N	\N	\N	\N	2010-05-27 15:27:18.077672	\N	Y	\N	\N
874	CSU COM Agban village	\N	\N	N	\N	\N	51	\N	\N	\N	\N	\N	\N	2010-05-27 15:27:18.077672	\N	Y	\N	\N
875	MATERNITE WILLIAMSVILLE	\N	\N	N	\N	\N	52	\N	\N	\N	\N	\N	\N	2010-05-27 15:27:18.077672	\N	Y	\N	\N
876	CSU SANKADIOKRO	\N	\N	N	\N	\N	192	\N	\N	\N	\N	\N	\N	2010-05-27 15:27:18.077672	\N	Y	\N	\N
877	CSR DIAMAROKRO	\N	\N	N	\N	\N	193	\N	\N	\N	\N	\N	\N	2010-05-27 15:27:18.077672	\N	Y	\N	\N
878	CSU BETTIE	\N	\N	N	\N	\N	194	\N	\N	\N	\N	\N	\N	2010-05-27 15:27:18.077672	\N	Y	\N	\N
879	CSU NIABLE	\N	\N	N	\N	\N	195	\N	\N	\N	\N	\N	\N	2010-05-27 15:27:18.077672	\N	Y	\N	\N
880	PMI PALMERAIE	\N	\N	N	\N	\N	196	\N	\N	\N	\N	\N	\N	2010-05-27 15:27:18.077672	\N	Y	\N	\N
881	FSU Marcory	\N	\N	N	\N	\N	8	\N	\N	\N	\N	\N	\N	2010-05-27 15:27:18.077672	\N	Y	\N	\N
882	Centre El Rapha Abobo	\N	\N	N	\N	\N	9	\N	\N	\N	\N	\N	\N	2010-05-27 15:27:18.077672	\N	Y	\N	\N
883	CSR Moussadougou	\N	\N	N	\N	\N	228	\N	\N	\N	\N	\N	\N	2010-05-27 15:27:18.077672	\N	Y	\N	\N
884	HG Koumassi	\N	\N	N	\N	\N	11	\N	\N	\N	\N	\N	\N	2010-05-27 15:27:18.077672	\N	Y	\N	\N
885	SAINTE THERESE-KOUMASSI	\N	\N	N	\N	\N	12	\N	\N	\N	\N	\N	\N	2010-05-27 15:27:18.077672	\N	Y	\N	\N
886	CSU Grabo	\N	\N	N	\N	\N	233	\N	\N	\N	\N	\N	\N	2010-05-27 15:27:18.077672	\N	Y	\N	\N
887	HG Port Bouet	\N	\N	N	\N	\N	13	\N	\N	\N	\N	\N	\N	2010-05-27 15:27:18.077672	\N	Y	\N	\N
888	CSU COM Gonzagueville	\N	\N	N	\N	\N	14	\N	\N	\N	\N	\N	\N	2010-05-27 15:27:18.077672	\N	Y	\N	\N
889	CSR Dogbo	\N	\N	N	\N	\N	229	\N	\N	\N	\N	\N	\N	2010-05-27 15:27:18.077672	\N	Y	\N	\N
890	CSR Goh	\N	\N	N	\N	\N	230	\N	\N	\N	\N	\N	\N	2010-05-27 15:27:18.077672	\N	Y	\N	\N
891	FSU Locodjro	\N	\N	N	\N	\N	17	\N	\N	\N	\N	\N	\N	2010-05-27 15:27:18.077672	\N	Y	\N	\N
892	PMI KOKO	\N	\N	N	\N	\N	123	\N	\N	\N	\N	\N	\N	2010-05-27 15:27:18.077672	\N	Y	\N	\N
893	SAINT CAMILLE BOUAKE	\N	\N	N	\N	\N	124	\N	\N	\N	\N	\N	\N	2010-05-27 15:27:18.077672	\N	Y	\N	\N
894	CSU BELLE VILLE	\N	\N	N	\N	\N	125	\N	\N	\N	\N	\N	\N	2010-05-27 15:27:18.077672	\N	Y	\N	\N
895	CSU DJEZOUKOUAMEKRO	\N	\N	N	\N	\N	126	\N	\N	\N	\N	\N	\N	2010-05-27 15:27:18.077672	\N	Y	\N	\N
896	HG MBAHIAKRO	\N	\N	N	\N	\N	127	\N	\N	\N	\N	\N	\N	2010-05-27 15:27:18.077672	\N	Y	\N	\N
897	HG FERKESSEDOUGOU	\N	\N	N	\N	\N	128	\N	\N	\N	\N	\N	\N	2010-05-27 15:27:18.077672	\N	Y	\N	\N
898	HOPITAL BAPTISTE FERKE	\N	\N	N	\N	\N	129	\N	\N	\N	\N	\N	\N	2010-05-27 15:27:18.077672	\N	Y	\N	\N
899	HG OUANGOLODOUGOU	\N	\N	N	\N	\N	130	\N	\N	\N	\N	\N	\N	2010-05-27 15:27:18.077672	\N	Y	\N	\N
900	HG BOUNDIALI	\N	\N	N	\N	\N	131	\N	\N	\N	\N	\N	\N	2010-05-27 15:27:18.077672	\N	Y	\N	\N
901	HG DABAKALA	\N	\N	N	\N	\N	132	\N	\N	\N	\N	\N	\N	2010-05-27 15:27:18.077672	\N	Y	\N	\N
902	HG KATIOLA	\N	\N	N	\N	\N	133	\N	\N	\N	\N	\N	\N	2010-05-27 15:27:18.077672	\N	Y	\N	\N
903	SUCAF2 KATIOLA	\N	\N	N	\N	\N	134	\N	\N	\N	\N	\N	\N	2010-05-27 15:27:18.077672	\N	Y	\N	\N
904	HG ADZOPE	\N	\N	N	\N	\N	135	\N	\N	\N	\N	\N	\N	2010-05-27 15:27:18.077672	\N	Y	\N	\N
905	PMI ADZOPE	\N	\N	N	\N	\N	136	\N	\N	\N	\N	\N	\N	2010-05-27 15:27:18.077672	\N	Y	\N	\N
906	HG BINGERVILLE	\N	\N	N	\N	\N	137	\N	\N	\N	\N	\N	\N	2010-05-27 15:27:18.077672	\N	Y	\N	\N
907	CM MARIA ELISA	\N	\N	N	\N	\N	138	\N	\N	\N	\N	\N	\N	2010-05-27 15:27:18.077672	\N	Y	\N	\N
908	PMI AGBOVILLE	\N	\N	N	\N	\N	139	\N	\N	\N	\N	\N	\N	2010-05-27 15:27:18.077672	\N	Y	\N	\N
909	CHR AGBOVILLE	\N	\N	N	\N	\N	140	\N	\N	\N	\N	\N	\N	2010-05-27 15:27:18.077672	\N	Y	\N	\N
910	CM WALE YAMOUSSOUKRO	\N	\N	N	\N	\N	141	\N	\N	\N	\N	\N	\N	2010-05-27 15:27:18.077672	\N	Y	\N	\N
911	RSB YAMOUSSOUKRO	\N	\N	N	\N	\N	142	\N	\N	\N	\N	\N	\N	2010-05-27 15:27:18.077672	\N	Y	\N	\N
912	CSU COM VRIDI CITE	\N	\N	N	\N	\N	143	\N	\N	\N	\N	\N	\N	2010-05-27 15:27:18.077672	\N	Y	\N	\N
913	HG DELAFOSSE	\N	\N	N	\N	\N	144	\N	\N	\N	\N	\N	\N	2010-05-27 15:27:18.077672	\N	Y	\N	\N
914	CSR Olodio	\N	\N	N	\N	\N	236	\N	\N	\N	\N	\N	\N	2010-05-27 15:27:18.077672	\N	Y	\N	\N
915	HG Agnibilkrou	\N	\N	N	\N	\N	31	\N	\N	\N	\N	\N	\N	2010-05-27 15:27:18.077672	\N	Y	\N	\N
916	PMI AGNIBILEKROU	\N	\N	N	\N	\N	32	\N	\N	\N	\N	\N	\N	2010-05-27 15:27:18.077672	\N	Y	\N	\N
917	HG Akoup	\N	\N	N	\N	\N	33	\N	\N	\N	\N	\N	\N	2010-05-27 15:27:18.077672	\N	Y	\N	\N
918	HG Tabou	\N	\N	N	\N	\N	231	\N	\N	\N	\N	\N	\N	2010-05-27 15:27:18.077672	\N	Y	\N	\N
919	Centre social Tabou	\N	\N	N	\N	\N	232	\N	\N	\N	\N	\N	\N	2010-05-27 15:27:18.077672	\N	Y	\N	\N
920	CM SUCAF1 FERKE	\N	\N	N	\N	\N	323	\N	\N	\N	\N	\N	\N	2010-05-27 15:27:18.077672	\N	Y	\N	\N
921	CSU M'BATTO	\N	\N	N	\N	\N	324	\N	\N	\N	\N	\N	\N	2010-05-27 15:27:18.077672	\N	Y	\N	\N
922	PMI de BARDOT	\N	\N	N	\N	\N	22	\N	\N	\N	\N	\N	\N	2010-05-27 15:27:18.077672	\N	Y	\N	\N
923	CHR de San Pedro	\N	\N	N	\N	\N	23	\N	\N	\N	\N	\N	\N	2010-05-27 15:27:18.077672	\N	Y	\N	\N
924	Maternit Bardot	\N	\N	N	\N	\N	24	\N	\N	\N	\N	\N	\N	2010-05-27 15:27:18.077672	\N	Y	\N	\N
925	SOGB-GRAND BEREBY	\N	\N	N	\N	\N	25	\N	\N	\N	\N	\N	\N	2010-05-27 15:27:18.077672	\N	Y	\N	\N
926	Centre SAS - Bouake	\N	\N	N	\N	\N	26	\N	\N	\N	\N	\N	\N	2010-05-27 15:27:18.077672	\N	Y	\N	\N
927	CHR Abengourou	\N	\N	N	\N	\N	27	\N	\N	\N	\N	\N	\N	2010-05-27 15:27:18.077672	\N	Y	\N	\N
928	PMI ABENGOUROU	\N	\N	N	\N	\N	28	\N	\N	\N	\N	\N	\N	2010-05-27 15:27:18.077672	\N	Y	\N	\N
929	PIM ABENGOUROU	\N	\N	N	\N	\N	29	\N	\N	\N	\N	\N	\N	2010-05-27 15:27:18.077672	\N	Y	\N	\N
930	CHR ABENG. PEDIATRIE	\N	\N	N	\N	\N	220	\N	\N	\N	\N	\N	\N	2010-05-27 15:27:18.077672	\N	Y	\N	\N
931	CSR BLESSEGUE	\N	\N	N	\N	\N	325	\N	\N	\N	\N	\N	\N	2010-05-27 15:27:18.077672	\N	Y	\N	\N
932	CHR ABENG. MATERNITE	\N	\N	N	\N	\N	221	\N	\N	\N	\N	\N	\N	2010-05-27 15:27:18.077672	\N	Y	\N	\N
933	FSU Terre rouge	\N	\N	N	\N	\N	222	\N	\N	\N	\N	\N	\N	2010-05-27 15:27:18.077672	\N	Y	\N	\N
934	FSU Zimbabw	\N	\N	N	\N	\N	223	\N	\N	\N	\N	\N	\N	2010-05-27 15:27:18.077672	\N	Y	\N	\N
935	Centre social San-Pdro	\N	\N	N	\N	\N	224	\N	\N	\N	\N	\N	\N	2010-05-27 15:27:18.077672	\N	Y	\N	\N
936	CMS Hvgo	\N	\N	N	\N	\N	225	\N	\N	\N	\N	\N	\N	2010-05-27 15:27:18.077672	\N	Y	\N	\N
937	CSU Grand-Brby	\N	\N	N	\N	\N	226	\N	\N	\N	\N	\N	\N	2010-05-27 15:27:18.077672	\N	Y	\N	\N
938	CMS SAPH Rapid Grah	\N	\N	N	\N	\N	227	\N	\N	\N	\N	\N	\N	2010-05-27 15:27:18.077672	\N	Y	\N	\N
939	DR Mnk	\N	\N	N	\N	\N	235	\N	\N	\N	\N	\N	\N	2010-05-27 15:27:18.077672	\N	Y	\N	\N
940	CSU Djouroutou	\N	\N	N	\N	\N	234	\N	\N	\N	\N	\N	\N	2010-05-27 15:27:18.077672	\N	Y	\N	\N
941	FSU Attecoube	\N	\N	N	\N	\N	1	\N	\N	\N	\N	\N	\N	2010-05-27 15:27:18.077672	\N	Y	\N	\N
942	CSU Williamsville	\N	\N	N	\N	\N	53	\N	\N	\N	\N	\N	\N	2010-05-27 15:27:18.077672	\N	Y	\N	\N
943	INSP	\N	\N	N	\N	\N	54	\N	\N	\N	\N	\N	\N	2010-05-27 15:27:18.077672	\N	Y	\N	\N
944	FSU COM Abobo Sagb	\N	\N	N	\N	\N	55	\N	\N	\N	\N	\N	\N	2010-05-27 15:27:18.077672	\N	Y	\N	\N
945	CSU COM Kennedy Clouetcha	\N	\N	N	\N	\N	56	\N	\N	\N	\N	\N	\N	2010-05-27 15:27:18.077672	\N	Y	\N	\N
946	CSU COM ABOBO Anonkoua3	\N	\N	N	\N	\N	57	\N	\N	\N	\N	\N	\N	2010-05-27 15:27:18.077672	\N	Y	\N	\N
947	PEDIATRIE CHU COCODY	\N	\N	N	\N	\N	4	\N	\N	\N	\N	\N	\N	2010-05-27 15:27:18.077672	\N	Y	\N	\N
948	CSU COM Anono	\N	\N	N	\N	\N	5	\N	\N	\N	\N	\N	\N	2010-05-27 15:27:18.077672	\N	Y	\N	\N
949	FSU Abobo Doume	\N	\N	N	\N	\N	2	\N	\N	\N	\N	\N	\N	2010-05-27 15:27:18.077672	\N	Y	\N	\N
950	PEDIATRIE CHU TREICHVILLE	\N	\N	N	\N	\N	7	\N	\N	\N	\N	\N	\N	2010-05-27 15:27:18.077672	\N	Y	\N	\N
951	CSU BECEDI	\N	\N	N	\N	\N	178	\N	\N	\N	\N	\N	\N	2010-05-27 15:27:18.077672	\N	Y	\N	\N
952	CSU ASSIKOI	\N	\N	N	\N	\N	179	\N	\N	\N	\N	\N	\N	2010-05-27 15:27:18.077672	\N	Y	\N	\N
953	CSU AGOU	\N	\N	N	\N	\N	180	\N	\N	\N	\N	\N	\N	2010-05-27 15:27:18.077672	\N	Y	\N	\N
954	CSR YAKASSE ME	\N	\N	N	\N	\N	181	\N	\N	\N	\N	\N	\N	2010-05-27 15:27:18.077672	\N	Y	\N	\N
955	CSR ABOUDE	\N	\N	N	\N	\N	182	\N	\N	\N	\N	\N	\N	2010-05-27 15:27:18.077672	\N	Y	\N	\N
956	CSU RUBINO	\N	\N	N	\N	\N	183	\N	\N	\N	\N	\N	\N	2010-05-27 15:27:18.077672	\N	Y	\N	\N
957	CSU AZAGUIE	\N	\N	N	\N	\N	184	\N	\N	\N	\N	\N	\N	2010-05-27 15:27:18.077672	\N	Y	\N	\N
958	CMS BANA COMOE	\N	\N	N	\N	\N	185	\N	\N	\N	\N	\N	\N	2010-05-27 15:27:18.077672	\N	Y	\N	\N
959	CSU AFFERY	\N	\N	N	\N	\N	186	\N	\N	\N	\N	\N	\N	2010-05-27 15:27:18.077672	\N	Y	\N	\N
960	CSU DAME	\N	\N	N	\N	\N	187	\N	\N	\N	\N	\N	\N	2010-05-27 15:27:18.077672	\N	Y	\N	\N
961	CSR ASSUAME	\N	\N	N	\N	\N	188	\N	\N	\N	\N	\N	\N	2010-05-27 15:27:18.077672	\N	Y	\N	\N
962	HG Daoukro	\N	\N	N	\N	\N	34	\N	\N	\N	\N	\N	\N	2010-05-27 15:27:18.077672	\N	Y	\N	\N
963	PMI DAOUKRO	\N	\N	N	\N	\N	35	\N	\N	\N	\N	\N	\N	2010-05-27 15:27:18.077672	\N	Y	\N	\N
964	CHR Dimbokro	\N	\N	N	\N	\N	36	\N	\N	\N	\N	\N	\N	2010-05-27 15:27:18.077672	\N	Y	\N	\N
965	PMI DIMBOKRO	\N	\N	N	\N	\N	37	\N	\N	\N	\N	\N	\N	2010-05-27 15:27:18.077672	\N	Y	\N	\N
966	CSUC NDA Dimbokro	\N	\N	N	\N	\N	38	\N	\N	\N	\N	\N	\N	2010-05-27 15:27:18.077672	\N	Y	\N	\N
967	PMI TIASSALE	\N	\N	N	\N	\N	39	\N	\N	\N	\N	\N	\N	2010-05-27 15:27:18.077672	\N	Y	\N	\N
968	HG Tiassale	\N	\N	N	\N	\N	40	\N	\N	\N	\N	\N	\N	2010-05-27 15:27:18.077672	\N	Y	\N	\N
969	CSU N'Douci	\N	\N	N	\N	\N	41	\N	\N	\N	\N	\N	\N	2010-05-27 15:27:18.077672	\N	Y	\N	\N
970	CSU N'Ziannouan	\N	\N	N	\N	\N	42	\N	\N	\N	\N	\N	\N	2010-05-27 15:27:18.077672	\N	Y	\N	\N
971	HG Taabo	\N	\N	N	\N	\N	43	\N	\N	\N	\N	\N	\N	2010-05-27 15:27:18.077672	\N	Y	\N	\N
972	HG Bocanda	\N	\N	N	\N	\N	44	\N	\N	\N	\N	\N	\N	2010-05-27 15:27:18.077672	\N	Y	\N	\N
973	HG Bongouanou	\N	\N	N	\N	\N	45	\N	\N	\N	\N	\N	\N	2010-05-27 15:27:18.077672	\N	Y	\N	\N
974	PMI BLOCKHAUSS	\N	\N	N	\N	\N	297	\N	\N	\N	\N	\N	\N	2010-05-27 15:27:18.077672	\N	Y	\N	\N
975	CENTRE PLUS YOPOUGON	\N	\N	N	\N	\N	298	\N	\N	\N	\N	\N	\N	2010-05-27 15:27:18.077672	\N	Y	\N	\N
976	CIRBA	\N	\N	N	\N	\N	299	\N	\N	\N	\N	\N	\N	2010-05-27 15:27:18.077672	\N	Y	\N	\N
977	HOPE CASM TREICHVILLE	\N	\N	N	\N	\N	300	\N	\N	\N	\N	\N	\N	2010-05-27 15:27:18.077672	\N	Y	\N	\N
978	KOKHOUA CNTS TREICHVILLE	\N	\N	N	\N	\N	301	\N	\N	\N	\N	\N	\N	2010-05-27 15:27:18.077672	\N	Y	\N	\N
979	CSU COM ANGRE	\N	\N	N	\N	\N	302	\N	\N	\N	\N	\N	\N	2010-05-27 15:27:18.077672	\N	Y	\N	\N
980	AIBEF TREICHVILLE	\N	\N	N	\N	\N	303	\N	\N	\N	\N	\N	\N	2010-05-27 15:27:18.077672	\N	Y	\N	\N
981	CSU COM BOCABO	\N	\N	N	\N	\N	304	\N	\N	\N	\N	\N	\N	2010-05-27 15:27:18.077672	\N	Y	\N	\N
982	CSU COM BANCO SUD	\N	\N	N	\N	\N	305	\N	\N	\N	\N	\N	\N	2010-05-27 15:27:18.077672	\N	Y	\N	\N
983	Disp. Charit KOTOBI	\N	\N	N	\N	\N	306	\N	\N	\N	\N	\N	\N	2010-05-27 15:27:18.077672	\N	Y	\N	\N
984	SAPH BONGO	\N	\N	N	\N	\N	307	\N	\N	\N	\N	\N	\N	2010-05-27 15:27:18.077672	\N	Y	\N	\N
985	CSU KARAKORO	\N	\N	N	\N	\N	308	\N	\N	\N	\N	\N	\N	2010-05-27 15:27:18.077672	\N	Y	\N	\N
986	CSR KIEMOU	\N	\N	N	\N	\N	309	\N	\N	\N	\N	\N	\N	2010-05-27 15:27:18.077672	\N	Y	\N	\N
987	CSR KAFIOKAHA	\N	\N	N	\N	\N	310	\N	\N	\N	\N	\N	\N	2010-05-27 15:27:18.077672	\N	Y	\N	\N
988	CSR BORON	\N	\N	N	\N	\N	311	\N	\N	\N	\N	\N	\N	2010-05-27 15:27:18.077672	\N	Y	\N	\N
989	FSU COM ALIODAN	\N	\N	N	\N	\N	312	\N	\N	\N	\N	\N	\N	2010-05-27 15:27:18.077672	\N	Y	\N	\N
990	DR KONI	\N	\N	N	\N	\N	313	\N	\N	\N	\N	\N	\N	2010-05-27 15:27:18.077672	\N	Y	\N	\N
991	PMI KORHOGO	\N	\N	N	\N	\N	314	\N	\N	\N	\N	\N	\N	2010-05-27 15:27:18.077672	\N	Y	\N	\N
992	MATERNITE PETIT PARIS	\N	\N	N	\N	\N	315	\N	\N	\N	\N	\N	\N	2010-05-27 15:27:18.077672	\N	Y	\N	\N
993	CSU KOKOTON	\N	\N	N	\N	\N	316	\N	\N	\N	\N	\N	\N	2010-05-27 15:27:18.077672	\N	Y	\N	\N
994	CSU KOMBORO	\N	\N	N	\N	\N	317	\N	\N	\N	\N	\N	\N	2010-05-27 15:27:18.077672	\N	Y	\N	\N
995	CS BAPTISTE FERKE	\N	\N	N	\N	\N	318	\N	\N	\N	\N	\N	\N	2010-05-27 15:27:18.077672	\N	Y	\N	\N
996	CSU KONG	\N	\N	N	\N	\N	319	\N	\N	\N	\N	\N	\N	2010-05-27 15:27:18.077672	\N	Y	\N	\N
997	CSU NIELE	\N	\N	N	\N	\N	320	\N	\N	\N	\N	\N	\N	2010-05-27 15:27:18.077672	\N	Y	\N	\N
998	CSU DIAWALA	\N	\N	N	\N	\N	321	\N	\N	\N	\N	\N	\N	2010-05-27 15:27:18.077672	\N	Y	\N	\N
999	DSR NAMBINGUE	\N	\N	N	\N	\N	322	\N	\N	\N	\N	\N	\N	2010-05-27 15:27:18.077672	\N	Y	\N	\N
1000	CSR Sago	\N	\N	N	\N	\N	20	\N	\N	\N	\N	\N	\N	2010-05-27 15:27:18.077672	\N	Y	\N	\N
1001	CSR Bolo SIPEFCI	\N	\N	N	\N	\N	21	\N	\N	\N	\N	\N	\N	2010-05-27 15:27:18.077672	\N	Y	\N	\N
1002	CSU DUALLA	\N	\N	N	\N	\N	106	\N	\N	\N	\N	\N	\N	2010-05-27 15:27:18.077672	\N	Y	\N	\N
1003	CSU Guibroua	\N	\N	N	\N	\N	3	\N	\N	\N	\N	\N	\N	2010-05-27 15:27:18.077672	\N	Y	\N	\N
1004	AIBEF Daloa	\N	\N	N	\N	\N	6	\N	\N	\N	\N	\N	\N	2010-05-27 15:27:18.077672	\N	Y	\N	\N
1005	HG BOUAFLE	\N	\N	N	\N	\N	58	\N	\N	\N	\N	\N	\N	2010-05-27 15:27:18.077672	\N	Y	\N	\N
1006	Maternit Dioulabougou BOUAFLE	\N	\N	N	\N	\N	59	\N	\N	\N	\N	\N	\N	2010-05-27 15:27:18.077672	\N	Y	\N	\N
1007	PMI BOUAFLE	\N	\N	N	\N	\N	60	\N	\N	\N	\N	\N	\N	2010-05-27 15:27:18.077672	\N	Y	\N	\N
1008	Centre Social BOUAFLE	\N	\N	N	\N	\N	61	\N	\N	\N	\N	\N	\N	2010-05-27 15:27:18.077672	\N	Y	\N	\N
1009	CSU Pakouabo	\N	\N	N	\N	\N	62	\N	\N	\N	\N	\N	\N	2010-05-27 15:27:18.077672	\N	Y	\N	\N
1010	CSU Bonon	\N	\N	N	\N	\N	63	\N	\N	\N	\N	\N	\N	2010-05-27 15:27:18.077672	\N	Y	\N	\N
1011	HG Issia	\N	\N	N	\N	\N	64	\N	\N	\N	\N	\N	\N	2010-05-27 15:27:18.077672	\N	Y	\N	\N
1012	PMI ISSIA	\N	\N	N	\N	\N	65	\N	\N	\N	\N	\N	\N	2010-05-27 15:27:18.077672	\N	Y	\N	\N
1013	CSU Bazre	\N	\N	N	\N	\N	66	\N	\N	\N	\N	\N	\N	2010-05-27 15:27:18.077672	\N	Y	\N	\N
1014	CSU Ibogu	\N	\N	N	\N	\N	67	\N	\N	\N	\N	\N	\N	2010-05-27 15:27:18.077672	\N	Y	\N	\N
1015	CSU Saioua	\N	\N	N	\N	\N	68	\N	\N	\N	\N	\N	\N	2010-05-27 15:27:18.077672	\N	Y	\N	\N
1016	CSU NAYO	\N	\N	N	\N	\N	69	\N	\N	\N	\N	\N	\N	2010-05-27 15:27:18.077672	\N	Y	\N	\N
1017	CSU BOGUEDIA	\N	\N	N	\N	\N	70	\N	\N	\N	\N	\N	\N	2010-05-27 15:27:18.077672	\N	Y	\N	\N
1018	HG SINFRA	\N	\N	N	\N	\N	71	\N	\N	\N	\N	\N	\N	2010-05-27 15:27:18.077672	\N	Y	\N	\N
1019	DU Christ Roi	\N	\N	N	\N	\N	72	\N	\N	\N	\N	\N	\N	2010-05-27 15:27:18.077672	\N	Y	\N	\N
1020	CSI Kayeta	\N	\N	N	\N	\N	73	\N	\N	\N	\N	\N	\N	2010-05-27 15:27:18.077672	\N	Y	\N	\N
1021	CSU KONONFLA	\N	\N	N	\N	\N	74	\N	\N	\N	\N	\N	\N	2010-05-27 15:27:18.077672	\N	Y	\N	\N
1022	HG ZUENOULA	\N	\N	N	\N	\N	75	\N	\N	\N	\N	\N	\N	2010-05-27 15:27:18.077672	\N	Y	\N	\N
1023	CMS Sucrivoire ZUENOULA	\N	\N	N	\N	\N	76	\N	\N	\N	\N	\N	\N	2010-05-27 15:27:18.077672	\N	Y	\N	\N
1024	District de Zuenoula	\N	\N	N	\N	\N	77	\N	\N	\N	\N	\N	\N	2010-05-27 15:27:18.077672	\N	Y	\N	\N
1025	CSU GOHITAFLA	\N	\N	N	\N	\N	78	\N	\N	\N	\N	\N	\N	2010-05-27 15:27:18.077672	\N	Y	\N	\N
1026	HG VAVOUA	\N	\N	N	\N	\N	79	\N	\N	\N	\N	\N	\N	2010-05-27 15:27:18.077672	\N	Y	\N	\N
1027	CSU BONOUFLA	\N	\N	N	\N	\N	80	\N	\N	\N	\N	\N	\N	2010-05-27 15:27:18.077672	\N	Y	\N	\N
1028	CSR BAZRA NATIS	\N	\N	N	\N	\N	81	\N	\N	\N	\N	\N	\N	2010-05-27 15:27:18.077672	\N	Y	\N	\N
1029	HG LAKOTA	\N	\N	N	\N	\N	82	\N	\N	\N	\N	\N	\N	2010-05-27 15:27:18.077672	\N	Y	\N	\N
1030	CSU KOUDOULILIE	\N	\N	N	\N	\N	83	\N	\N	\N	\N	\N	\N	2010-05-27 15:27:18.077672	\N	Y	\N	\N
1031	CSU NIAKOBLOGNOA	\N	\N	N	\N	\N	84	\N	\N	\N	\N	\N	\N	2010-05-27 15:27:18.077672	\N	Y	\N	\N
1032	CSU NIAMBEZARIA	\N	\N	N	\N	\N	85	\N	\N	\N	\N	\N	\N	2010-05-27 15:27:18.077672	\N	Y	\N	\N
1033	CSU HIRE	\N	\N	N	\N	\N	86	\N	\N	\N	\N	\N	\N	2010-05-27 15:27:18.077672	\N	Y	\N	\N
1034	CSU GUITRY	\N	\N	N	\N	\N	87	\N	\N	\N	\N	\N	\N	2010-05-27 15:27:18.077672	\N	Y	\N	\N
1035	PMI CATHOLIQUE GUITRY	\N	\N	N	\N	\N	88	\N	\N	\N	\N	\N	\N	2010-05-27 15:27:18.077672	\N	Y	\N	\N
1036	CSU YOCOBOUE	\N	\N	N	\N	\N	89	\N	\N	\N	\N	\N	\N	2010-05-27 15:27:18.077672	\N	Y	\N	\N
1037	CSU HERMANKONO GARE	\N	\N	N	\N	\N	90	\N	\N	\N	\N	\N	\N	2010-05-27 15:27:18.077672	\N	Y	\N	\N
1038	HG FRESCO	\N	\N	N	\N	\N	91	\N	\N	\N	\N	\N	\N	2010-05-27 15:27:18.077672	\N	Y	\N	\N
1039	CSR GBAGBAM	\N	\N	N	\N	\N	92	\N	\N	\N	\N	\N	\N	2010-05-27 15:27:18.077672	\N	Y	\N	\N
1040	CM Soeur Franzisca de  Gbagbam	\N	\N	N	\N	\N	93	\N	\N	\N	\N	\N	\N	2010-05-27 15:27:18.077672	\N	Y	\N	\N
1041	HG OUME	\N	\N	N	\N	\N	94	\N	\N	\N	\N	\N	\N	2010-05-27 15:27:18.077672	\N	Y	\N	\N
1042	Centre Social OUME	\N	\N	N	\N	\N	95	\N	\N	\N	\N	\N	\N	2010-05-27 15:27:18.077672	\N	Y	\N	\N
1043	CSU DIEGONEFLA	\N	\N	N	\N	\N	96	\N	\N	\N	\N	\N	\N	2010-05-27 15:27:18.077672	\N	Y	\N	\N
1044	Notre Dame de la Consolata - Marandallah	\N	\N	N	\N	\N	97	\N	\N	\N	\N	\N	\N	2010-05-27 15:27:18.077672	\N	Y	\N	\N
1045	HG MANKONO	\N	\N	N	\N	\N	98	\N	\N	\N	\N	\N	\N	2010-05-27 15:27:18.077672	\N	Y	\N	\N
1046	CSU DIBROSSO	\N	\N	N	\N	\N	99	\N	\N	\N	\N	\N	\N	2010-05-27 15:27:18.077672	\N	Y	\N	\N
1047	CSR GABIA OUME	\N	\N	N	\N	\N	100	\N	\N	\N	\N	\N	\N	2010-05-27 15:27:18.077672	\N	Y	\N	\N
1048	Centre Social LAKOTA	\N	\N	N	\N	\N	101	\N	\N	\N	\N	\N	\N	2010-05-27 15:27:18.077672	\N	Y	\N	\N
1049	CSU KONAHIRI	\N	\N	N	\N	\N	102	\N	\N	\N	\N	\N	\N	2010-05-27 15:27:18.077672	\N	Y	\N	\N
1050	CSU KONGASSO	\N	\N	N	\N	\N	103	\N	\N	\N	\N	\N	\N	2010-05-27 15:27:18.077672	\N	Y	\N	\N
1051	CSU DIARA	\N	\N	N	\N	\N	104	\N	\N	\N	\N	\N	\N	2010-05-27 15:27:18.077672	\N	Y	\N	\N
1053	CSU GONATE	\N	\N	N	\N	\N	168	\N	\N	\N	\N	\N	\N	2010-05-27 15:27:18.077672	\N	Y	\N	\N
1054	CSU GUESSABO	\N	\N	N	\N	\N	169	\N	\N	\N	\N	\N	\N	2010-05-27 15:27:18.077672	\N	Y	\N	\N
1055	CSU GBOGUHE	\N	\N	N	\N	\N	170	\N	\N	\N	\N	\N	\N	2010-05-27 15:27:18.077672	\N	Y	\N	\N
1056	CSU GARAGE	\N	\N	N	\N	\N	171	\N	\N	\N	\N	\N	\N	2010-05-27 15:27:18.077672	\N	Y	\N	\N
1057	MATERNITE MUNICIPALE DALOA	\N	\N	N	\N	\N	172	\N	\N	\N	\N	\N	\N	2010-05-27 15:27:18.077672	\N	Y	\N	\N
1058	CSR Broma	\N	\N	N	\N	\N	173	\N	\N	\N	\N	\N	\N	2010-05-27 15:27:18.077672	\N	Y	\N	\N
1059	CSR GABIA ISSIA	\N	\N	N	\N	\N	174	\N	\N	\N	\N	\N	\N	2010-05-27 15:27:18.077672	\N	Y	\N	\N
1060	CSR Golihoa	\N	\N	N	\N	\N	175	\N	\N	\N	\N	\N	\N	2010-05-27 15:27:18.077672	\N	Y	\N	\N
1061	CSR Luehouan	\N	\N	N	\N	\N	176	\N	\N	\N	\N	\N	\N	2010-05-27 15:27:18.077672	\N	Y	\N	\N
1062	CSR Niaka	\N	\N	N	\N	\N	177	\N	\N	\N	\N	\N	\N	2010-05-27 15:27:18.077672	\N	Y	\N	\N
1063	CSU HERMANKONO DIES	\N	\N	N	\N	\N	197	\N	\N	\N	\N	\N	\N	2010-05-27 15:27:18.077672	\N	Y	\N	\N
1064	CSR TIEGBA	\N	\N	N	\N	\N	198	\N	\N	\N	\N	\N	\N	2010-05-27 15:27:18.077672	\N	Y	\N	\N
1065	CSR Akabia	\N	\N	N	\N	\N	199	\N	\N	\N	\N	\N	\N	2010-05-27 15:27:18.077672	\N	Y	\N	\N
1066	CSR Grobiakoko	\N	\N	N	\N	\N	200	\N	\N	\N	\N	\N	\N	2010-05-27 15:27:18.077672	\N	Y	\N	\N
1067	CSR Chiepo	\N	\N	N	\N	\N	201	\N	\N	\N	\N	\N	\N	2010-05-27 15:27:18.077672	\N	Y	\N	\N
1068	CSU Tonla	\N	\N	N	\N	\N	202	\N	\N	\N	\N	\N	\N	2010-05-27 15:27:18.077672	\N	Y	\N	\N
1069	CSR Sakahouho	\N	\N	N	\N	\N	203	\N	\N	\N	\N	\N	\N	2010-05-27 15:27:18.077672	\N	Y	\N	\N
1070	CSR Doukouya	\N	\N	N	\N	\N	204	\N	\N	\N	\N	\N	\N	2010-05-27 15:27:18.077672	\N	Y	\N	\N
1071	CSR Zaddi	\N	\N	N	\N	\N	205	\N	\N	\N	\N	\N	\N	2010-05-27 15:27:18.077672	\N	Y	\N	\N
1072	CSU Galebre	\N	\N	N	\N	\N	206	\N	\N	\N	\N	\N	\N	2010-05-27 15:27:18.077672	\N	Y	\N	\N
1073	CSU Seriho	\N	\N	N	\N	\N	207	\N	\N	\N	\N	\N	\N	2010-05-27 15:27:18.077672	\N	Y	\N	\N
1074	CSU Gnagbodougnoa	\N	\N	N	\N	\N	208	\N	\N	\N	\N	\N	\N	2010-05-27 15:27:18.077672	\N	Y	\N	\N
1075	CSR Kragbalilie	\N	\N	N	\N	\N	209	\N	\N	\N	\N	\N	\N	2010-05-27 15:27:18.077672	\N	Y	\N	\N
1076	CSR Dignago	\N	\N	N	\N	\N	210	\N	\N	\N	\N	\N	\N	2010-05-27 15:27:18.077672	\N	Y	\N	\N
1077	CSU Dania	\N	\N	N	\N	\N	211	\N	\N	\N	\N	\N	\N	2010-05-27 15:27:18.077672	\N	Y	\N	\N
1078	CSR Baoulifla	\N	\N	N	\N	\N	212	\N	\N	\N	\N	\N	\N	2010-05-27 15:27:18.077672	\N	Y	\N	\N
1079	Centre social Daloa	\N	\N	N	\N	\N	213	\N	\N	\N	\N	\N	\N	2010-05-27 15:27:18.077672	\N	Y	\N	\N
1080	CSU Kongasso	\N	\N	N	\N	\N	214	\N	\N	\N	\N	\N	\N	2010-05-27 15:27:18.077672	\N	Y	\N	\N
1081	CSU Tieningboue	\N	\N	N	\N	\N	215	\N	\N	\N	\N	\N	\N	2010-05-27 15:27:18.077672	\N	Y	\N	\N
1082	CSU Sarala	\N	\N	N	\N	\N	216	\N	\N	\N	\N	\N	\N	2010-05-27 15:27:18.077672	\N	Y	\N	\N
1083	CSU Sifie	\N	\N	N	\N	\N	217	\N	\N	\N	\N	\N	\N	2010-05-27 15:27:18.077672	\N	Y	\N	\N
1084	CSU Worofla	\N	\N	N	\N	\N	218	\N	\N	\N	\N	\N	\N	2010-05-27 15:27:18.077672	\N	Y	\N	\N
1085	CSU Guepahouo	\N	\N	N	\N	\N	219	\N	\N	\N	\N	\N	\N	2010-05-27 15:27:18.077672	\N	Y	\N	\N
1086	CSR HUAFLA	\N	\N	N	\N	\N	237	\N	\N	\N	\N	\N	\N	2010-05-27 15:27:18.077672	\N	Y	\N	\N
1087	CSI KOUETINFLA	\N	\N	N	\N	\N	238	\N	\N	\N	\N	\N	\N	2010-05-27 15:27:18.077672	\N	Y	\N	\N
1088	CSR DJENEDOUFLA	\N	\N	N	\N	\N	239	\N	\N	\N	\N	\N	\N	2010-05-27 15:27:18.077672	\N	Y	\N	\N
1089	CSR BINZRA	\N	\N	N	\N	\N	285	\N	\N	\N	\N	\N	\N	2010-05-27 15:27:18.077672	\N	Y	\N	\N
1090	CSR MANFLA	\N	\N	N	\N	\N	286	\N	\N	\N	\N	\N	\N	2010-05-27 15:27:18.077672	\N	Y	\N	\N
1091	CSR ZOROFLA	\N	\N	N	\N	\N	287	\N	\N	\N	\N	\N	\N	2010-05-27 15:27:18.077672	\N	Y	\N	\N
1092	CSR ZANZRA	\N	\N	N	\N	\N	288	\N	\N	\N	\N	\N	\N	2010-05-27 15:27:18.077672	\N	Y	\N	\N
1093	CSR DANANON	\N	\N	N	\N	\N	289	\N	\N	\N	\N	\N	\N	2010-05-27 15:27:18.077672	\N	Y	\N	\N
1094	CSR ANCIEN PROSI	\N	\N	N	\N	\N	290	\N	\N	\N	\N	\N	\N	2010-05-27 15:27:18.077672	\N	Y	\N	\N
1095	CSR GBABO	\N	\N	N	\N	\N	291	\N	\N	\N	\N	\N	\N	2010-05-27 15:27:18.077672	\N	Y	\N	\N
1096	CSR ZAGUIETA	\N	\N	N	\N	\N	292	\N	\N	\N	\N	\N	\N	2010-05-27 15:27:18.077672	\N	Y	\N	\N
1097	CSR BOZI	\N	\N	N	\N	\N	293	\N	\N	\N	\N	\N	\N	2010-05-27 15:27:18.077672	\N	Y	\N	\N
1098	CSR SIETINFLA	\N	\N	N	\N	\N	294	\N	\N	\N	\N	\N	\N	2010-05-27 15:27:18.077672	\N	Y	\N	\N
1099	CSR MASSARALA	\N	\N	N	\N	\N	295	\N	\N	\N	\N	\N	\N	2010-05-27 15:27:18.077672	\N	Y	\N	\N
1100	CSR MORONDO	\N	\N	N	\N	\N	296	\N	\N	\N	\N	\N	\N	2010-05-27 15:27:18.077672	\N	Y	\N	\N
1101	CSR KETRO BASSAM	\N	\N	N	\N	\N	331	\N	\N	\N	\N	\N	\N	2010-05-27 15:27:18.077672	\N	Y	\N	\N
1102	CSR PELEZI	\N	\N	N	\N	\N	332	\N	\N	\N	\N	\N	\N	2010-05-27 15:27:18.077672	\N	Y	\N	\N
1103	CSR TRAFESSO	\N	\N	N	\N	\N	333	\N	\N	\N	\N	\N	\N	2010-05-27 15:27:18.077672	\N	Y	\N	\N
1104	MALADIES INFECTIEUSES	\N	\N	N	\N	\N	01	\N	\N	\N	\N	\N	\N	2010-05-27 15:27:18.803826	\N	Y	\N	\N
1105	PPH	\N	\N	N	\N	\N	02	\N	\N	\N	\N	\N	\N	2010-05-27 15:27:18.803826	\N	Y	\N	\N
1106	DERMATOLOGIE	\N	\N	N	\N	\N	03	\N	\N	\N	\N	\N	\N	2010-05-27 15:27:18.803826	\N	Y	\N	\N
1107	MEDECINE INTERNE	\N	\N	N	\N	\N	04	\N	\N	\N	\N	\N	\N	2010-05-27 15:27:18.803826	\N	Y	\N	\N
1108	NEUROLOGIE	\N	\N	N	\N	\N	05	\N	\N	\N	\N	\N	\N	2010-05-27 15:27:18.803826	\N	Y	\N	\N
1109	PEDIATRIE	\N	\N	N	\N	\N	06	\N	\N	\N	\N	\N	\N	2010-05-27 15:27:18.803826	\N	Y	\N	\N
1110	CTRO	\N	\N	N	\N	\N	07	\N	\N	\N	\N	\N	\N	2010-05-27 15:27:18.803826	\N	Y	\N	\N
1111	GYNECOLOGIE	\N	\N	N	\N	\N	08	\N	\N	\N	\N	\N	\N	2010-05-27 15:27:18.803826	\N	Y	\N	\N
1112	CHIRURGIE	\N	\N	N	\N	\N	09	\N	\N	\N	\N	\N	\N	2010-05-27 15:27:18.803826	\N	Y	\N	\N
1113	AUTRE	\N	\N	N	\N	\N	10	\N	\N	\N	\N	\N	\N	2010-05-27 15:27:18.803826	\N	Y	\N	\N
1114	ABENGOUROU	\N	\N	N	\N	\N	11	\N	\N	\N	\N	\N	\N	2010-05-27 15:27:18.803826	\N	Y	\N	\N
1115	BOUAKE	\N	\N	N	\N	\N	12	\N	\N	\N	\N	\N	\N	2010-05-27 15:27:18.803826	\N	Y	\N	\N
1116	DALOA	\N	\N	N	\N	\N	13	\N	\N	\N	\N	\N	\N	2010-05-27 15:27:18.803826	\N	Y	\N	\N
1117	GAGNOA	\N	\N	N	\N	\N	14	\N	\N	\N	\N	\N	\N	2010-05-27 15:27:18.803826	\N	Y	\N	\N
1118	KORHOGO	\N	\N	N	\N	\N	15	\N	\N	\N	\N	\N	\N	2010-05-27 15:27:18.803826	\N	Y	\N	\N
1119	MAN	\N	\N	N	\N	\N	16	\N	\N	\N	\N	\N	\N	2010-05-27 15:27:18.803826	\N	Y	\N	\N
1120	AUTRES INTERIEUR	\N	\N	N	\N	\N	17	\N	\N	\N	\N	\N	\N	2010-05-27 15:27:18.803826	\N	Y	\N	\N
1121	CANCEROLOGIE	\N	\N	N	\N	\N	18	\N	\N	\N	\N	\N	\N	2010-05-27 15:27:18.803826	\N	Y	\N	\N
1122	CARDIOLOGIE	\N	\N	N	\N	\N	19	\N	\N	\N	\N	\N	\N	2010-05-27 15:27:18.803826	\N	Y	\N	\N
1124	INHP	\N	\N	N	\N	\N	21	\N	\N	\N	\N	\N	\N	2010-05-27 15:27:18.803826	\N	Y	\N	\N
1125	CHU Treichville	\N	\N	N	\N	\N	1	\N	\N	\N	\N	\N	\N	2010-05-27 15:27:18.85792	\N	Y	\N	\N
1126	CHU Cocody	\N	\N	N	\N	\N	2	\N	\N	\N	\N	\N	\N	2010-05-27 15:27:18.85792	\N	Y	\N	\N
1127	CHU Yopougon	\N	\N	N	\N	\N	3	\N	\N	\N	\N	\N	\N	2010-05-27 15:27:18.85792	\N	Y	\N	\N
1129	Hpitaux intrieurs	\N	\N	N	\N	\N	5	\N	\N	\N	\N	\N	\N	2010-05-27 15:27:18.85792	\N	Y	\N	\N
1123	U.S.A.C.	\N	\N	N	\N	\N	20	\N	\N	\N	\N	\N	\N	2010-05-27 15:27:18.803826	\N	Y	\N	\N
771	U.S.A.C.	\N	\N	N	\N	\N	US	\N	\N	\N	\N	\N	\N	2010-05-27 15:27:17.651807	\N	Y	\N	\N
759	Retro-CI	\N	\N	N	\N	\N	\N	\N	\N	\N	\N	\N	\N	\N	\N	\N	\N	\N
1132	USAC	\N	\N	N	\N	\N	355	\N	\N	MN		\N	\N	2010-09-21 05:28:03.696	N	Y	\N	\N
1134	TESTINGRTN	\N	\N	N	\N	\N	77777	\N	\N	MN		\N	\N	2010-09-21 05:42:37.781	N	Y	\N	\N
1136	PMI SOKOURA	\N	\N	N	\N	\N	343	\N	\N	MN		\N	\N	2010-09-22 08:40:37.277	N	Y	\N	\N
1133	TESTING ARV	\N	\N	N	\N	\N	6666	\N	\N	MN		\N	\N	2010-09-21 05:42:16.799	N	Y	\N	\N
1135	TESTING RTN HOSPITALS	\N	\N	N	\N	\N	333	\N	\N	MN		\N	\N	2010-09-21 05:42:25.582	N	Y	\N	\N
1137	CHU TREICHVILLE - PEDIATRIE	\N	\N	N	\N	\N	PT	\N	\N	MN		\N	\N	2010-10-28 09:29:16.144	N	N	\N	\N
1128	AUTRES ABIDJAN	\N	\N	N	\N	\N	4	\N	\N	MN		\N	\N	2010-10-28 09:46:06.635	\N	Y	\N	\N
1138	Charge Virale	\N	\N	N	\N	\N	CV	\N	\N	MN		\N	\N	2011-10-07 15:44:14.479	N	Y	\N	\N
1139	Pediatrie CHU-Treichville	\N	\N	N	\N	\N	PT	\N	\N	MN		\N	\N	2011-10-07 15:50:04.606	N	Y	\N	\N
1140	CSU SOKOURA	\N	\N	N	\N	\N	356	\N	\N	MN		\N	\N	2011-10-14 11:33:21.732	N	Y	\N	\N
1141	CSU KOTTIA KOFFIKRO	\N	\N	N	\N	\N	357	\N	\N	MN		\N	\N	2011-10-14 12:14:47.659	N	Y	\N	\N
1142	CSU ZATTA	\N	\N	N	\N	\N	358	\N	\N	MN		\N	\N	2011-10-14 12:15:21.199	N	Y	\N	\N
1144	CSR LABOKRO	\N	\N	N	\N	\N	360	\N	\N	MN		\N	\N	2011-10-14 12:16:15.409	N	Y	\N	\N
1145	CSU LOLOBO	\N	\N	N	\N	\N	361	\N	\N	MN		\N	\N	2011-10-14 12:17:03.535	N	Y	\N	\N
1143	CSU KOSSOU	\N	\N	N	\N	\N	359	\N	\N	MN		\N	\N	2011-10-14 12:21:18.642	N	Y	\N	\N
1146	CSU DIOULABOUGOU	\N	\N	N	\N	\N	362	\N	\N	MN		\N	\N	2011-10-14 12:22:06.675	N	Y	\N	\N
1147	CSU ATTIEKPAKRO	\N	\N	N	\N	\N	363	\N	\N	MN		\N	\N	2011-10-14 12:22:43.569	N	Y	\N	\N
1148	CSU TIMBE	\N	\N	N	\N	\N	364	\N	\N	MN		\N	\N	2011-10-14 12:23:11.696	N	Y	\N	\N
1149	DR SAKIARE	\N	\N	N	\N	\N	365	\N	\N	MN		\N	\N	2011-10-14 12:23:51.819	N	Y	\N	\N
1150	DR N'ZERE	\N	\N	N	\N	\N	366	\N	\N	MN		\N	\N	2011-10-14 12:24:38.837	N	Y	\N	\N
1151	HG TIEBISSOU	\N	\N	N	\N	\N	367	\N	\N	MN		\N	\N	2011-10-14 12:25:10.287	N	Y	\N	\N
1152	HG DIDIEVI	\N	\N	N	\N	\N	368	\N	\N	MN		\N	\N	2011-10-14 12:25:34.124	N	Y	\N	\N
1153	HG SAKASOU	\N	\N	N	\N	\N	369	\N	\N	MN		\N	\N	2011-10-14 12:26:31.657	N	Y	\N	\N
1154	CSR ASSANDRE	\N	\N	N	\N	\N	370	\N	\N	MN		\N	\N	2011-10-14 12:26:59.191	N	Y	\N	\N
1155	CSR N'GUESSAN POKOUKRO	\N	\N	N	\N	\N	371	\N	\N	MN		\N	\N	2011-10-14 12:27:31.982	N	Y	\N	\N
1156	PMI FERKE	\N	\N	N	\N	\N	372	\N	\N	MN		\N	\N	2011-10-14 12:27:54.212	N	Y	\N	\N
1157	DR SEMAN	\N	\N	N	\N	\N	373	\N	\N	MN		\N	\N	2011-10-14 12:28:20.966	N	Y	\N	\N
1158	CSU MOROFE	\N	\N	N	\N	\N	374	\N	\N	MN		\N	\N	2011-10-14 12:28:45.162	N	Y	\N	\N
1159	CSU N'ZUESSY	\N	\N	N	\N	\N	375	\N	\N	MN		\N	\N	2011-10-14 12:29:39.153	N	Y	\N	\N
1160	CSU KOKOUMBO	\N	\N	N	\N	\N	376	\N	\N	MN		\N	\N	2011-10-14 12:30:07.031	N	Y	\N	\N
1161	CSU ANGODA	\N	\N	N	\N	\N	377	\N	\N	MN		\N	\N	2011-10-14 12:30:47.591	N	Y	\N	\N
1162	CSU KPOUEBO	\N	\N	N	\N	\N	378	\N	\N	MN		\N	\N	2011-10-14 12:31:14.938	N	Y	\N	\N
1163	FS POLICE DALOA	\N	\N	N	\N	\N	379	\N	\N	MN		\N	\N	2011-10-14 12:31:42.986	N	Y	\N	\N
1164	CMS NOTRE DAME DU CALVAIRE GUIBEROUA	\N	\N	N	\N	\N	380	\N	\N	MN		\N	\N	2011-10-14 12:32:41.346	N	Y	\N	\N
1165	CNPS DIVO	\N	\N	N	\N	\N	381	\N	\N	MN		\N	\N	2011-10-14 12:33:13.435	N	Y	\N	\N
1052	CSU KANI	\N	\N	N	\N	\N	382	\N	\N	MN		\N	\N	2011-10-14 12:35:20.888	\N	Y	\N	\N
1166	CSU SEITIFLA	\N	\N	N	\N	\N	105	\N	\N	MN		\N	\N	2011-10-14 12:36:10.355	N	Y	\N	\N
1167	DR ADJAMENE	\N	\N	N	\N	\N	383	\N	\N	MN		\N	\N	2011-10-14 12:36:52.569	N	Y	\N	\N
1168	DR BLAHOU	\N	\N	N	\N	\N	384	\N	\N	MN		\N	\N	2011-10-14 12:37:15.532	N	Y	\N	\N
1169	DR NERO BROUSE	\N	\N	N	\N	\N	385	\N	\N	MN		\N	\N	2011-10-14 12:37:45.594	N	Y	\N	\N
1170	DR BLIGBEADJI	\N	\N	N	\N	\N	386	\N	\N	MN		\N	\N	2011-10-14 12:38:14.188	N	Y	\N	\N
1171	CSU DOBA	\N	\N	N	\N	\N	387	\N	\N	MN		\N	\N	2011-10-14 12:38:34.406	N	Y	\N	\N
1172	CSR PARA	\N	\N	N	\N	\N	388	\N	\N	MN		\N	\N	2011-10-14 12:39:06.776	N	Y	\N	\N
1173	DR YOUKOU	\N	\N	N	\N	\N	389	\N	\N	MN		\N	\N	2011-10-14 12:39:28.741	N	Y	\N	\N
1174	CMS NEKA	\N	\N	N	\N	\N	390	\N	\N	MN		\N	\N	2011-10-14 12:39:53.607	N	Y	\N	\N
1175	CMS IBOKE PALMCI	\N	\N	N	\N	\N	391	\N	\N	MN		\N	\N	2011-10-14 12:40:19.769	N	Y	\N	\N
1176	CMS GBAPET	\N	\N	N	\N	\N	392	\N	\N	MN		\N	\N	2011-10-14 12:40:52.997	N	Y	\N	\N
1177	CMS BLIDOUBA	\N	\N	N	\N	\N	393	\N	\N	MN		\N	\N	2011-10-14 12:41:21.498	N	Y	\N	\N
1178	DR SOUBLAKE	\N	\N	N	\N	\N	394	\N	\N	MN		\N	\N	2011-10-14 12:41:44.836	N	Y	\N	\N
1179	DR GOZON	\N	\N	N	\N	\N	395	\N	\N	MN		\N	\N	2011-10-14 12:42:07.424	N	Y	\N	\N
1180	CSR TIEVIESSOU	\N	\N	N	\N	\N	396	\N	\N	MN		\N	\N	2011-10-14 12:43:39.745	N	Y	\N	\N
1181	CSR AHOUANOU	\N	\N	N	\N	\N	397	\N	\N	MN		\N	\N	2011-10-14 12:44:19.307	N	Y	\N	\N
1182	CSR EBONOU	\N	\N	N	\N	\N	398	\N	\N	MN		\N	\N	2011-10-14 12:44:41.443	N	Y	\N	\N
1183	CSU BACANDA	\N	\N	N	\N	\N	399	\N	\N	MN		\N	\N	2011-10-14 12:45:24.718	N	Y	\N	\N
1184	CSR LAHOU KPANDA	\N	\N	N	\N	\N	400	\N	\N	MN		\N	\N	2011-10-14 12:45:52.283	N	Y	\N	\N
1185	CSR BRAFFEDON	\N	\N	N	\N	\N	401	\N	\N	MN		\N	\N	2011-10-14 12:46:24.762	N	Y	\N	\N
1186	CSR TOUKOUZOU	\N	\N	N	\N	\N	402	\N	\N	MN		\N	\N	2011-10-14 12:47:08.708	N	Y	\N	\N
1187	CSR GRAND ADKOUZIN	\N	\N	N	\N	\N	403	\N	\N	MN		\N	\N	2011-10-14 12:47:56.99	N	Y	\N	\N
1188	CSU AZAGUIE ADZOPE	\N	\N	N	\N	\N	404	\N	\N	MN		\N	\N	2011-10-14 12:48:34.679	N	Y	\N	\N
1189	CENTRE SOCIAL ADZOPE	\N	\N	N	\N	\N	405	\N	\N	MN		\N	\N	2011-10-14 12:48:58.657	N	Y	\N	\N
1190	CSR AHEREMOU II	\N	\N	N	\N	\N	406	\N	\N	MN		\N	\N	2011-10-14 12:49:31.885	N	Y	\N	\N
1191	CSR SOKROGBO CARREFOUR	\N	\N	N	\N	\N	407	\N	\N	MN		\N	\N	2011-10-14 15:39:45.099	N	Y	\N	\N
1192	DR BOTINDE	\N	\N	N	\N	\N	408	\N	\N	MN		\N	\N	2011-10-14 15:40:12.68	N	Y	\N	\N
1193	DR AMANIMENOU	\N	\N	N	\N	\N	409	\N	\N	MN		\N	\N	2011-10-14 15:40:48.061	N	Y	\N	\N
1194	DR ASSEUDJI	\N	\N	N	\N	\N	410	\N	\N	MN		\N	\N	2011-10-14 15:41:17.779	N	Y	\N	\N
1195	CSR ANANGUIE AGBOVILLE	\N	\N	N	\N	\N	411	\N	\N	MN		\N	\N	2011-10-14 15:41:50.523	N	Y	\N	\N
1196	CSR ERIMAKOUDJEL	\N	\N	N	\N	\N	412	\N	\N	MN		\N	\N	2011-10-14 15:42:28.65	N	Y	\N	\N
1197	CSR GRAND YAPO	\N	\N	N	\N	\N	413	\N	\N	MN		\N	\N	2011-10-14 15:42:56.34	N	Y	\N	\N
1198	CSU APPROMPRONOU	\N	\N	N	\N	\N	414	\N	\N	MN		\N	\N	2011-10-14 15:53:10.029	N	Y	\N	\N
1199	CS CHRIST ROI SINFRA	\N	\N	N	\N	\N	415	\N	\N	MN		\N	\N	2011-10-14 15:53:51.853	N	Y	\N	\N
1200	CSR ABIE	\N	\N	N	\N	\N	416	\N	\N	MN		\N	\N	2011-10-14 15:54:14.535	N	Y	\N	\N
1201	CSR AMORIAKRO	\N	\N	N	\N	\N	418	\N	\N	MN		\N	\N	2011-10-14 16:11:13.872	N	Y	\N	\N
1202	CSR ANANGUIE ADZOPE	\N	\N	N	\N	\N	419	\N	\N	MN		\N	\N	2011-10-14 16:11:55.961	N	Y	\N	\N
1203	CSR ANDE	\N	\N	N	\N	\N	420	\N	\N	MN		\N	\N	2011-10-14 16:12:40.889	N	Y	\N	\N
1204	CSR ANNO	\N	\N	N	\N	\N	421	\N	\N	MN		\N	\N	2011-10-14 16:12:57.222	N	Y	\N	\N
1205	CSR BANGOUA	\N	\N	N	\N	\N	422	\N	\N	MN		\N	\N	2011-10-14 16:13:20.763	N	Y	\N	\N
1206	CSR ATTOBROU	\N	\N	N	\N	\N	423	\N	\N	MN		\N	\N	2011-10-14 16:13:44.022	N	Y	\N	\N
1207	CSU KOUASSI DATEKRO	\N	\N	N	\N	\N	424	\N	\N	MN		\N	\N	2011-10-14 16:14:34.91	N	Y	\N	\N
1208	CSR BOUDEPE	\N	\N	N	\N	\N	425	\N	\N	MN		\N	\N	2011-10-14 16:15:05.845	N	Y	\N	\N
1209	CSR SEKREKE TABOU	\N	\N	N	\N	\N	426	\N	\N	MN		\N	\N	2011-10-14 16:15:47.855	N	Y	\N	\N
1210	CM NIMATOULLAH	\N	\N	N	\N	\N	427	\N	\N	MN		\N	\N	2011-10-14 16:16:33.205	N	Y	\N	\N
1211	CSR DIAPE	\N	\N	N	\N	\N	428	\N	\N	MN		\N	\N	2011-10-14 16:17:06.807	N	Y	\N	\N
1212	CSR DIASSON	\N	\N	N	\N	\N	429	\N	\N	MN		\N	\N	2011-10-14 16:18:02.921	N	Y	\N	\N
1213	CSR DJAMADIOKE TABOU	\N	\N	N	\N	\N	430	\N	\N	MN		\N	\N	2011-10-14 16:18:52.778	N	Y	\N	\N
1214	DISP. RURAL MAHINO	\N	\N	N	\N	\N	431	\N	\N	MN		\N	\N	2011-10-14 16:19:37.16	N	Y	\N	\N
1215	CENTRE SANTE AKOUEDO	\N	\N	N	\N	\N	432	\N	\N	MN		\N	\N	2011-10-14 16:20:12.838	N	Y	\N	\N
1216	CP ZIMBAWE	\N	\N	N	\N	\N	433	\N	\N	MN		\N	\N	2011-10-14 16:20:39.685	N	Y	\N	\N
1217	CSS ANGE GARDIEN	\N	\N	N	\N	\N	434	\N	\N	MN		\N	\N	2011-10-14 16:21:03.116	N	Y	\N	\N
1218	CMS SCASO	\N	\N	N	\N	\N	435	\N	\N	MN		\N	\N	2011-10-14 16:21:30.869	N	Y	\N	\N
1219	PALMCI IROBO (CMS YOCOBOBOUE)	\N	\N	N	\N	\N	436	\N	\N	MN		\N	\N	2011-10-14 16:22:37.341	N	Y	\N	\N
1220	CSR LIBOLI GRAND LAHOU	\N	\N	N	\N	\N	437	\N	\N	MN		\N	\N	2011-10-14 16:23:17.245	N	Y	\N	\N
1221	CSR THERESE HB NIGUI SAFF	\N	\N	N	\N	\N	438	\N	\N	MN		\N	\N	2011-10-14 16:23:52.704	N	Y	\N	\N
1222	CSU YAKASSE ATTOBROU	\N	\N	N	\N	\N	439	\N	\N	MN		\N	\N	2011-10-14 16:24:16.947	N	Y	\N	\N
1223	CSU CSR BIEBY	\N	\N	N	\N	\N	440	\N	\N	MN		\N	\N	2011-10-14 16:24:59.566	N	Y	\N	\N
1224	CSU ABONGOUA ATTIE	\N	\N	N	\N	\N	441	\N	\N	MN		\N	\N	2011-10-14 16:25:34.042	N	Y	\N	\N
1225	CSR BIECOUEFIN	\N	\N	N	\N	\N	442	\N	\N	MN		\N	\N	2011-10-14 16:26:13.978	N	Y	\N	\N
1226	CSR AFOTOBO	\N	\N	N	\N	\N	443	\N	\N	MN		\N	\N	2011-10-14 16:26:49.468	N	Y	\N	\N
1227	CSR BODOKRO	\N	\N	N	\N	\N	444	\N	\N	MN		\N	\N	2011-10-14 16:27:29.716	N	Y	\N	\N
1228	CSR MARABADIASSA	\N	\N	N	\N	\N	445	\N	\N	MN		\N	\N	2011-10-14 16:28:08.264	N	Y	\N	\N
1229	CSR N'GUESSANKRO	\N	\N	N	\N	\N	446	\N	\N	MN		\N	\N	2011-10-14 16:28:52.303	N	Y	\N	\N
1230	CSU COM ARRAS	\N	\N	N	\N	\N	447	\N	\N	MN		\N	\N	2011-10-14 16:29:27.044	N	Y	\N	\N
1231	CSR BAMORO	\N	\N	N	\N	\N	448	\N	\N	MN		\N	\N	2011-10-14 16:29:55.405	N	Y	\N	\N
1232	CSU BROBO	\N	\N	N	\N	\N	449	\N	\N	MN		\N	\N	2011-10-14 16:30:15.872	N	Y	\N	\N
1233	CSR LANGBASSOU	\N	\N	N	\N	\N	450	\N	\N	MN		\N	\N	2011-10-14 16:30:43.219	N	Y	\N	\N
1234	CSR ASSOUAKRO	\N	\N	N	\N	\N	451	\N	\N	MN		\N	\N	2011-10-14 16:31:04.622	N	Y	\N	\N
1235	CSU COM PANGOLIN	\N	\N	N	\N	\N	452	\N	\N	MN		\N	\N	2011-10-14 16:31:33.451	N	Y	\N	\N
1236	CSR LENGBRE	\N	\N	N	\N	\N	453	\N	\N	MN		\N	\N	2011-10-14 16:31:54.683	N	Y	\N	\N
1237	CSU DJEBONOUA	\N	\N	N	\N	\N	454	\N	\N	MN		\N	\N	2011-10-14 16:32:17.927	N	Y	\N	\N
1238	CSU DOROPO	\N	\N	N	\N	\N	455	\N	\N	MN		\N	\N	2011-10-14 16:32:41.748	N	Y	\N	\N
1239	CSR SATAMA-SOKORA	\N	\N	N	\N	\N	456	\N	\N	MN		\N	\N	2011-10-14 16:33:12.246	N	Y	\N	\N
1240	DR BOKALA	\N	\N	N	\N	\N	457	\N	\N	MN		\N	\N	2011-10-14 16:33:43.025	N	Y	\N	\N
1241	CSU GRAND MORIE AGBOVILLE	\N	\N	N	\N	\N	458	\N	\N	MN		\N	\N	2011-10-14 16:34:11.745	N	Y	\N	\N
1242	CSR PACOBO	\N	\N	N	\N	\N	459	\N	\N	MN		\N	\N	2011-10-14 16:34:36.595	N	Y	\N	\N
1243	CSR KOMBOLOKOURA	\N	\N	N	\N	\N	460	\N	\N	MN		\N	\N	2011-10-14 16:35:09.449	N	Y	\N	\N
1244	CSU KOLIA	\N	\N	N	\N	\N	461	\N	\N	MN		\N	\N	2011-10-14 16:35:31.289	N	Y	\N	\N
1245	CSU BINAO BOUSSOUE	\N	\N	N	\N	\N	462	\N	\N	MN		\N	\N	2011-10-14 16:36:06.779	N	Y	\N	\N
1246	DR SOHOUO	\N	\N	N	\N	\N	463	\N	\N	MN		\N	\N	2011-10-14 16:36:30.663	N	Y	\N	\N
1247	CSU KOUTOUBA	\N	\N	N	\N	\N	464	\N	\N	MN		\N	\N	2011-10-14 16:36:55.997	N	Y	\N	\N
1248	CSU LAOUDIBA	\N	\N	N	\N	\N	465	\N	\N	MN		\N	\N	2011-10-14 16:37:21.566	N	Y	\N	\N
1249	CSU LOVIGUIE	\N	\N	N	\N	\N	466	\N	\N	MN		\N	\N	2011-10-14 16:37:50.02	N	Y	\N	\N
1250	CSR PAGUEKAHA	\N	\N	N	\N	\N	467	\N	\N	MN		\N	\N	2011-10-14 16:38:16.509	N	Y	\N	\N
1251	CSR BOLONA	\N	\N	N	\N	\N	468	\N	\N	MN		\N	\N	2011-10-14 16:38:45.837	N	Y	\N	\N
1252	CSR LOMARA	\N	\N	N	\N	\N	469	\N	\N	MN		\N	\N	2011-10-14 16:39:09.674	N	Y	\N	\N
1253	CHR BONDOUKOU (SCE Pediatrie)	\N	\N	N	\N	\N	470	\N	\N	MN		\N	\N	2011-10-14 16:39:51.872	N	Y	\N	\N
1254	CSU SIEMPURGO	\N	\N	N	\N	\N	471	\N	\N	MN		\N	\N	2011-10-14 16:40:58.359	N	Y	\N	\N
1255	CIP CAMES	\N	\N	N	\N	\N	472	\N	\N	MN		\N	\N	2011-10-14 16:41:23.351	N	Y	\N	\N
1256	CSR SOKO	\N	\N	N	\N	\N	473	\N	\N	MN		\N	\N	2011-10-14 16:41:42.024	N	Y	\N	\N
1257	HOPITAL GENERAL ABOBO NORD	\N	\N	N	\N	\N	AN	\N	\N	MN		\N	\N	2011-10-18 09:27:47.4	N	Y	\N	\N
1258	CSU TEHINI	\N	\N	N	\N	\N	474	\N	\N	MN		\N	\N	2011-10-18 09:34:20.974	N	Y	\N	\N
1259	CSR KOUASSI N'DAWA	\N	\N	N	\N	\N	475	\N	\N	MN		\N	\N	2011-10-18 09:35:04.7	N	Y	\N	\N
1260	INSTITUT RAOUL FOLLEREAU	\N	\N	N	\N	\N	476	\N	\N	MN		\N	\N	2011-10-18 09:36:30.22	N	Y	\N	\N
1261	DISP. DERAHOUAN DALOA	\N	\N	N	\N	\N	477	\N	\N	MN		\N	\N	2011-10-18 09:37:09.407	N	Y	\N	\N
1262	CSR KONG	\N	\N	N	\N	\N	478	\N	\N	MN		\N	\N	2011-10-18 09:37:40.108	N	Y	\N	\N
1263	DR FLAKIEDOUGOU	\N	\N	N	\N	\N	479	\N	\N	MN		\N	\N	2011-10-18 09:38:37.142	N	Y	\N	\N
1264	CSR YEZIMALA	\N	\N	N	\N	\N	480	\N	\N	MN		\N	\N	2011-10-18 09:39:02.086	N	Y	\N	\N
1265	CENTRE SAINTE MARIE	\N	\N	N	\N	\N	481	\N	\N	MN		\N	\N	2011-10-18 09:39:33.442	N	Y	\N	\N
1266	CMS FLAMBOYANT	\N	\N	N	\N	\N	482	\N	\N	MN		\N	\N	2011-10-18 09:39:55.969	N	Y	\N	\N
1267	DR ANNEPE	\N	\N	N	\N	\N	483	\N	\N	MN		\N	\N	2011-10-18 09:40:15.796	N	Y	\N	\N
1268	DR BIASSO	\N	\N	N	\N	\N	484	\N	\N	MN		\N	\N	2011-10-18 09:40:35.795	N	Y	\N	\N
1269	CSR BOUNDA	\N	\N	N	\N	\N	485	\N	\N	MN		\N	\N	2011-10-18 09:40:54.5	N	Y	\N	\N
1270	CSR DASSOUNGBO	\N	\N	N	\N	\N	486	\N	\N	MN		\N	\N	2011-10-18 09:41:16.371	N	Y	\N	\N
1271	CSR BOUKO	\N	\N	N	\N	\N	487	\N	\N	MN		\N	\N	2011-10-18 09:41:34.389	N	Y	\N	\N
1272	FSU COCODY	\N	\N	N	\N	\N	488	\N	\N	MN		\N	\N	2011-10-18 09:41:51.409	N	Y	\N	\N
1273	CSR PARHADI	\N	\N	N	\N	\N	489	\N	\N	MN		\N	\N	2011-10-18 09:42:14.294	N	Y	\N	\N
1274	HG NASSIAN	\N	\N	N	\N	\N	493	\N	\N	MN		\N	\N	2011-10-18 09:42:38.474	N	Y	\N	\N
1275	HMA	\N	\N	N	\N	\N	494	\N	\N	MN		\N	\N	2011-10-18 09:43:01.796	N	Y	\N	\N
1276	HOPITAL POLICE NATIONALE (HPN)	\N	\N	N	\N	\N	495	\N	\N	MN		\N	\N	2011-10-18 09:43:45.32	N	Y	\N	\N
1277	DR DIANGOBO	\N	\N	N	\N	\N	496	\N	\N	MN		\N	\N	2011-10-18 09:44:12.62	N	Y	\N	\N
1278	DR BONAHOUIN	\N	\N	N	\N	\N	500	\N	\N	MN		\N	\N	2011-10-18 09:45:09.436	N	Y	\N	\N
1279	DR YADIO	\N	\N	N	\N	\N	502	\N	\N	MN		\N	\N	2011-10-18 10:33:38.373	N	Y	\N	\N
1280	CSR GUEZON	\N	\N	N	\N	\N	503	\N	\N	MN		\N	\N	2011-10-18 10:34:10.212	N	Y	\N	\N
1281	CSR KOUANHOULE	\N	\N	N	\N	\N	504	\N	\N	MN		\N	\N	2011-10-18 10:35:33.579	N	Y	\N	\N
1282	CSR GBINTA	\N	\N	N	\N	\N	505	\N	\N	MN		\N	\N	2011-10-18 10:36:01.893	N	Y	\N	\N
1283	CMS THANRY	\N	\N	N	\N	\N	506	\N	\N	MN		\N	\N	2011-10-18 10:36:35.324	N	Y	\N	\N
1284	CSU APPOISSO	\N	\N	N	\N	\N	507	\N	\N	MN		\N	\N	2011-10-18 10:37:52.06	N	Y	\N	\N
1285	CSU ANIASSUE	\N	\N	N	\N	\N	508	\N	\N	MN		\N	\N	2011-10-18 10:38:37.753	N	Y	\N	\N
1286	CSU ZARANOU	\N	\N	N	\N	\N	509	\N	\N	MN		\N	\N	2011-10-18 10:39:00.81	N	Y	\N	\N
1287	CSU AFFALIKRO	\N	\N	N	\N	\N	510	\N	\N	MN		\N	\N	2011-10-18 10:39:26.378	N	Y	\N	\N
1288	CSU AMELEKIA	\N	\N	N	\N	\N	511	\N	\N	MN		\N	\N	2011-10-18 10:39:48.748	N	Y	\N	\N
1289	CSU AMIANKOUASSIKRO	\N	\N	N	\N	\N	512	\N	\N	MN		\N	\N	2011-10-18 10:40:20.495	N	Y	\N	\N
1290	CSR SATIKRAN	\N	\N	N	\N	\N	513	\N	\N	MN		\N	\N	2011-10-18 10:40:50.759	N	Y	\N	\N
1291	CSR MANZANOUA	\N	\N	N	\N	\N	514	\N	\N	MN		\N	\N	2011-10-18 10:50:00.021	N	Y	\N	\N
1292	CSU DOUFFREBO	\N	\N	N	\N	\N	515	\N	\N	MN		\N	\N	2011-10-18 10:50:25.558	N	Y	\N	\N
1293	DR YOBOUAKRO	\N	\N	N	\N	\N	516	\N	\N	MN		\N	\N	2011-10-18 10:55:19.588	N	Y	\N	\N
1294	HG KOUNFAO	\N	\N	N	\N	\N	517	\N	\N	MN		\N	\N	2011-10-18 10:55:40.07	N	Y	\N	\N
1295	CSU TANKESSE	\N	\N	N	\N	\N	518	\N	\N	MN		\N	\N	2011-10-18 10:56:02.238	N	Y	\N	\N
1296	HG TANDA	\N	\N	N	\N	\N	519	\N	\N	MN		\N	\N	2011-10-18 10:56:19.07	N	Y	\N	\N
1297	CSU ASSUEFRY	\N	\N	N	\N	\N	520	\N	\N	MN		\N	\N	2011-10-18 10:56:43.531	N	Y	\N	\N
1298	CSU TRANSUA	\N	\N	N	\N	\N	521	\N	\N	MN		\N	\N	2011-10-18 10:58:42.84	N	Y	\N	\N
1299	CSR ABONGOUA	\N	\N	N	\N	\N	522	\N	\N	MN		\N	\N	2011-10-18 10:59:03.432	N	Y	\N	\N
1300	CSU KANGANDI	\N	\N	N	\N	\N	523	\N	\N	MN		\N	\N	2011-10-18 11:00:49.294	N	Y	\N	\N
1301	CSU ANOUMABA	\N	\N	N	\N	\N	524	\N	\N	MN		\N	\N	2011-10-18 11:01:44.69	N	Y	\N	\N
1302	HG PRIKRO	\N	\N	N	\N	\N	525	\N	\N	MN		\N	\N	2011-10-18 11:02:09.837	N	Y	\N	\N
1303	CSU COM AKOMIABLA	\N	\N	N	\N	\N	526	\N	\N	MN		\N	\N	2011-10-18 11:03:49.911	N	Y	\N	\N
1304	CSU COM KOUMASSI DIVO	\N	\N	N	\N	\N	527	\N	\N	MN		\N	\N	2011-10-18 11:04:18.054	N	Y	\N	\N
1305	CSU COM GRAND CAMPEMENT	\N	\N	N	\N	\N	528	\N	\N	MN		\N	\N	2011-10-18 11:04:54.386	N	Y	\N	\N
1306	CSU COM ANOUMABO	\N	\N	N	\N	\N	529	\N	\N	MN		\N	\N	2011-10-18 11:05:17.63	N	Y	\N	\N
1307	CSU VRIDI CANAL	\N	\N	N	\N	\N	530	\N	\N	MN		\N	\N	2011-10-18 11:05:43.62	N	Y	\N	\N
1308	CSU VRIDI 3	\N	\N	N	\N	\N	531	\N	\N	MN		\N	\N	2011-10-18 11:06:18.158	N	Y	\N	\N
1309	MATERNITE 220 LOGEMENTS	\N	\N	N	\N	\N	532	\N	\N	MN		\N	\N	2011-10-18 11:07:18.312	N	Y	\N	\N
1310	CSU COM YAO SEHI	\N	\N	N	\N	\N	533	\N	\N	MN		\N	\N	2011-10-18 11:16:32.597	N	Y	\N	\N
1311	CSR MOAPE	\N	\N	N	\N	\N	534	\N	\N	MN		\N	\N	2011-10-18 11:17:32.579	N	Y	\N	\N
1312	CSR MOROKO	\N	\N	N	\N	\N	535	\N	\N	MN		\N	\N	2011-10-18 11:18:57.536	N	Y	\N	\N
1313	CSR SOKROBO	\N	\N	N	\N	\N	536	\N	\N	MN		\N	\N	2011-10-18 11:19:17.567	N	Y	\N	\N
1314	CSR KOTIESSOU	\N	\N	N	\N	\N	537	\N	\N	MN		\N	\N	2011-10-18 11:19:40.951	N	Y	\N	\N
1315	CSR SONGON	\N	\N	N	\N	\N	538	\N	\N	MN		\N	\N	2011-10-18 11:20:08.22	N	Y	\N	\N
1316	CSU BIANOUAN	\N	\N	N	\N	\N	539	\N	\N	MN		\N	\N	2011-10-18 11:20:51.136	N	Y	\N	\N
1317	ASAPSU ALIODAN	\N	\N	N	\N	\N	540	\N	\N	MN		\N	\N	2011-10-18 11:21:17.827	N	Y	\N	\N
1318	CSU COM WILLIAMSVILLE	\N	\N	N	\N	\N	541	\N	\N	MN		\N	\N	2011-10-18 11:21:43.958	N	Y	\N	\N
1319	PMI KATIOLA	\N	\N	N	\N	\N	542	\N	\N	MN		\N	\N	2011-10-18 11:22:08.886	N	Y	\N	\N
1320	CSU FRONAN	\N	\N	N	\N	\N	543	\N	\N	MN		\N	\N	2011-10-18 11:22:32.146	N	Y	\N	\N
1321	CSU NIAKARA	\N	\N	N	\N	\N	544	\N	\N	MN		\N	\N	2011-10-18 11:22:52.769	N	Y	\N	\N
1322	CSU TORTIYA	\N	\N	N	\N	\N	545	\N	\N	MN		\N	\N	2011-10-18 11:23:17.355	N	Y	\N	\N
1323	CSU TAFIRE	\N	\N	N	\N	\N	546	\N	\N	MN		\N	\N	2011-10-18 11:25:32.202	N	Y	\N	\N
1324	CSR SIKOLO	\N	\N	N	\N	\N	547	\N	\N	MN		\N	\N	2011-10-18 11:26:08.253	N	Y	\N	\N
1325	CSR KAOURA	\N	\N	N	\N	\N	548	\N	\N	MN		\N	\N	2011-10-18 11:26:51.465	N	Y	\N	\N
1326	CSR NAMBONKAHA	\N	\N	N	\N	\N	549	\N	\N	MN		\N	\N	2011-10-18 11:28:42.974	N	Y	\N	\N
1327	CSU KOUMBALA	\N	\N	N	\N	\N	550	\N	\N	MN		\N	\N	2011-10-18 11:29:04.58	N	Y	\N	\N
1328	CSR TOUMOUKORO	\N	\N	N	\N	\N	551	\N	\N	MN		\N	\N	2011-10-18 11:29:25.266	N	Y	\N	\N
1329	PEDIATRIE HG BOUNDIALI	\N	\N	N	\N	\N	552	\N	\N	MN		\N	\N	2011-10-18 11:30:35.591	N	Y	\N	\N
\.


--
-- Data for Name: organization_address; Type: TABLE DATA; Schema: clinlims; Owner: clinlims
--

COPY organization_address (organization_id, address_part_id, type, value) FROM stdin;
\.


--
-- Data for Name: organization_contact; Type: TABLE DATA; Schema: clinlims; Owner: clinlims
--

COPY organization_contact (id, organization_id, person_id, "position") FROM stdin;
\.


--
-- Name: organization_contact_seq; Type: SEQUENCE SET; Schema: clinlims; Owner: clinlims
--

SELECT pg_catalog.setval('organization_contact_seq', 1, false);


--
-- Data for Name: organization_organization_type; Type: TABLE DATA; Schema: clinlims; Owner: clinlims
--

COPY organization_organization_type (org_id, org_type_id) FROM stdin;
760	20
761	20
762	20
763	20
764	20
765	20
766	20
767	20
768	20
769	20
770	20
771	20
772	21
773	21
774	21
775	21
776	21
777	21
778	21
779	21
780	21
781	21
782	21
783	21
784	21
785	21
786	21
787	21
788	21
789	21
790	21
791	21
792	21
793	21
794	21
795	21
796	21
797	21
798	21
799	21
800	21
801	21
802	21
803	21
804	21
805	21
806	21
807	21
808	21
809	21
810	21
811	21
812	21
813	21
814	21
815	21
816	21
817	21
818	21
819	21
820	21
821	21
822	21
823	21
824	21
825	21
826	21
827	21
828	21
829	21
830	21
831	21
832	21
833	21
834	21
835	21
836	21
837	21
838	21
839	21
840	21
841	21
842	21
843	21
844	21
845	21
846	21
847	21
848	21
849	21
850	21
851	21
852	21
853	21
854	21
855	21
856	21
857	21
858	21
859	21
860	21
861	22
862	22
863	22
864	22
865	22
866	22
867	22
868	22
869	22
870	22
871	22
872	22
873	22
874	22
875	22
876	22
877	22
878	22
879	22
880	22
881	22
882	22
883	22
884	22
885	22
886	22
887	22
888	22
889	22
890	22
891	22
892	22
893	22
894	22
895	22
896	22
897	22
898	22
899	22
900	22
901	22
902	22
903	22
904	22
905	22
906	22
907	22
908	22
909	22
910	22
911	22
912	22
913	22
914	22
915	22
916	22
917	22
918	22
919	22
920	22
921	22
922	22
923	22
924	22
925	22
926	22
927	22
928	22
929	22
930	22
931	22
932	22
933	22
934	22
935	22
936	22
937	22
938	22
939	22
940	22
941	22
942	22
943	22
944	22
945	22
946	22
947	22
948	22
949	22
950	22
951	22
952	22
953	22
954	22
955	22
956	22
957	22
958	22
959	22
960	22
961	22
962	22
963	22
964	22
965	22
966	22
967	22
968	22
969	22
970	22
971	22
972	22
973	22
974	22
975	22
976	22
977	22
978	22
979	22
980	22
981	22
982	22
983	22
984	22
985	22
986	22
987	22
988	22
989	22
990	22
991	22
992	22
993	22
994	22
995	22
996	22
997	22
998	22
999	22
1000	23
1001	23
1002	24
1003	24
1004	24
1005	24
1006	24
1007	24
1008	24
1009	24
1010	24
1011	24
1012	24
1013	24
1014	24
1015	24
1016	24
1017	24
1018	24
1019	24
1020	24
1021	24
1022	24
1023	24
1024	24
1025	24
1026	24
1027	24
1028	24
1029	24
1030	24
1031	24
1032	24
1033	24
1034	24
1035	24
1036	24
1037	24
1038	24
1039	24
1040	24
1041	24
1042	24
1043	24
1044	24
1045	24
1046	24
1047	24
1048	24
1049	24
1050	24
1051	24
1053	24
1054	24
1055	24
1056	24
1057	24
1058	24
1059	24
1060	24
1061	24
1062	24
1063	24
1064	24
1065	24
1066	24
1067	24
1068	24
1069	24
1070	24
1071	24
1072	24
1073	24
1074	24
1075	24
1076	24
1077	24
1078	24
1079	24
1080	24
1081	24
1082	24
1083	24
1084	24
1085	24
1086	24
1087	24
1088	24
1089	24
1090	24
1091	24
1092	24
1093	24
1094	24
1095	24
1096	24
1097	24
1098	24
1099	24
1100	24
1101	24
1102	24
1103	24
1104	25
1105	25
1106	25
1107	25
1108	25
1109	25
1110	25
1111	25
1112	25
1113	25
1114	25
1115	25
1116	25
1117	25
1118	25
1119	25
1120	25
1121	25
1122	25
1123	25
1124	25
1125	26
1126	26
1127	26
1129	26
1132	22
1133	20
1135	25
1134	26
1137	20
1137	25
1138	20
1139	20
1140	22
1141	23
1142	22
1144	22
1145	22
1143	22
1146	22
1147	22
1148	22
1149	22
1150	22
1151	22
1152	22
1153	22
1154	22
1155	22
1156	22
1157	22
1158	22
1159	22
1160	22
1161	22
1162	22
1163	24
1164	24
1165	24
1052	24
1166	24
1167	22
1168	22
1169	22
1170	22
1171	22
1172	22
1173	22
1174	22
1175	22
1176	22
1177	22
1178	22
1179	22
1180	22
1181	22
1182	22
1183	22
1184	22
1185	22
1186	22
1187	22
1188	22
1189	22
1190	22
1191	22
1192	22
1193	22
1194	22
1195	22
1196	22
1197	22
1198	22
1199	24
1200	22
1201	22
1202	22
1203	22
1204	22
1205	22
1206	22
1207	22
1208	22
1209	22
1210	22
1211	22
1212	22
1213	22
1214	22
1215	22
1216	22
1217	22
1218	22
1219	22
1220	22
1221	22
1222	22
1223	22
1224	22
1225	22
1226	23
1227	23
1228	23
1229	23
1230	22
1231	23
1232	23
1233	23
1234	23
1235	22
1236	23
1237	23
1238	23
1239	23
1240	23
1241	22
1242	22
1243	23
1244	23
1245	22
1246	23
1247	23
1248	23
1249	22
1250	23
1251	23
1252	23
1253	23
1254	23
1255	23
1256	23
1257	20
1258	23
1259	23
1260	22
1261	24
1262	22
1263	23
1264	23
1265	23
1266	23
1267	22
1268	22
1269	23
1270	23
1271	23
1272	22
1273	23
1274	23
1275	22
1276	22
1277	22
1278	22
1279	22
1280	21
1281	21
1282	21
1283	21
1284	22
1285	22
1286	22
1287	22
1288	22
1289	22
1290	22
1291	22
1292	22
1293	22
1294	22
1295	22
1296	22
1297	22
1298	22
1299	22
1300	22
1301	22
1302	22
1303	22
1304	22
1305	22
1306	22
1307	22
1308	22
1309	22
1310	22
1311	22
1312	22
1313	22
1314	22
1315	22
1316	22
1317	22
1318	22
1319	22
1320	22
1321	22
1322	22
1323	22
1324	22
1325	22
1326	22
1327	22
1328	22
1329	22
\.


--
-- Name: organization_seq; Type: SEQUENCE SET; Schema: clinlims; Owner: clinlims
--

SELECT pg_catalog.setval('organization_seq', 1329, true);


--
-- Data for Name: organization_type; Type: TABLE DATA; Schema: clinlims; Owner: clinlims
--

COPY organization_type (id, short_name, description, name_display_key, lastupdated) FROM stdin;
20	ARV Service Loc	Cte d'Ivoire ARV Study Service Locations	org_type.ARVSites.name	2010-05-27 15:27:17.651807
25	RTN HIV Service Loc	Cte d'Ivoire Routine HIV Tests Service Locations	org_type.RTNSites.name	2010-05-27 15:27:18.803826
26	RTN HIV Hospitals	Cte d'Ivoire Routine HIV Tests Hospitals	org_type.RTNHsptl.name	2010-05-27 15:27:18.85792
21	EID ACONDA-VS CI	ACONDA-VS Cte d'Ivoire	org_type.ACONDA.name	2010-05-27 15:27:18.077672
22	EID EGPAF	Elizabeth Glaser Pediatric AIDS Foundation	org_type.EGPAF.name	2010-05-27 15:27:18.077672
23	EID ESTHER	Ensemble pour une Solidarit Thrapeutique Hosp. En Rseau	org_type.ESTHER.name	2010-05-27 15:27:18.077672
24	EID ICAP	The Internat. Center for AIDS Care and Treatment Programs	org_type.ICAP.name	2010-05-27 15:27:18.077672
\.


--
-- Name: organization_type_seq; Type: SEQUENCE SET; Schema: clinlims; Owner: clinlims
--

SELECT pg_catalog.setval('organization_type_seq', 28, true);


--
-- Data for Name: package_1; Type: TABLE DATA; Schema: clinlims; Owner: clinlims
--

COPY package_1 (id) FROM stdin;
\.


--
-- Data for Name: panel; Type: TABLE DATA; Schema: clinlims; Owner: clinlims
--

COPY panel (id, name, description, lastupdated, display_key, sort_order, is_active) FROM stdin;
7	Examen de Selles	Examen de Selles	2009-07-30 17:57:08.247	\N	2147483647	Y
9	Hemogramme	Hemogramme	2009-07-30 17:58:14.843	\N	2147483647	Y
10	Urines	Urines	2009-07-30 17:58:28.712	\N	2147483647	Y
8	Cytobacteriologie	Cytobacteriologie	2009-07-30 18:48:01.779	\N	2147483647	Y
13	NFS	NFS	2012-09-25 14:28:54.916839	\N	2147483647	Y
11	Malaria	Malaria	2009-07-30 17:58:47.151	\N	2147483647	N
\.


--
-- Data for Name: panel_item; Type: TABLE DATA; Schema: clinlims; Owner: clinlims
--

COPY panel_item (id, panel_id, sort_order, test_local_abbrev, method_name, lastupdated, test_name, test_id) FROM stdin;
15	11	0	Malaria - DP		2009-07-30 17:59:47.227	\N	\N
16	7	0	Selles Couleur		2009-07-30 18:02:36.83	\N	\N
17	7	1	Selles Consist		2009-07-30 18:06:54.277	\N	\N
18	7	3	Selles Sang occ		2009-07-30 18:07:35.18	\N	\N
19	7	4	Selles Coccidies		2009-07-30 18:07:54.695	\N	\N
20	7	5	Bleu de Mthylne		2009-07-30 18:08:10.202	\N	\N
21	7	6	Zielh Modifi		2009-07-30 18:08:52.353	\N	\N
22	7	7	Selles Leuc		2009-07-30 18:09:15.379	\N	\N
23	7	8	Selles Bactries		2009-07-30 18:10:01.835	\N	\N
24	7	9	Metazoaires		2009-07-30 18:13:52.981	\N	\N
25	8	0	Cyto - Aspect		2009-07-30 18:15:31.167	\N	\N
26	8	2	Tricho Vag		2009-07-30 18:16:33.224	\N	\N
27	8	3	Cell Epith		2009-07-30 18:17:43.72	\N	\N
28	8	4	Cyto - Leucocytes		2009-07-30 18:18:46.432	\N	\N
29	8	5	Cyto - pH		2009-07-30 18:19:12.484	\N	\N
30	8	6	Cyto - Levures		2009-07-30 18:19:35.416	\N	\N
31	8	7	Mycelium		2009-07-30 18:19:51.141	\N	\N
32	8	8	Rivalta		2009-07-30 18:20:22.497	\N	\N
33	8	9	KOH		2009-07-30 18:21:08.595	\N	\N
34	8	10	Cell Cloutes		2009-07-30 18:22:22.929	\N	\N
35	9	0	Hmoglobine		2009-07-30 18:23:33.987	\N	\N
36	9	2	Globules Rouges		2009-07-30 18:25:33.218	\N	\N
37	9	3	Globules Blancs		2009-07-30 18:25:54.902	\N	\N
38	9	4	Plaquettes		2009-07-30 18:26:27.787	\N	\N
39	9	5	VGM		2009-07-30 18:26:43.262	\N	\N
40	9	6	CCMH		2009-07-30 18:27:18.455	\N	\N
41	9	7	TCMH		2009-07-30 18:27:36.895	\N	\N
42	9	8	Poly neutr		2009-07-30 18:28:14.553	\N	\N
43	9	9	Eosinophiles		2009-07-30 18:32:22.796	\N	\N
44	9	10	Monocytes		2009-07-30 18:33:27.083	\N	\N
45	9	11	Lymphocytes		2009-07-30 18:34:16.145	\N	\N
47	10	0	Urine - Couleur		2009-07-30 18:35:19.84	\N	\N
48	10	1	Urine - Aspect		2009-07-30 18:35:39.964	\N	\N
49	10	2	Urine - Densit		2009-07-30 18:38:00.567	\N	\N
50	10	3	Urine - pH		2009-07-30 18:38:10.567	\N	\N
51	10	4	Urine - Protines		2009-07-30 18:38:49.972	\N	\N
52	10	5	Urine - Glucose		2009-07-30 18:39:17.069	\N	\N
53	10	6	Urine - Actone		2009-07-30 18:40:03.933	\N	\N
54	10	7	Urine - Nitrites		2009-07-30 18:40:16.163	\N	\N
55	10	8	Urine - Sang		2009-07-30 18:40:33.448	\N	\N
56	10	9	Urine - Leucocytes		2009-07-30 18:40:46.552	\N	\N
57	10	10	Urine - Hmaties		2009-07-30 18:41:14.118	\N	\N
58	10	11	Urine- Cell Epith		2009-07-30 18:42:08.859	\N	\N
59	10	13	Urine - Bactries		2009-07-30 18:42:33.647	\N	\N
60	10	14	Urine - Cylindres		2009-07-30 18:42:53.865	\N	\N
61	10	15	Urine - Mucus		2009-07-30 18:43:15.377	\N	\N
62	10	16	Urine - Levures		2009-07-30 18:43:36.25	\N	\N
63	10	17	Cristaux - AU		2009-07-30 18:44:05.531	\N	\N
64	10	18	Cristaux - OdCa		2009-07-30 18:44:29.617	\N	\N
65	10	19	Cristaux - PA		2009-07-30 18:44:51.426	\N	\N
66	10	20	Cristaux - PdCa		2009-07-30 18:45:10.302	\N	\N
67	10	21	Cristaux - PT		2009-07-30 18:45:25.621	\N	\N
68	10	22	Cristaux - SdCa		2009-07-30 18:45:43.561	\N	\N
69	10	23	Cristaux - UA		2009-07-30 18:46:06.042	\N	\N
70	10	25	Cristaux - UAm		2009-07-30 18:46:57.788	\N	\N
71	11	1	Malaria - FP		2009-07-30 18:48:34.025	\N	\N
72	9	13	Basophiles		2009-08-05 20:28:32.868	\N	\N
73	9	14	Hmatocrite		2009-08-05 20:33:12.596	\N	\N
74	7	12	Selles Levures		2009-08-05 21:40:16.919	\N	\N
75	10	28	Cristaux - PdMg		2009-08-05 21:45:13.337	\N	\N
\.


--
-- Name: panel_item_seq; Type: SEQUENCE SET; Schema: clinlims; Owner: clinlims
--

SELECT pg_catalog.setval('panel_item_seq', 75, true);


--
-- Name: panel_seq; Type: SEQUENCE SET; Schema: clinlims; Owner: clinlims
--

SELECT pg_catalog.setval('panel_seq', 13, true);


--
-- Data for Name: patient; Type: TABLE DATA; Schema: clinlims; Owner: clinlims
--

COPY patient (id, person_id, race, gender, birth_date, epi_first_name, epi_middle_name, epi_last_name, birth_time, death_date, national_id, ethnicity, school_attend, medicare_id, medicaid_id, birth_place, lastupdated, external_id, chart_number, entered_birth_date) FROM stdin;
\.


--
-- Data for Name: patient_identity; Type: TABLE DATA; Schema: clinlims; Owner: clinlims
--

COPY patient_identity (id, identity_type_id, patient_id, identity_data, lastupdated) FROM stdin;
\.


--
-- Name: patient_identity_seq; Type: SEQUENCE SET; Schema: clinlims; Owner: clinlims
--

SELECT pg_catalog.setval('patient_identity_seq', 1, false);


--
-- Data for Name: patient_identity_type; Type: TABLE DATA; Schema: clinlims; Owner: clinlims
--

COPY patient_identity_type (id, identity_type, description, lastupdated) FROM stdin;
2	ST	ST Number	2008-11-05 10:36:39.615
3	AKA	Also known as name	2008-11-05 10:36:39.615
4	MOTHER	Mothers name	2008-11-05 10:36:39.615
1	NATIONAL	National ID	2008-11-05 10:36:39.615
5	INSURANCE	Primary insurance number	\N
6	OCCUPATION	patients occupation	\N
8	ORG_SITE	Organization Site	2010-01-06 12:58:31.828375
9	SUBJECT	Subject Number	2010-01-06 12:58:56.099989
11	MOTHERS_INITIAL	Initial of mothers first name	2010-03-15 13:14:57.148489
12	COMMUNE	Name of commune	2010-03-15 13:14:57.148489
13	ADDRESS_DEPT	\N	2011-03-10 15:12:00.75
14	GUID	\N	2011-05-26 11:56:15.975
15	EDUCATION	Patients education level	2012-09-25 14:28:55.683919
16	MARITIAL	Patients maritial status	2012-09-25 14:28:55.683919
17	NATIONALITY	Patients nationality	2012-09-25 14:28:55.683919
18	OTHER NATIONALITY	Named nationality if OTHER is selected	2012-09-25 14:28:55.683919
19	HEALTH DISTRICT	Patients health district	2012-09-25 14:28:55.683919
20	HEALTH REGION	Patients health region	2012-09-25 14:28:55.683919
21	OB_NUMBER	Obstetrics ID number	2013-04-29 10:44:28.541571
22	PC_NUMBER	Primary care ID number	2013-04-29 10:44:28.541571
\.


--
-- Name: patient_identity_type_seq; Type: SEQUENCE SET; Schema: clinlims; Owner: clinlims
--

SELECT pg_catalog.setval('patient_identity_type_seq', 22, true);


--
-- Data for Name: patient_occupation; Type: TABLE DATA; Schema: clinlims; Owner: clinlims
--

COPY patient_occupation (id, patient_id, occupation, lastupdated) FROM stdin;
\.


--
-- Name: patient_occupation_seq; Type: SEQUENCE SET; Schema: clinlims; Owner: clinlims
--

SELECT pg_catalog.setval('patient_occupation_seq', 1, false);


--
-- Data for Name: patient_patient_type; Type: TABLE DATA; Schema: clinlims; Owner: clinlims
--

COPY patient_patient_type (id, patient_type_id, patient_id, lastupdated) FROM stdin;
\.


--
-- Name: patient_patient_type_seq; Type: SEQUENCE SET; Schema: clinlims; Owner: clinlims
--

SELECT pg_catalog.setval('patient_patient_type_seq', 1, false);


--
-- Name: patient_relation_seq; Type: SEQUENCE SET; Schema: clinlims; Owner: clinlims
--

SELECT pg_catalog.setval('patient_relation_seq', 1, false);


--
-- Data for Name: patient_relations; Type: TABLE DATA; Schema: clinlims; Owner: clinlims
--

COPY patient_relations (id, pat_id_source, pat_id, relation) FROM stdin;
\.


--
-- Name: patient_seq; Type: SEQUENCE SET; Schema: clinlims; Owner: clinlims
--

SELECT pg_catalog.setval('patient_seq', 1, false);


--
-- Data for Name: patient_type; Type: TABLE DATA; Schema: clinlims; Owner: clinlims
--

COPY patient_type (id, type, description, lastupdated) FROM stdin;
1	R	Referr	2009-07-09 13:06:10.215545
2	E	Patient Externe	2009-07-09 13:06:10.215545
3	H	Hospitalis	2009-07-09 13:06:10.215545
4	U	Urgences	2009-07-09 13:06:10.215545
5	P	Patient Priv	2009-07-09 13:06:10.215545
\.


--
-- Name: patient_type_seq; Type: SEQUENCE SET; Schema: clinlims; Owner: clinlims
--

SELECT pg_catalog.setval('patient_type_seq', 20, true);


--
-- Data for Name: payment_type; Type: TABLE DATA; Schema: clinlims; Owner: clinlims
--

COPY payment_type (id, type, description) FROM stdin;
\.


--
-- Name: payment_type_seq; Type: SEQUENCE SET; Schema: clinlims; Owner: clinlims
--

SELECT pg_catalog.setval('payment_type_seq', 1, false);


--
-- Data for Name: person; Type: TABLE DATA; Schema: clinlims; Owner: clinlims
--

COPY person (id, last_name, first_name, middle_name, multiple_unit, street_address, city, state, zip_code, country, work_phone, home_phone, cell_phone, fax, email, lastupdated) FROM stdin;
\.


--
-- Data for Name: person_address; Type: TABLE DATA; Schema: clinlims; Owner: clinlims
--

COPY person_address (person_id, address_part_id, type, value) FROM stdin;
\.


--
-- Name: person_seq; Type: SEQUENCE SET; Schema: clinlims; Owner: clinlims
--

SELECT pg_catalog.setval('person_seq', 1, false);


--
-- Data for Name: program; Type: TABLE DATA; Schema: clinlims; Owner: clinlims
--

COPY program (id, code, name, lastupdated) FROM stdin;
\.


--
-- Name: program_seq; Type: SEQUENCE SET; Schema: clinlims; Owner: clinlims
--

SELECT pg_catalog.setval('program_seq', 1, false);


--
-- Data for Name: project; Type: TABLE DATA; Schema: clinlims; Owner: clinlims
--

COPY project (id, name, sys_user_id, description, started_date, completed_date, is_active, reference_to, program_code, lastupdated, scriptlet_id, local_abbrev, display_key) FROM stdin;
22	Cell Sequencing	\N	Cell Sequencing	\N	\N	Y	\N	LSEQ	2010-05-27 15:27:17.535447	\N	\N	project.SequencingStudy.name
23	Special Request	\N	Special Requests	\N	\N	Y	\N	LSPE	2010-05-27 15:27:17.535447	\N	\N	project.SpecialRequestStudy.name
25	Early Infant Diagnosis for HIV Study	\N	Early Infant Diagnosis for HIV Study	\N	\N	Y	\N	LDBS	2010-05-27 15:27:18.077672	\N	\N	project.EIDStudy.name
26	Routine HIV Testing	\N	Routine HIV Tests	\N	\N	Y	\N	LRTN	2010-05-27 15:27:18.803826	\N	\N	project.RTNStudy.name
21	Indeterminate Results	\N	Indeterminate Results	\N	\N	Y	\N	LIND	2010-05-27 15:27:17.535447	\N	\N	project.IndeterminateStudy.name
24	Antiretroviral Study	\N	Antiretroviral Treatment Study	\N	\N	Y	\N	LART	2010-05-27 15:27:17.651807	\N	\N	project.ARVStudy.name
27	Antiretroviral Followup Study	\N	Antiretroviral Followup Study	\N	\N	Y	\N	LART	2010-08-24 10:04:15.234684	\N	\N	project.ARVFollowupStudy.name
\.


--
-- Data for Name: project_organization; Type: TABLE DATA; Schema: clinlims; Owner: clinlims
--

COPY project_organization (project_id, org_id) FROM stdin;
24	760
24	761
24	762
24	763
24	764
24	765
24	766
24	767
24	768
24	769
24	770
24	771
25	772
25	773
25	774
25	775
25	776
25	777
25	778
25	779
25	780
25	781
25	782
25	783
25	784
25	785
25	786
25	787
25	788
25	789
25	790
25	791
25	792
25	793
25	794
25	795
25	796
25	797
25	798
25	799
25	800
25	801
25	802
25	803
25	804
25	805
25	806
25	807
25	808
25	809
25	810
25	811
25	812
25	813
25	814
25	815
25	816
25	817
25	818
25	819
25	820
25	821
25	822
25	823
25	824
25	825
25	826
25	827
25	828
25	829
25	830
25	831
25	832
25	833
25	834
25	835
25	836
25	837
25	838
25	839
25	840
25	841
25	842
25	843
25	844
25	845
25	846
25	847
25	848
25	849
25	850
25	851
25	852
25	853
25	854
25	855
25	856
25	857
25	858
25	859
25	860
25	861
25	862
25	863
25	864
25	865
25	866
25	867
25	868
25	869
25	870
25	871
25	872
25	873
25	874
25	875
25	876
25	877
25	878
25	879
25	880
25	881
25	882
25	883
25	884
25	885
25	886
25	887
25	888
25	889
25	890
25	891
25	892
25	893
25	894
25	895
25	896
25	897
25	898
25	899
25	900
25	901
25	902
25	903
25	904
25	905
25	906
25	907
25	908
25	909
25	910
25	911
25	912
25	913
25	914
25	915
25	916
25	917
25	918
25	919
25	920
25	921
25	922
25	923
25	924
25	925
25	926
25	927
25	928
25	929
25	930
25	931
25	932
25	933
25	934
25	935
25	936
25	937
25	938
25	939
25	940
25	941
25	942
25	943
25	944
25	945
25	946
25	947
25	948
25	949
25	950
25	951
25	952
25	953
25	954
25	955
25	956
25	957
25	958
25	959
25	960
25	961
25	962
25	963
25	964
25	965
25	966
25	967
25	968
25	969
25	970
25	971
25	972
25	973
25	974
25	975
25	976
25	977
25	978
25	979
25	980
25	981
25	982
25	983
25	984
25	985
25	986
25	987
25	988
25	989
25	990
25	991
25	992
25	993
25	994
25	995
25	996
25	997
25	998
25	999
25	1000
25	1001
25	1002
25	1003
25	1004
25	1005
25	1006
25	1007
25	1008
25	1009
25	1010
25	1011
25	1012
25	1013
25	1014
25	1015
25	1016
25	1017
25	1018
25	1019
25	1020
25	1021
25	1022
25	1023
25	1024
25	1025
25	1026
25	1027
25	1028
25	1029
25	1030
25	1031
25	1032
25	1033
25	1034
25	1035
25	1036
25	1037
25	1038
25	1039
25	1040
25	1041
25	1042
25	1043
25	1044
25	1045
25	1046
25	1047
25	1048
25	1049
25	1050
25	1051
25	1052
25	1053
25	1054
25	1055
25	1056
25	1057
25	1058
25	1059
25	1060
25	1061
25	1062
25	1063
25	1064
25	1065
25	1066
25	1067
25	1068
25	1069
25	1070
25	1071
25	1072
25	1073
25	1074
25	1075
25	1076
25	1077
25	1078
25	1079
25	1080
25	1081
25	1082
25	1083
25	1084
25	1085
25	1086
25	1087
25	1088
25	1089
25	1090
25	1091
25	1092
25	1093
25	1094
25	1095
25	1096
25	1097
25	1098
25	1099
25	1100
25	1101
25	1102
25	1103
26	1104
26	1105
26	1106
26	1107
26	1108
26	1109
26	1110
26	1111
26	1112
26	1113
26	1114
26	1115
26	1116
26	1117
26	1118
26	1119
26	1120
26	1121
26	1122
26	1123
26	1124
27	760
27	761
27	762
27	763
27	764
27	765
27	766
27	767
27	768
27	769
27	770
27	771
\.


--
-- Data for Name: project_parameter; Type: TABLE DATA; Schema: clinlims; Owner: clinlims
--

COPY project_parameter (id, projparam_type, operation, value, project_id, param_name) FROM stdin;
\.


--
-- Name: project_seq; Type: SEQUENCE SET; Schema: clinlims; Owner: clinlims
--

SELECT pg_catalog.setval('project_seq', 27, true);


--
-- Data for Name: provider; Type: TABLE DATA; Schema: clinlims; Owner: clinlims
--

COPY provider (id, npi, person_id, external_id, provider_type, lastupdated) FROM stdin;
\.


--
-- Name: provider_seq; Type: SEQUENCE SET; Schema: clinlims; Owner: clinlims
--

SELECT pg_catalog.setval('provider_seq', 1, false);


--
-- Data for Name: qa_event; Type: TABLE DATA; Schema: clinlims; Owner: clinlims
--

COPY qa_event (id, name, description, is_billable, reporting_sequence, reporting_text, test_id, is_holdable, lastupdated, type, category, display_key) FROM stdin;
67	Insufficient	Insufficient sample	\N	\N	\N	\N	Y	2010-08-05 14:49:43.78273	\N	\N	qa_event.insufficient
68	Hemolytic	Hemolytic sample	\N	\N	\N	\N	Y	2010-08-05 14:49:43.78273	\N	\N	qa_event.hemolytic
69	Mislabeled	Bad or mislabled sample	\N	\N	\N	\N	Y	2010-08-05 14:49:43.78273	\N	\N	qa_event.mislabled
70	No form	 No form with sample	\N	\N	\N	\N	Y	2010-08-05 14:49:43.78273	\N	\N	qa_event.noForm
71	Incorrect Form	Form not filled out correctly	\N	\N	\N	\N	Y	2010-08-05 14:49:43.78273	\N	\N	qa_event.formNotCorrect
72	No Sample	No sample with form	\N	\N	\N	\N	Y	2010-08-05 14:49:43.78273	\N	\N	qa_event.noSample
73	Bloodstained Tube	Bloodstained tube	\N	\N	\N	\N	Y	2010-08-05 14:49:43.78273	\N	\N	qa_event.bloodstained.tube
74	Bloodstained Form	Bloodstained form	\N	\N	\N	\N	Y	2010-08-05 14:49:43.78273	\N	\N	qa_event.bloodstained.form
75	Other	Other	\N	\N	\N	\N	Y	2010-08-05 14:49:43.78273	\N	\N	qa_event.other
66	Coagulated	Coagulated sample	\N	\N	\N	\N	Y	2010-08-05 14:49:43.78273	\N	\N	qa_event.coagulated
\.


--
-- Name: qa_event_seq; Type: SEQUENCE SET; Schema: clinlims; Owner: clinlims
--

SELECT pg_catalog.setval('qa_event_seq', 85, true);


--
-- Data for Name: qa_observation; Type: TABLE DATA; Schema: clinlims; Owner: clinlims
--

COPY qa_observation (id, observed_id, observed_type, qa_observation_type_id, value_type, value, lastupdated) FROM stdin;
\.


--
-- Name: qa_observation_seq; Type: SEQUENCE SET; Schema: clinlims; Owner: clinlims
--

SELECT pg_catalog.setval('qa_observation_seq', 1, false);


--
-- Data for Name: qa_observation_type; Type: TABLE DATA; Schema: clinlims; Owner: clinlims
--

COPY qa_observation_type (id, name, description, lastupdated) FROM stdin;
1	authorizer	The name of the person who authorized the event	2012-09-26 17:01:11.765913+00
2	section	The section in which this happened	2012-09-26 17:01:11.765913+00
3	documentNumber	The qa document tracking number	2012-09-26 17:01:11.765913+00
\.


--
-- Name: qa_observation_type_seq; Type: SEQUENCE SET; Schema: clinlims; Owner: clinlims
--

SELECT pg_catalog.setval('qa_observation_type_seq', 3, true);


--
-- Data for Name: qc; Type: TABLE DATA; Schema: clinlims; Owner: clinlims
--

COPY qc (id, uom_id, sys_user_id, name, source, lot_number, prepared_date, prepared_volume, usable_date, expire_date) FROM stdin;
\.


--
-- Data for Name: qc_analytes; Type: TABLE DATA; Schema: clinlims; Owner: clinlims
--

COPY qc_analytes (id, qcanaly_type, value, analyte_id) FROM stdin;
\.


--
-- Data for Name: qrtz_blob_triggers; Type: TABLE DATA; Schema: clinlims; Owner: clinlims
--

COPY qrtz_blob_triggers (trigger_name, trigger_group, blob_data) FROM stdin;
\.


--
-- Data for Name: qrtz_calendars; Type: TABLE DATA; Schema: clinlims; Owner: clinlims
--

COPY qrtz_calendars (calendar_name, calendar) FROM stdin;
\.


--
-- Data for Name: qrtz_cron_triggers; Type: TABLE DATA; Schema: clinlims; Owner: clinlims
--

COPY qrtz_cron_triggers (trigger_name, trigger_group, cron_expression, time_zone_id) FROM stdin;
\.


--
-- Data for Name: qrtz_fired_triggers; Type: TABLE DATA; Schema: clinlims; Owner: clinlims
--

COPY qrtz_fired_triggers (entry_id, trigger_name, trigger_group, is_volatile, instance_name, fired_time, priority, state, job_name, job_group, is_stateful, requests_recovery) FROM stdin;
\.


--
-- Data for Name: qrtz_job_details; Type: TABLE DATA; Schema: clinlims; Owner: clinlims
--

COPY qrtz_job_details (job_name, job_group, description, job_class_name, is_durable, is_volatile, is_stateful, requests_recovery, job_data) FROM stdin;
\.


--
-- Data for Name: qrtz_job_listeners; Type: TABLE DATA; Schema: clinlims; Owner: clinlims
--

COPY qrtz_job_listeners (job_name, job_group, job_listener) FROM stdin;
\.


--
-- Data for Name: qrtz_locks; Type: TABLE DATA; Schema: clinlims; Owner: clinlims
--

COPY qrtz_locks (lock_name) FROM stdin;
TRIGGER_ACCESS
JOB_ACCESS
CALENDAR_ACCESS
STATE_ACCESS
MISFIRE_ACCESS
\.


--
-- Data for Name: qrtz_paused_trigger_grps; Type: TABLE DATA; Schema: clinlims; Owner: clinlims
--

COPY qrtz_paused_trigger_grps (trigger_group) FROM stdin;
\.


--
-- Data for Name: qrtz_scheduler_state; Type: TABLE DATA; Schema: clinlims; Owner: clinlims
--

COPY qrtz_scheduler_state (instance_name, last_checkin_time, checkin_interval) FROM stdin;
\.


--
-- Data for Name: qrtz_simple_triggers; Type: TABLE DATA; Schema: clinlims; Owner: clinlims
--

COPY qrtz_simple_triggers (trigger_name, trigger_group, repeat_count, repeat_interval, times_triggered) FROM stdin;
\.


--
-- Data for Name: qrtz_trigger_listeners; Type: TABLE DATA; Schema: clinlims; Owner: clinlims
--

COPY qrtz_trigger_listeners (trigger_name, trigger_group, trigger_listener) FROM stdin;
\.


--
-- Data for Name: qrtz_triggers; Type: TABLE DATA; Schema: clinlims; Owner: clinlims
--

COPY qrtz_triggers (trigger_name, trigger_group, job_name, job_group, is_volatile, description, next_fire_time, prev_fire_time, priority, trigger_state, trigger_type, start_time, end_time, calendar_name, misfire_instr, job_data) FROM stdin;
\.


--
-- Data for Name: quartz_cron_scheduler; Type: TABLE DATA; Schema: clinlims; Owner: clinlims
--

COPY quartz_cron_scheduler (id, cron_statement, last_run, active, run_if_past, name, job_name, display_key, description_key) FROM stdin;
1	never	\N	f	t	send site indicators	sendSiteIndicators	schedule.name.sendSiteIndicators	schedule.description.sendSiteIndicators
2	never	\N	f	t	gather site indicators	gatherSiteIndicators	schedule.name.gatherSiteIndicators	schedule.description.gatherSiteIndicators
3	never	\N	f	t	send malaria surviellance report	sendMalariaSurviellanceReport	schedule.name.sendMalariaServiellanceReport	schedule.description.sendMalariaServiellanceReport
\.


--
-- Name: quartz_cron_scheduler_seq; Type: SEQUENCE SET; Schema: clinlims; Owner: clinlims
--

SELECT pg_catalog.setval('quartz_cron_scheduler_seq', 3, true);


--
-- Data for Name: race; Type: TABLE DATA; Schema: clinlims; Owner: clinlims
--

COPY race (id, description, race_type, is_active) FROM stdin;
\.


--
-- Data for Name: receiver_code_element; Type: TABLE DATA; Schema: clinlims; Owner: clinlims
--

COPY receiver_code_element (id, identifier, text, code_system, lastupdated, message_org_id, code_element_type_id) FROM stdin;
1	40981-3	FLUA RNA XXX Ql PCR	LN	2007-03-07 15:33:45.297	22	1
2	40982-1	FLUB RNA XXX Ql PCR	LN	2007-03-07 15:34:15.205	22	1
3	FLU A (H1)	Influenza A subtype H1	L	2007-03-07 15:34:45.306	22	1
4	FLU A (H3)	Influenza A subtype H3	L	2007-03-07 15:35:15.408	22	1
\.


--
-- Name: receiver_code_element_seq; Type: SEQUENCE SET; Schema: clinlims; Owner: clinlims
--

SELECT pg_catalog.setval('receiver_code_element_seq', 21, false);


--
-- Data for Name: reference_tables; Type: TABLE DATA; Schema: clinlims; Owner: clinlims
--

COPY reference_tables (id, name, keep_history, is_hl7_encoded, lastupdated) FROM stdin;
40	STATUS_OF_SAMPLE	Y	Y	\N
39	NOTE	Y	N	\N
1	SAMPLE	Y	N	\N
2	GENDER	Y	N	\N
3	SAMPLE_ORGANIZATION	Y	N	\N
4	ANALYSIS	Y	N	\N
5	TEST	Y	Y	\N
6	CITY	Y	N	\N
7	ANALYTE	Y	Y	\N
8	COUNTY	Y	N	\N
9	DICTIONARY	Y	N	\N
10	DICTIONARY_CATEGORY	Y	N	\N
11	LABEL	Y	N	\N
12	METHOD	Y	N	\N
13	PANEL	Y	N	\N
14	PANEL_ITEM	Y	N	\N
15	PATIENT	Y	N	\N
16	PERSON	Y	N	\N
17	PROGRAM	Y	N	\N
18	PROJECT	Y	N	\N
19	PROVIDER	Y	N	\N
20	REGION	Y	N	\N
21	RESULT	Y	N	\N
22	SAMPLE_DOMAIN	Y	N	\N
23	SAMPLE_ITEM	Y	N	\N
24	SAMPLE_PROJECTS	Y	N	\N
25	SCRIPTLET	Y	N	\N
26	SOURCE_OF_SAMPLE	Y	N	\N
27	STATE_CODE	Y	N	\N
28	SYSTEM_USER	Y	N	\N
29	TEST_SECTION	Y	N	\N
30	TEST_ANALYTE	Y	N	\N
31	TEST_REFLEX	Y	N	\N
32	TEST_RESULT	Y	N	\N
33	TEST_TRAILER	Y	N	\N
34	TYPE_OF_SAMPLE	Y	N	\N
35	TYPE_OF_TEST_RESULT	Y	N	\N
36	UNIT_OF_MEASURE	Y	Y	\N
37	ZIP_CODE	Y	N	\N
38	ORGANIZATION	Y	N	\N
45	SAMPLE_HUMAN	Y	N	\N
46	QA_EVENT	Y	N	\N
48	ANALYSIS_QAEVENT	Y	N	\N
47	ACTION	Y	N	\N
49	ANALYSIS_QAEVENT_ACTION	Y	N	\N
70	REFERENCE_TABLES	N	N	\N
41	CODE_ELEMENT_TYPE	Y	N	\N
42	CODE_ELEMENT_XREF	Y	N	\N
43	MESSAGE_ORG	Y	N	\N
44	RECEIVER_CODE_ELEMENT	Y	N	\N
50	LOGIN_USER	Y	N	\N
51	SYSTEM_MODULE	Y	N	\N
52	SYSTEM_USER_MODULE	Y	N	\N
53	SYSTEM_USER_SECTION	Y	N	\N
110	SAMPLE_NEWBORN	Y	N	\N
111	PATIENT_RELATIONS	Y	N	\N
112	PATIENT_IDENTITY	Y	N	\N
113	PATIENT_PATIENT_TYPE	Y	N	\N
130	PATIENT_TYPE	N	N	\N
154	RESULT_LIMITS	Y	N	2009-02-10 17:11:57.227
155	RESULT_SIGNATURE	Y	N	2009-02-20 13:05:56.666
167	INVENTORY_LOCATION	N	N	2009-03-19 12:20:50.594
168	INVENTORY_ITEM	N	N	2009-03-19 12:20:50.594
169	INVENTORY_RECEIPT	N	N	2009-03-19 12:20:50.594
171	RESULT_INVENTORY	Y	N	2009-03-25 16:20:17.301
172	SYSTEM_ROLE	Y	N	2009-05-20 09:56:52.877513
173	SYSTEM_ROLE_MODULE	Y	N	2009-06-05 11:49:44.562736
174	SYSTEM_ROLE	Y	N	2009-06-05 11:50:56.86615
175	SYSTEM_USER_ROLE	Y	N	2009-06-05 11:59:25.708258
176	SYSTEM_USER_ROLE	Y	N	2009-06-05 12:03:40.526192
177	SYSTEM_ROLE	Y	N	2009-06-05 12:04:41.627999
178	SYSTEM_USER_ROLE	Y	N	2009-06-05 12:04:48.416696
179	SYSTEM_ROLE_MODULE	Y	N	2009-06-05 12:05:01.033811
180	analyzer	Y	N	2009-11-25 15:36:21.801009
183	analyzer_results	Y	N	2010-01-05 16:15:56.133472
184	site_information	Y	N	2010-03-23 17:04:17.951459
187	observation_history_type	Y	N	2010-04-28 14:12:52.685771
186	observation_history	Y	N	2010-04-21 10:38:09.902511
185	observation_history_type	Y	N	2010-04-21 10:38:00.599829
188	SAMPLE_QAEVENT	Y	N	2010-08-05 17:39:56.576874
189	referral_reason	Y	N	2010-10-26 12:35:06.423
190	referral_type	Y	N	2010-10-26 12:35:06.423
191	referral	Y	N	2010-10-26 12:35:06.423
192	referral_result	Y	N	2010-12-08 09:56:08.156
193	org_hl7_encoding_type	Y	N	2011-03-08 12:03:20.592
197	address_part	Y	N	2011-05-24 11:50:16.806
198	person_address	Y	N	2011-05-24 11:50:16.806
199	organization_address	Y	N	2011-05-24 11:50:16.806
200	organization_contact	Y	N	2011-05-24 11:50:16.837
201	SITE_INFORMATION_DOMAIN	Y	N	2011-07-05 13:28:02.722
202	MENU	Y	N	2011-07-05 13:28:06.934
203	QUARTZ_CRON_SCHEDULER	Y	N	2011-07-05 13:28:07.2
204	REPORT_QUEUE_TYPE	Y	N	2011-07-05 13:28:07.324
205	REPORT_QUEUE	Y	N	2011-07-05 13:28:07.371
206	REPORT_EXTERNAL_IMPORT	Y	N	2011-10-04 08:12:02.808
207	document_type	Y	N	2011-10-04 08:12:10.296
208	document_track	Y	N	2011-10-04 08:12:10.296
209	ANALYZER_TEST_MAP	Y	N	2012-09-25 14:28:54.442596
210	PATIENT_IDENTITY_TYPE	Y	N	2012-09-25 14:28:54.442596
211	SAMPLETYPE_TEST	Y	N	2012-09-25 14:28:54.442596
212	SAMPLETYPE_PANEL	Y	N	2012-09-25 14:28:54.442596
213	SAMPLE_REQUESTER	Y	N	2012-09-25 14:28:54.442596
195	TEST_CODE	Y	N	2011-03-08 12:03:20.592
194	TEST_CODE_TYPE	Y	N	2011-03-08 12:03:20.592
214	QA_OBSERVATION	Y	N	2012-09-26 10:01:11.249812
215	ELECTROINIC_ORDER	Y	N	2013-04-17 10:43:26.805365
\.


--
-- Name: reference_tables_seq; Type: SEQUENCE SET; Schema: clinlims; Owner: clinlims
--

SELECT pg_catalog.setval('reference_tables_seq', 215, true);


--
-- Data for Name: referral; Type: TABLE DATA; Schema: clinlims; Owner: clinlims
--

COPY referral (id, analysis_id, organization_id, organization_name, send_ready_date, sent_date, result_recieved_date, referral_reason_id, referral_type_id, requester_name, lastupdated, canceled, referral_request_date) FROM stdin;
\.


--
-- Data for Name: referral_reason; Type: TABLE DATA; Schema: clinlims; Owner: clinlims
--

COPY referral_reason (id, name, description, display_key, lastupdated) FROM stdin;
\.


--
-- Name: referral_reason_seq; Type: SEQUENCE SET; Schema: clinlims; Owner: clinlims
--

SELECT pg_catalog.setval('referral_reason_seq', 1, false);


--
-- Data for Name: referral_result; Type: TABLE DATA; Schema: clinlims; Owner: clinlims
--

COPY referral_result (id, referral_id, test_id, result_id, referral_report_date, lastupdated) FROM stdin;
\.


--
-- Name: referral_result_seq; Type: SEQUENCE SET; Schema: clinlims; Owner: clinlims
--

SELECT pg_catalog.setval('referral_result_seq', 1, false);


--
-- Name: referral_seq; Type: SEQUENCE SET; Schema: clinlims; Owner: clinlims
--

SELECT pg_catalog.setval('referral_seq', 1, false);


--
-- Data for Name: referral_type; Type: TABLE DATA; Schema: clinlims; Owner: clinlims
--

COPY referral_type (id, name, description, display_key, lastupdated) FROM stdin;
\.


--
-- Name: referral_type_seq; Type: SEQUENCE SET; Schema: clinlims; Owner: clinlims
--

SELECT pg_catalog.setval('referral_type_seq', 1, false);


--
-- Data for Name: region; Type: TABLE DATA; Schema: clinlims; Owner: clinlims
--

COPY region (id, region, lastupdated) FROM stdin;
1	Central	2006-10-24 08:46:59.692
2	Metro	2006-11-08 10:47:34.147
3	Northeast	2006-10-24 08:47:01.645
4	Northwest	2006-10-24 08:47:02.427
5	South Central	2006-10-24 08:47:03.427
6	Southeast	2006-10-24 08:47:04.489
7	Southwest	2006-10-24 08:47:06.317
8	West Central	2006-10-24 08:47:09.942
9	update	2006-10-24 08:47:09.442
\.


--
-- Name: region_seq; Type: SEQUENCE SET; Schema: clinlims; Owner: clinlims
--

SELECT pg_catalog.setval('region_seq', 1, false);


--
-- Data for Name: report_external_export; Type: TABLE DATA; Schema: clinlims; Owner: clinlims
--

COPY report_external_export (id, event_date, collection_date, sent_date, type, data, lastupdated, send_flag, bookkeeping) FROM stdin;
\.


--
-- Data for Name: report_external_import; Type: TABLE DATA; Schema: clinlims; Owner: clinlims
--

COPY report_external_import (id, sending_site, event_date, recieved_date, type, updated_flag, data, lastupdated) FROM stdin;
\.


--
-- Name: report_external_import_seq; Type: SEQUENCE SET; Schema: clinlims; Owner: clinlims
--

SELECT pg_catalog.setval('report_external_import_seq', 1, false);


--
-- Name: report_queue_seq; Type: SEQUENCE SET; Schema: clinlims; Owner: clinlims
--

SELECT pg_catalog.setval('report_queue_seq', 1, false);


--
-- Data for Name: report_queue_type; Type: TABLE DATA; Schema: clinlims; Owner: clinlims
--

COPY report_queue_type (id, name, description) FROM stdin;
1	labIndicator	Lab indicator reports.  Number of tests run etc
2	Results	Result sharing with iSante
3	malariaCase	malaria case report
\.


--
-- Name: report_queue_type_seq; Type: SEQUENCE SET; Schema: clinlims; Owner: clinlims
--

SELECT pg_catalog.setval('report_queue_type_seq', 3, true);


--
-- Data for Name: requester_type; Type: TABLE DATA; Schema: clinlims; Owner: clinlims
--

COPY requester_type (id, requester_type) FROM stdin;
1	organization
2	provider
\.


--
-- Name: requester_type_seq; Type: SEQUENCE SET; Schema: clinlims; Owner: clinlims
--

SELECT pg_catalog.setval('requester_type_seq', 2, false);


--
-- Data for Name: result; Type: TABLE DATA; Schema: clinlims; Owner: clinlims
--

COPY result (id, analysis_id, sort_order, is_reportable, result_type, value, analyte_id, test_result_id, lastupdated, min_normal, max_normal, parent_id, significant_digits, grouping) FROM stdin;
\.


--
-- Data for Name: result_inventory; Type: TABLE DATA; Schema: clinlims; Owner: clinlims
--

COPY result_inventory (id, inventory_location_id, result_id, description, lastupdated) FROM stdin;
\.


--
-- Name: result_inventory_seq; Type: SEQUENCE SET; Schema: clinlims; Owner: clinlims
--

SELECT pg_catalog.setval('result_inventory_seq', 1, false);


--
-- Data for Name: result_limits; Type: TABLE DATA; Schema: clinlims; Owner: clinlims
--

COPY result_limits (id, test_id, test_result_type_id, min_age, max_age, gender, low_normal, high_normal, low_valid, high_valid, lastupdated, normal_dictionary_id, always_validate) FROM stdin;
\.


--
-- Name: result_limits_seq; Type: SEQUENCE SET; Schema: clinlims; Owner: clinlims
--

SELECT pg_catalog.setval('result_limits_seq', 104, true);


--
-- Name: result_seq; Type: SEQUENCE SET; Schema: clinlims; Owner: clinlims
--

SELECT pg_catalog.setval('result_seq', 1, false);


--
-- Data for Name: result_signature; Type: TABLE DATA; Schema: clinlims; Owner: clinlims
--

COPY result_signature (id, result_id, system_user_id, is_supervisor, lastupdated, non_user_name) FROM stdin;
\.


--
-- Name: result_signature_seq; Type: SEQUENCE SET; Schema: clinlims; Owner: clinlims
--

SELECT pg_catalog.setval('result_signature_seq', 1, false);


--
-- Data for Name: sample; Type: TABLE DATA; Schema: clinlims; Owner: clinlims
--

COPY sample (id, accession_number, package_id, domain, next_item_sequence, revision, entered_date, received_date, collection_date, client_reference, status, released_date, sticker_rcvd_flag, sys_user_id, barcode, transmission_date, lastupdated, spec_or_isolate, priority, status_id, referring_id, clinical_order_id) FROM stdin;
\.


--
-- Data for Name: sample_animal; Type: TABLE DATA; Schema: clinlims; Owner: clinlims
--

COPY sample_animal (id, sci_name_id, comm_anim_id, sampling_location, collector, samp_id, multiple_unit, street_address, city, state, country, zip_code) FROM stdin;
\.


--
-- Data for Name: sample_domain; Type: TABLE DATA; Schema: clinlims; Owner: clinlims
--

COPY sample_domain (id, domain_description, domain, lastupdated) FROM stdin;
28	ANIMAL SAMPLES	A	2006-11-08 10:58:03.229
29	ENVIRONMENTAL	E	2006-09-21 10:06:53
27	HUMAN SAMPLES	H	2006-09-21 10:06:01
2	NEWBORN SAMPLES	N	2008-10-31 15:19:03.544
\.


--
-- Name: sample_domain_seq; Type: SEQUENCE SET; Schema: clinlims; Owner: clinlims
--

SELECT pg_catalog.setval('sample_domain_seq', 2, true);


--
-- Data for Name: sample_environmental; Type: TABLE DATA; Schema: clinlims; Owner: clinlims
--

COPY sample_environmental (id, samp_id, is_hazardous, lot_nbr, description, chem_samp_num, street_address, multiple_unit, city, state, zip_code, country, collector, sampling_location) FROM stdin;
\.


--
-- Data for Name: sample_human; Type: TABLE DATA; Schema: clinlims; Owner: clinlims
--

COPY sample_human (id, provider_id, samp_id, patient_id, lastupdated) FROM stdin;
\.


--
-- Name: sample_human_seq; Type: SEQUENCE SET; Schema: clinlims; Owner: clinlims
--

SELECT pg_catalog.setval('sample_human_seq', 1, false);


--
-- Data for Name: sample_item; Type: TABLE DATA; Schema: clinlims; Owner: clinlims
--

COPY sample_item (id, sort_order, sampitem_id, samp_id, source_id, typeosamp_id, uom_id, source_other, quantity, lastupdated, external_id, collection_date, status_id, collector) FROM stdin;
\.


--
-- Name: sample_item_seq; Type: SEQUENCE SET; Schema: clinlims; Owner: clinlims
--

SELECT pg_catalog.setval('sample_item_seq', 1, false);


--
-- Data for Name: sample_newborn; Type: TABLE DATA; Schema: clinlims; Owner: clinlims
--

COPY sample_newborn (id, weight, multi_birth, birth_order, gestational_week, date_first_feeding, breast, tpn, formula, milk, soy, jaundice, antibiotics, transfused, date_transfusion, medical_record_numeric, nicu, birth_defect, pregnancy_complication, deceased_sibling, cause_of_death, family_history, other, y_numeric, yellow_card, lastupdated) FROM stdin;
\.


--
-- Name: sample_org_seq; Type: SEQUENCE SET; Schema: clinlims; Owner: clinlims
--

SELECT pg_catalog.setval('sample_org_seq', 8020, true);


--
-- Data for Name: sample_organization; Type: TABLE DATA; Schema: clinlims; Owner: clinlims
--

COPY sample_organization (id, org_id, samp_id, samp_org_type, lastupdated) FROM stdin;
\.


--
-- Data for Name: sample_pdf; Type: TABLE DATA; Schema: clinlims; Owner: clinlims
--

COPY sample_pdf (id, accession_number, allow_view, barcode) FROM stdin;
\.


--
-- Name: sample_pdf_seq; Type: SEQUENCE SET; Schema: clinlims; Owner: clinlims
--

SELECT pg_catalog.setval('sample_pdf_seq', 1, false);


--
-- Name: sample_proj_seq; Type: SEQUENCE SET; Schema: clinlims; Owner: clinlims
--

SELECT pg_catalog.setval('sample_proj_seq', 1, false);


--
-- Data for Name: sample_projects; Type: TABLE DATA; Schema: clinlims; Owner: clinlims
--

COPY sample_projects (samp_id, proj_id, is_permanent, id, lastupdated) FROM stdin;
\.


--
-- Data for Name: sample_qaevent; Type: TABLE DATA; Schema: clinlims; Owner: clinlims
--

COPY sample_qaevent (id, qa_event_id, sample_id, completed_date, lastupdated, sampleitem_id, entered_date) FROM stdin;
\.


--
-- Data for Name: sample_qaevent_action; Type: TABLE DATA; Schema: clinlims; Owner: clinlims
--

COPY sample_qaevent_action (id, sample_qaevent_id, action_id, created_date, lastupdated, sys_user_id) FROM stdin;
\.


--
-- Name: sample_qaevent_action_seq; Type: SEQUENCE SET; Schema: clinlims; Owner: clinlims
--

SELECT pg_catalog.setval('sample_qaevent_action_seq', 1, false);


--
-- Name: sample_qaevent_seq; Type: SEQUENCE SET; Schema: clinlims; Owner: clinlims
--

SELECT pg_catalog.setval('sample_qaevent_seq', 1, false);


--
-- Data for Name: sample_requester; Type: TABLE DATA; Schema: clinlims; Owner: clinlims
--

COPY sample_requester (sample_id, requester_id, requester_type_id, lastupdated, id) FROM stdin;
\.


--
-- Name: sample_requester_seq; Type: SEQUENCE SET; Schema: clinlims; Owner: clinlims
--

SELECT pg_catalog.setval('sample_requester_seq', 1, false);


--
-- Name: sample_seq; Type: SEQUENCE SET; Schema: clinlims; Owner: clinlims
--

SELECT pg_catalog.setval('sample_seq', 1, false);


--
-- Name: sample_type_panel_seq; Type: SEQUENCE SET; Schema: clinlims; Owner: clinlims
--

SELECT pg_catalog.setval('sample_type_panel_seq', 20, true);


--
-- Name: sample_type_test_seq; Type: SEQUENCE SET; Schema: clinlims; Owner: clinlims
--

SELECT pg_catalog.setval('sample_type_test_seq', 319, true);


--
-- Data for Name: sampletype_panel; Type: TABLE DATA; Schema: clinlims; Owner: clinlims
--

COPY sampletype_panel (id, sample_type_id, panel_id) FROM stdin;
\.


--
-- Data for Name: sampletype_test; Type: TABLE DATA; Schema: clinlims; Owner: clinlims
--

COPY sampletype_test (id, sample_type_id, test_id, is_panel) FROM stdin;
313	25	193	f
314	25	194	f
315	25	195	f
316	25	196	f
317	25	197	f
278	24	159	f
279	24	160	f
280	24	161	f
281	24	162	f
282	24	163	f
283	24	164	f
284	24	165	f
285	24	166	f
286	24	167	f
287	24	168	f
288	24	169	f
289	24	170	f
291	25	172	f
292	25	173	f
293	25	174	f
294	25	175	f
295	26	175	f
296	24	176	f
297	25	177	f
298	25	178	f
299	25	179	f
300	25	180	f
301	25	181	f
302	25	182	f
303	25	183	f
304	25	184	f
305	25	185	f
306	25	186	f
307	25	187	f
308	25	188	f
309	25	189	f
310	25	190	f
311	25	191	f
312	25	192	f
318	24	198	f
319	24	199	f
\.


--
-- Data for Name: scriptlet; Type: TABLE DATA; Schema: clinlims; Owner: clinlims
--

COPY scriptlet (id, name, code_type, code_source, lastupdated) FROM stdin;
1	HIV Status Indeterminate	I	HIV Indeterminate	2010-06-28 13:37:06.754484
2	HIV Status Negative	I	HIV N	2010-06-28 13:37:06.754484
3	HIV Status HIV 1	I	HIV 1	2010-06-28 13:37:06.754484
4	HIV Status HIV 2	I	HIV 2	2010-06-28 13:37:06.754484
5	HIV Status HIV D	I	HIV D	2010-06-28 13:37:06.754484
6	Calculate CD4	I	Calc CD4	2010-06-28 13:37:06.754484
7	HIV Status Positive	I	HIV Positive	2010-09-15 11:50:21.568
8	HIV Status Indeterminate	I	HIV Indeterminate	2010-09-15 11:50:21.631
\.


--
-- Name: scriptlet_seq; Type: SEQUENCE SET; Schema: clinlims; Owner: clinlims
--

SELECT pg_catalog.setval('scriptlet_seq', 8, true);


--
-- Data for Name: sequence; Type: TABLE DATA; Schema: clinlims; Owner: clinlims
--

COPY sequence (seq_name, seq_count) FROM stdin;
\.


--
-- Data for Name: site_information; Type: TABLE DATA; Schema: clinlims; Owner: clinlims
--

COPY site_information (id, name, lastupdated, description, value, encrypted, domain_id, value_type, instruction_key, "group", schedule_id, tag, dictionary_category_id) FROM stdin;
16	resultReporting	2011-10-04 08:12:11.575+00	Should reporting results electronically be enabled	false	f	8	boolean	\N	1	\N	enable	\N
17	resultReportingURL	2011-10-04 08:12:11.575+00	Where reporting results electronically should be sent	disable	f	8	text	\N	1	\N	url	\N
2	lab director	2010-06-23 18:52:39.018019+00	Laboratory director	Dr. Christiane Adj	f	12	text	\N	0	\N	\N	\N
25	SiteName	2012-09-25 21:28:54.456563+00	The name of the site for reports and header		f	12	text	instructions.site.name	0	\N	\N	\N
11	reflex_rules	2011-10-04 08:12:11.466+00	What set of reflex rules are used. From a predefined list	\N	f	5	text	\N	0	\N	\N	\N
12	testUsageAggregationUrl	2011-10-04 08:12:11.466+00	The url of the site to which test usage will be sent	\N	f	6	text	\N	0	\N	\N	\N
13	testUsageAggregationUserName	2011-10-04 08:12:11.466+00	The user name for accesses to the service for aggregating test usage	\N	f	6	text	\N	0	\N	\N	\N
14	testUsageAggregationPassword	2011-10-04 08:12:11.466+00	The password for accesser to the service for aggregating test usage	\N	f	6	text	\N	0	\N	\N	\N
15	testUsageSendStatus	2011-10-04 08:12:11.544+00	The status of what happened the last time an attempt was made to send the report	N/A	f	6	text	\N	0	\N	\N	\N
20	modify results note required	2011-11-02 20:13:29.78+00	Is a note required when results are modified	false	f	9	boolean	\N	0	\N	\N	\N
21	ResultTechnicianName	2012-09-25 21:28:54.4118+00	If true then the technician name is required for entering results	false	f	9	boolean	instructions.results.technician	0	\N	\N	\N
22	autoFillTechNameBox	2012-09-25 21:28:54.4118+00	If the techs name is required on results then add a box for autofill	false	f	9	boolean	instructions.results.autofilltechbox	0	\N	\N	\N
4	allowLanguageChange	2011-05-24 11:50:17.118+00	Allows the user to change the language at login	true	f	1	boolean	\N	0	\N	\N	\N
19	modify results role	2011-11-02 20:13:29.78+00	Should a separate role be required to be able to modify results	false	f	9	boolean	\N	0	\N	\N	\N
23	autoFillTechNameUser	2012-09-25 21:28:54.4118+00	If the techs name is required on results then autofill with logged in user	false	f	9	boolean	instructions.results.autofilltech.user	0	\N	\N	\N
27	alertWhenInvalidResult	2012-09-25 21:28:54.564311+00	Should there be an alert when the user enters a result outside of the valid range	false	f	9	boolean	instructions.results.invalidAlert	0	\N	\N	\N
28	trackPayment	2012-09-25 21:28:54.982926+00	If true track patient payment for services	false	f	10	boolean	instructions.patient.payment	0	\N	\N	\N
29	stringContext	2012-09-25 21:28:54.999485+00	The context for the property, ex: Cote d' Iviore	CI	f	11	text	\N	0	\N	\N	\N
30	statusRules	2012-09-25 21:28:54.999485+00	statusRules determine specific status values for the application, ex: LNSP_haiti	RETROCI	f	11	text	\N	0	\N	\N	\N
31	reflexAction	2012-09-25 21:28:54.999485+00	reflexActions determine the meaning of the flags in reflexes, ex: RetroCI	RetroCI	f	11	text	\N	0	\N	\N	\N
32	acessionFormat	2012-09-25 21:28:54.999485+00	specifies the format of the acession number,ex: SiteYearNum	ProgramNum	f	11	text	\N	0	\N	\N	\N
33	passwordRequirements	2012-09-25 21:28:54.999485+00	changes the password requirements depending on site, ex: HAITI	CDI	f	11	text	\N	0	\N	\N	\N
34	setFieldForm	2012-09-25 21:28:54.999485+00	set form fields for each different implementation, ex: Haiti	CDI	f	11	text	\N	0	\N	\N	\N
35	malariaSurURL	2012-09-25 21:28:55.028841+00	The URL for malaria Surveillance reports		f	8	text	instructions.result.malaria.sur.url	2	\N	url	\N
36	malariaSurReport	2012-09-25 21:28:55.028841+00	True to send reports, false otherwise	false	f	8	boolean	instructions.result.malaria.surveillance	2	3	enable	\N
37	malariaCaseURL	2012-09-25 21:28:55.028841+00	The URL for malaria case reports		f	8	text	instructions.result.malaria.case.url	3	\N	url	\N
38	malariaCaseReport	2012-09-25 21:28:55.028841+00	True to send reports, false otherwise	false	f	8	boolean	instructions.result.malaria.case	3	\N	enable	\N
39	testUsageReporting	2012-09-25 21:28:55.045558+00	Should reporting testUsage electronically be enabled	false	f	6	boolean	instructions.test.usage	0	\N	enable	\N
41	default date locale	2012-09-25 21:28:55.601995+00	The default date local	fr-FR	f	1	dictionary	\N	0	\N	\N	358
43	condenseNSF	2012-09-25 21:28:55.634909+00	Should NFS be represented as NFS or as individual tests	false	f	11	boolean	\N	0	\N	\N	\N
42	configuration name	2012-09-25 21:28:55.614883+00	The name which will appear after the version number in header	CI RetroCI	f	1	text	\N	0	\N	\N	\N
45	reportPageNumbers	2012-09-26 17:01:11.944221+00	use page numbers on reports	false	f	12	boolean	siteInformation.instruction.pageNumbers	0	\N	\N	\N
26	useLogoInReport	2012-09-25 21:28:54.496295+00	Should the site logo be used in the report	true	f	12	boolean	instructions.site.logo	0	\N	\N	\N
59	Accession number prefix	2013-06-17 18:44:40.303645+00	Prefix for SITEYEARNUM format.  Can not be changed if there are samples	\N	f	1	text	instructions.accession.prefix	0	\N	\N	\N
46	sortQaEvents	2012-10-10 19:02:46.043466+00	sort qa events in lists	true	f	1	boolean	siteInformation.instruction.sortQaEvents	0	\N	\N	\N
40	default language locale	2012-09-25 21:28:55.601995+00	The default language local	fr-FR	f	1	dictionary	\N	0	\N	\N	358
47	validate all results	2012-11-06 00:48:14.60161+00	all results should be validated even if normal	true	f	9	boolean	siteInformation.instruction.validate.all	0	\N	\N	\N
48	additional site info	2012-12-19 19:21:48.760587+00	additional information for report header		f	12	freeText	siteInformation.instruction.headerInfo	0	\N	\N	\N
49	lab logo	2012-12-19 20:15:26.415117+00	Provides for uploading lab logo		f	12	logoUpload	siteInformation.instruction.labLogo	0	\N	\N	\N
50	subject on workplan	2013-03-06 00:27:22.337918+00	Use the subject number on the workplan	false	f	13	boolean	instructions.workplan.subject	0	\N	\N	\N
51	next visit on workplan	2013-03-06 00:27:22.366266+00	Show the date of the next visit on the workplan	false	f	13	boolean	instructions.workplan.next.visit	0	\N	\N	\N
24	showValidationFailureIcon	2012-09-25 21:28:54.42368+00	If the analysis has failed validation show icon on results page	true	f	9	boolean	instructions.results.validationFailIcon	0	\N	\N	\N
52	external orders	2013-04-17 17:43:26.864942+00	Allow external sites to send electronic orders	false	f	10	boolean	instructions.sampleEntry.acceptOrders	0	\N	\N	\N
61	phone format	2013-08-29 19:35:28.819764+00	The acceptable format for a phone number	(ddd) dddd-dddd	f	1	text	instructions.site.phone	0	\N	numericOnly	\N
62	validate phone format	2013-08-29 19:35:28.872167+00	Should the format for a phone number be validated	true	f	1	boolean	instructions.site.phone.validation	0	\N	\N	\N
53	non-conformity signature	2013-05-04 00:13:01.556062+00	Add line for supervisor signature on non-conformity report	false	f	12	boolean	instructions.reports.nonconformity.sig	0	\N	\N	\N
55	results on workplan	2013-05-21 00:20:09.159589+00	Should there be a space for results on workplan	false	f	13	boolean	instructions.workplan.result	0	\N	\N	\N
60	validationOnlyNotesAreExternal	2013-08-07 16:26:46.213137+00	If true note are internal except validation	false	f	11	boolean	\N	0	\N	\N	\N
54	auto-fill collection date/time	2013-05-21 00:20:09.091332+00	Should the specimen collection time and date be autofilled	false	f	10	boolean	instructions.sampleEntry.autofillColl	0	\N	\N	\N
56	Reception as unit	2013-05-30 23:32:18.362998+00	Should reception be a place where a non-conformity is reported	true	f	14	boolean	instructions.nonconformnity.reception	0	\N	\N	\N
57	Collection as unit	2013-05-30 23:32:18.362998+00	Should sample collection be a place where a non-conformity is reported	false	f	14	boolean	instructions.nonconformity.collection	0	\N	\N	\N
44	roleForPatientOnResults	2012-09-25 21:28:55.699858+00	Is patient information restricted to those in correct role	false	f	9	boolean	\N	0	\N	\N	\N
63	Allow duplicate subject number	2013-10-10 23:52:29.421819+00	Allow more than one patient to have same subject number	true	f	15	boolean	instructions.patient.duplicate.subject	0	\N	\N	\N
64	validateTechnicalRejection	2014-03-26 19:26:35.20767+00	If true and a technician rejects test results then they are ready to be validated	false	f	9	boolean	instructions.validation.techRejection	0	\N	\N	\N
65	allowResultRejection	2014-05-02 03:40:26.817894+00	If true then a technician has the ability to reject an individual test and select a reason for rejection	false	f	9	boolean	allow.result.rejections	0	\N	\N	\N
3	TrainingInstallation	\N	production databse	false	f	1	boolean	\N	0	\N	\N	\N
\.


--
-- Data for Name: site_information_domain; Type: TABLE DATA; Schema: clinlims; Owner: clinlims
--

COPY site_information_domain (id, name, description) FROM stdin;
1	siteIdentity	Identityfing items which don't change the behavior
2	patientSharing	Items needed to share patient information
3	siteExtras	Items which turn extra capacity on and off
4	formating	Items which specify the format of artifacts
5	rules	Items which change the busness rules and effect the workflow
6	testUsage	Items which change the busness rules and effect the workflow
9	resultConfiguration	site information which effects the handling of results
10	sampleEntryConfig	Configuration for those items which can appear on the sample entry form
11	hiddenProperties	Configuration properties invisible to the user
8	resultReporting	Items which effect reports being sent electronically
12	printedReportsConfig	items which effect printed reports
13	workplanConfig	Items having to do with the configuration of workplans
14	non_conformityConfig	Items which have to do with configuration of non-conformity page
15	patientEntryConfig	Configuration items for patient entry
\.


--
-- Name: site_information_domain_seq; Type: SEQUENCE SET; Schema: clinlims; Owner: clinlims
--

SELECT pg_catalog.setval('site_information_domain_seq', 15, true);


--
-- Name: site_information_seq; Type: SEQUENCE SET; Schema: clinlims; Owner: clinlims
--

SELECT pg_catalog.setval('site_information_seq', 65, true);


--
-- Data for Name: source_of_sample; Type: TABLE DATA; Schema: clinlims; Owner: clinlims
--

COPY source_of_sample (id, description, domain, lastupdated) FROM stdin;
43	Ankle	H	2006-09-12 10:09:25
56	Bone marrow	H	2006-09-12 10:14:26
62	Brain meninges	H	2006-09-12 10:24:32
88	Eye lid	H	2006-09-12 10:34:28
91	Finger 1st	H	2006-09-12 10:35:08
102	Head	H	2006-09-12 10:38:14
109	Lingula	H	2006-09-12 10:39:28
205	test11	A	2006-12-11 14:48:24
26	Left Lower Lobe	H	2006-09-12 10:03:04
29	Right Lower Lobe	H	2006-09-12 10:03:24
30	Middle Lobe	H	2006-09-12 10:03:37
31	Acute	H	2006-09-12 10:05:06
32	Convalescent	H	2006-09-12 10:05:19
33	Abdominal	H	2006-11-08 11:10:05.484
34	Amniotic	H	2006-09-12 10:05:53
35	Joint	H	2006-09-12 10:06:04
36	Paracentesis	H	2006-09-12 10:07:23
37	Pericardial	H	2006-09-12 10:07:33
38	Synovial	H	2006-09-12 10:07:43
39	Thoracentesis	H	2006-09-12 10:08:09
40	Vitreous	H	2006-09-12 10:08:20
41	Abdomen	H	2006-11-08 11:09:50.202
42	Adenoid	H	2006-09-12 10:09:17
44	Aorta	H	2006-09-12 10:09:34
45	Arm	H	2006-09-12 10:09:42
46	Axilla	H	2006-09-12 10:09:53
47	Back	H	2006-09-12 10:10:00
48	Bladder	H	2006-09-12 10:10:36
49	Bone	A	2006-11-27 09:21:04
50	Bone tibia	H	2006-09-12 10:13:00
51	Bone femur	H	2006-09-12 10:12:33
52	Bone coccyx	H	2006-09-12 10:13:18
53	Bone clavicle	H	2006-09-12 10:13:32
54	Bone cranium	H	2006-09-12 10:13:46
55	Bone mastoid	H	2006-09-12 10:14:01
57	Bowel	H	2006-09-12 10:14:37
58	Brain	H	2006-09-12 10:23:28
59	Brain frontal lobe	H	2006-09-12 10:23:48
60	Brain subgaleal	H	2006-09-12 10:24:07
61	Brain subdural	H	2006-09-12 10:24:21
63	Brain parietal lobe	H	2006-09-12 10:24:46
64	Brain dura	H	2006-09-12 10:24:56
65	Brain cerebellum	H	2006-09-12 10:25:10
66	Breast	H	2006-09-12 10:25:19
67	Buccal	H	2006-09-12 10:25:37
68	Buttock	H	2006-09-12 10:26:10
69	Calf	H	2006-09-12 10:26:19
70	Cervix	H	2006-09-12 10:26:47
71	Chest	H	2006-09-12 10:26:56
72	Coccyx	H	2006-09-12 10:27:19
73	Colon	H	2006-09-12 10:27:27
74	Composite	H	2006-09-12 10:27:35
75	Disc	H	2006-09-12 10:27:47
76	Duodenum	H	2006-09-12 10:27:58
77	Ear	H	2006-09-12 10:28:05
78	Ear canal	H	2006-09-12 10:28:20
79	Ear mastoid	H	2006-09-12 10:28:32
80	Elbow	H	2006-09-12 10:28:43
81	Endometrium	H	2006-09-12 10:28:53
82	Epidural	H	2006-09-12 10:29:03
83	Epiglottis	H	2006-09-12 10:29:17
84	Esophagus	H	2006-09-12 10:29:37
85	Eye	H	2006-09-12 10:33:46
86	Eye cornea	H	2006-09-12 10:34:00
87	Eye conjunctiva	H	2006-09-12 10:34:19
89	Face	H	2006-09-12 10:34:40
90	Finger	H	2006-09-12 10:34:48
92	Finger 2nd	H	2006-09-12 10:35:19
93	Finger 3rd	H	2006-09-12 10:35:28
94	Finger 4th	H	2006-09-12 10:35:36
95	Finger thumb	H	2006-09-12 10:35:47
96	Foot	H	2006-09-12 10:36:00
97	Gall Bladder	H	2006-09-12 10:37:27
98	Gastric	H	2006-09-12 10:37:35
99	Hair	H	2006-09-12 10:37:42
100	Hand	H	2006-09-12 10:37:52
101	Hard Palate	H	2006-09-12 10:38:03
103	Hip	H	2006-09-12 10:38:25
104	Intestine	H	2006-09-12 10:38:38
105	Jaw	H	2006-09-12 10:38:48
106	Kidney	H	2006-09-12 10:38:58
107	Knee	H	2006-09-12 10:39:07
108	Leg	H	2006-09-12 10:39:20
110	Lip	H	2006-09-12 10:39:43
111	Lumbar	H	2006-09-12 10:39:51
112	Lumbar Disc Space	H	2006-09-12 10:40:03
113	Lymph Node	H	2006-09-12 10:40:14
114	Lymph Node abdominal	H	2006-09-12 10:40:36
115	Lymph Node axillary	H	2006-09-12 10:40:50
116	Lymph Node cervical	H	2006-09-12 10:41:04
117	Lymph Node hilar	H	2006-09-12 10:41:22
118	Lymph Node inguinal	H	2006-09-12 10:41:47
124	Neck	H	2006-09-12 11:34:26
125	Nose	H	2006-09-12 11:34:34
140	Rectum	H	2006-09-12 11:38:12
143	Scrotum	H	2006-09-12 11:39:22
144	Shin	H	2006-09-12 11:39:30
174	Wrist	H	2006-09-12 11:46:47
185	Heart	H	2006-09-12 11:58:15
189	Lymph Node mediastinal	H	2006-09-12 12:45:59
190	Lymph Node mesenteric	H	2006-09-12 12:46:17
191	Lymph Node paratracheal	H	2006-09-12 12:46:30
192	Lymph Node portal	H	2006-09-12 12:47:25
193	Lymph Node post auricular	H	2006-09-12 12:47:42
194	Lymph Node submandibular	H	2006-09-12 12:47:57
195	Lymph Node supraclavicular	H	2006-09-12 12:48:23
196	Lymph Node tracheal	H	2006-09-12 12:48:33
197	Port-a-Cath	H	2006-09-13 08:49:45
198	IV Catheter Tip	H	2006-09-13 08:50:14
120	Urethral	H	2006-09-12 11:33:15
28	Right Upper Lobe	H	2006-09-12 10:03:14
119	Cervical	H	2006-09-12 11:33:05
121	Oral	H	2006-09-12 11:33:38
122	Mandible	H	2006-09-12 11:34:14
123	Nail	H	2006-09-12 11:34:20
126	Nose anterior nares	H	2006-09-12 11:34:59
127	Nose nares	H	2006-09-12 11:35:12
128	Nose turbinate	H	2006-09-12 11:35:22
129	Omentum	H	2006-09-12 11:35:33
130	Paraspinal	H	2006-09-12 11:35:44
131	Paratracheal	H	2006-09-12 11:36:11
132	Parotid	H	2006-09-12 11:36:21
133	Penis	H	2006-09-12 11:36:59
134	Pericardium	H	2006-09-12 11:37:09
135	Perineum	H	2006-09-12 11:37:22
136	Peritoneum	H	2006-09-12 11:37:37
137	Placenta	H	2006-09-12 11:37:45
138	Pleura	H	2006-09-12 11:37:56
139	Prostate	H	2006-09-12 11:38:04
141	Sacrum	H	2006-09-12 11:38:26
142	Scalp	H	2006-09-12 11:38:36
145	Shoulder	H	2006-09-12 11:39:38
146	Sinus	H	2006-09-12 11:39:49
147	Sinus ethmoid	H	2006-09-12 11:40:08
148	Sinus frontal	H	2006-09-12 11:40:17
149	Sinus maxillary	H	2006-09-12 11:41:30
150	Sinus sphenoid	H	2006-09-12 11:41:42
151	Skin	H	2006-09-12 11:41:55
152	Small Bowel	H	2006-09-12 11:42:04
153	Spine	H	2006-09-12 11:42:11
154	Spleen	H	2006-09-12 11:42:20
155	Sternum	H	2006-09-12 11:42:30
156	Stomach	H	2006-09-12 11:42:38
157	Synovium	H	2006-09-12 11:43:00
158	Testicle	H	2006-09-12 11:43:17
159	Thigh	H	2006-09-12 11:43:25
160	Toe	H	2006-09-12 11:43:33
161	Toe great	H	2006-09-12 11:43:58
162	Toe 1st	H	2006-09-12 11:44:10
163	Toe 2nd	H	2006-09-12 11:44:19
164	Toe 3rd	H	2006-09-12 11:44:29
165	Toe 4th	H	2006-09-12 11:44:38
166	Toe 5th	H	2006-09-12 11:45:37
167	Toenail	H	2006-09-12 11:45:48
168	Tongue	H	2006-09-12 11:45:57
169	Tonsil	H	2006-09-12 11:46:04
170	Vagina	H	2006-09-12 11:46:18
171	Vein	H	2006-09-12 11:46:25
172	Vertebra	H	2006-09-12 11:46:32
173	Vulva	H	2006-09-12 11:46:40
175	Other	H	2006-09-12 11:47:35
176	Midstream	H	2006-09-12 11:47:54
177	Clean Catch	H	2006-09-12 11:48:05
178	Catheter	H	2006-09-12 11:48:12
179	Foley Catheter	H	2006-09-12 11:48:33
180	Peripheral	H	2006-09-12 11:48:45
181	EDTA	H	2006-09-12 11:48:51
182	Whole	H	2006-09-12 11:48:57
183	Venous	H	2006-09-12 11:49:06
184	Cord	H	2006-09-12 11:49:11
186	Heart valve	H	2006-09-12 11:58:28
187	Heart aortic	H	2006-09-12 11:58:38
188	Heart pericardium	H	2006-09-12 11:58:49
25	Left Upper Lobe 	H	2006-09-12 10:02:44
\.


--
-- Name: source_of_sample_seq; Type: SEQUENCE SET; Schema: clinlims; Owner: clinlims
--

SELECT pg_catalog.setval('source_of_sample_seq', 1, false);


--
-- Data for Name: state_code; Type: TABLE DATA; Schema: clinlims; Owner: clinlims
--

COPY state_code (id, code, description, lastupdated) FROM stdin;
17	MB	Manitoba	2006-08-11 14:14:02
18	NB	New Brunswick	2006-08-11 14:14:02
19	NL	Newfoundland and Labrador	2006-08-11 14:14:02
20	NT	Northwest Territories	2006-08-11 14:14:02
21	NS	Nova Scotia	2006-08-11 14:14:02
22	NU	Nunavut	2006-08-11 14:14:02
23	ON	Ontario	2006-08-11 14:14:02
24	PE	Prince Edward Island	2006-08-11 14:14:02
25	QC	Quebec	2006-08-11 14:14:02
15	AA	Alberta	2006-11-08 11:10:52.625
16	BC	British Columbia	2006-08-11 14:14:02
26	SK	Saskatchewan	2006-08-11 14:14:02
27	YU	Yukon	2006-08-11 14:14:02
30	AL	ALABAMA             	2006-08-11 14:14:02
31	AK	ALASKA              	2006-08-11 14:14:02
32	AZ	ARIZONA             	2006-08-11 14:14:02
33	AR	ARKANSAS            	2006-08-11 14:14:02
34	CA	CALIFORNIA          	2006-08-11 14:14:02
35	CO	COLORADO            	2006-08-11 14:14:02
36	CT	CONNECTICUT         	2006-08-11 14:14:02
37	DE	DELAWARE            	2006-08-11 14:14:02
38	DC	DISTRICT OF COLUMBIA	2006-08-11 14:14:02
39	FL	FLORIDA             	2006-08-11 14:14:02
40	GA	GEORGIA             	2006-08-11 14:14:02
41	HI	HAWAII              	2006-08-11 14:14:02
42	ID	IDAHO               	2006-08-11 14:14:02
43	IL	ILLINOIS            	2006-08-11 14:14:02
44	IN	INDIANA             	2006-08-11 14:14:02
45	IA	IOWA                	2006-08-11 14:14:02
46	KS	KANSAS              	2006-08-11 14:14:02
47	KY	KENTUCKY            	2006-08-11 14:14:02
48	LA	LOUISIANA           	2006-08-11 14:14:02
49	ME	MAINE               	2006-08-11 14:14:02
50	MD	MARYLAND            	2006-08-11 14:14:02
51	MA	MASSACHUSETTS       	2006-08-11 14:14:02
52	MI	MICHIGAN            	2006-08-11 14:14:02
53	MN	MINNESOTA           	2006-08-11 14:14:02
54	MS	MISSISSIPPI         	2006-08-11 14:14:02
55	MO	MISSOURI            	2006-08-11 14:14:02
56	MT	MONTANA             	2006-08-11 14:14:02
57	NE	NEBRASKA            	2006-08-11 14:14:02
58	NV	NEVADA              	2006-08-11 14:14:02
59	NH	NEW HAMPSHIRE       	2006-08-11 14:14:02
60	NJ	NEW JERSEY          	2006-08-11 14:14:02
61	NM	NEW MEXICO          	2006-08-11 14:14:02
62	NY	NEW YORK            	2006-08-11 14:14:02
63	NC	NORTH CAROLINA      	2006-08-11 14:14:02
64	ND	NORTH DAKOTA        	2006-08-11 14:14:02
65	OH	OHIO                	2006-08-11 14:14:02
66	OK	OKLAHOMA            	2006-08-11 14:14:02
67	OR	OREGON              	2006-08-11 14:14:02
68	PA	PENNSYLVANIA        	2006-08-11 14:14:02
69	RI	RHODE ISLAND        	2006-08-11 14:14:02
70	SC	SOUTH CAROLINA      	2006-08-11 14:14:02
71	SD	SOUTH DAKOTA        	2006-08-11 14:14:02
72	TN	TENNESSEE           	2006-08-11 14:14:02
73	TX	TEXAS               	2006-08-11 14:14:02
74	UT	UTAH                	2006-08-11 14:14:02
75	VT	VERMONT             	2006-08-11 14:14:02
76	VA	VIRGINIA            	2006-08-11 14:14:02
77	WA	WASHINGTON          	2006-08-11 14:14:02
78	WV	WEST VIRGINIA       	2006-08-11 14:14:02
79	WI	WISCONSIN           	2006-08-11 14:14:02
80	WY	WYOMING             	2006-08-11 14:14:02
85	CF	Confusion	2006-08-30 15:49:37
82	AB	new test update	2006-08-11 14:14:02
\.


--
-- Name: state_code_seq; Type: SEQUENCE SET; Schema: clinlims; Owner: clinlims
--

SELECT pg_catalog.setval('state_code_seq', 1, false);


--
-- Data for Name: status_of_sample; Type: TABLE DATA; Schema: clinlims; Owner: clinlims
--

COPY status_of_sample (id, description, code, status_type, lastupdated, name, display_key, is_active) FROM stdin;
13	This test has not yet been done	1	ANALYSIS	2010-04-28 15:43:19.001646	Not Tested	status.test.notStarted	Y
14	Test was requested but then canceled	1	ANALYSIS	2010-04-28 15:43:19.001646	Test Canceled	status.test.canceled	Y
15	The test was accepted as being valid	1	ANALYSIS	2010-04-28 15:43:19.001646	Technical Acceptance	status.test.tech.accepted	Y
16	The results of the test were not accepted by the technicain	1	ANALYSIS	2010-04-28 15:43:19.001646	Technical Rejected	status.test.tech.rejected	Y
17	The Biologist did not accept this result as valid	1	ANALYSIS	2010-04-28 15:43:19.001646	Biologist Rejection	status.test.biologist.reject	Y
25	test has been done at an outside lab and then referred to this lab	1	ANALYSIS	2011-05-24 11:50:12.25	referred in	status.test.referred.in	Y
18	The results of the analysis are final	1	ANALYSIS	2010-04-28 15:43:19.001646	Finalized	status.test.valid	Y
9	No tests have been run for this order	1	ORDER	2010-04-28 15:43:19.001646	Test Entered	status.sample.notStarted	Y
10	Some tests have been run on this order	1	ORDER	2010-04-28 15:43:19.001646	Testing Started	status.sample.started	Y
11	All tests have been run on this order	1	ORDER	2010-04-28 15:43:19.001646	Testing finished	status.sample.finished	Y
26	The sample has been canceled by the user	1	SAMPLE	2012-09-25 14:28:55.191849	SampleCanceled	status.sample.entered	Y
27	The sample has been entered into the system	1	SAMPLE	2012-09-25 14:28:55.191849	SampleEntered	status.sample.entered	Y
12	The order is non-conforming	1	ORDER	2010-04-28 15:43:19.001646	NonConforming	status.sample.nonConforming	N
23	The order is non-conforming	1	ANALYSIS	2010-08-13 09:52:43.438782	NonConforming	status.analysis.nonconforming	N
28	The electronic order has been entered into OE	1	EXTERNAL_ORDER	2013-04-10 15:59:30.717898	Entered	status.sample.entered	Y
29	The electronic order has been cancelled	1	EXTERNAL_ORDER	2013-04-10 15:59:30.717898	Cancelled	status.sample.cancelled	Y
30	The patient associated with the electronic order has appeared at the lab	1	EXTERNAL_ORDER	2013-04-10 15:59:30.717898	Realized	status.sample.realized	Y
\.


--
-- Name: status_of_sample_seq; Type: SEQUENCE SET; Schema: clinlims; Owner: clinlims
--

SELECT pg_catalog.setval('status_of_sample_seq', 30, true);


--
-- Data for Name: storage_location; Type: TABLE DATA; Schema: clinlims; Owner: clinlims
--

COPY storage_location (id, sort_order, name, location, is_available, parent_storageloc_id, storage_unit_id) FROM stdin;
\.


--
-- Data for Name: storage_unit; Type: TABLE DATA; Schema: clinlims; Owner: clinlims
--

COPY storage_unit (id, category, description, is_singular) FROM stdin;
\.


--
-- Data for Name: system_module; Type: TABLE DATA; Schema: clinlims; Owner: clinlims
--

COPY system_module (id, name, description, has_select_flag, has_add_flag, has_update_flag, has_delete_flag) FROM stdin;
1	PanelItem	Master Lists => Panel Item => edit	Y	Y	Y	N
2	DictionaryCategory	Master Lists => Dictionary Category => edit	Y	Y	Y	N
3	Dictionary	Master Lists => Dictonary => edit	Y	Y	Y	N
4	Gender	Master Lists => Gender => edit	Y	Y	Y	N
5	LoginUser	Master Lists => Login User => Edit	Y	Y	Y	N
6	Organization	Master Lists => Organization => edit	Y	Y	Y	N
7	Panel	Master Lists => Panel	Y	Y	Y	Y
8	PatientResults	Results->By Patient	N	N	N	N
9	ResultLimits	Master Lists => ResultLimits => edit	Y	Y	Y	N
10	Result	Master Lists => Result => edit	Y	Y	Y	N
11	Role	Master Lists => Role => edit	Y	Y	Y	N
12	StatusOfSample	Master Lists => StatusOfSample => edit	Y	Y	Y	N
13	SystemModule	Master Lists => System Module	Y	Y	Y	N
14	SystemUser	Master Lists => System User	Y	Y	Y	N
15	Test	Master Lists => Test	Y	Y	Y	N
16	SampleEntry	Sample->Sample Entry	N	N	N	N
17	MasterList	Administration	N	N	N	N
18	Inventory	Inventory	N	N	N	N
19	LogbookResultsBacteria	Results->By Logbook->Bacteria	N	N	N	N
20	LogbookResultsChem	Results->By Logbook->Chem	N	N	N	N
21	LogbookResultsECBU	Results->By Logbook->ECBU	N	N	N	N
22	LogbookResultsHematology	Results->By Logbook->Hemaology	N	N	N	N
23	LogbookResultsImmuno	Results->By Logbook->Immuno	N	N	N	N
24	LogbookResultsParasitology	Results->By Logbook->Parasitology	N	N	N	N
25	LogbookResultsVCT	Results->By Logbook->VCT	N	N	N	N
26	StatusResults	Results->By Status	N	N	N	N
27	ReportAdmin	Master Lists => OR Admin	Y	Y	Y	N
28	ReportUserDetail	Reports	Y	Y	Y	N
29	ReportUserOption	Reports	Y	Y	Y	N
30	ReportUserRun	Reports	Y	Y	Y	N
31	TypeOfTestResult	Master Lists => Type Of Test Result	Y	Y	Y	N
32	SystemUserModule	Master Lists => System User Module	Y	Y	Y	N
33	ResultsEntry	Result Management => Results Entry	Y	Y	Y	N
34	TestSection	Master Lists => Test Section	Y	Y	Y	N
35	TypeOfSample	Master Lists => Type Of Sample	Y	Y	Y	N
36	UnitOfMeasure	Master Lists => Unit Of Measure	N	N	N	N
40	UserRole	MasterList => UserRole	Y	Y	Y	Y
41	PatientType	MasterList => PatientType	Y	Y	Y	Y
42	TypeOfSamplePanel	MasterList => Associtate type of sample with panel	Y	Y	Y	Y
43	TypeOfSampleTest	MasterList => Associtate type of sample with tests	Y	Y	Y	Y
44	UnifiedSystemUser	MasterList->ManageUsers	Y	Y	Y	Y
45	LogbookResults	Results=>logbook=>save	Y	Y	Y	Y
46	Workplan	Workplan	Y	Y	Y	Y
47	AnalyzerResults	Results=>Analyzer	Y	Y	Y	Y
48	SamplePatientEntry	Sample -->SamplePatientEntry	Y	Y	Y	Y
49	SiteInformation	MasterList=>Site Information	Y	Y	Y	Y
56	SampleEditByProject:readwrite	Sample=>SampleEditByProject:readwrite	Y	Y	Y	Y
57	SampleEditByProject:readonly	Sample=>SampleEditByProject:readonly	Y	Y	Y	Y
50	SampleEntryByProject	Sample => SampleEntryByProject	Y	Y	Y	Y
51	AnalyzerTestName	MasterList->Analyzer Test Name	Y	Y	Y	Y
52	PatientEntryByProject	Patient->PatientEntryByProject	Y	Y	Y	Y
54	SampleEntryByProject:initial	Sample=>CreateSample=>initial	Y	Y	Y	Y
55	SampleEntryByProject:verify	Sample=>CreateSample=>verify	Y	Y	Y	Y
58	PatientEntryByProject:initial	Patient=>Enter=>initial	Y	Y	Y	Y
59	PatientEntryByProject:verify	Patient=>Enter=>verify	Y	Y	Y	Y
60	LogbookResults:hematology	Results=>Enter=>hematology	Y	Y	Y	Y
61	LogbookResults:chem	Results=>Enter=>chemistry	Y	Y	Y	Y
62	LogbookResults:immuno	Results=>Enter=>Immunology	Y	Y	Y	Y
63	LogbookResults:serology	Results=>Enter=>serology	Y	Y	Y	Y
64	LogbookResults:virology	Results=>Enter=>virology	Y	Y	Y	Y
66	AccessionResults	Results=>Search=>Lab No.	Y	Y	Y	Y
68	AnalyzerResults:cobas_integra	Results=>Analyzer=>cobas_integra	Y	Y	Y	Y
69	AnalyzerResults:sysmex	Results=>Analyzer=>sysmex	Y	Y	Y	Y
70	AnalyzerResults:facscalibur	Results=>Analyzer=>facscalibur	Y	Y	Y	Y
71	AnalyzerResults:evolis	Results=>Analyzer=>evolis	Y	Y	Y	Y
72	Workplan:test	Workplan=>test	Y	Y	Y	Y
73	Workplan:serology	Workplan=>serology	Y	Y	Y	Y
74	Workplan:immunology	Workplan=>immunology	Y	Y	Y	Y
75	Workplan:hematology	Workplan=>hematology	Y	Y	Y	Y
76	Workplan:biochemistry	Workplan=>biochemistry	Y	Y	Y	Y
77	Workplan:virology	Workplan=>virology	Y	Y	Y	Y
87	TestResult	Admin=>TestResult	Y	Y	Y	Y
89	TestReflex	Admin=>TestReflex	Y	Y	Y	Y
90	TestAnalyte	Admin=>TestAnalyte	Y	Y	Y	Y
219	SampleEdit:readwrite	Sample=>SampleEdit	Y	Y	Y	Y
220	SampleEdit:readonly	Sample=>SampleConsult	Y	Y	Y	Y
100	Method	Admin=>Method	Y	Y	Y	Y
104	Analyte	Admin=>Analyte	Y	Y	Y	Y
105	PatientEditByProject:readwrite	Patient=>PatientEdit	Y	Y	Y	Y
106	PatientEditByProject:readonly	Patient=>PatientConsult	Y	Y	Y	Y
214	SampleEditByProject	Sample->SampleEditByProject	Y	Y	Y	Y
215	PatientEditByProject	Patient->PatientEditByProject	Y	Y	Y	Y
502	ReportUserDetail:patientARV2	Report=>patient=>ARV follow-up Save	Y	Y	Y	Y
503	ReportUserDetail:patientEID	Report=>patient=>EID	Y	Y	Y	Y
328	SampleEdit	Sample=>edit	Y	Y	Y	Y
509	ResultValidation:serology	Validation=>serology	Y	Y	Y	Y
510	ResultValidation:immunology	Validation=>immunology	Y	Y	Y	Y
511	ResultValidation:hematology	Validation=>hematology	Y	Y	Y	Y
512	ResultValidation:biochemistry	Validation=>biochemistry	Y	Y	Y	Y
513	ResultValidation:virology	Validation=>virology	Y	Y	Y	Y
386	NonConformity	NonConformity	Y	Y	Y	Y
445	Report:patient	Patient reports	Y	Y	Y	Y
446	Report:summary	Lab summary reports	Y	Y	Y	Y
447	Report:indicator	Lab quality indicator reports	Y	Y	Y	Y
514	ResultValidation	used by all validators to save results	Y	Y	Y	Y
515	Access.sample.accessionNo.edit	Sample->SampleEntryByProject edit sample number	Y	Y	Y	Y
516	Access.patient.subjectNos.edit	Patient->PatientEntryByProject edit subject numbers	Y	Y	Y	Y
653	AnalyzerResults:cobas_taqman	Results=>Analyzer=>cobas_taqman	Y	Y	Y	Y
672	AnalyzerResults:facscanto	Results=>Analyzer=>facscanto	Y	Y	Y	Y
583	ReferredOutTests	Results=>Referrals	Y	Y	Y	Y
651	SampleConfirmationEntry	Sample=>sample confirmation	Y	Y	Y	Y
652	LogbookResults:mycobacteriology	Results=>logbooks=>mycobacteriology	Y	Y	Y	Y
828	ResultValidation:molecularBio	ResultValidation=>molecularBio	Y	Y	Y	Y
831	ResultValidation:Cytobacteriologie	ResultValidation=>Cytobacteriologie	Y	Y	Y	Y
832	ResultValidation:ECBU	ResultValidation=>ECBU	Y	Y	Y	Y
833	ResultValidation:Parasitology	ResultValidation=>Parasitology	Y	Y	Y	Y
834	ResultValidation:Liquides biologique	ResultValidation=>Liquides biologique	Y	Y	Y	Y
835	ResultValidation:Mycobacteriology	ResultValidation=>Mycobacteriology	Y	Y	Y	Y
836	ResultValidation:Endocrinologie	ResultValidation=>Endocrinologie	Y	Y	Y	Y
837	ResultValidation:Serologie	ResultValidation=>Serologie	Y	Y	Y	Y
838	ResultValidation:VCT	ResultValidation=>VCT	Y	Y	Y	Y
839	ResultValidation:virologie	ResultValidation=>virologie	Y	Y	Y	Y
840	ResultValidation:Bacteria	ResultValidation=>Bacteria	Y	Y	Y	Y
735	LogbookResults:serologie	Results=>Enter=>serologie	Y	Y	Y	Y
841	ResultValidation:mycology	ResultValidation=>mycology	Y	Y	Y	Y
843	SampleEntryConfig	Admin=>Sample entry config	Y	Y	Y	Y
844	WorkplanConfiguration	Admin=>Workplan configuration	Y	Y	Y	Y
751	Workplan:chem	Workplan=>chem	Y	Y	Y	Y
752	Workplan:cytobacteriology	Workplan=>cytobacteriology	Y	Y	Y	Y
753	Workplan:bacteriology	Workplan=>bacteriology	Y	Y	Y	Y
754	Workplan:ECBU	Workplan=>ECBU	Y	Y	Y	Y
755	Workplan:parasitology	Workplan=>parasitology	Y	Y	Y	Y
756	Workplan:immuno	Workplan=>immuno	Y	Y	Y	Y
757	Workplan:HIV	Workplan=>HIV	Y	Y	Y	Y
758	Workplan:molecularBio	Workplan=>molecularBio	Y	Y	Y	Y
759	Workplan:liquidBio	Workplan=>liquidBio	Y	Y	Y	Y
760	Workplan:mycrobacteriology	Workplan=>mycrobacteriology	Y	Y	Y	Y
761	Workplan:endocrin	Workplan=>endocrin	Y	Y	Y	Y
762	Workplan:serologie	Workplan=>serologie	Y	Y	Y	Y
807	Workplan:mycology	Workplan=>mycology	Y	Y	Y	Y
808	LogbookResults:mycology	LogbookResults=>mycology	Y	Y	Y	Y
809	LogbookResults:serolo-immunology	LogbookResults=>serology-immunology	Y	Y	Y	Y
810	LogbookResults:immunology	LogbookResults=>immunology	Y	Y	Y	Y
811	LogbookResults:hemato-immunology	LogbookResults=>hemato-immunology	Y	Y	Y	Y
812	LogbookResults:biochemistry	LogbookResults=>biochemistry	Y	Y	Y	Y
813	Workplan:hemato-immunology	workplan=>units=>hemato-immunology	Y	Y	Y	Y
814	Workplan:serology-immunology	workplan=>units=>serology-immunology	Y	Y	Y	Y
815	ResultValidation:Hemto-Immunology	validation=>units=>Hemato-Immunity	Y	Y	Y	Y
829	PrintedReportsConfiguration	admin->PrintedReportsConfiguration	N	N	N	N
817	ResultValidation:Serology-Immunology	validation=>units=>Serology-Immunity	Y	Y	Y	Y
830	ResultConfiguration	admin->ResultConfiguration	N	N	N	N
842	AnalyzerResults:cobasc311	AnalyzerResults=>cobasc311	Y	Y	Y	Y
820	LogbookResults:mycrobacteriology	Results=>logbooks=>mycrobacteriology	Y	Y	Y	Y
821	LogbookResults:cytobacteriology	Results=>logbooks=>cytobacteriology	Y	Y	Y	Y
822	LogbookResults:molecularBio	Results=>logbooks=>molecularBio	Y	Y	Y	Y
823	LogbookResults:liquidBio	Results=>logbooks=>liquidBio	Y	Y	Y	Y
824	LogbookResults:endocrin	Results=>logbooks=>endocrin	Y	Y	Y	Y
825	Workplan:panel	Workplan=>panel	Y	Y	Y	Y
826	AuditTrailView	Report=>view audit log	Y	Y	Y	Y
827	AnalyzerResults:cobasDBS	Result=>analyzers=>CobasTaqmanDBS	Y	Y	Y	Y
\.


--
-- Name: system_module_seq; Type: SEQUENCE SET; Schema: clinlims; Owner: clinlims
--

SELECT pg_catalog.setval('system_module_seq', 844, true);


--
-- Data for Name: system_role; Type: TABLE DATA; Schema: clinlims; Owner: clinlims
--

COPY system_role (id, name, description, is_grouping_role, grouping_parent, display_key, active, editable) FROM stdin;
1	Maintenance Admin	Able to add tests, new roles etc	f	\N	role.maintanceAdmin 	t	f
2	User Admin	Add/remove users and assign roles and passwords	f	\N	role.userAdmin	t	f
3	Results Admin	Able to access all results forms	t	\N	role.results.all 	t	f
6	Test Request Verify	Able to verify the test request was entered correctly	f	\N	role.test.request.verify 	t	f
7	Test Request Search	Able to search for and view test requests	f	\N	role.test.request.search 	t	f
8	Test Request Edit	Able to edit already entered test requests	f	\N	role.test.request.edit 	t	f
9	Demographics Entry	Able to enter demographics	f	\N	role.demographics.entry 	t	f
10	Demographics Verify	Able to verify the demographics were entered correctly	f	\N	role.demographics.verify 	t	f
12	Biologist	Able to access all of the validation forms	f	\N	role.biologist 	t	f
13	Quality control	Able to access quality control forms	f	\N	role.qualiity.control 	t	f
14	Immunology super user	Able to enter all results for immunology	t	\N	role.immunology.super.user 	t	f
15	Immunology manual	Able to manually enter results	f	14	role.immuno.manual 	t	f
16	Immunology automatic	Able to transfer results from analyzer to OpenLIS	t	14	role.immuno.automatic 	t	f
17	Facsalibur user	Verify results from Facsalibur analyzer	f	16	role.immuno.facsaliibur 	t	f
18	Immunology Validation	Able to access Immunology validation	f	14	role.immuno.validation 	t	f
19	Hematology super user	Able to enter all results for hematology	t	\N	role.hematology.super.user 	t	f
20	Hematology manual	Able to manually enter results	f	19	role.hematology.manual 	t	f
21	Hematology automatic	Able to transfer results from analyzer to OpenLIS	t	19	role.hematology.automatic 	t	f
22	Sysmex user	Verify results from Sysmex analyzer	f	21	role.hematology.sysmex 	t	f
23	Hematology Validation	Able to access Hematology validation	f	19	role.hematology.sysmex 	t	f
24	Serology super user	Able to enter all results for serology	t	\N	role.serology.super.user 	t	f
25	Serology manual	Able to manually enter results	f	24	role.serology.manual 	t	f
26	Serology automatic	Able to transfer results from analyzer to OpenLIS	t	24	role.serology.automatic 	t	f
27	Evolis user	Verify results from Evolis analyzer	f	26	role.serology.evolis 	t	f
28	Serology Validation	Able to access Serology validation	f	24	role.serology.validation 	t	f
29	Biochemistry super user	Able to enter all results for biochemistry	t	\N	role.biochem.super.user 	t	f
30	Biochemistry manual	Able to manually enter results	f	29	role.biochem.manual	t	f
31	Biochemistry automatic	Able to transfer results from analyzer to OpenLIS	t	29	role.biochem.automatic 	t	f
32	Cobas Integra user	Able to verify results for Cobas Integra analyzer	f	31	role.biochem.cobas 	t	f
33	Biochemistry Validation	Able to access Biochemistry validation	f	29	role.biochem.validation 	t	f
34	Virology super user	Able to enter all results for virology	t	\N	role.virology.super.user 	t	f
35	Virology manual	Able to manually enter results	f	34	role.virology.manual 	t	f
36	Virology automatic	Able to transfer results from analyzer to OpenLIS	t	34	role.virology.automatic 	t	f
37	ABI Prism user	Enter results from ABI Prism	f	36	role.virology.ABI 	t	f
38	Cobas Taqman user	Verify results from Cobas Taqman	f	36	role.virology.cobas.taqman 	t	f
39	Cobas Amplicor user	Enter/verify analyzer results	f	36	role.virology.cobas.amplicor 	t	f
40	BSD Duet user	Enter/verify analyzer results	f	36	role.virology.bsd 	t	f
41	ELISA Bioteck EL800 user	Enter/verify analyzer results	f	36	role.virology.elisa	t	f
42	Virology validation	Able to access Virology validation	f	34	role.virology.validation	t	f
5	Test Request Entry	Able to enter initial test request	f	\N	role.test.request.initial 	t	f
43	Demographics Edit	Able to edit already entered patients	f	\N	role.demographics.edit	t	f
44	Demographics Search	Able to search and view -read-only already entered patients	f	\N	role.demographics.search	t	f
46	Patient Reports	Able to run all patient reports	f	45	role.reports.patient 	t	f
45	Report Admin	Able to run all reports	t	\N	role.reports 	t	f
48	Suumary Reports	Able to run summary reports	f	45	role.reports.summary 	t	f
49	Indicator Reports	Able to run lab indicator reports	f	45	role.reports.indicator 	t	f
50	Identifying Information Edit	Able to edit already entered patients and sample primary IDs	f	\N	role.edit.identifiers	t	f
51	Facscanto user	Verify results from Facscanto analyzer	f	16	role.immuno.facscanto	t	f
53	Patient Results	Able to access results by patient search	f	\N	role.result.patient	t	f
54	Audit Trail	Able to view the audit trail	f	\N	role.audittrail	t	f
55	CobasTaqman DNA PCR	Able to enter results for Cobas Taqman DNA PCR	f	36	role.cobasDNA_PCR	t	f
52	Results modifier	Has permission to modify already entered results	f	\N	role.result.modifier	f	t
56	Cobas C311 user	Able to verigy results for Cobas C311 analyzer	f	31	role.biochem.cobas.c311	t	f
\.


--
-- Data for Name: system_role_module; Type: TABLE DATA; Schema: clinlims; Owner: clinlims
--

COPY system_role_module (id, has_select, has_add, has_update, has_delete, system_role_id, system_module_id) FROM stdin;
1	Y	Y	Y	Y	1	17
2	Y	Y	Y	Y	1	44
3	Y	Y	Y	Y	1	32
4	Y	Y	Y	Y	1	13
5	Y	Y	Y	Y	1	27
6	Y	Y	Y	Y	1	36
7	Y	Y	Y	Y	1	31
8	Y	Y	Y	Y	1	43
9	Y	Y	Y	Y	1	42
10	Y	Y	Y	Y	1	35
11	Y	Y	Y	Y	1	34
12	Y	Y	Y	Y	1	87
13	Y	Y	Y	Y	1	89
14	Y	Y	Y	Y	1	90
15	Y	Y	Y	Y	1	15
16	Y	Y	Y	Y	1	12
17	Y	Y	Y	Y	1	49
18	Y	Y	Y	Y	1	11
19	Y	Y	Y	Y	1	9
20	Y	Y	Y	Y	1	41
21	Y	Y	Y	Y	1	1
22	Y	Y	Y	Y	1	7
23	Y	Y	Y	Y	1	6
24	Y	Y	Y	Y	1	100
25	Y	Y	Y	Y	1	4
26	Y	Y	Y	Y	1	3
27	Y	Y	Y	Y	1	51
28	Y	Y	Y	Y	1	104
29	Y	Y	Y	Y	2	17
30	Y	Y	Y	Y	2	44
31	Y	Y	Y	Y	3	60
32	Y	Y	Y	Y	3	61
33	Y	Y	Y	Y	3	62
34	Y	Y	Y	Y	3	63
35	Y	Y	Y	Y	3	64
37	Y	Y	Y	Y	3	66
38	Y	Y	Y	Y	3	26
39	Y	Y	Y	Y	3	68
40	Y	Y	Y	Y	3	69
41	Y	Y	Y	Y	3	70
42	Y	Y	Y	Y	3	71
43	Y	Y	Y	Y	5	54
44	Y	Y	Y	Y	6	55
45	Y	Y	Y	Y	7	57
46	Y	Y	Y	Y	8	56
47	Y	Y	Y	Y	9	58
48	Y	Y	Y	Y	10	59
49	Y	Y	Y	Y	15	62
50	Y	Y	Y	Y	15	66
51	Y	Y	Y	Y	15	26
53	Y	Y	Y	Y	15	72
54	Y	Y	Y	Y	15	74
55	Y	Y	Y	Y	17	70
56	Y	Y	Y	Y	17	66
57	Y	Y	Y	Y	17	26
59	Y	Y	Y	Y	17	72
60	Y	Y	Y	Y	17	74
61	Y	Y	Y	Y	20	60
62	Y	Y	Y	Y	20	66
63	Y	Y	Y	Y	20	26
65	Y	Y	Y	Y	20	72
66	Y	Y	Y	Y	20	75
67	Y	Y	Y	Y	22	69
68	Y	Y	Y	Y	22	66
69	Y	Y	Y	Y	22	26
71	Y	Y	Y	Y	22	72
72	Y	Y	Y	Y	22	75
73	Y	Y	Y	Y	25	63
74	Y	Y	Y	Y	25	66
75	Y	Y	Y	Y	25	26
77	Y	Y	Y	Y	25	72
78	Y	Y	Y	Y	25	73
79	Y	Y	Y	Y	27	71
80	Y	Y	Y	Y	27	66
81	Y	Y	Y	Y	27	26
83	Y	Y	Y	Y	27	72
84	Y	Y	Y	Y	27	73
85	Y	Y	Y	Y	30	66
86	Y	Y	Y	Y	30	26
88	Y	Y	Y	Y	30	72
89	Y	Y	Y	Y	30	76
90	Y	Y	Y	Y	32	68
91	Y	Y	Y	Y	32	66
92	Y	Y	Y	Y	32	26
94	Y	Y	Y	Y	32	72
95	Y	Y	Y	Y	32	76
96	Y	Y	Y	Y	35	64
97	Y	Y	Y	Y	35	77
98	Y	Y	Y	Y	35	66
99	Y	Y	Y	Y	35	26
101	Y	Y	Y	Y	35	72
102	Y	Y	Y	Y	35	77
103	Y	Y	Y	Y	43	105
104	Y	Y	Y	Y	44	106
105	Y	Y	Y	Y	3	47
106	Y	Y	Y	Y	17	47
107	Y	Y	Y	Y	22	47
108	Y	Y	Y	Y	27	47
109	Y	Y	Y	Y	32	47
110	Y	Y	Y	Y	37	47
111	Y	Y	Y	Y	38	47
112	Y	Y	Y	Y	39	47
113	Y	Y	Y	Y	40	47
114	Y	Y	Y	Y	41	47
115	Y	Y	Y	Y	5	50
116	Y	Y	Y	Y	6	50
117	Y	Y	Y	Y	7	214
118	Y	Y	Y	Y	8	214
119	Y	Y	Y	Y	9	52
120	Y	Y	Y	Y	10	52
121	Y	Y	Y	Y	44	215
122	Y	Y	Y	Y	43	215
125	Y	Y	Y	Y	15	46
126	Y	Y	Y	Y	8	328
127	Y	Y	Y	Y	8	219
128	Y	Y	Y	Y	7	328
129	Y	Y	Y	Y	7	220
130	Y	Y	Y	Y	13	386
131	Y	Y	Y	Y	46	445
133	Y	Y	Y	Y	49	447
134	Y	Y	Y	Y	18	510
135	Y	Y	Y	Y	23	511
136	Y	Y	Y	Y	33	512
137	Y	Y	Y	Y	28	509
139	Y	Y	Y	Y	12	510
140	Y	Y	Y	Y	12	511
141	Y	Y	Y	Y	12	512
142	Y	Y	Y	Y	12	509
143	Y	Y	Y	Y	12	513
144	Y	Y	Y	Y	12	514
145	Y	Y	Y	Y	50	515
146	Y	Y	Y	Y	50	516
147	Y	Y	Y	Y	3	653
148	Y	Y	Y	Y	38	653
149	Y	Y	Y	Y	51	672
150	Y	Y	Y	Y	3	672
152	Y	Y	Y	Y	53	8
153	Y	Y	Y	Y	18	514
154	Y	Y	Y	Y	23	514
155	Y	Y	Y	Y	28	514
156	Y	Y	Y	Y	33	514
157	Y	Y	Y	Y	42	514
159	Y	Y	Y	Y	54	826
160	Y	Y	Y	Y	55	827
161	Y	Y	Y	Y	30	61
162	Y	Y	Y	Y	51	72
163	Y	Y	Y	Y	38	72
164	Y	Y	Y	Y	55	72
165	Y	Y	Y	Y	51	66
166	Y	Y	Y	Y	38	66
167	Y	Y	Y	Y	55	66
168	Y	Y	Y	Y	51	26
169	Y	Y	Y	Y	38	26
170	Y	Y	Y	Y	55	26
171	Y	Y	Y	Y	51	74
172	Y	Y	Y	Y	38	77
173	Y	Y	Y	Y	55	77
174	Y	Y	Y	Y	3	827
175	Y	Y	Y	Y	1	829
176	Y	Y	Y	Y	1	830
177	Y	Y	Y	Y	56	842
178	Y	Y	Y	Y	3	842
179	Y	Y	Y	Y	56	66
180	Y	Y	Y	Y	56	26
181	Y	Y	Y	Y	56	72
182	Y	Y	Y	Y	56	76
\.


--
-- Name: system_role_seq; Type: SEQUENCE SET; Schema: clinlims; Owner: clinlims
--

SELECT pg_catalog.setval('system_role_seq', 56, true);


--
-- Data for Name: system_user; Type: TABLE DATA; Schema: clinlims; Owner: clinlims
--

COPY system_user (id, external_id, login_name, last_name, first_name, initials, is_active, is_employee, lastupdated) FROM stdin;
1	1	admin	ELIS	Open	OE	Y	Y	2006-11-08 11:11:14.312
111	1	serviceUser	External	Service	\N	N	N	2013-04-17 10:43:26.90539
115	1	analyzer	Lyzer	Anne	AL	Y	Y	2013-06-24 11:24:41.268
\.


--
-- Data for Name: system_user_module; Type: TABLE DATA; Schema: clinlims; Owner: clinlims
--

COPY system_user_module (id, has_select, has_add, has_update, has_delete, system_user_id, system_module_id) FROM stdin;
\.


--
-- Name: system_user_module_seq; Type: SEQUENCE SET; Schema: clinlims; Owner: clinlims
--

SELECT pg_catalog.setval('system_user_module_seq', 182, true);


--
-- Data for Name: system_user_role; Type: TABLE DATA; Schema: clinlims; Owner: clinlims
--

COPY system_user_role (system_user_id, role_id) FROM stdin;
\.


--
-- Data for Name: system_user_section; Type: TABLE DATA; Schema: clinlims; Owner: clinlims
--

COPY system_user_section (id, has_view, has_assign, has_complete, has_release, has_cancel, system_user_id, test_section_id) FROM stdin;
\.


--
-- Name: system_user_section_seq; Type: SEQUENCE SET; Schema: clinlims; Owner: clinlims
--

SELECT pg_catalog.setval('system_user_section_seq', 1, false);


--
-- Name: system_user_seq; Type: SEQUENCE SET; Schema: clinlims; Owner: clinlims
--

SELECT pg_catalog.setval('system_user_seq', 121, true);


--
-- Data for Name: test; Type: TABLE DATA; Schema: clinlims; Owner: clinlims
--

COPY test (id, method_id, uom_id, description, loinc, reporting_description, sticker_req_flag, is_active, active_begin, active_end, is_reportable, time_holding, time_wait, time_ta_average, time_ta_warning, time_ta_max, label_qty, lastupdated, label_id, test_trailer_id, test_section_id, scriptlet_id, test_format_id, local_abbrev, sort_order, name, display_key, orderable) FROM stdin;
172	\N	\N	CD4	\N	CD4	\N	Y	\N	\N	N	\N	\N	\N	\N	\N	\N	2010-05-27 17:34:49.294061	\N	\N	99	\N	\N	CD4	0	CD4	test.CD4	t
169	\N	\N	Murex	\N	Murex	\N	Y	\N	\N	N	\N	\N	\N	\N	\N	\N	2010-10-26 12:35:06.86	\N	\N	97	\N	\N	Murex	10	Murex	test.murex	t
170	\N	\N	Integral	\N	Integral	\N	Y	\N	\N	N	\N	\N	\N	\N	\N	\N	2010-10-26 12:35:06.86	\N	\N	97	\N	\N	Integral	20	Integral	test.integral	t
168	\N	\N	Vironostika	\N	Vironostika	\N	Y	\N	\N	N	\N	\N	\N	\N	\N	\N	2010-10-26 12:35:06.86	\N	\N	97	\N	\N	Vironostika	30	Vironostika	test.vironostika	t
177	\N	39	GB	\N	GB	\N	Y	\N	\N	N	\N	\N	\N	\N	\N	\N	2010-10-26 12:35:06.86	\N	\N	98	\N	\N	GB	100	GB	test.GB	t
179	\N	40	Neut %	\N	Neut %	\N	Y	\N	\N	N	\N	\N	\N	\N	\N	\N	2010-10-26 12:35:06.86	\N	\N	98	\N	\N	Neut %	110	Neut %	test.NeutPercent	t
180	\N	40	Lymph %	\N	Lymph %	\N	Y	\N	\N	N	\N	\N	\N	\N	\N	\N	2010-10-26 12:35:06.86	\N	\N	98	\N	\N	Lymph %	120	Lymph %	test.LymphPercent	t
181	\N	40	Mono %	\N	Mono %	\N	Y	\N	\N	N	\N	\N	\N	\N	\N	\N	2010-10-26 12:35:06.86	\N	\N	98	\N	\N	Mono %	130	Mono %	test.MonoPercent	t
182	\N	40	Eo %	\N	Eo %	\N	Y	\N	\N	N	\N	\N	\N	\N	\N	\N	2010-10-26 12:35:06.86	\N	\N	98	\N	\N	Eo %	140	Eo %	test.EoPercent	t
183	\N	40	Baso %	\N	Baso %	\N	Y	\N	\N	N	\N	\N	\N	\N	\N	\N	2010-10-26 12:35:06.86	\N	\N	98	\N	\N	Baso %	150	Baso %	test.BasoPercent	t
186	\N	41	GR	\N	GR	\N	Y	\N	\N	N	\N	\N	\N	\N	\N	\N	2010-10-26 12:35:06.86	\N	\N	98	\N	\N	GR	160	GR	test.GR	t
187	\N	42	Hb	\N	Hb	\N	Y	\N	\N	N	\N	\N	\N	\N	\N	\N	2010-10-26 12:35:06.86	\N	\N	98	\N	\N	Hb	170	Hb	test.Hb	t
184	\N	40	HCT	\N	HCT	\N	Y	\N	\N	N	\N	\N	\N	\N	\N	\N	2010-10-26 12:35:06.86	\N	\N	98	\N	\N	HCT	180	HCT	test.HCT	t
188	\N	43	VGM	\N	VGM	\N	Y	\N	\N	N	\N	\N	\N	\N	\N	\N	2010-10-26 12:35:06.86	\N	\N	98	\N	\N	VGM	190	VGM	test.VGM	t
189	\N	44	TCMH	\N	TCMH	\N	Y	\N	\N	N	\N	\N	\N	\N	\N	\N	2010-10-26 12:35:06.86	\N	\N	98	\N	\N	TCMH	200	TCMH	test.TCMH	t
185	\N	40	CCMH	\N	CCMH	\N	Y	\N	\N	N	\N	\N	\N	\N	\N	\N	2010-10-26 12:35:06.86	\N	\N	98	\N	\N	CCMH	210	CCMH	test.CCMH	t
178	\N	39	PLQ	\N	PLQ	\N	Y	\N	\N	N	\N	\N	\N	\N	\N	\N	2010-10-26 12:35:06.86	\N	\N	98	\N	\N	PLQ	220	PLQ	test.PLQ	t
161	\N	38	Transaminases ALTL	\N	Transaminases ALTL	\N	Y	\N	\N	N	\N	\N	\N	\N	\N	\N	2010-10-26 12:35:06.86	\N	\N	96	\N	\N	Transaminases ALTL	230	Transaminases ALTL	test.transminasesALTL	t
176	\N	38	Transaminases ASTL	\N	Transaminases ASTL	\N	Y	\N	\N	N	\N	\N	\N	\N	\N	\N	2010-10-26 12:35:06.86	\N	\N	96	\N	\N	Transaminases ASTL	240	Transaminases ASTL	test.transminasesASTL	t
160	\N	37	Cratininmie	\N	Cratininmie	\N	Y	\N	\N	N	\N	\N	\N	\N	\N	\N	2010-10-26 12:35:06.86	\N	\N	96	\N	\N	Cratininmie	250	Cratininmie	test.creatininemie	t
159	\N	36	Glycmie	\N	Glycmie	\N	Y	\N	\N	N	\N	\N	\N	\N	\N	\N	2010-10-26 12:35:06.86	\N	\N	96	\N	\N	Glycmie	260	Glycmie	test.glycemie	t
190	\N	40	CD3 percentage count	\N	CD3 percentage count	\N	Y	\N	\N	N	\N	\N	\N	\N	\N	\N	2010-10-26 12:35:06.86	\N	\N	99	\N	\N	CD3 percentage count	270	CD3 percentage count	test.CD3PercentCount	t
194	\N	\N	MO#	\N	MO#	\N	N	\N	\N	N	\N	\N	\N	\N	\N	\N	2010-08-17 16:01:35.447782	\N	\N	98	\N	\N	MO#	0	MO#	test.monocyte.count	t
195	\N	\N	BA#	\N	BA#	\N	N	\N	\N	N	\N	\N	\N	\N	\N	\N	2010-08-17 16:01:35.447782	\N	\N	98	\N	\N	BA#	0	BA#	test.Basophil.count	t
196	\N	\N	LY#	\N	LY#	\N	N	\N	\N	N	\N	\N	\N	\N	\N	\N	2010-08-17 16:01:35.447782	\N	\N	98	\N	\N	LY#	0	LY#	test.lymphocyte.count	t
197	\N	\N	EO#	\N	EO#	\N	N	\N	\N	N	\N	\N	\N	\N	\N	\N	2010-08-17 16:01:35.447782	\N	\N	98	\N	\N	EO#	0	EO#	test.eosinophil.count	t
193	\N	\N	NE#	\N	NE#	\N	N	\N	\N	N	\N	\N	\N	\N	\N	\N	2010-08-17 16:01:35.447782	\N	\N	98	\N	\N	NE#	0	NE#	test.no.count	t
175	\N	\N	DNA PCR	\N	DNA PCR	\N	Y	\N	\N	N	\N	\N	\N	\N	\N	\N	2010-10-26 12:35:06.86	\N	\N	100	\N	\N	DNA PCR	300	DNA PCR	test.dnaPCR	t
191	\N	40	CD4 percentage count	\N	CD4 percentage count	\N	Y	\N	\N	N	\N	\N	\N	\N	\N	\N	2010-10-26 12:35:06.86	\N	\N	99	\N	\N	CD4 percentage count	280	CD4 percentage count	test.CD4PercentCount	t
192	\N	45	CD4 absolute count	\N	CD4 absolute count	\N	Y	\N	\N	N	\N	\N	\N	\N	\N	\N	2010-10-26 12:35:06.86	\N	\N	99	\N	\N	CD4 absolute count	290	CD4 absolute count	test.CD4AbsoluteCount	t
173	\N	\N	Gnotypage	\N	Gnotypage	\N	Y	\N	\N	N	\N	\N	\N	\N	\N	\N	2010-10-26 12:35:06.86	\N	\N	100	\N	\N	Gnotypage	310	Gnotypage	test.cellSequencing	t
174	\N	46	Viral Load	\N	Viral Load	\N	Y	\N	\N	N	\N	\N	\N	\N	\N	\N	2010-10-26 12:35:06.86	\N	\N	100	\N	\N	Viral Load	320	Viral Load	test.viralLoad	t
167	\N	\N	Genie II	\N	Genie II	\N	N	\N	\N	N	\N	\N	\N	\N	\N	\N	2010-10-26 12:35:06.86	\N	\N	97	\N	\N	Genie II	40	Genie II	test.genieII	t
166	\N	\N	Genie II 100	\N	Genie II 100	\N	N	\N	\N	N	\N	\N	\N	\N	\N	\N	2010-10-26 12:35:06.86	\N	\N	97	\N	\N	Genie II 100	50	Genie II 100	test.genieII100	t
165	\N	\N	Genie II 10	\N	Genie II 10	\N	N	\N	\N	N	\N	\N	\N	\N	\N	\N	2010-10-26 12:35:06.86	\N	\N	97	\N	\N	Genie II 10	60	Genie II 10	test.genieII10	t
164	\N	\N	Western Blot 1	\N	Western Blot 1	\N	N	\N	\N	N	\N	\N	\N	\N	\N	\N	2010-10-26 12:35:06.86	\N	\N	97	\N	\N	Western Blot 1	70	Western Blot 1	test.westernBlot1	t
163	\N	\N	Western Blot 2	\N	Western Blot 2	\N	N	\N	\N	N	\N	\N	\N	\N	\N	\N	2010-10-26 12:35:06.86	\N	\N	97	\N	\N	Western Blot 2	80	Western Blot 2	test.westernBlot2	t
162	\N	\N	p24 Ag	\N	p24 Ag	\N	N	\N	\N	N	\N	\N	\N	\N	\N	\N	2010-10-26 12:35:06.86	\N	\N	97	\N	\N	p24 Ag	90	p24 Ag	test.p24Ag	t
198	\N	\N	Bioline	\N	Bioline	\N	N	\N	\N	N	\N	\N	\N	\N	\N	\N	2012-09-25 14:28:54.943216	\N	\N	97	\N	\N	Bioline	45	Bioline	test.Bioline	t
199	\N	\N	Innolia	\N	Innolia	\N	Y	\N	\N	N	\N	\N	\N	\N	\N	\N	2012-11-30 14:50:40.47035	\N	\N	97	\N	\N	Innolia	40	Innolia	test.Innolia	t
\.


--
-- Data for Name: test_analyte; Type: TABLE DATA; Schema: clinlims; Owner: clinlims
--

COPY test_analyte (id, test_id, analyte_id, result_group, sort_order, testalyt_type, lastupdated, is_reportable) FROM stdin;
278	162	94	9	1	\N	2010-05-27 17:34:49.294061	\N
279	163	95	8	1	\N	2010-05-27 17:34:49.294061	\N
280	164	96	7	1	\N	2010-05-27 17:34:49.294061	\N
281	165	97	6	1	\N	2010-05-27 17:34:49.294061	\N
282	166	98	5	1	\N	2010-05-27 17:34:49.294061	\N
283	167	99	4	1	\N	2010-05-27 17:34:49.294061	\N
284	168	100	3	1	\N	2010-05-27 17:34:49.294061	\N
285	169	101	2	1	\N	2010-05-27 17:34:49.294061	\N
286	170	102	1	1	\N	2010-05-27 17:34:49.294061	\N
287	191	103	11	1	\N	2010-06-23 11:52:38.859042	\N
288	177	104	12	1	\N	2010-06-23 11:52:38.859042	\N
289	180	105	13	1	\N	2010-06-23 11:52:38.859042	\N
290	198	108	14	1	\N	2012-09-25 14:28:54.943216	\N
291	199	109	14	1	\N	2012-11-30 14:50:40.47035	\N
\.


--
-- Name: test_analyte_seq; Type: SEQUENCE SET; Schema: clinlims; Owner: clinlims
--

SELECT pg_catalog.setval('test_analyte_seq', 291, true);


--
-- Data for Name: test_code; Type: TABLE DATA; Schema: clinlims; Owner: clinlims
--

COPY test_code (test_id, code_type_id, value, lastupdated) FROM stdin;
\.


--
-- Data for Name: test_code_type; Type: TABLE DATA; Schema: clinlims; Owner: clinlims
--

COPY test_code_type (id, schema_name, lastupdated) FROM stdin;
1	LOINC	2011-06-21 16:26:37.297+00
2	SNOMED	2011-06-21 16:26:37.297+00
3	billingCode	2012-09-25 21:28:55.623945+00
4	analyzeCode	2012-09-25 21:28:55.623945+00
\.


--
-- Data for Name: test_dictionary; Type: TABLE DATA; Schema: clinlims; Owner: clinlims
--

COPY test_dictionary (id, test_id, dictionary_category_id, context, qualifiable_entry_id, lastupdated) FROM stdin;
\.


--
-- Name: test_dictionary_seq; Type: SEQUENCE SET; Schema: clinlims; Owner: clinlims
--

SELECT pg_catalog.setval('test_dictionary_seq', 1, false);


--
-- Data for Name: test_formats; Type: TABLE DATA; Schema: clinlims; Owner: clinlims
--

COPY test_formats (id, lastupdated) FROM stdin;
\.


--
-- Data for Name: test_reflex; Type: TABLE DATA; Schema: clinlims; Owner: clinlims
--

COPY test_reflex (id, tst_rslt_id, flags, lastupdated, test_analyte_id, test_id, add_test_id, sibling_reflex, scriptlet_id) FROM stdin;
14	524		2010-05-27 17:34:49.294061	286	170	168	12	\N
12	521		2010-05-27 17:34:49.294061	285	169	168	14	\N
15	525		2010-05-27 17:34:49.294061	286	170	168	11	\N
11	520		2010-05-27 17:34:49.294061	285	169	168	15	\N
16	521		2010-06-28 13:37:06.754484	285	169	\N	17	2
17	525		2010-06-28 13:37:06.754484	286	170	\N	16	2
44	517		2010-06-28 13:37:06.754484	284	168	\N	\N	2
43	532		2010-06-28 13:37:06.754484	289	180	\N	42	6
42	531		2010-06-28 13:37:06.754484	288	177	\N	41	6
41	530		2010-06-28 13:37:06.754484	287	191	\N	43	6
61	520		2010-09-15 11:50:18.23	285	169	168	60	\N
60	526		2010-09-15 11:50:18.23	286	170	168	61	\N
63	521		2010-09-15 11:50:18.23	285	169	168	62	\N
62	526		2010-09-15 11:50:18.23	286	170	168	63	\N
65	520		2010-09-15 11:50:18.23	285	169	168	64	\N
64	527		2010-09-15 11:50:18.23	286	170	168	65	\N
67	521		2010-09-15 11:50:18.23	285	169	168	66	\N
66	527		2010-09-15 11:50:18.23	286	170	168	67	\N
69	522		2010-09-15 11:50:18.23	285	169	168	68	\N
68	524		2010-09-15 11:50:18.23	286	170	168	69	\N
73	522		2010-09-15 11:50:18.23	285	169	168	72	\N
72	525		2010-09-15 11:50:18.23	286	170	168	73	\N
75	523		2010-09-15 11:50:18.23	285	169	168	74	\N
74	524		2010-09-15 11:50:18.23	286	170	168	75	\N
77	522		2010-09-15 11:50:18.23	285	169	168	76	\N
76	526		2010-09-15 11:50:18.23	286	170	168	77	\N
79	523		2010-09-15 11:50:18.23	285	169	168	78	\N
78	527		2010-09-15 11:50:18.23	286	170	168	79	\N
96	538		2010-09-15 11:50:21.568	\N	175	\N	\N	\N
97	537		2010-09-15 11:50:21.568	\N	175	\N	\N	\N
98	539		2010-09-15 11:50:21.568	\N	175	\N	\N	\N
99	540		2010-09-15 11:50:21.568	\N	175	\N	\N	\N
10	520		2010-05-27 17:34:49.294061	285	169	199	13	\N
115	523		2010-09-20 07:23:13.813	285	169	168	114	\N
114	525		2010-09-20 07:23:13.813	286	170	168	115	\N
116	\N		2012-09-25 14:28:54.830865	\N	\N	\N	\N	3
117	\N		2012-09-25 14:28:54.830865	\N	\N	\N	\N	4
118	\N		2012-09-25 14:28:54.830865	\N	\N	\N	\N	5
9	516		2010-05-27 17:34:49.294061	284	168	199	\N	\N
13	524		2010-05-27 17:34:49.294061	286	170	199	10	\N
137	571		2012-11-30 14:50:40.72102	291	199	\N	\N	3
138	572		2012-11-30 14:50:40.72102	291	199	\N	\N	4
139	573		2012-11-30 14:50:40.72102	291	199	\N	\N	5
140	574		2012-11-30 14:50:40.72102	291	199	\N	\N	2
141	575		2012-11-30 14:50:40.72102	291	199	\N	\N	1
\.


--
-- Name: test_reflex_seq; Type: SEQUENCE SET; Schema: clinlims; Owner: clinlims
--

SELECT pg_catalog.setval('test_reflex_seq', 141, true);


--
-- Data for Name: test_result; Type: TABLE DATA; Schema: clinlims; Owner: clinlims
--

COPY test_result (id, test_id, result_group, flags, tst_rslt_type, value, significant_digits, quant_limit, cont_level, lastupdated, scriptlet_id, sort_order, is_quantifiable) FROM stdin;
492	163	8	\N	D	820	0	\N	\N	2010-05-27 17:34:49.294061	\N	\N	f
493	163	8	\N	D	821	0	\N	\N	2010-05-27 17:34:49.294061	\N	\N	f
494	163	8	\N	D	822	0	\N	\N	2010-05-27 17:34:49.294061	\N	\N	f
495	163	8	\N	D	823	0	\N	\N	2010-05-27 17:34:49.294061	\N	\N	f
496	164	7	\N	D	820	0	\N	\N	2010-05-27 17:34:49.294061	\N	\N	f
497	164	7	\N	D	821	0	\N	\N	2010-05-27 17:34:49.294061	\N	\N	f
498	164	7	\N	D	822	0	\N	\N	2010-05-27 17:34:49.294061	\N	\N	f
499	164	7	\N	D	823	0	\N	\N	2010-05-27 17:34:49.294061	\N	\N	f
500	165	6	\N	D	824	0	\N	\N	2010-05-27 17:34:49.294061	\N	\N	f
501	165	6	\N	D	825	0	\N	\N	2010-05-27 17:34:49.294061	\N	\N	f
502	165	6	\N	D	826	0	\N	\N	2010-05-27 17:34:49.294061	\N	\N	f
503	165	6	\N	D	827	0	\N	\N	2010-05-27 17:34:49.294061	\N	\N	f
504	165	6	\N	D	828	0	\N	\N	2010-05-27 17:34:49.294061	\N	\N	f
505	165	6	\N	D	829	0	\N	\N	2010-05-27 17:34:49.294061	\N	\N	f
506	166	5	\N	D	824	0	\N	\N	2010-05-27 17:34:49.294061	\N	\N	f
507	166	5	\N	D	825	0	\N	\N	2010-05-27 17:34:49.294061	\N	\N	f
508	166	5	\N	D	826	0	\N	\N	2010-05-27 17:34:49.294061	\N	\N	f
509	166	5	\N	D	827	0	\N	\N	2010-05-27 17:34:49.294061	\N	\N	f
510	166	5	\N	D	828	0	\N	\N	2010-05-27 17:34:49.294061	\N	\N	f
511	166	5	\N	D	829	0	\N	\N	2010-05-27 17:34:49.294061	\N	\N	f
512	167	4	\N	D	826	0	\N	\N	2010-05-27 17:34:49.294061	\N	\N	f
513	167	4	\N	D	827	0	\N	\N	2010-05-27 17:34:49.294061	\N	\N	f
514	167	4	\N	D	828	0	\N	\N	2010-05-27 17:34:49.294061	\N	\N	f
515	167	4	\N	D	829	0	\N	\N	2010-05-27 17:34:49.294061	\N	\N	f
516	168	3	\N	D	820	0	\N	\N	2010-05-27 17:34:49.294061	\N	\N	f
517	168	3	\N	D	821	0	\N	\N	2010-05-27 17:34:49.294061	\N	\N	f
518	168	3	\N	D	822	0	\N	\N	2010-05-27 17:34:49.294061	\N	\N	f
519	168	3	\N	D	823	0	\N	\N	2010-05-27 17:34:49.294061	\N	\N	f
520	169	2	\N	D	820	0	\N	\N	2010-05-27 17:34:49.294061	\N	\N	f
521	169	2	\N	D	821	0	\N	\N	2010-05-27 17:34:49.294061	\N	\N	f
522	169	2	\N	D	822	0	\N	\N	2010-05-27 17:34:49.294061	\N	\N	f
523	169	2	\N	D	823	0	\N	\N	2010-05-27 17:34:49.294061	\N	\N	f
524	170	1	\N	D	820	0	\N	\N	2010-05-27 17:34:49.294061	\N	\N	f
525	170	1	\N	D	821	0	\N	\N	2010-05-27 17:34:49.294061	\N	\N	f
526	170	1	\N	D	822	0	\N	\N	2010-05-27 17:34:49.294061	\N	\N	f
527	170	1	\N	D	823	0	\N	\N	2010-05-27 17:34:49.294061	\N	\N	f
528	167	4	\N	D	824	0	\N	\N	2010-06-23 11:52:38.590079	\N	\N	f
529	167	4	\N	D	825	0	\N	\N	2010-06-23 11:52:38.590079	\N	\N	f
533	162	14	\N	D	860	0	\N	\N	2010-06-28 13:37:06.754484	\N	\N	f
534	162	14	\N	D	861	0	\N	\N	2010-06-28 13:37:06.754484	\N	\N	f
535	162	14	\N	D	862	0	\N	\N	2010-06-28 13:37:06.754484	\N	\N	f
532	180	15	\N	N		0	\N	\N	2010-06-28 13:37:06.754484	\N	\N	f
531	177	16	\N	N		0	\N	\N	2010-06-28 13:37:06.754484	\N	\N	f
530	191	17	\N	N		0	\N	\N	2010-06-28 13:37:06.754484	\N	\N	f
536	173	18	\N	R	\N	0	\N	\N	2010-08-17 16:01:35.447782	\N	\N	f
537	175	18	\N	D	822	0	\N	\N	2010-09-15 11:50:21.568	\N	\N	f
538	175	18	\N	D	823	0	\N	\N	2010-09-15 11:50:21.568	\N	\N	f
539	175	18	\N	D	820	0	\N	\N	2010-09-15 11:50:21.568	\N	\N	f
540	175	18	\N	D	821	0	\N	\N	2010-09-15 11:50:21.568	\N	\N	f
541	174	19	\N	A	\N	0	\N	\N	2010-10-12 17:22:24	\N	\N	f
542	193	\N	\N	N	\N	0	\N	\N	2011-06-21 16:26:41.165	\N	\N	f
543	194	\N	\N	N	\N	0	\N	\N	2011-06-21 16:26:41.165	\N	\N	f
544	195	\N	\N	N	\N	0	\N	\N	2011-06-21 16:26:41.165	\N	\N	f
545	196	\N	\N	N	\N	0	\N	\N	2011-06-21 16:26:41.165	\N	\N	f
546	197	\N	\N	N	\N	0	\N	\N	2011-06-21 16:26:41.165	\N	\N	f
547	172	\N	\N	N	\N	0	\N	\N	2011-06-21 16:26:41.165	\N	\N	f
548	179	\N	\N	N	\N	0	\N	\N	2011-06-21 16:26:41.165	\N	\N	f
549	181	\N	\N	N	\N	0	\N	\N	2011-06-21 16:26:41.165	\N	\N	f
550	182	\N	\N	N	\N	0	\N	\N	2011-06-21 16:26:41.165	\N	\N	f
551	183	\N	\N	N	\N	0	\N	\N	2011-06-21 16:26:41.165	\N	\N	f
552	186	\N	\N	N	\N	0	\N	\N	2011-06-21 16:26:41.165	\N	\N	f
553	187	\N	\N	N	\N	0	\N	\N	2011-06-21 16:26:41.165	\N	\N	f
554	184	\N	\N	N	\N	0	\N	\N	2011-06-21 16:26:41.165	\N	\N	f
555	188	\N	\N	N	\N	0	\N	\N	2011-06-21 16:26:41.165	\N	\N	f
556	189	\N	\N	N	\N	0	\N	\N	2011-06-21 16:26:41.165	\N	\N	f
557	185	\N	\N	N	\N	0	\N	\N	2011-06-21 16:26:41.165	\N	\N	f
558	178	\N	\N	N	\N	0	\N	\N	2011-06-21 16:26:41.165	\N	\N	f
559	161	\N	\N	N	\N	0	\N	\N	2011-06-21 16:26:41.165	\N	\N	f
560	176	\N	\N	N	\N	0	\N	\N	2011-06-21 16:26:41.165	\N	\N	f
561	160	\N	\N	N	\N	0	\N	\N	2011-06-21 16:26:41.165	\N	\N	f
562	159	\N	\N	N	\N	0	\N	\N	2011-06-21 16:26:41.165	\N	\N	f
563	190	\N	\N	N	\N	0	\N	\N	2011-06-21 16:26:41.165	\N	\N	f
564	192	\N	\N	N	\N	0	\N	\N	2011-06-21 16:26:41.165	\N	\N	f
565	198	\N	\N	D	824	0	\N	\N	2012-09-25 14:28:54.943216	\N	\N	f
566	198	\N	\N	D	825	0	\N	\N	2012-09-25 14:28:54.943216	\N	\N	f
567	198	\N	\N	D	826	0	\N	\N	2012-09-25 14:28:54.943216	\N	\N	f
568	198	\N	\N	D	827	0	\N	\N	2012-09-25 14:28:54.943216	\N	\N	f
569	198	\N	\N	D	828	0	\N	\N	2012-09-25 14:28:54.943216	\N	\N	f
570	198	\N	\N	D	829	0	\N	\N	2012-09-25 14:28:54.943216	\N	\N	f
571	199	20	\N	D	824	0	\N	\N	2012-11-30 14:50:40.47035	\N	\N	f
572	199	20	\N	D	825	0	\N	\N	2012-11-30 14:50:40.47035	\N	\N	f
573	199	20	\N	D	826	0	\N	\N	2012-11-30 14:50:40.47035	\N	\N	f
574	199	20	\N	D	827	0	\N	\N	2012-11-30 14:50:40.47035	\N	\N	f
575	199	20	\N	D	828	0	\N	\N	2012-11-30 14:50:40.47035	\N	\N	f
576	199	20	\N	D	829	0	\N	\N	2012-11-30 14:50:40.47035	\N	\N	f
\.


--
-- Name: test_result_seq; Type: SEQUENCE SET; Schema: clinlims; Owner: clinlims
--

SELECT pg_catalog.setval('test_result_seq', 577, true);


--
-- Data for Name: test_section; Type: TABLE DATA; Schema: clinlims; Owner: clinlims
--

COPY test_section (id, name, description, org_id, is_external, lastupdated, parent_test_section, display_key, sort_order, is_active) FROM stdin;
96	Biochemistry	Biochemistry Department	759	N	2010-05-27 17:34:49.294061	\N	testSection.Biochemistry	2147483647	Y
97	Serology	Serology Department	759	N	2010-05-27 17:34:49.294061	\N	testSection.Serology	2147483647	Y
98	Hematology	Hematology Department	759	N	2010-05-27 17:34:49.294061	\N	testSection.Hematology	2147483647	Y
99	Immunology	Immunology Department	759	N	2010-05-27 17:34:49.294061	\N	testSection.Immunology	2147483647	Y
100	Virology	Virology Department	759	N	2010-05-27 17:34:49.294061	\N	testSection.Virology	2147483647	Y
116	user	Indicates user will chose test section	\N	N	2013-01-11 14:27:39.723937	\N	\N	2147483647	N
\.


--
-- Name: test_section_seq; Type: SEQUENCE SET; Schema: clinlims; Owner: clinlims
--

SELECT pg_catalog.setval('test_section_seq', 135, true);


--
-- Name: test_seq; Type: SEQUENCE SET; Schema: clinlims; Owner: clinlims
--

SELECT pg_catalog.setval('test_seq', 199, true);


--
-- Data for Name: test_trailer; Type: TABLE DATA; Schema: clinlims; Owner: clinlims
--

COPY test_trailer (id, name, description, text, lastupdated) FROM stdin;
8	Diane Test	Diane Test	Diane Test	2006-09-28 09:14:04.334
12	test trailer	test trailer	this is test trailer comment	2006-09-27 09:09:24.34
13	CULTP	Culture in Progress	Smear prepared from concentrated specimen. Culture testing in progress. A separate report will be sent to you when complete.	2006-11-08 11:32:47.789
14	WARNP	WARNING: PCR results are FOR RESEARCH	WARNING: PCR results are FOR RESEARCH USE ONLY and should not be used for diagnosis of disease. Patient management decisions must be based on appropriate findings by a physician and the clinical condition of the patient.	2007-02-05 09:09:21.726
15	XML Test	This is test_trailer description <!field: source of comment	This is test_trailer text field. <It! is the actual comment	2008-05-01 21:36:26.312
1	RESEARCH	RESEARCH	This test is for research use only.	2007-05-07 14:38:55.661
\.


--
-- Name: test_trailer_seq; Type: SEQUENCE SET; Schema: clinlims; Owner: clinlims
--

SELECT pg_catalog.setval('test_trailer_seq', 2, false);


--
-- Data for Name: test_worksheet_item; Type: TABLE DATA; Schema: clinlims; Owner: clinlims
--

COPY test_worksheet_item (id, tw_id, qc_id, "position", cell_type) FROM stdin;
\.


--
-- Data for Name: test_worksheets; Type: TABLE DATA; Schema: clinlims; Owner: clinlims
--

COPY test_worksheets (id, test_id, batch_capacity, total_capacity, number_format) FROM stdin;
\.


--
-- Name: tobereomved_seq; Type: SEQUENCE SET; Schema: clinlims; Owner: clinlims
--

SELECT pg_catalog.setval('tobereomved_seq', 1, false);


--
-- Data for Name: type_of_provider; Type: TABLE DATA; Schema: clinlims; Owner: clinlims
--

COPY type_of_provider (id, description, tp_code) FROM stdin;
\.


--
-- Data for Name: type_of_sample; Type: TABLE DATA; Schema: clinlims; Owner: clinlims
--

COPY type_of_sample (id, description, domain, lastupdated, local_abbrev, display_key, is_active, sort_order) FROM stdin;
24	Dry Tube	H	2010-05-27 17:34:49.294061	Dry	sample.type.dryTube	t	2147483647
25	EDTA Tube	H	2010-05-27 17:34:49.294061	EDTA	sample.type.edtaTube	t	2147483647
26	DBS	H	2010-05-27 17:34:49.294061	DBS	sample.type.DBS	t	2147483647
27	Actual type will be selected by user	H	2013-09-19 14:31:19.349355	Variable	sample.type.variable	f	2147483647
\.


--
-- Name: type_of_sample_seq; Type: SEQUENCE SET; Schema: clinlims; Owner: clinlims
--

SELECT pg_catalog.setval('type_of_sample_seq', 27, true);


--
-- Data for Name: type_of_test_result; Type: TABLE DATA; Schema: clinlims; Owner: clinlims
--

COPY type_of_test_result (id, test_result_type, description, lastupdated, hl7_value) FROM stdin;
2	D	Dictionary	2006-11-08 11:40:58.824	TX
3	T	Titer	2006-03-29 11:53:15	TX
4	N	Numeric	2006-03-29 11:53:21	NM
1	R	Remark	2010-08-17 16:01:32.492998	TX
5	A	Alpha,no range check	2010-10-12 17:22:20.802	TX
6	M	Multiselect	2011-01-20 09:48:08.488	TX
7	C	Cascading Multiselect	2014-03-26 12:26:35.170199	TX
\.


--
-- Name: type_of_test_result_seq; Type: SEQUENCE SET; Schema: clinlims; Owner: clinlims
--

SELECT pg_catalog.setval('type_of_test_result_seq', 7, true);


--
-- Data for Name: unit_of_measure; Type: TABLE DATA; Schema: clinlims; Owner: clinlims
--

COPY unit_of_measure (id, name, description, lastupdated) FROM stdin;
36	g/l	g/l	2010-05-27 17:34:52.53839
37	mg/l	mg/l	2010-05-27 17:34:52.53839
38	UI/l	UI/l	2010-05-27 17:34:52.53839
40	%	%	2010-05-27 17:34:52.53839
42	g/dl	g/dl	2010-05-27 17:34:52.53839
43	fl	fl	2010-05-27 17:34:52.53839
44	pg	pg	2010-05-27 17:34:52.53839
45	Cell/l	Cell/l	2010-05-27 17:34:52.53839
46	copies/ ml	copies/ ml	2010-05-27 17:34:52.53839
39	10^3/l	10^3/l	2010-05-27 17:34:52.53839
41	10^6/l	10^6/l	2010-05-27 17:34:52.53839
\.


--
-- Name: unit_of_measure_seq; Type: SEQUENCE SET; Schema: clinlims; Owner: clinlims
--

SELECT pg_catalog.setval('unit_of_measure_seq', 46, true);


--
-- Data for Name: user_alert_map; Type: TABLE DATA; Schema: clinlims; Owner: clinlims
--

COPY user_alert_map (user_id, alert_id, report_id, alert_limit, alert_operator, map_id) FROM stdin;
\.


--
-- Data for Name: user_group_map; Type: TABLE DATA; Schema: clinlims; Owner: clinlims
--

COPY user_group_map (user_id, group_id, map_id) FROM stdin;
1	1120	0
241	1121	0
\.


--
-- Data for Name: user_security; Type: TABLE DATA; Schema: clinlims; Owner: clinlims
--

COPY user_security (user_id, role_name) FROM stdin;
1	ROOT_ADMIN_ROLE
1	LOG_VIEWER_ROLE
1	UPLOAD_ROLE
1	GROUP_ADMIN_ROLE
1	DATASOURCE_ADMIN_ROLE
1	CHART_ADMIN_ROLE
1	REPORT_ADMIN_ROLE
1	ADVANCED_SCHEDULER_ROLE
1	PARAMETER_ADMIN_ROLE
1	SCHEDULER_ROLE
1	ROOT_ADMIN_ROLE
1	LOG_VIEWER_ROLE
1	UPLOAD_ROLE
1	GROUP_ADMIN_ROLE
1	DATASOURCE_ADMIN_ROLE
1	CHART_ADMIN_ROLE
1	REPORT_ADMIN_ROLE
1	ADVANCED_SCHEDULER_ROLE
1	PARAMETER_ADMIN_ROLE
1	SCHEDULER_ROLE
\.


--
-- Data for Name: worksheet_analysis; Type: TABLE DATA; Schema: clinlims; Owner: clinlims
--

COPY worksheet_analysis (id, reference_type, reference_id, worksheet_item_id) FROM stdin;
\.


--
-- Data for Name: worksheet_analyte; Type: TABLE DATA; Schema: clinlims; Owner: clinlims
--

COPY worksheet_analyte (id, wrkst_anls_id, sort_order, result_id) FROM stdin;
\.


--
-- Data for Name: worksheet_heading; Type: TABLE DATA; Schema: clinlims; Owner: clinlims
--

COPY worksheet_heading (id, worksheet_name, rownumber, column1, column2, column3, column4, column5, column6, column7, column8, column9, column10, type) FROM stdin;
1	TB	1	Micro Result	Culture Result	Report Date	\N	\N	\N	\N	\N	\N	\N	RESULT
2	GC	1	12 HOUR	24 HOUR	48 HOUR	\N	\N	\N	\N	\N	\N	\N	RESULT
9	US FTA	7	\N	\N	\N	\N	PBS	.	.	.	-	.	QC
10	US FTA	8	\N	\N	\N	\N	Sorbent	.	.	.	-	.	QC
8	US FTA	6	PBS	.	.	.	Nonspecific Control / Sorbent	.	.	.	-	.	QC
11	US FTA	1	    USR     Repeat Quant	   FTA      Current Run	    FTA     Previous Runs	   FTA         Final	  TPPA       Result	Comments	\N	\N	\N	\N	RESULT
26	US FTA	1	TEST	TESTing	\N	\N	\N	\N	\N	\N	\N	\N	ANALYTE
7	US FTA	5	.	.	.	.	Nonspecific Control/ PBS	.	.	.	>2+	.	QC
6	US FTA	4	FITCconjugate Working Dilution:	.	.	.	Minimally Reactive Control	.	.	.	1+	.	QC
5	US FTA	3	Sorbent	.	.	.	Reactive Control / Sorbent	.	.	.	3-4+	.	QC
4	US FTA	2	T Palladium antigen	.	.	.	Reactive Control/PBS	.	.	.	4+	.	QC
3	US FTA	1	Reagent	Source	Lot	Expire Date	Reagent	Source	Lot	Expires	Expect	Actual	QC
25	F	23	KNO3	RT incubation	.	.	\N	\N	\N	\N	\N	\N	ANALYTE
24	F	22	dulcitol	chlamydospores	.	.	\N	\N	\N	\N	\N	\N	ANALYTE
23	F	21	melibiose	ascospores	NO3	.	\N	\N	\N	\N	\N	\N	ANALYTE
22	F	20	trehalose	pigment	gelatin	.	\N	\N	\N	\N	\N	\N	ANALYTE
21	F	19	xylose	germ tubes	urea	probe (histo)	\N	\N	\N	\N	\N	\N	ANALYTE
20	F	18	inositol	urea	T4	probe (blasto)	\N	\N	\N	\N	\N	\N	ANALYTE
19	F	17	raffinose	OTHER TESTS	T3	probe (cocci)	\N	\N	\N	\N	\N	\N	ANALYTE
18	F	16	cellobiose	galactose	T2	PROBE TESTS	\N	\N	\N	\N	\N	\N	ANALYTE
17	F	15	galactose	trehalose	T1	.	\N	\N	\N	\N	\N	\N	ANALYTE
16	F	14	lactose	lactose	37 degrees	lysozyme	\N	\N	\N	\N	\N	\N	ANALYTE
15	F	13	sucrose	sucrose	RT incubation	xanthine	\N	\N	\N	\N	\N	\N	ANALYTE
14	F	12	maltose	maltose	sabs without CH	tyrosine	\N	\N	\N	\N	\N	\N	ANALYTE
13	F	11	dextrose	dextrose	sabs with CH	casein	\N	\N	\N	\N	\N	\N	ANALYTE
12	F	10	ASSIMILATIONS	FERMENTATIONS	FILAMENTOUS	ACTINOMYCETES	\N	\N	\N	\N	\N	\N	ANALYTE
62	US VDRL	1	QL	QN:2	4	8	16	32	64	128	256	Final	RESULT
93	US USR	15	Titer	.	.	.	.	.	.	.	\N	\N	QC
96	US FTA	10	\N	\N	\N	\N	TPPA - control	.	.	.	-	.	QC
95	US FTA	9	\N	\N	\N	\N	TPPA + control	.	.	.	+	.	QC
49	US USR	11	CONTROLS	SOURCE	LOT	EXPIRE DATE	RESULTS Qualitative Expect	RESULTS Qualitative  Actual	RESULTS Quantitative Expect	RESULTS Quantitative Actual	\N	\N	QC
48	US USR	10	Rotation of Slides	178-182	__________	rotations/min	\N	\N	\N	\N	\N	\N	QC
47	US USR	9	Temp of Lab	23-29	__________	degrees C	\N	\N	\N	\N	\N	\N	QC
46	US USR	6	Sterile DI H20	MDH	.	.	\N	\N	\N	\N	\N	\N	QC
45	US USR	8	USR working antigen	MDH	.	.	\N	\N	\N	\N	\N	\N	QC
44	US USR	5	Phosphate Buffer	MDH	.	.	\N	\N	\N	\N	\N	\N	QC
43	US USR	4	EDTA	MDH	.	.	\N	\N	\N	\N	\N	\N	QC
42	US USR	3	Choline Chloride	MDH	.	.	\N	\N	\N	\N	\N	\N	QC
41	US USR	2	VDRL Antigen Kit	Difco	.	.	\N	\N	\N	\N	\N	\N	QC
40	US USR	1	REAGENT	SOURCE	LOT	EXPIRE DATE	\N	\N	\N	\N	\N	\N	QC
52	US USR	14	NC	Difco	.	.	NR	.	.	.	\N	\N	QC
51	US USR	13	LPC	Difco	.	.	WR	.	.	.	\N	\N	QC
50	US USR	12	HPC	Difco	.	.	R	.	.	.	\N	\N	QC
55	HSV TYPING	3	Expiration Date:	________________	Negative Cells:	Lot _____________	\N	\N	\N	\N	\N	\N	QC
54	HSV TYPING	2	Lot:	________________	HSV2 Positive Cells:	Lot _____________	\N	\N	\N	\N	\N	\N	QC
53	HSV TYPING	1	HSV1 / HSV2 Typing Kit:	________________	HSV1 Positive Cells:	Lot _____________	\N	\N	\N	\N	\N	\N	QC
57	HSV TYPING	2	HSV-1 PC	.	.	.	.	.	.	.	\N	\N	RESULT
58	HSV TYPING	3	HSV-1 nc	.	.	.	.	.	.	.	\N	\N	RESULT
60	HSV TYPING	5	HSV-2 nc	.	.	.	.	.	.	.	\N	\N	RESULT
59	HSV TYPING	4	HSV-2 PC	.	.	.	.	.	.	.	\N	\N	RESULT
74	MICRO	6	Pigment	Mannitol	Casein	Gelatin	\N	\N	\N	\N	\N	\N	ANALYTE
73	MICRO	5	Hemolysis	Maltose	Trehalose	Litmus Milk	\N	\N	\N	\N	\N	\N	ANALYTE
72	MICRO	4	O2 Relation	Sucrose	Sorbose	Ornithine	\N	\N	\N	\N	\N	\N	ANALYTE
92	STREP	11	\N	\N	\N	\N	PFGE	\N	\N	\N	\N	\N	ANALYTE
35	US VDRL	8	Rotation of Slides	.	178 - 182	__________	rotation/min	\N	\N	\N	\N	\N	QC
34	US VDRL	7	Temp of Lab	.	23 - 29	__________	degrees C	\N	\N	\N	\N	\N	QC
36	US VDRL	9	CONTROLS	SOURCE	LOT	EXPIRE DATE	RESULT Qualitative Expect	RESULT Qualitative  Actual	RESULT Quantitative Expect	RESULT Quantitative Actual	\N	\N	QC
56	HSV TYPING	1	Specimen ID	Received Date	Source	Pass	HSV1	HSV2	Comments	Mailer	\N	\N	RESULT
27	VI	1	Comments	Results	Interpretation	\N	\N	\N	\N	\N	\N	\N	RESULT
32	US VDRL	5	VDRL working antigen	.	.	.	\N	\N	\N	\N	\N	\N	QC
31	US VDRL	4	10% Saline	.	.	.	\N	\N	\N	\N	\N	\N	QC
30	US VDRL	3	Kahn Saline 0.9%	.	.	.	\N	\N	\N	\N	\N	\N	QC
29	US VDRL	2	VDRL Antigen Kit	Difco	.	.	\N	\N	\N	\N	\N	\N	QC
28	US VDRL	1	REAGENT	SOURCE	LOT	EXPIRE DATE	\N	\N	\N	\N	\N	\N	QC
38	US VDRL	11	LPC	Difco	.	.	WR	.	.	.	\N	\N	QC
37	US VDRL	10	HPC	Difco	.	.	R	.	.	.	\N	\N	QC
39	US VDRL	12	NC	Difco	.	.	NR	.	.	.	\N	\N	QC
61	US USR	1	QL	QN: 2	4	8	16	32	64	128	256	Final	RESULT
68	STREP	6	Factors	PFGE	\N	Catalase	Lact	\N	\N	\N	\N	\N	ANALYTE
67	STREP	5	Group	Latex	Latex	Kilian	Suc	\N	\N	\N	\N	\N	ANALYTE
66	STREP	4	Typing pool	PYR	Hipp	Satellites	Malt	\N	\N	\N	\N	\N	ANALYTE
65	STREP	3	Bile sol	A disc	Camp	X+V	Dex	\N	\N	\N	\N	\N	ANALYTE
64	STREP	2	P disc	GmSt	GmSt	GmSt	GmSt	\N	\N	\N	\N	\N	ANALYTE
63	STREP	1	Strep pneumo	Group A Strep	Group B Strep	H Influenzae	N. meningitidis	\N	\N	\N	\N	\N	ANALYTE
70	MICRO	3	Spores	Lactose	Sorbitol	Arginine	\N	\N	\N	\N	\N	\N	ANALYTE
69	MICRO	2	42	Glucose	Salicin	Lysine	\N	\N	\N	\N	\N	\N	ANALYTE
71	MICRO	1	Colony morphology	.	Gram morphology	.	\N	\N	\N	\N	\N	\N	ANALYTE
79	MICRO	11	MacConkey	Fructose	Motility	Pyruvate	\N	\N	\N	\N	\N	\N	ANALYTE
78	MICRO	10	Serology	Inulin	.	6.5% salt	\N	\N	\N	\N	\N	\N	ANALYTE
77	MICRO	9	Satellites	Cellibiose	Alk Phos	Bile Esculin	\N	\N	\N	\N	\N	\N	ANALYTE
76	MICRO	8	Kilian test	Arabinose	PZA	Esculin	\N	\N	\N	\N	\N	\N	ANALYTE
75	MICRO	7	X+V Req	Xylose	Starch	Cetrimide	\N	\N	\N	\N	\N	\N	ANALYTE
87	MICRO	19	Lecthinase	Ribose	Phenylalanine	.	\N	\N	\N	\N	\N	\N	ANALYTE
86	MICRO	18	Lipase	Rhamnose	Acetate	FREEZE	\N	\N	\N	\N	\N	\N	ANALYTE
85	MICRO	17	.	Raffinose	Citrate	PFGE	\N	\N	\N	\N	\N	\N	ANALYTE
84	MICRO	16	Optochin	MMP	MR         VP	LAP         PYR	\N	\N	\N	\N	\N	\N	ANALYTE
83	MICRO	15	Camp	Melibiose	Indol	Erythromycin	\N	\N	\N	\N	\N	\N	ANALYTE
82	MICRO	14	Bacitracin	Mannose	Nitite	Vancomycin	\N	\N	\N	\N	\N	\N	ANALYTE
81	MICRO	13	Catalase	Glycerol	Nitrate	Coagulase	\N	\N	\N	\N	\N	\N	ANALYTE
80	MICRO	12	Oxidase	Galactose	Urease	MGP	\N	\N	\N	\N	\N	\N	ANALYTE
91	STREP	10	\N	\N	\N	\N	Serology	\N	\N	\N	\N	\N	ANALYTE
90	STREP	9	\N	\N	\N	\N	TM	\N	\N	\N	\N	\N	ANALYTE
89	STREP	8	\N	\N	\N	Serology	Oxidase	\N	\N	\N	\N	\N	ANALYTE
88	STREP	7	\N	\N	\N	Oxidase	Catalase	\N	\N	\N	\N	\N	ANALYTE
94	US USR	7	Kahn's solution	MDH	.	.	\N	\N	\N	\N	\N	\N	QC
1	TB	1	Micro Result	Culture Result	Report Date	\N	\N	\N	\N	\N	\N	\N	RESULT
2	GC	1	12 HOUR	24 HOUR	48 HOUR	\N	\N	\N	\N	\N	\N	\N	RESULT
9	US FTA	7	\N	\N	\N	\N	PBS	.	.	.	-	.	QC
10	US FTA	8	\N	\N	\N	\N	Sorbent	.	.	.	-	.	QC
8	US FTA	6	PBS	.	.	.	Nonspecific Control / Sorbent	.	.	.	-	.	QC
11	US FTA	1	    USR     Repeat Quant	   FTA      Current Run	    FTA     Previous Runs	   FTA         Final	  TPPA       Result	Comments	\N	\N	\N	\N	RESULT
26	US FTA	1	TEST	TESTing	\N	\N	\N	\N	\N	\N	\N	\N	ANALYTE
7	US FTA	5	.	.	.	.	Nonspecific Control/ PBS	.	.	.	>2+	.	QC
6	US FTA	4	FITCconjugate Working Dilution:	.	.	.	Minimally Reactive Control	.	.	.	1+	.	QC
5	US FTA	3	Sorbent	.	.	.	Reactive Control / Sorbent	.	.	.	3-4+	.	QC
4	US FTA	2	T Palladium antigen	.	.	.	Reactive Control/PBS	.	.	.	4+	.	QC
3	US FTA	1	Reagent	Source	Lot	Expire Date	Reagent	Source	Lot	Expires	Expect	Actual	QC
25	F	23	KNO3	RT incubation	.	.	\N	\N	\N	\N	\N	\N	ANALYTE
24	F	22	dulcitol	chlamydospores	.	.	\N	\N	\N	\N	\N	\N	ANALYTE
23	F	21	melibiose	ascospores	NO3	.	\N	\N	\N	\N	\N	\N	ANALYTE
22	F	20	trehalose	pigment	gelatin	.	\N	\N	\N	\N	\N	\N	ANALYTE
21	F	19	xylose	germ tubes	urea	probe (histo)	\N	\N	\N	\N	\N	\N	ANALYTE
20	F	18	inositol	urea	T4	probe (blasto)	\N	\N	\N	\N	\N	\N	ANALYTE
19	F	17	raffinose	OTHER TESTS	T3	probe (cocci)	\N	\N	\N	\N	\N	\N	ANALYTE
18	F	16	cellobiose	galactose	T2	PROBE TESTS	\N	\N	\N	\N	\N	\N	ANALYTE
17	F	15	galactose	trehalose	T1	.	\N	\N	\N	\N	\N	\N	ANALYTE
16	F	14	lactose	lactose	37 degrees	lysozyme	\N	\N	\N	\N	\N	\N	ANALYTE
15	F	13	sucrose	sucrose	RT incubation	xanthine	\N	\N	\N	\N	\N	\N	ANALYTE
14	F	12	maltose	maltose	sabs without CH	tyrosine	\N	\N	\N	\N	\N	\N	ANALYTE
13	F	11	dextrose	dextrose	sabs with CH	casein	\N	\N	\N	\N	\N	\N	ANALYTE
12	F	10	ASSIMILATIONS	FERMENTATIONS	FILAMENTOUS	ACTINOMYCETES	\N	\N	\N	\N	\N	\N	ANALYTE
62	US VDRL	1	QL	QN:2	4	8	16	32	64	128	256	Final	RESULT
93	US USR	15	Titer	.	.	.	.	.	.	.	\N	\N	QC
96	US FTA	10	\N	\N	\N	\N	TPPA - control	.	.	.	-	.	QC
95	US FTA	9	\N	\N	\N	\N	TPPA + control	.	.	.	+	.	QC
49	US USR	11	CONTROLS	SOURCE	LOT	EXPIRE DATE	RESULTS Qualitative Expect	RESULTS Qualitative  Actual	RESULTS Quantitative Expect	RESULTS Quantitative Actual	\N	\N	QC
48	US USR	10	Rotation of Slides	178-182	__________	rotations/min	\N	\N	\N	\N	\N	\N	QC
47	US USR	9	Temp of Lab	23-29	__________	degrees C	\N	\N	\N	\N	\N	\N	QC
46	US USR	6	Sterile DI H20	MDH	.	.	\N	\N	\N	\N	\N	\N	QC
45	US USR	8	USR working antigen	MDH	.	.	\N	\N	\N	\N	\N	\N	QC
44	US USR	5	Phosphate Buffer	MDH	.	.	\N	\N	\N	\N	\N	\N	QC
43	US USR	4	EDTA	MDH	.	.	\N	\N	\N	\N	\N	\N	QC
42	US USR	3	Choline Chloride	MDH	.	.	\N	\N	\N	\N	\N	\N	QC
41	US USR	2	VDRL Antigen Kit	Difco	.	.	\N	\N	\N	\N	\N	\N	QC
40	US USR	1	REAGENT	SOURCE	LOT	EXPIRE DATE	\N	\N	\N	\N	\N	\N	QC
52	US USR	14	NC	Difco	.	.	NR	.	.	.	\N	\N	QC
51	US USR	13	LPC	Difco	.	.	WR	.	.	.	\N	\N	QC
50	US USR	12	HPC	Difco	.	.	R	.	.	.	\N	\N	QC
55	HSV TYPING	3	Expiration Date:	________________	Negative Cells:	Lot _____________	\N	\N	\N	\N	\N	\N	QC
54	HSV TYPING	2	Lot:	________________	HSV2 Positive Cells:	Lot _____________	\N	\N	\N	\N	\N	\N	QC
53	HSV TYPING	1	HSV1 / HSV2 Typing Kit:	________________	HSV1 Positive Cells:	Lot _____________	\N	\N	\N	\N	\N	\N	QC
57	HSV TYPING	2	HSV-1 PC	.	.	.	.	.	.	.	\N	\N	RESULT
58	HSV TYPING	3	HSV-1 nc	.	.	.	.	.	.	.	\N	\N	RESULT
60	HSV TYPING	5	HSV-2 nc	.	.	.	.	.	.	.	\N	\N	RESULT
59	HSV TYPING	4	HSV-2 PC	.	.	.	.	.	.	.	\N	\N	RESULT
74	MICRO	6	Pigment	Mannitol	Casein	Gelatin	\N	\N	\N	\N	\N	\N	ANALYTE
73	MICRO	5	Hemolysis	Maltose	Trehalose	Litmus Milk	\N	\N	\N	\N	\N	\N	ANALYTE
72	MICRO	4	O2 Relation	Sucrose	Sorbose	Ornithine	\N	\N	\N	\N	\N	\N	ANALYTE
92	STREP	11	\N	\N	\N	\N	PFGE	\N	\N	\N	\N	\N	ANALYTE
35	US VDRL	8	Rotation of Slides	.	178 - 182	__________	rotation/min	\N	\N	\N	\N	\N	QC
34	US VDRL	7	Temp of Lab	.	23 - 29	__________	degrees C	\N	\N	\N	\N	\N	QC
36	US VDRL	9	CONTROLS	SOURCE	LOT	EXPIRE DATE	RESULT Qualitative Expect	RESULT Qualitative  Actual	RESULT Quantitative Expect	RESULT Quantitative Actual	\N	\N	QC
56	HSV TYPING	1	Specimen ID	Received Date	Source	Pass	HSV1	HSV2	Comments	Mailer	\N	\N	RESULT
27	VI	1	Comments	Results	Interpretation	\N	\N	\N	\N	\N	\N	\N	RESULT
32	US VDRL	5	VDRL working antigen	.	.	.	\N	\N	\N	\N	\N	\N	QC
31	US VDRL	4	10% Saline	.	.	.	\N	\N	\N	\N	\N	\N	QC
30	US VDRL	3	Kahn Saline 0.9%	.	.	.	\N	\N	\N	\N	\N	\N	QC
29	US VDRL	2	VDRL Antigen Kit	Difco	.	.	\N	\N	\N	\N	\N	\N	QC
28	US VDRL	1	REAGENT	SOURCE	LOT	EXPIRE DATE	\N	\N	\N	\N	\N	\N	QC
38	US VDRL	11	LPC	Difco	.	.	WR	.	.	.	\N	\N	QC
37	US VDRL	10	HPC	Difco	.	.	R	.	.	.	\N	\N	QC
39	US VDRL	12	NC	Difco	.	.	NR	.	.	.	\N	\N	QC
61	US USR	1	QL	QN: 2	4	8	16	32	64	128	256	Final	RESULT
68	STREP	6	Factors	PFGE	\N	Catalase	Lact	\N	\N	\N	\N	\N	ANALYTE
67	STREP	5	Group	Latex	Latex	Kilian	Suc	\N	\N	\N	\N	\N	ANALYTE
66	STREP	4	Typing pool	PYR	Hipp	Satellites	Malt	\N	\N	\N	\N	\N	ANALYTE
65	STREP	3	Bile sol	A disc	Camp	X+V	Dex	\N	\N	\N	\N	\N	ANALYTE
64	STREP	2	P disc	GmSt	GmSt	GmSt	GmSt	\N	\N	\N	\N	\N	ANALYTE
63	STREP	1	Strep pneumo	Group A Strep	Group B Strep	H Influenzae	N. meningitidis	\N	\N	\N	\N	\N	ANALYTE
70	MICRO	3	Spores	Lactose	Sorbitol	Arginine	\N	\N	\N	\N	\N	\N	ANALYTE
69	MICRO	2	42	Glucose	Salicin	Lysine	\N	\N	\N	\N	\N	\N	ANALYTE
71	MICRO	1	Colony morphology	.	Gram morphology	.	\N	\N	\N	\N	\N	\N	ANALYTE
79	MICRO	11	MacConkey	Fructose	Motility	Pyruvate	\N	\N	\N	\N	\N	\N	ANALYTE
78	MICRO	10	Serology	Inulin	.	6.5% salt	\N	\N	\N	\N	\N	\N	ANALYTE
77	MICRO	9	Satellites	Cellibiose	Alk Phos	Bile Esculin	\N	\N	\N	\N	\N	\N	ANALYTE
76	MICRO	8	Kilian test	Arabinose	PZA	Esculin	\N	\N	\N	\N	\N	\N	ANALYTE
75	MICRO	7	X+V Req	Xylose	Starch	Cetrimide	\N	\N	\N	\N	\N	\N	ANALYTE
87	MICRO	19	Lecthinase	Ribose	Phenylalanine	.	\N	\N	\N	\N	\N	\N	ANALYTE
86	MICRO	18	Lipase	Rhamnose	Acetate	FREEZE	\N	\N	\N	\N	\N	\N	ANALYTE
85	MICRO	17	.	Raffinose	Citrate	PFGE	\N	\N	\N	\N	\N	\N	ANALYTE
84	MICRO	16	Optochin	MMP	MR         VP	LAP         PYR	\N	\N	\N	\N	\N	\N	ANALYTE
83	MICRO	15	Camp	Melibiose	Indol	Erythromycin	\N	\N	\N	\N	\N	\N	ANALYTE
82	MICRO	14	Bacitracin	Mannose	Nitite	Vancomycin	\N	\N	\N	\N	\N	\N	ANALYTE
81	MICRO	13	Catalase	Glycerol	Nitrate	Coagulase	\N	\N	\N	\N	\N	\N	ANALYTE
80	MICRO	12	Oxidase	Galactose	Urease	MGP	\N	\N	\N	\N	\N	\N	ANALYTE
91	STREP	10	\N	\N	\N	\N	Serology	\N	\N	\N	\N	\N	ANALYTE
90	STREP	9	\N	\N	\N	\N	TM	\N	\N	\N	\N	\N	ANALYTE
89	STREP	8	\N	\N	\N	Serology	Oxidase	\N	\N	\N	\N	\N	ANALYTE
88	STREP	7	\N	\N	\N	Oxidase	Catalase	\N	\N	\N	\N	\N	ANALYTE
94	US USR	7	Kahn's solution	MDH	.	.	\N	\N	\N	\N	\N	\N	QC
\.


--
-- Data for Name: worksheet_item; Type: TABLE DATA; Schema: clinlims; Owner: clinlims
--

COPY worksheet_item (id, "position", worksheet_id) FROM stdin;
\.


--
-- Data for Name: worksheet_qc; Type: TABLE DATA; Schema: clinlims; Owner: clinlims
--

COPY worksheet_qc (id, sort_order, wq_type, value, worksheet_analysis_id, qc_analyte_id) FROM stdin;
\.


--
-- Data for Name: worksheets; Type: TABLE DATA; Schema: clinlims; Owner: clinlims
--

COPY worksheets (id, sys_user_id, test_id, created, status, number_format) FROM stdin;
\.


--
-- Name: zip_code_seq; Type: SEQUENCE SET; Schema: clinlims; Owner: clinlims
--

SELECT pg_catalog.setval('zip_code_seq', 1, false);


--
-- Name: address_part_part_name_key; Type: CONSTRAINT; Schema: clinlims; Owner: clinlims; Tablespace: 
--

ALTER TABLE ONLY address_part
    ADD CONSTRAINT address_part_part_name_key UNIQUE (part_name);


--
-- Name: address_part_pk; Type: CONSTRAINT; Schema: clinlims; Owner: clinlims; Tablespace: 
--

ALTER TABLE ONLY address_part
    ADD CONSTRAINT address_part_pk PRIMARY KEY (id);


--
-- Name: analysis_pk; Type: CONSTRAINT; Schema: clinlims; Owner: clinlims; Tablespace: 
--

ALTER TABLE ONLY analysis
    ADD CONSTRAINT analysis_pk PRIMARY KEY (id);


--
-- Name: analyte_pk; Type: CONSTRAINT; Schema: clinlims; Owner: clinlims; Tablespace: 
--

ALTER TABLE ONLY analyte
    ADD CONSTRAINT analyte_pk PRIMARY KEY (id);


--
-- Name: analyzer_pk; Type: CONSTRAINT; Schema: clinlims; Owner: clinlims; Tablespace: 
--

ALTER TABLE ONLY analyzer
    ADD CONSTRAINT analyzer_pk PRIMARY KEY (id);


--
-- Name: analyzer_result_status_pk; Type: CONSTRAINT; Schema: clinlims; Owner: clinlims; Tablespace: 
--

ALTER TABLE ONLY analyzer_result_status
    ADD CONSTRAINT analyzer_result_status_pk PRIMARY KEY (id);


--
-- Name: analyzer_test_map_pk; Type: CONSTRAINT; Schema: clinlims; Owner: clinlims; Tablespace: 
--

ALTER TABLE ONLY analyzer_test_map
    ADD CONSTRAINT analyzer_test_map_pk PRIMARY KEY (analyzer_id, analyzer_test_name);


--
-- Name: anauser_pk; Type: CONSTRAINT; Schema: clinlims; Owner: clinlims; Tablespace: 
--

ALTER TABLE ONLY analysis_users
    ADD CONSTRAINT anauser_pk PRIMARY KEY (id);


--
-- Name: ani_samp_pk; Type: CONSTRAINT; Schema: clinlims; Owner: clinlims; Tablespace: 
--

ALTER TABLE ONLY sample_animal
    ADD CONSTRAINT ani_samp_pk PRIMARY KEY (id);


--
-- Name: anqaev_pk; Type: CONSTRAINT; Schema: clinlims; Owner: clinlims; Tablespace: 
--

ALTER TABLE ONLY analysis_qaevent
    ADD CONSTRAINT anqaev_pk PRIMARY KEY (id);


--
-- Name: anstore_pk; Type: CONSTRAINT; Schema: clinlims; Owner: clinlims; Tablespace: 
--

ALTER TABLE ONLY analysis_storages
    ADD CONSTRAINT anstore_pk PRIMARY KEY (id);


--
-- Name: attachment_item_pk; Type: CONSTRAINT; Schema: clinlims; Owner: clinlims; Tablespace: 
--

ALTER TABLE ONLY attachment_item
    ADD CONSTRAINT attachment_item_pk PRIMARY KEY (id);


--
-- Name: attachment_pk; Type: CONSTRAINT; Schema: clinlims; Owner: clinlims; Tablespace: 
--

ALTER TABLE ONLY attachment
    ADD CONSTRAINT attachment_pk PRIMARY KEY (id);


--
-- Name: auxdata_pk; Type: CONSTRAINT; Schema: clinlims; Owner: clinlims; Tablespace: 
--

ALTER TABLE ONLY aux_data
    ADD CONSTRAINT auxdata_pk PRIMARY KEY (id);


--
-- Name: auxfld_pk; Type: CONSTRAINT; Schema: clinlims; Owner: clinlims; Tablespace: 
--

ALTER TABLE ONLY aux_field
    ADD CONSTRAINT auxfld_pk PRIMARY KEY (id);


--
-- Name: auxfldval_pk; Type: CONSTRAINT; Schema: clinlims; Owner: clinlims; Tablespace: 
--

ALTER TABLE ONLY aux_field_values
    ADD CONSTRAINT auxfldval_pk PRIMARY KEY (id);


--
-- Name: code_element_type_pk; Type: CONSTRAINT; Schema: clinlims; Owner: clinlims; Tablespace: 
--

ALTER TABLE ONLY code_element_type
    ADD CONSTRAINT code_element_type_pk PRIMARY KEY (id);


--
-- Name: code_element_xref_pk; Type: CONSTRAINT; Schema: clinlims; Owner: clinlims; Tablespace: 
--

ALTER TABLE ONLY code_element_xref
    ADD CONSTRAINT code_element_xref_pk PRIMARY KEY (id);


--
-- Name: comm_anim_pk; Type: CONSTRAINT; Schema: clinlims; Owner: clinlims; Tablespace: 
--

ALTER TABLE ONLY animal_common_name
    ADD CONSTRAINT comm_anim_pk PRIMARY KEY (id);


--
-- Name: cron_scheduler_pk; Type: CONSTRAINT; Schema: clinlims; Owner: clinlims; Tablespace: 
--

ALTER TABLE ONLY quartz_cron_scheduler
    ADD CONSTRAINT cron_scheduler_pk PRIMARY KEY (id);


--
-- Name: ct_pk; Type: CONSTRAINT; Schema: clinlims; Owner: clinlims; Tablespace: 
--

ALTER TABLE ONLY contact_type
    ADD CONSTRAINT ct_pk PRIMARY KEY (id);


--
-- Name: demog_hist_type_type_name_u; Type: CONSTRAINT; Schema: clinlims; Owner: clinlims; Tablespace: 
--

ALTER TABLE ONLY observation_history_type
    ADD CONSTRAINT demog_hist_type_type_name_u UNIQUE (type_name);


--
-- Name: demographic_history_type_pk; Type: CONSTRAINT; Schema: clinlims; Owner: clinlims; Tablespace: 
--

ALTER TABLE ONLY observation_history_type
    ADD CONSTRAINT demographic_history_type_pk PRIMARY KEY (id);


--
-- Name: demographics_history_pk; Type: CONSTRAINT; Schema: clinlims; Owner: clinlims; Tablespace: 
--

ALTER TABLE ONLY observation_history
    ADD CONSTRAINT demographics_history_pk PRIMARY KEY (id);


--
-- Name: dict_cat_desc_u; Type: CONSTRAINT; Schema: clinlims; Owner: clinlims; Tablespace: 
--

ALTER TABLE ONLY dictionary_category
    ADD CONSTRAINT dict_cat_desc_u UNIQUE (description);


--
-- Name: dict_cat_local_abbrev_u; Type: CONSTRAINT; Schema: clinlims; Owner: clinlims; Tablespace: 
--

ALTER TABLE ONLY dictionary_category
    ADD CONSTRAINT dict_cat_local_abbrev_u UNIQUE (local_abbrev);


--
-- Name: dict_dict_cat_id_dict_entry_u; Type: CONSTRAINT; Schema: clinlims; Owner: clinlims; Tablespace: 
--

ALTER TABLE ONLY dictionary
    ADD CONSTRAINT dict_dict_cat_id_dict_entry_u UNIQUE (dictionary_category_id, dict_entry);


--
-- Name: dict_pk; Type: CONSTRAINT; Schema: clinlims; Owner: clinlims; Tablespace: 
--

ALTER TABLE ONLY dictionary
    ADD CONSTRAINT dict_pk PRIMARY KEY (id);


--
-- Name: dictionary_category_pk; Type: CONSTRAINT; Schema: clinlims; Owner: clinlims; Tablespace: 
--

ALTER TABLE ONLY dictionary_category
    ADD CONSTRAINT dictionary_category_pk PRIMARY KEY (id);


--
-- Name: dist_pk; Type: CONSTRAINT; Schema: clinlims; Owner: clinlims; Tablespace: 
--

ALTER TABLE ONLY district
    ADD CONSTRAINT dist_pk PRIMARY KEY (id);


--
-- Name: electronic_order_pk; Type: CONSTRAINT; Schema: clinlims; Owner: clinlims; Tablespace: 
--

ALTER TABLE ONLY electronic_order
    ADD CONSTRAINT electronic_order_pk PRIMARY KEY (id);


--
-- Name: env_samp_pk; Type: CONSTRAINT; Schema: clinlims; Owner: clinlims; Tablespace: 
--

ALTER TABLE ONLY sample_environmental
    ADD CONSTRAINT env_samp_pk PRIMARY KEY (id);


--
-- Name: ethnic_pk; Type: CONSTRAINT; Schema: clinlims; Owner: clinlims; Tablespace: 
--

ALTER TABLE ONLY ethnicity
    ADD CONSTRAINT ethnic_pk PRIMARY KEY (id);


--
-- Name: gender_pk; Type: CONSTRAINT; Schema: clinlims; Owner: clinlims; Tablespace: 
--

ALTER TABLE ONLY gender
    ADD CONSTRAINT gender_pk PRIMARY KEY (id);


--
-- Name: hist_pk; Type: CONSTRAINT; Schema: clinlims; Owner: clinlims; Tablespace: 
--

ALTER TABLE ONLY history
    ADD CONSTRAINT hist_pk PRIMARY KEY (id);


--
-- Name: hl7_encoding_type_pk; Type: CONSTRAINT; Schema: clinlims; Owner: clinlims; Tablespace: 
--

ALTER TABLE ONLY test_code_type
    ADD CONSTRAINT hl7_encoding_type_pk PRIMARY KEY (id);


--
-- Name: hum_pk; Type: CONSTRAINT; Schema: clinlims; Owner: clinlims; Tablespace: 
--

ALTER TABLE ONLY sample_human
    ADD CONSTRAINT hum_pk PRIMARY KEY (id);


--
-- Name: ia_pk; Type: CONSTRAINT; Schema: clinlims; Owner: clinlims; Tablespace: 
--

ALTER TABLE ONLY instrument_analyte
    ADD CONSTRAINT ia_pk PRIMARY KEY (id);


--
-- Name: id; Type: CONSTRAINT; Schema: clinlims; Owner: clinlims; Tablespace: 
--

ALTER TABLE ONLY analyzer_results
    ADD CONSTRAINT id PRIMARY KEY (id);


--
-- Name: identity_type_uk; Type: CONSTRAINT; Schema: clinlims; Owner: clinlims; Tablespace: 
--

ALTER TABLE ONLY patient_identity_type
    ADD CONSTRAINT identity_type_uk UNIQUE (identity_type);


--
-- Name: il_pk; Type: CONSTRAINT; Schema: clinlims; Owner: clinlims; Tablespace: 
--

ALTER TABLE ONLY instrument_log
    ADD CONSTRAINT il_pk PRIMARY KEY (id);


--
-- Name: instru_pk; Type: CONSTRAINT; Schema: clinlims; Owner: clinlims; Tablespace: 
--

ALTER TABLE ONLY instrument
    ADD CONSTRAINT instru_pk PRIMARY KEY (id);


--
-- Name: inv_recpt_pk; Type: CONSTRAINT; Schema: clinlims; Owner: clinlims; Tablespace: 
--

ALTER TABLE ONLY inventory_receipt
    ADD CONSTRAINT inv_recpt_pk PRIMARY KEY (id);


--
-- Name: invcomp_pk; Type: CONSTRAINT; Schema: clinlims; Owner: clinlims; Tablespace: 
--

ALTER TABLE ONLY inventory_component
    ADD CONSTRAINT invcomp_pk PRIMARY KEY (id);


--
-- Name: invitem_pk; Type: CONSTRAINT; Schema: clinlims; Owner: clinlims; Tablespace: 
--

ALTER TABLE ONLY inventory_item
    ADD CONSTRAINT invitem_pk PRIMARY KEY (id);


--
-- Name: invloc_pk; Type: CONSTRAINT; Schema: clinlims; Owner: clinlims; Tablespace: 
--

ALTER TABLE ONLY inventory_location
    ADD CONSTRAINT invloc_pk PRIMARY KEY (id);


--
-- Name: lab_order_item_pk; Type: CONSTRAINT; Schema: clinlims; Owner: clinlims; Tablespace: 
--

ALTER TABLE ONLY lab_order_item
    ADD CONSTRAINT lab_order_item_pk PRIMARY KEY (id);


--
-- Name: lab_order_type_pk; Type: CONSTRAINT; Schema: clinlims; Owner: clinlims; Tablespace: 
--

ALTER TABLE ONLY lab_order_type
    ADD CONSTRAINT lab_order_type_pk PRIMARY KEY (id);


--
-- Name: label_pk; Type: CONSTRAINT; Schema: clinlims; Owner: clinlims; Tablespace: 
--

ALTER TABLE ONLY label
    ADD CONSTRAINT label_pk PRIMARY KEY (id);


--
-- Name: login_user_pk; Type: CONSTRAINT; Schema: clinlims; Owner: clinlims; Tablespace: 
--

ALTER TABLE ONLY login_user
    ADD CONSTRAINT login_user_pk PRIMARY KEY (login_name);


--
-- Name: ma_pk; Type: CONSTRAINT; Schema: clinlims; Owner: clinlims; Tablespace: 
--

ALTER TABLE ONLY method_analyte
    ADD CONSTRAINT ma_pk PRIMARY KEY (id);


--
-- Name: menu_element_id_key; Type: CONSTRAINT; Schema: clinlims; Owner: clinlims; Tablespace: 
--

ALTER TABLE ONLY menu
    ADD CONSTRAINT menu_element_id_key UNIQUE (element_id);


--
-- Name: message_org_pk; Type: CONSTRAINT; Schema: clinlims; Owner: clinlims; Tablespace: 
--

ALTER TABLE ONLY message_org
    ADD CONSTRAINT message_org_pk PRIMARY KEY (id);


--
-- Name: method_pk; Type: CONSTRAINT; Schema: clinlims; Owner: clinlims; Tablespace: 
--

ALTER TABLE ONLY method
    ADD CONSTRAINT method_pk PRIMARY KEY (id);


--
-- Name: methres_pk; Type: CONSTRAINT; Schema: clinlims; Owner: clinlims; Tablespace: 
--

ALTER TABLE ONLY method_result
    ADD CONSTRAINT methres_pk PRIMARY KEY (id);


--
-- Name: mls_lab_tp_pk; Type: CONSTRAINT; Schema: clinlims; Owner: clinlims; Tablespace: 
--

ALTER TABLE ONLY mls_lab_type
    ADD CONSTRAINT mls_lab_tp_pk PRIMARY KEY (id);


--
-- Name: newborn_pk; Type: CONSTRAINT; Schema: clinlims; Owner: clinlims; Tablespace: 
--

ALTER TABLE ONLY sample_newborn
    ADD CONSTRAINT newborn_pk PRIMARY KEY (id);


--
-- Name: note_id; Type: CONSTRAINT; Schema: clinlims; Owner: clinlims; Tablespace: 
--

ALTER TABLE ONLY note
    ADD CONSTRAINT note_id PRIMARY KEY (id);


--
-- Name: oct_pk; Type: CONSTRAINT; Schema: clinlims; Owner: clinlims; Tablespace: 
--

ALTER TABLE ONLY occupation
    ADD CONSTRAINT oct_pk PRIMARY KEY (id);


--
-- Name: or_properties_pkey; Type: CONSTRAINT; Schema: clinlims; Owner: clinlims; Tablespace: 
--

ALTER TABLE ONLY or_properties
    ADD CONSTRAINT or_properties_pkey PRIMARY KEY (property_id);


--
-- Name: or_properties_property_key_key; Type: CONSTRAINT; Schema: clinlims; Owner: clinlims; Tablespace: 
--

ALTER TABLE ONLY or_properties
    ADD CONSTRAINT or_properties_property_key_key UNIQUE (property_key);


--
-- Name: or_tags_pkey; Type: CONSTRAINT; Schema: clinlims; Owner: clinlims; Tablespace: 
--

ALTER TABLE ONLY or_tags
    ADD CONSTRAINT or_tags_pkey PRIMARY KEY (tag_id);


--
-- Name: ord_pk; Type: CONSTRAINT; Schema: clinlims; Owner: clinlims; Tablespace: 
--

ALTER TABLE ONLY orders
    ADD CONSTRAINT ord_pk PRIMARY KEY (id);


--
-- Name: orditem_pk; Type: CONSTRAINT; Schema: clinlims; Owner: clinlims; Tablespace: 
--

ALTER TABLE ONLY order_item
    ADD CONSTRAINT orditem_pk PRIMARY KEY (id);


--
-- Name: org_contact_pk; Type: CONSTRAINT; Schema: clinlims; Owner: clinlims; Tablespace: 
--

ALTER TABLE ONLY organization_contact
    ADD CONSTRAINT org_contact_pk PRIMARY KEY (id);


--
-- Name: org_hl7_pk; Type: CONSTRAINT; Schema: clinlims; Owner: clinlims; Tablespace: 
--

ALTER TABLE ONLY org_hl7_encoding_type
    ADD CONSTRAINT org_hl7_pk PRIMARY KEY (organization_id, encoding_type_id);


--
-- Name: org_mlt_pk; Type: CONSTRAINT; Schema: clinlims; Owner: clinlims; Tablespace: 
--

ALTER TABLE ONLY org_mls_lab_type
    ADD CONSTRAINT org_mlt_pk PRIMARY KEY (org_mlt_id);


--
-- Name: org_org_type_pk; Type: CONSTRAINT; Schema: clinlims; Owner: clinlims; Tablespace: 
--

ALTER TABLE ONLY organization_organization_type
    ADD CONSTRAINT org_org_type_pk PRIMARY KEY (org_id, org_type_id);


--
-- Name: org_pk; Type: CONSTRAINT; Schema: clinlims; Owner: clinlims; Tablespace: 
--

ALTER TABLE ONLY organization
    ADD CONSTRAINT org_pk PRIMARY KEY (id);


--
-- Name: org_type_pk; Type: CONSTRAINT; Schema: clinlims; Owner: clinlims; Tablespace: 
--

ALTER TABLE ONLY organization_type
    ADD CONSTRAINT org_type_pk PRIMARY KEY (id);


--
-- Name: organization_address_pk; Type: CONSTRAINT; Schema: clinlims; Owner: clinlims; Tablespace: 
--

ALTER TABLE ONLY organization_address
    ADD CONSTRAINT organization_address_pk PRIMARY KEY (organization_id, address_part_id);


--
-- Name: pac_pk; Type: CONSTRAINT; Schema: clinlims; Owner: clinlims; Tablespace: 
--

ALTER TABLE ONLY package_1
    ADD CONSTRAINT pac_pk PRIMARY KEY (id);


--
-- Name: pan_it_pk; Type: CONSTRAINT; Schema: clinlims; Owner: clinlims; Tablespace: 
--

ALTER TABLE ONLY panel_item
    ADD CONSTRAINT pan_it_pk PRIMARY KEY (id);


--
-- Name: panel_pk; Type: CONSTRAINT; Schema: clinlims; Owner: clinlims; Tablespace: 
--

ALTER TABLE ONLY panel
    ADD CONSTRAINT panel_pk PRIMARY KEY (id);


--
-- Name: pat_ident_type_pk; Type: CONSTRAINT; Schema: clinlims; Owner: clinlims; Tablespace: 
--

ALTER TABLE ONLY patient_identity_type
    ADD CONSTRAINT pat_ident_type_pk PRIMARY KEY (id);


--
-- Name: pat_identity_pk; Type: CONSTRAINT; Schema: clinlims; Owner: clinlims; Tablespace: 
--

ALTER TABLE ONLY patient_identity
    ADD CONSTRAINT pat_identity_pk PRIMARY KEY (id);


--
-- Name: pat_occupation_pk; Type: CONSTRAINT; Schema: clinlims; Owner: clinlims; Tablespace: 
--

ALTER TABLE ONLY patient_occupation
    ADD CONSTRAINT pat_occupation_pk PRIMARY KEY (id);


--
-- Name: pat_pat_type_pk; Type: CONSTRAINT; Schema: clinlims; Owner: clinlims; Tablespace: 
--

ALTER TABLE ONLY patient_patient_type
    ADD CONSTRAINT pat_pat_type_pk PRIMARY KEY (id);


--
-- Name: pat_pk; Type: CONSTRAINT; Schema: clinlims; Owner: clinlims; Tablespace: 
--

ALTER TABLE ONLY patient
    ADD CONSTRAINT pat_pk PRIMARY KEY (id);


--
-- Name: pat_type_pk; Type: CONSTRAINT; Schema: clinlims; Owner: clinlims; Tablespace: 
--

ALTER TABLE ONLY patient_type
    ADD CONSTRAINT pat_type_pk PRIMARY KEY (id);


--
-- Name: pay_type_pk; Type: CONSTRAINT; Schema: clinlims; Owner: clinlims; Tablespace: 
--

ALTER TABLE ONLY payment_type
    ADD CONSTRAINT pay_type_pk PRIMARY KEY (id);


--
-- Name: person_address_pk; Type: CONSTRAINT; Schema: clinlims; Owner: clinlims; Tablespace: 
--

ALTER TABLE ONLY person_address
    ADD CONSTRAINT person_address_pk PRIMARY KEY (person_id, address_part_id);


--
-- Name: person_pk; Type: CONSTRAINT; Schema: clinlims; Owner: clinlims; Tablespace: 
--

ALTER TABLE ONLY person
    ADD CONSTRAINT person_pk PRIMARY KEY (id);


--
-- Name: pk_databasechangelog; Type: CONSTRAINT; Schema: clinlims; Owner: clinlims; Tablespace: 
--

ALTER TABLE ONLY databasechangelog
    ADD CONSTRAINT pk_databasechangelog PRIMARY KEY (id, author, filename);


--
-- Name: pk_databasechangeloglock; Type: CONSTRAINT; Schema: clinlims; Owner: clinlims; Tablespace: 
--

ALTER TABLE ONLY databasechangeloglock
    ADD CONSTRAINT pk_databasechangeloglock PRIMARY KEY (id);


--
-- Name: pk_document_track; Type: CONSTRAINT; Schema: clinlims; Owner: clinlims; Tablespace: 
--

ALTER TABLE ONLY document_track
    ADD CONSTRAINT pk_document_track PRIMARY KEY (id);


--
-- Name: pk_document_type; Type: CONSTRAINT; Schema: clinlims; Owner: clinlims; Tablespace: 
--

ALTER TABLE ONLY document_type
    ADD CONSTRAINT pk_document_type PRIMARY KEY (id);


--
-- Name: pk_menu; Type: CONSTRAINT; Schema: clinlims; Owner: clinlims; Tablespace: 
--

ALTER TABLE ONLY menu
    ADD CONSTRAINT pk_menu PRIMARY KEY (id);


--
-- Name: pk_qa_observation; Type: CONSTRAINT; Schema: clinlims; Owner: clinlims; Tablespace: 
--

ALTER TABLE ONLY qa_observation
    ADD CONSTRAINT pk_qa_observation PRIMARY KEY (id);


--
-- Name: pk_qa_observation_type; Type: CONSTRAINT; Schema: clinlims; Owner: clinlims; Tablespace: 
--

ALTER TABLE ONLY qa_observation_type
    ADD CONSTRAINT pk_qa_observation_type PRIMARY KEY (id);


--
-- Name: pk_test_dictionary; Type: CONSTRAINT; Schema: clinlims; Owner: clinlims; Tablespace: 
--

ALTER TABLE ONLY test_dictionary
    ADD CONSTRAINT pk_test_dictionary PRIMARY KEY (id);


--
-- Name: pr_pk; Type: CONSTRAINT; Schema: clinlims; Owner: clinlims; Tablespace: 
--

ALTER TABLE ONLY patient_relations
    ADD CONSTRAINT pr_pk PRIMARY KEY (id);


--
-- Name: progs_pk; Type: CONSTRAINT; Schema: clinlims; Owner: clinlims; Tablespace: 
--

ALTER TABLE ONLY program
    ADD CONSTRAINT progs_pk PRIMARY KEY (id);


--
-- Name: proj_pk; Type: CONSTRAINT; Schema: clinlims; Owner: clinlims; Tablespace: 
--

ALTER TABLE ONLY project
    ADD CONSTRAINT proj_pk PRIMARY KEY (id);


--
-- Name: project_org_pk; Type: CONSTRAINT; Schema: clinlims; Owner: clinlims; Tablespace: 
--

ALTER TABLE ONLY project_organization
    ADD CONSTRAINT project_org_pk PRIMARY KEY (project_id, org_id);


--
-- Name: projparam_pk; Type: CONSTRAINT; Schema: clinlims; Owner: clinlims; Tablespace: 
--

ALTER TABLE ONLY project_parameter
    ADD CONSTRAINT projparam_pk PRIMARY KEY (id);


--
-- Name: provider_pk; Type: CONSTRAINT; Schema: clinlims; Owner: clinlims; Tablespace: 
--

ALTER TABLE ONLY provider
    ADD CONSTRAINT provider_pk PRIMARY KEY (id);


--
-- Name: qa_event_pk; Type: CONSTRAINT; Schema: clinlims; Owner: clinlims; Tablespace: 
--

ALTER TABLE ONLY qa_event
    ADD CONSTRAINT qa_event_pk PRIMARY KEY (id);


--
-- Name: qc_analyt_pk; Type: CONSTRAINT; Schema: clinlims; Owner: clinlims; Tablespace: 
--

ALTER TABLE ONLY qc_analytes
    ADD CONSTRAINT qc_analyt_pk PRIMARY KEY (id);


--
-- Name: qc_pk; Type: CONSTRAINT; Schema: clinlims; Owner: clinlims; Tablespace: 
--

ALTER TABLE ONLY qc
    ADD CONSTRAINT qc_pk PRIMARY KEY (id);


--
-- Name: qrtz_blob_triggers_pkey; Type: CONSTRAINT; Schema: clinlims; Owner: clinlims; Tablespace: 
--

ALTER TABLE ONLY qrtz_blob_triggers
    ADD CONSTRAINT qrtz_blob_triggers_pkey PRIMARY KEY (trigger_name, trigger_group);


--
-- Name: qrtz_calendars_pkey; Type: CONSTRAINT; Schema: clinlims; Owner: clinlims; Tablespace: 
--

ALTER TABLE ONLY qrtz_calendars
    ADD CONSTRAINT qrtz_calendars_pkey PRIMARY KEY (calendar_name);


--
-- Name: qrtz_cron_triggers_pkey; Type: CONSTRAINT; Schema: clinlims; Owner: clinlims; Tablespace: 
--

ALTER TABLE ONLY qrtz_cron_triggers
    ADD CONSTRAINT qrtz_cron_triggers_pkey PRIMARY KEY (trigger_name, trigger_group);


--
-- Name: qrtz_fired_triggers_pkey; Type: CONSTRAINT; Schema: clinlims; Owner: clinlims; Tablespace: 
--

ALTER TABLE ONLY qrtz_fired_triggers
    ADD CONSTRAINT qrtz_fired_triggers_pkey PRIMARY KEY (entry_id);


--
-- Name: qrtz_job_details_pkey; Type: CONSTRAINT; Schema: clinlims; Owner: clinlims; Tablespace: 
--

ALTER TABLE ONLY qrtz_job_details
    ADD CONSTRAINT qrtz_job_details_pkey PRIMARY KEY (job_name, job_group);


--
-- Name: qrtz_job_listeners_pkey; Type: CONSTRAINT; Schema: clinlims; Owner: clinlims; Tablespace: 
--

ALTER TABLE ONLY qrtz_job_listeners
    ADD CONSTRAINT qrtz_job_listeners_pkey PRIMARY KEY (job_name, job_group, job_listener);


--
-- Name: qrtz_locks_pkey; Type: CONSTRAINT; Schema: clinlims; Owner: clinlims; Tablespace: 
--

ALTER TABLE ONLY qrtz_locks
    ADD CONSTRAINT qrtz_locks_pkey PRIMARY KEY (lock_name);


--
-- Name: qrtz_paused_trigger_grps_pkey; Type: CONSTRAINT; Schema: clinlims; Owner: clinlims; Tablespace: 
--

ALTER TABLE ONLY qrtz_paused_trigger_grps
    ADD CONSTRAINT qrtz_paused_trigger_grps_pkey PRIMARY KEY (trigger_group);


--
-- Name: qrtz_scheduler_state_pkey; Type: CONSTRAINT; Schema: clinlims; Owner: clinlims; Tablespace: 
--

ALTER TABLE ONLY qrtz_scheduler_state
    ADD CONSTRAINT qrtz_scheduler_state_pkey PRIMARY KEY (instance_name);


--
-- Name: qrtz_simple_triggers_pkey; Type: CONSTRAINT; Schema: clinlims; Owner: clinlims; Tablespace: 
--

ALTER TABLE ONLY qrtz_simple_triggers
    ADD CONSTRAINT qrtz_simple_triggers_pkey PRIMARY KEY (trigger_name, trigger_group);


--
-- Name: qrtz_trigger_listeners_pkey; Type: CONSTRAINT; Schema: clinlims; Owner: clinlims; Tablespace: 
--

ALTER TABLE ONLY qrtz_trigger_listeners
    ADD CONSTRAINT qrtz_trigger_listeners_pkey PRIMARY KEY (trigger_name, trigger_group, trigger_listener);


--
-- Name: qrtz_triggers_pkey; Type: CONSTRAINT; Schema: clinlims; Owner: clinlims; Tablespace: 
--

ALTER TABLE ONLY qrtz_triggers
    ADD CONSTRAINT qrtz_triggers_pkey PRIMARY KEY (trigger_name, trigger_group);


--
-- Name: race_pk; Type: CONSTRAINT; Schema: clinlims; Owner: clinlims; Tablespace: 
--

ALTER TABLE ONLY race
    ADD CONSTRAINT race_pk PRIMARY KEY (id);


--
-- Name: receiver_code_element_pk; Type: CONSTRAINT; Schema: clinlims; Owner: clinlims; Tablespace: 
--

ALTER TABLE ONLY receiver_code_element
    ADD CONSTRAINT receiver_code_element_pk PRIMARY KEY (id);


--
-- Name: referral_pk; Type: CONSTRAINT; Schema: clinlims; Owner: clinlims; Tablespace: 
--

ALTER TABLE ONLY referral
    ADD CONSTRAINT referral_pk PRIMARY KEY (id);


--
-- Name: referral_reason_pk; Type: CONSTRAINT; Schema: clinlims; Owner: clinlims; Tablespace: 
--

ALTER TABLE ONLY referral_reason
    ADD CONSTRAINT referral_reason_pk PRIMARY KEY (id);


--
-- Name: referral_result_pk; Type: CONSTRAINT; Schema: clinlims; Owner: clinlims; Tablespace: 
--

ALTER TABLE ONLY referral_result
    ADD CONSTRAINT referral_result_pk PRIMARY KEY (id);


--
-- Name: referral_type_pk; Type: CONSTRAINT; Schema: clinlims; Owner: clinlims; Tablespace: 
--

ALTER TABLE ONLY referral_type
    ADD CONSTRAINT referral_type_pk PRIMARY KEY (id);


--
-- Name: region_pk; Type: CONSTRAINT; Schema: clinlims; Owner: clinlims; Tablespace: 
--

ALTER TABLE ONLY region
    ADD CONSTRAINT region_pk PRIMARY KEY (id);


--
-- Name: report_external_import_pk; Type: CONSTRAINT; Schema: clinlims; Owner: clinlims; Tablespace: 
--

ALTER TABLE ONLY report_external_import
    ADD CONSTRAINT report_external_import_pk PRIMARY KEY (id);


--
-- Name: report_queue_pk; Type: CONSTRAINT; Schema: clinlims; Owner: clinlims; Tablespace: 
--

ALTER TABLE ONLY report_external_export
    ADD CONSTRAINT report_queue_pk PRIMARY KEY (id);


--
-- Name: report_queue_type_pk; Type: CONSTRAINT; Schema: clinlims; Owner: clinlims; Tablespace: 
--

ALTER TABLE ONLY report_queue_type
    ADD CONSTRAINT report_queue_type_pk PRIMARY KEY (id);


--
-- Name: requester_type_pk; Type: CONSTRAINT; Schema: clinlims; Owner: clinlims; Tablespace: 
--

ALTER TABLE ONLY requester_type
    ADD CONSTRAINT requester_type_pk PRIMARY KEY (id);


--
-- Name: result_inventory_pk; Type: CONSTRAINT; Schema: clinlims; Owner: clinlims; Tablespace: 
--

ALTER TABLE ONLY result_inventory
    ADD CONSTRAINT result_inventory_pk PRIMARY KEY (id);


--
-- Name: result_limits_pk; Type: CONSTRAINT; Schema: clinlims; Owner: clinlims; Tablespace: 
--

ALTER TABLE ONLY result_limits
    ADD CONSTRAINT result_limits_pk PRIMARY KEY (id);


--
-- Name: result_pk; Type: CONSTRAINT; Schema: clinlims; Owner: clinlims; Tablespace: 
--

ALTER TABLE ONLY result
    ADD CONSTRAINT result_pk PRIMARY KEY (id);


--
-- Name: result_signature_pk; Type: CONSTRAINT; Schema: clinlims; Owner: clinlims; Tablespace: 
--

ALTER TABLE ONLY result_signature
    ADD CONSTRAINT result_signature_pk PRIMARY KEY (id);


--
-- Name: rt_pk; Type: CONSTRAINT; Schema: clinlims; Owner: clinlims; Tablespace: 
--

ALTER TABLE ONLY reference_tables
    ADD CONSTRAINT rt_pk PRIMARY KEY (id);


--
-- Name: samp_org_pk; Type: CONSTRAINT; Schema: clinlims; Owner: clinlims; Tablespace: 
--

ALTER TABLE ONLY sample_organization
    ADD CONSTRAINT samp_org_pk PRIMARY KEY (id);


--
-- Name: samp_pk; Type: CONSTRAINT; Schema: clinlims; Owner: clinlims; Tablespace: 
--

ALTER TABLE ONLY sample
    ADD CONSTRAINT samp_pk PRIMARY KEY (id);


--
-- Name: sampitem_pk; Type: CONSTRAINT; Schema: clinlims; Owner: clinlims; Tablespace: 
--

ALTER TABLE ONLY sample_item
    ADD CONSTRAINT sampitem_pk PRIMARY KEY (id);


--
-- Name: sample_human_samp_id_u; Type: CONSTRAINT; Schema: clinlims; Owner: clinlims; Tablespace: 
--

ALTER TABLE ONLY sample_human
    ADD CONSTRAINT sample_human_samp_id_u UNIQUE (samp_id);


--
-- Name: sample_pdf_pk; Type: CONSTRAINT; Schema: clinlims; Owner: clinlims; Tablespace: 
--

ALTER TABLE ONLY sample_pdf
    ADD CONSTRAINT sample_pdf_pk PRIMARY KEY (id);


--
-- Name: sample_projects_pk_i; Type: CONSTRAINT; Schema: clinlims; Owner: clinlims; Tablespace: 
--

ALTER TABLE ONLY sample_projects
    ADD CONSTRAINT sample_projects_pk_i PRIMARY KEY (id);


--
-- Name: sample_qaevent_action_pkey; Type: CONSTRAINT; Schema: clinlims; Owner: clinlims; Tablespace: 
--

ALTER TABLE ONLY sample_qaevent_action
    ADD CONSTRAINT sample_qaevent_action_pkey PRIMARY KEY (id);


--
-- Name: sample_qaevent_pkey; Type: CONSTRAINT; Schema: clinlims; Owner: clinlims; Tablespace: 
--

ALTER TABLE ONLY sample_qaevent
    ADD CONSTRAINT sample_qaevent_pkey PRIMARY KEY (id);


--
-- Name: sample_requester_pk; Type: CONSTRAINT; Schema: clinlims; Owner: clinlims; Tablespace: 
--

ALTER TABLE ONLY sample_requester
    ADD CONSTRAINT sample_requester_pk PRIMARY KEY (id);


--
-- Name: sampledom_pk; Type: CONSTRAINT; Schema: clinlims; Owner: clinlims; Tablespace: 
--

ALTER TABLE ONLY sample_domain
    ADD CONSTRAINT sampledom_pk PRIMARY KEY (id);


--
-- Name: sampletype_panel_pkey; Type: CONSTRAINT; Schema: clinlims; Owner: clinlims; Tablespace: 
--

ALTER TABLE ONLY sampletype_panel
    ADD CONSTRAINT sampletype_panel_pkey PRIMARY KEY (id);


--
-- Name: sampletype_test_pkey; Type: CONSTRAINT; Schema: clinlims; Owner: clinlims; Tablespace: 
--

ALTER TABLE ONLY sampletype_test
    ADD CONSTRAINT sampletype_test_pkey PRIMARY KEY (id);


--
-- Name: sci_name_pk; Type: CONSTRAINT; Schema: clinlims; Owner: clinlims; Tablespace: 
--

ALTER TABLE ONLY animal_scientific_name
    ADD CONSTRAINT sci_name_pk PRIMARY KEY (id);


--
-- Name: scr_pk; Type: CONSTRAINT; Schema: clinlims; Owner: clinlims; Tablespace: 
--

ALTER TABLE ONLY state_code
    ADD CONSTRAINT scr_pk PRIMARY KEY (id);


--
-- Name: scrip_pk; Type: CONSTRAINT; Schema: clinlims; Owner: clinlims; Tablespace: 
--

ALTER TABLE ONLY scriptlet
    ADD CONSTRAINT scrip_pk PRIMARY KEY (id);


--
-- Name: site_info_pk; Type: CONSTRAINT; Schema: clinlims; Owner: clinlims; Tablespace: 
--

ALTER TABLE ONLY site_information
    ADD CONSTRAINT site_info_pk PRIMARY KEY (id);


--
-- Name: site_information_domain_pk; Type: CONSTRAINT; Schema: clinlims; Owner: clinlims; Tablespace: 
--

ALTER TABLE ONLY site_information_domain
    ADD CONSTRAINT site_information_domain_pk PRIMARY KEY (id);


--
-- Name: source_pk; Type: CONSTRAINT; Schema: clinlims; Owner: clinlims; Tablespace: 
--

ALTER TABLE ONLY source_of_sample
    ADD CONSTRAINT source_pk PRIMARY KEY (id);


--
-- Name: storage_pk; Type: CONSTRAINT; Schema: clinlims; Owner: clinlims; Tablespace: 
--

ALTER TABLE ONLY storage_location
    ADD CONSTRAINT storage_pk PRIMARY KEY (id);


--
-- Name: su_pk; Type: CONSTRAINT; Schema: clinlims; Owner: clinlims; Tablespace: 
--

ALTER TABLE ONLY storage_unit
    ADD CONSTRAINT su_pk PRIMARY KEY (id);


--
-- Name: sys_c003998; Type: CONSTRAINT; Schema: clinlims; Owner: clinlims; Tablespace: 
--

ALTER TABLE ONLY action
    ADD CONSTRAINT sys_c003998 PRIMARY KEY (id);


--
-- Name: sys_c003999; Type: CONSTRAINT; Schema: clinlims; Owner: clinlims; Tablespace: 
--

ALTER TABLE ONLY action
    ADD CONSTRAINT sys_c003999 UNIQUE (code);


--
-- Name: sys_c004009; Type: CONSTRAINT; Schema: clinlims; Owner: clinlims; Tablespace: 
--

ALTER TABLE ONLY analysis_qaevent_action
    ADD CONSTRAINT sys_c004009 PRIMARY KEY (id);


--
-- Name: sys_c004307; Type: CONSTRAINT; Schema: clinlims; Owner: clinlims; Tablespace: 
--

ALTER TABLE ONLY status_of_sample
    ADD CONSTRAINT sys_c004307 PRIMARY KEY (id);


--
-- Name: sys_mod_pk; Type: CONSTRAINT; Schema: clinlims; Owner: clinlims; Tablespace: 
--

ALTER TABLE ONLY system_module
    ADD CONSTRAINT sys_mod_pk PRIMARY KEY (id);


--
-- Name: sys_role_mo_pk; Type: CONSTRAINT; Schema: clinlims; Owner: clinlims; Tablespace: 
--

ALTER TABLE ONLY system_role_module
    ADD CONSTRAINT sys_role_mo_pk PRIMARY KEY (id);


--
-- Name: sys_use_mo_pk; Type: CONSTRAINT; Schema: clinlims; Owner: clinlims; Tablespace: 
--

ALTER TABLE ONLY system_user_module
    ADD CONSTRAINT sys_use_mo_pk PRIMARY KEY (id);


--
-- Name: sys_use_se_pk; Type: CONSTRAINT; Schema: clinlims; Owner: clinlims; Tablespace: 
--

ALTER TABLE ONLY system_user_section
    ADD CONSTRAINT sys_use_se_pk PRIMARY KEY (id);


--
-- Name: sys_user_pk; Type: CONSTRAINT; Schema: clinlims; Owner: clinlims; Tablespace: 
--

ALTER TABLE ONLY system_user
    ADD CONSTRAINT sys_user_pk PRIMARY KEY (id);


--
-- Name: sys_usr_pk; Type: CONSTRAINT; Schema: clinlims; Owner: clinlims; Tablespace: 
--

ALTER TABLE ONLY system_user_role
    ADD CONSTRAINT sys_usr_pk PRIMARY KEY (system_user_id, role_id);


--
-- Name: system_role_pkey; Type: CONSTRAINT; Schema: clinlims; Owner: clinlims; Tablespace: 
--

ALTER TABLE ONLY system_role
    ADD CONSTRAINT system_role_pkey PRIMARY KEY (id);


--
-- Name: test_analyte_pk; Type: CONSTRAINT; Schema: clinlims; Owner: clinlims; Tablespace: 
--

ALTER TABLE ONLY test_analyte
    ADD CONSTRAINT test_analyte_pk PRIMARY KEY (id);


--
-- Name: test_hl7_code_pk; Type: CONSTRAINT; Schema: clinlims; Owner: clinlims; Tablespace: 
--

ALTER TABLE ONLY test_code
    ADD CONSTRAINT test_hl7_code_pk PRIMARY KEY (test_id, code_type_id);


--
-- Name: test_pk; Type: CONSTRAINT; Schema: clinlims; Owner: clinlims; Tablespace: 
--

ALTER TABLE ONLY test
    ADD CONSTRAINT test_pk PRIMARY KEY (id);


--
-- Name: test_reflx_pk; Type: CONSTRAINT; Schema: clinlims; Owner: clinlims; Tablespace: 
--

ALTER TABLE ONLY test_reflex
    ADD CONSTRAINT test_reflx_pk PRIMARY KEY (id);


--
-- Name: test_sect_pk; Type: CONSTRAINT; Schema: clinlims; Owner: clinlims; Tablespace: 
--

ALTER TABLE ONLY test_section
    ADD CONSTRAINT test_sect_pk PRIMARY KEY (id);


--
-- Name: testfrmt_pk; Type: CONSTRAINT; Schema: clinlims; Owner: clinlims; Tablespace: 
--

ALTER TABLE ONLY test_formats
    ADD CONSTRAINT testfrmt_pk PRIMARY KEY (id);


--
-- Name: tst_rslt_pk; Type: CONSTRAINT; Schema: clinlims; Owner: clinlims; Tablespace: 
--

ALTER TABLE ONLY test_result
    ADD CONSTRAINT tst_rslt_pk PRIMARY KEY (id);


--
-- Name: tsttrlr_pk; Type: CONSTRAINT; Schema: clinlims; Owner: clinlims; Tablespace: 
--

ALTER TABLE ONLY test_trailer
    ADD CONSTRAINT tsttrlr_pk PRIMARY KEY (id);


--
-- Name: tw_pk; Type: CONSTRAINT; Schema: clinlims; Owner: clinlims; Tablespace: 
--

ALTER TABLE ONLY test_worksheets
    ADD CONSTRAINT tw_pk PRIMARY KEY (id);


--
-- Name: twi_pk; Type: CONSTRAINT; Schema: clinlims; Owner: clinlims; Tablespace: 
--

ALTER TABLE ONLY test_worksheet_item
    ADD CONSTRAINT twi_pk PRIMARY KEY (id);


--
-- Name: type_of_test_result_pk; Type: CONSTRAINT; Schema: clinlims; Owner: clinlims; Tablespace: 
--

ALTER TABLE ONLY type_of_test_result
    ADD CONSTRAINT type_of_test_result_pk PRIMARY KEY (id);


--
-- Name: typeosamp_pk; Type: CONSTRAINT; Schema: clinlims; Owner: clinlims; Tablespace: 
--

ALTER TABLE ONLY type_of_sample
    ADD CONSTRAINT typeosamp_pk PRIMARY KEY (id);


--
-- Name: typofprovider_pk; Type: CONSTRAINT; Schema: clinlims; Owner: clinlims; Tablespace: 
--

ALTER TABLE ONLY type_of_provider
    ADD CONSTRAINT typofprovider_pk PRIMARY KEY (id);


--
-- Name: uom_pk; Type: CONSTRAINT; Schema: clinlims; Owner: clinlims; Tablespace: 
--

ALTER TABLE ONLY unit_of_measure
    ADD CONSTRAINT uom_pk PRIMARY KEY (id);


--
-- Name: user_alert_map_pkey; Type: CONSTRAINT; Schema: clinlims; Owner: clinlims; Tablespace: 
--

ALTER TABLE ONLY user_alert_map
    ADD CONSTRAINT user_alert_map_pkey PRIMARY KEY (user_id, map_id);


--
-- Name: user_group_map_pkey; Type: CONSTRAINT; Schema: clinlims; Owner: clinlims; Tablespace: 
--

ALTER TABLE ONLY user_group_map
    ADD CONSTRAINT user_group_map_pkey PRIMARY KEY (user_id, map_id);


--
-- Name: workst_pk; Type: CONSTRAINT; Schema: clinlims; Owner: clinlims; Tablespace: 
--

ALTER TABLE ONLY worksheets
    ADD CONSTRAINT workst_pk PRIMARY KEY (id);


--
-- Name: wq_pk; Type: CONSTRAINT; Schema: clinlims; Owner: clinlims; Tablespace: 
--

ALTER TABLE ONLY worksheet_qc
    ADD CONSTRAINT wq_pk PRIMARY KEY (id);


--
-- Name: wrkst_anls_pk; Type: CONSTRAINT; Schema: clinlims; Owner: clinlims; Tablespace: 
--

ALTER TABLE ONLY worksheet_analysis
    ADD CONSTRAINT wrkst_anls_pk PRIMARY KEY (id);


--
-- Name: wrkst_anlt_pk; Type: CONSTRAINT; Schema: clinlims; Owner: clinlims; Tablespace: 
--

ALTER TABLE ONLY worksheet_analyte
    ADD CONSTRAINT wrkst_anlt_pk PRIMARY KEY (id);


--
-- Name: wrkst_item_pk; Type: CONSTRAINT; Schema: clinlims; Owner: clinlims; Tablespace: 
--

ALTER TABLE ONLY worksheet_item
    ADD CONSTRAINT wrkst_item_pk PRIMARY KEY (id);


--
-- Name: accnum_uk; Type: INDEX; Schema: clinlims; Owner: clinlims; Tablespace: 
--

CREATE UNIQUE INDEX accnum_uk ON sample USING btree (accession_number);


--
-- Name: ad_afield_fk_i; Type: INDEX; Schema: clinlims; Owner: clinlims; Tablespace: 
--

CREATE INDEX ad_afield_fk_i ON aux_data USING btree (aux_field_id);


--
-- Name: af_analyte_fk_i; Type: INDEX; Schema: clinlims; Owner: clinlims; Tablespace: 
--

CREATE INDEX af_analyte_fk_i ON aux_field USING btree (analyte_id);


--
-- Name: af_script_fk_i; Type: INDEX; Schema: clinlims; Owner: clinlims; Tablespace: 
--

CREATE INDEX af_script_fk_i ON aux_field USING btree (scriptlet_id);


--
-- Name: afv_afield_fk_i; Type: INDEX; Schema: clinlims; Owner: clinlims; Tablespace: 
--

CREATE INDEX afv_afield_fk_i ON aux_field_values USING btree (aux_field_id);


--
-- Name: analysis_sampitem_fk_i; Type: INDEX; Schema: clinlims; Owner: clinlims; Tablespace: 
--

CREATE INDEX analysis_sampitem_fk_i ON analysis USING btree (sampitem_id);


--
-- Name: analysis_test_fk_i; Type: INDEX; Schema: clinlims; Owner: clinlims; Tablespace: 
--

CREATE INDEX analysis_test_fk_i ON analysis USING btree (test_id);


--
-- Name: analysis_test_sect_fk_i; Type: INDEX; Schema: clinlims; Owner: clinlims; Tablespace: 
--

CREATE INDEX analysis_test_sect_fk_i ON analysis USING btree (test_sect_id);


--
-- Name: analyte_analyte_fk_i; Type: INDEX; Schema: clinlims; Owner: clinlims; Tablespace: 
--

CREATE INDEX analyte_analyte_fk_i ON analyte USING btree (analyte_id);


--
-- Name: ani_samp_comm_anim_fk_i; Type: INDEX; Schema: clinlims; Owner: clinlims; Tablespace: 
--

CREATE INDEX ani_samp_comm_anim_fk_i ON sample_animal USING btree (comm_anim_id);


--
-- Name: ani_samp_samp_fk_i; Type: INDEX; Schema: clinlims; Owner: clinlims; Tablespace: 
--

CREATE INDEX ani_samp_samp_fk_i ON sample_animal USING btree (samp_id);


--
-- Name: ani_samp_sci_name_fk_i; Type: INDEX; Schema: clinlims; Owner: clinlims; Tablespace: 
--

CREATE INDEX ani_samp_sci_name_fk_i ON sample_animal USING btree (sci_name_id);


--
-- Name: anqaev_anal_fk_i; Type: INDEX; Schema: clinlims; Owner: clinlims; Tablespace: 
--

CREATE INDEX anqaev_anal_fk_i ON analysis_qaevent USING btree (analysis_id);


--
-- Name: anqaev_qa_event_fk_i; Type: INDEX; Schema: clinlims; Owner: clinlims; Tablespace: 
--

CREATE INDEX anqaev_qa_event_fk_i ON analysis_qaevent USING btree (qa_event_id);


--
-- Name: anst_anal_fk_i; Type: INDEX; Schema: clinlims; Owner: clinlims; Tablespace: 
--

CREATE INDEX anst_anal_fk_i ON analysis_storages USING btree (analysis_id);


--
-- Name: anstore_storage_fk_i; Type: INDEX; Schema: clinlims; Owner: clinlims; Tablespace: 
--

CREATE INDEX anstore_storage_fk_i ON analysis_storages USING btree (storage_id);


--
-- Name: anus_anal_fk_i; Type: INDEX; Schema: clinlims; Owner: clinlims; Tablespace: 
--

CREATE INDEX anus_anal_fk_i ON analysis_users USING btree (analysis_id);


--
-- Name: anus_sysuser_fk_i; Type: INDEX; Schema: clinlims; Owner: clinlims; Tablespace: 
--

CREATE INDEX anus_sysuser_fk_i ON analysis_users USING btree (system_user_id);


--
-- Name: attachmtitem_attachmt_fk_i; Type: INDEX; Schema: clinlims; Owner: clinlims; Tablespace: 
--

CREATE INDEX attachmtitem_attachmt_fk_i ON attachment_item USING btree (attachment_id);


--
-- Name: env_samp_samp_fk_i; Type: INDEX; Schema: clinlims; Owner: clinlims; Tablespace: 
--

CREATE INDEX env_samp_samp_fk_i ON sample_environmental USING btree (samp_id);


--
-- Name: hist_sys_user_fk_i; Type: INDEX; Schema: clinlims; Owner: clinlims; Tablespace: 
--

CREATE INDEX hist_sys_user_fk_i ON history USING btree (sys_user_id);


--
-- Name: hist_table_row_i; Type: INDEX; Schema: clinlims; Owner: clinlims; Tablespace: 
--

CREATE INDEX hist_table_row_i ON history USING btree (reference_id, reference_table);


--
-- Name: hum_pat_fk_i; Type: INDEX; Schema: clinlims; Owner: clinlims; Tablespace: 
--

CREATE INDEX hum_pat_fk_i ON sample_human USING btree (patient_id);


--
-- Name: hum_provider_fk_i; Type: INDEX; Schema: clinlims; Owner: clinlims; Tablespace: 
--

CREATE INDEX hum_provider_fk_i ON sample_human USING btree (provider_id);


--
-- Name: hum_samp_fk_i; Type: INDEX; Schema: clinlims; Owner: clinlims; Tablespace: 
--

CREATE INDEX hum_samp_fk_i ON sample_human USING btree (samp_id);


--
-- Name: ia_analyte_fk_i; Type: INDEX; Schema: clinlims; Owner: clinlims; Tablespace: 
--

CREATE INDEX ia_analyte_fk_i ON instrument_analyte USING btree (analyte_id);


--
-- Name: ia_instru_fk_i; Type: INDEX; Schema: clinlims; Owner: clinlims; Tablespace: 
--

CREATE INDEX ia_instru_fk_i ON instrument_analyte USING btree (instru_id);


--
-- Name: ia_method_fk_i; Type: INDEX; Schema: clinlims; Owner: clinlims; Tablespace: 
--

CREATE INDEX ia_method_fk_i ON instrument_analyte USING btree (method_id);


--
-- Name: il_instru_fk_i; Type: INDEX; Schema: clinlims; Owner: clinlims; Tablespace: 
--

CREATE INDEX il_instru_fk_i ON instrument_log USING btree (instru_id);


--
-- Name: il_inv_item_fk_i; Type: INDEX; Schema: clinlims; Owner: clinlims; Tablespace: 
--

CREATE INDEX il_inv_item_fk_i ON inventory_location USING btree (inv_item_id);


--
-- Name: instru_scrip_fk_i; Type: INDEX; Schema: clinlims; Owner: clinlims; Tablespace: 
--

CREATE INDEX instru_scrip_fk_i ON instrument USING btree (scrip_id);


--
-- Name: inv_recpt_invitem_fk_i; Type: INDEX; Schema: clinlims; Owner: clinlims; Tablespace: 
--

CREATE INDEX inv_recpt_invitem_fk_i ON inventory_receipt USING btree (invitem_id);


--
-- Name: invcomp_invitem_fk_i; Type: INDEX; Schema: clinlims; Owner: clinlims; Tablespace: 
--

CREATE INDEX invcomp_invitem_fk_i ON inventory_component USING btree (invitem_id);


--
-- Name: invcomp_matcomp_fk_ii; Type: INDEX; Schema: clinlims; Owner: clinlims; Tablespace: 
--

CREATE INDEX invcomp_matcomp_fk_ii ON inventory_component USING btree (material_component_id);


--
-- Name: invitem_invname_uk; Type: INDEX; Schema: clinlims; Owner: clinlims; Tablespace: 
--

CREATE UNIQUE INDEX invitem_invname_uk ON inventory_item USING btree (name);


--
-- Name: invitem_uom_fk_i; Type: INDEX; Schema: clinlims; Owner: clinlims; Tablespace: 
--

CREATE INDEX invitem_uom_fk_i ON inventory_item USING btree (uom_id);


--
-- Name: invloc_storage_fk_i; Type: INDEX; Schema: clinlims; Owner: clinlims; Tablespace: 
--

CREATE INDEX invloc_storage_fk_i ON inventory_location USING btree (storage_id);


--
-- Name: invrec_org_fk_ii; Type: INDEX; Schema: clinlims; Owner: clinlims; Tablespace: 
--

CREATE INDEX invrec_org_fk_ii ON inventory_receipt USING btree (org_id);


--
-- Name: label_script_fk_i; Type: INDEX; Schema: clinlims; Owner: clinlims; Tablespace: 
--

CREATE INDEX label_script_fk_i ON label USING btree (scriptlet_id);


--
-- Name: ma_analyte_fk_i; Type: INDEX; Schema: clinlims; Owner: clinlims; Tablespace: 
--

CREATE INDEX ma_analyte_fk_i ON method_analyte USING btree (analyte_id);


--
-- Name: ma_method_fk_i; Type: INDEX; Schema: clinlims; Owner: clinlims; Tablespace: 
--

CREATE INDEX ma_method_fk_i ON method_analyte USING btree (method_id);


--
-- Name: methres_method_fk_iii; Type: INDEX; Schema: clinlims; Owner: clinlims; Tablespace: 
--

CREATE INDEX methres_method_fk_iii ON method_result USING btree (method_id);


--
-- Name: methres_scrip_fk_i; Type: INDEX; Schema: clinlims; Owner: clinlims; Tablespace: 
--

CREATE INDEX methres_scrip_fk_i ON method_result USING btree (scrip_id);


--
-- Name: mls_lab_tp_org_mlt_fk_i; Type: INDEX; Schema: clinlims; Owner: clinlims; Tablespace: 
--

CREATE INDEX mls_lab_tp_org_mlt_fk_i ON mls_lab_type USING btree (org_mlt_org_mlt_id);


--
-- Name: note_sys_user_fk_i; Type: INDEX; Schema: clinlims; Owner: clinlims; Tablespace: 
--

CREATE INDEX note_sys_user_fk_i ON note USING btree (sys_user_id);


--
-- Name: obs_history_sample_idx; Type: INDEX; Schema: clinlims; Owner: clinlims; Tablespace: 
--

CREATE INDEX obs_history_sample_idx ON observation_history USING btree (sample_id);


--
-- Name: ord_org_fk_i; Type: INDEX; Schema: clinlims; Owner: clinlims; Tablespace: 
--

CREATE INDEX ord_org_fk_i ON orders USING btree (org_id);


--
-- Name: ord_sys_user_fk_i; Type: INDEX; Schema: clinlims; Owner: clinlims; Tablespace: 
--

CREATE INDEX ord_sys_user_fk_i ON orders USING btree (sys_user_id);


--
-- Name: orditem_inv_loc_fk_iii; Type: INDEX; Schema: clinlims; Owner: clinlims; Tablespace: 
--

CREATE INDEX orditem_inv_loc_fk_iii ON order_item USING btree (inv_loc_id);


--
-- Name: orditem_ord_fk_i; Type: INDEX; Schema: clinlims; Owner: clinlims; Tablespace: 
--

CREATE INDEX orditem_ord_fk_i ON order_item USING btree (ord_id);


--
-- Name: org_org_fk_i; Type: INDEX; Schema: clinlims; Owner: clinlims; Tablespace: 
--

CREATE INDEX org_org_fk_i ON organization USING btree (org_id);


--
-- Name: org_org_mlt_fk_i; Type: INDEX; Schema: clinlims; Owner: clinlims; Tablespace: 
--

CREATE INDEX org_org_mlt_fk_i ON organization USING btree (org_mlt_org_mlt_id);


--
-- Name: pan_it_panel_fk_i; Type: INDEX; Schema: clinlims; Owner: clinlims; Tablespace: 
--

CREATE INDEX pan_it_panel_fk_i ON panel_item USING btree (panel_id);


--
-- Name: pat_person_fk_i; Type: INDEX; Schema: clinlims; Owner: clinlims; Tablespace: 
--

CREATE INDEX pat_person_fk_i ON patient USING btree (person_id);


--
-- Name: pr_pat_fk_i; Type: INDEX; Schema: clinlims; Owner: clinlims; Tablespace: 
--

CREATE INDEX pr_pat_fk_i ON patient_relations USING btree (pat_id);


--
-- Name: pr_pat_source_fk_i; Type: INDEX; Schema: clinlims; Owner: clinlims; Tablespace: 
--

CREATE INDEX pr_pat_source_fk_i ON patient_relations USING btree (pat_id_source);


--
-- Name: proj_sys_user_fk_i; Type: INDEX; Schema: clinlims; Owner: clinlims; Tablespace: 
--

CREATE INDEX proj_sys_user_fk_i ON project USING btree (sys_user_id);


--
-- Name: project_script_fk_iii; Type: INDEX; Schema: clinlims; Owner: clinlims; Tablespace: 
--

CREATE INDEX project_script_fk_iii ON project USING btree (scriptlet_id);


--
-- Name: projectparam_proj_fk_i; Type: INDEX; Schema: clinlims; Owner: clinlims; Tablespace: 
--

CREATE INDEX projectparam_proj_fk_i ON project_parameter USING btree (project_id);


--
-- Name: provider_person_fk_i; Type: INDEX; Schema: clinlims; Owner: clinlims; Tablespace: 
--

CREATE INDEX provider_person_fk_i ON provider USING btree (person_id);


--
-- Name: qaev_test_fk_i; Type: INDEX; Schema: clinlims; Owner: clinlims; Tablespace: 
--

CREATE INDEX qaev_test_fk_i ON qa_event USING btree (test_id);


--
-- Name: qc_sys_user_fk_i; Type: INDEX; Schema: clinlims; Owner: clinlims; Tablespace: 
--

CREATE INDEX qc_sys_user_fk_i ON qc USING btree (sys_user_id);


--
-- Name: qc_uom_fk_i; Type: INDEX; Schema: clinlims; Owner: clinlims; Tablespace: 
--

CREATE INDEX qc_uom_fk_i ON qc USING btree (uom_id);


--
-- Name: qcanlyt_analyte_fk_i; Type: INDEX; Schema: clinlims; Owner: clinlims; Tablespace: 
--

CREATE INDEX qcanlyt_analyte_fk_i ON qc_analytes USING btree (analyte_id);


--
-- Name: report_import_date; Type: INDEX; Schema: clinlims; Owner: clinlims; Tablespace: 
--

CREATE INDEX report_import_date ON report_external_import USING btree (event_date);


--
-- Name: report_queue_date; Type: INDEX; Schema: clinlims; Owner: clinlims; Tablespace: 
--

CREATE INDEX report_queue_date ON report_external_export USING btree (event_date);


--
-- Name: result_analysis_fk_i; Type: INDEX; Schema: clinlims; Owner: clinlims; Tablespace: 
--

CREATE INDEX result_analysis_fk_i ON result USING btree (analysis_id);


--
-- Name: result_analyte_fk_iii; Type: INDEX; Schema: clinlims; Owner: clinlims; Tablespace: 
--

CREATE INDEX result_analyte_fk_iii ON result USING btree (analyte_id);


--
-- Name: result_testresult_fk_1; Type: INDEX; Schema: clinlims; Owner: clinlims; Tablespace: 
--

CREATE INDEX result_testresult_fk_1 ON result USING btree (test_result_id);


--
-- Name: samp_org_org_fk_i; Type: INDEX; Schema: clinlims; Owner: clinlims; Tablespace: 
--

CREATE INDEX samp_org_org_fk_i ON sample_organization USING btree (org_id);


--
-- Name: samp_org_samp_fk_i; Type: INDEX; Schema: clinlims; Owner: clinlims; Tablespace: 
--

CREATE INDEX samp_org_samp_fk_i ON sample_organization USING btree (samp_id);


--
-- Name: samp_package_1_fk_i; Type: INDEX; Schema: clinlims; Owner: clinlims; Tablespace: 
--

CREATE INDEX samp_package_1_fk_i ON sample USING btree (package_id);


--
-- Name: samp_sys_user_fk_i; Type: INDEX; Schema: clinlims; Owner: clinlims; Tablespace: 
--

CREATE INDEX samp_sys_user_fk_i ON sample USING btree (sys_user_id);


--
-- Name: sampitem_samp_fk_i; Type: INDEX; Schema: clinlims; Owner: clinlims; Tablespace: 
--

CREATE INDEX sampitem_samp_fk_i ON sample_item USING btree (samp_id);


--
-- Name: sampitem_samp_item_uk_uk; Type: INDEX; Schema: clinlims; Owner: clinlims; Tablespace: 
--

CREATE UNIQUE INDEX sampitem_samp_item_uk_uk ON sample_item USING btree (id, sort_order);


--
-- Name: sampitem_sampitem_fk_i; Type: INDEX; Schema: clinlims; Owner: clinlims; Tablespace: 
--

CREATE INDEX sampitem_sampitem_fk_i ON sample_item USING btree (sampitem_id);


--
-- Name: sampitem_source_fk_i; Type: INDEX; Schema: clinlims; Owner: clinlims; Tablespace: 
--

CREATE INDEX sampitem_source_fk_i ON sample_item USING btree (source_id);


--
-- Name: sampitem_typeosamp_fk_i; Type: INDEX; Schema: clinlims; Owner: clinlims; Tablespace: 
--

CREATE INDEX sampitem_typeosamp_fk_i ON sample_item USING btree (typeosamp_id);


--
-- Name: sampitem_uom_fk_i; Type: INDEX; Schema: clinlims; Owner: clinlims; Tablespace: 
--

CREATE INDEX sampitem_uom_fk_i ON sample_item USING btree (uom_id);


--
-- Name: sample_projects_pk; Type: INDEX; Schema: clinlims; Owner: clinlims; Tablespace: 
--

CREATE UNIQUE INDEX sample_projects_pk ON sample_projects USING btree (id);


--
-- Name: sampledom_dom_uk_uk; Type: INDEX; Schema: clinlims; Owner: clinlims; Tablespace: 
--

CREATE UNIQUE INDEX sampledom_dom_uk_uk ON sample_domain USING btree (domain);


--
-- Name: sci_name_comm_anim_fk_i; Type: INDEX; Schema: clinlims; Owner: clinlims; Tablespace: 
--

CREATE INDEX sci_name_comm_anim_fk_i ON animal_scientific_name USING btree (comm_anim_id);


--
-- Name: source_dom_desc_uk_uk; Type: INDEX; Schema: clinlims; Owner: clinlims; Tablespace: 
--

CREATE UNIQUE INDEX source_dom_desc_uk_uk ON source_of_sample USING btree (description, domain);


--
-- Name: sp_proj_fk_i; Type: INDEX; Schema: clinlims; Owner: clinlims; Tablespace: 
--

CREATE INDEX sp_proj_fk_i ON sample_projects USING btree (proj_id);


--
-- Name: sp_samp_fk_i; Type: INDEX; Schema: clinlims; Owner: clinlims; Tablespace: 
--

CREATE INDEX sp_samp_fk_i ON sample_projects USING btree (samp_id);


--
-- Name: storloc_parent_storloc_fk_i; Type: INDEX; Schema: clinlims; Owner: clinlims; Tablespace: 
--

CREATE INDEX storloc_parent_storloc_fk_i ON storage_location USING btree (parent_storageloc_id);


--
-- Name: storloc_storunit_fk_i; Type: INDEX; Schema: clinlims; Owner: clinlims; Tablespace: 
--

CREATE INDEX storloc_storunit_fk_i ON storage_location USING btree (storage_unit_id);


--
-- Name: sysrolemodule_sysmodule_fk_i; Type: INDEX; Schema: clinlims; Owner: clinlims; Tablespace: 
--

CREATE INDEX sysrolemodule_sysmodule_fk_i ON system_role_module USING btree (system_module_id);


--
-- Name: sysrolemodule_sysuser_fk_i; Type: INDEX; Schema: clinlims; Owner: clinlims; Tablespace: 
--

CREATE INDEX sysrolemodule_sysuser_fk_i ON system_role_module USING btree (system_role_id);


--
-- Name: sysusermodule_sysmodule_fk_i; Type: INDEX; Schema: clinlims; Owner: clinlims; Tablespace: 
--

CREATE INDEX sysusermodule_sysmodule_fk_i ON system_user_module USING btree (system_module_id);


--
-- Name: sysusermodule_sysuser_fk_i; Type: INDEX; Schema: clinlims; Owner: clinlims; Tablespace: 
--

CREATE INDEX sysusermodule_sysuser_fk_i ON system_user_module USING btree (system_user_id);


--
-- Name: sysusersect_sysuser_fk_i; Type: INDEX; Schema: clinlims; Owner: clinlims; Tablespace: 
--

CREATE INDEX sysusersect_sysuser_fk_i ON system_user_section USING btree (system_user_id);


--
-- Name: sysusersect_testsect_fk_i; Type: INDEX; Schema: clinlims; Owner: clinlims; Tablespace: 
--

CREATE INDEX sysusersect_testsect_fk_i ON system_user_section USING btree (test_section_id);


--
-- Name: test_desc_uk; Type: INDEX; Schema: clinlims; Owner: clinlims; Tablespace: 
--

CREATE UNIQUE INDEX test_desc_uk ON test USING btree (description);


--
-- Name: test_label_fk_i; Type: INDEX; Schema: clinlims; Owner: clinlims; Tablespace: 
--

CREATE INDEX test_label_fk_i ON test USING btree (label_id);


--
-- Name: test_method_fk_i; Type: INDEX; Schema: clinlims; Owner: clinlims; Tablespace: 
--

CREATE INDEX test_method_fk_i ON test USING btree (method_id);


--
-- Name: test_reflx_tst_rslt_fk_i; Type: INDEX; Schema: clinlims; Owner: clinlims; Tablespace: 
--

CREATE INDEX test_reflx_tst_rslt_fk_i ON test_reflex USING btree (tst_rslt_id);


--
-- Name: test_scriptlet_fk_i; Type: INDEX; Schema: clinlims; Owner: clinlims; Tablespace: 
--

CREATE INDEX test_scriptlet_fk_i ON test USING btree (scriptlet_id);


--
-- Name: test_sect_org_fk_i; Type: INDEX; Schema: clinlims; Owner: clinlims; Tablespace: 
--

CREATE INDEX test_sect_org_fk_i ON test_section USING btree (org_id);


--
-- Name: test_testformat_fk_i; Type: INDEX; Schema: clinlims; Owner: clinlims; Tablespace: 
--

CREATE INDEX test_testformat_fk_i ON test USING btree (test_format_id);


--
-- Name: test_testsect_fk_i; Type: INDEX; Schema: clinlims; Owner: clinlims; Tablespace: 
--

CREATE INDEX test_testsect_fk_i ON test USING btree (test_section_id);


--
-- Name: test_testtrailer_fk_i; Type: INDEX; Schema: clinlims; Owner: clinlims; Tablespace: 
--

CREATE INDEX test_testtrailer_fk_i ON test USING btree (test_trailer_id);


--
-- Name: test_uom_fk_i; Type: INDEX; Schema: clinlims; Owner: clinlims; Tablespace: 
--

CREATE INDEX test_uom_fk_i ON test USING btree (uom_id);


--
-- Name: testalyt_analyte_fk_i; Type: INDEX; Schema: clinlims; Owner: clinlims; Tablespace: 
--

CREATE INDEX testalyt_analyte_fk_i ON test_analyte USING btree (analyte_id);


--
-- Name: testalyt_test_fk_i; Type: INDEX; Schema: clinlims; Owner: clinlims; Tablespace: 
--

CREATE INDEX testalyt_test_fk_i ON test_analyte USING btree (test_id);


--
-- Name: testreflex_addtest_fk_i; Type: INDEX; Schema: clinlims; Owner: clinlims; Tablespace: 
--

CREATE INDEX testreflex_addtest_fk_i ON test_reflex USING btree (add_test_id);


--
-- Name: testreflex_test_fk_i; Type: INDEX; Schema: clinlims; Owner: clinlims; Tablespace: 
--

CREATE INDEX testreflex_test_fk_i ON test_reflex USING btree (test_id);


--
-- Name: testreflex_testanalyt_fk_i; Type: INDEX; Schema: clinlims; Owner: clinlims; Tablespace: 
--

CREATE INDEX testreflex_testanalyt_fk_i ON test_reflex USING btree (test_analyte_id);


--
-- Name: testresult_scriptlet_fk_i; Type: INDEX; Schema: clinlims; Owner: clinlims; Tablespace: 
--

CREATE INDEX testresult_scriptlet_fk_i ON test_result USING btree (scriptlet_id);


--
-- Name: tst_rslt_test_fk_i; Type: INDEX; Schema: clinlims; Owner: clinlims; Tablespace: 
--

CREATE INDEX tst_rslt_test_fk_i ON test_result USING btree (test_id);


--
-- Name: tw_test_fk_i; Type: INDEX; Schema: clinlims; Owner: clinlims; Tablespace: 
--

CREATE INDEX tw_test_fk_i ON test_worksheets USING btree (test_id);


--
-- Name: twi_qc_fk_i; Type: INDEX; Schema: clinlims; Owner: clinlims; Tablespace: 
--

CREATE INDEX twi_qc_fk_i ON test_worksheet_item USING btree (qc_id);


--
-- Name: twi_tw_fk_i; Type: INDEX; Schema: clinlims; Owner: clinlims; Tablespace: 
--

CREATE INDEX twi_tw_fk_i ON test_worksheet_item USING btree (tw_id);


--
-- Name: typeosamp_dom_desc_uk_uk; Type: INDEX; Schema: clinlims; Owner: clinlims; Tablespace: 
--

CREATE UNIQUE INDEX typeosamp_dom_desc_uk_uk ON type_of_sample USING btree (description, domain);


--
-- Name: typofprov_desc_uk_uk; Type: INDEX; Schema: clinlims; Owner: clinlims; Tablespace: 
--

CREATE UNIQUE INDEX typofprov_desc_uk_uk ON type_of_provider USING btree (description);


--
-- Name: wkshtanalysis_wkshtitem_fk_i; Type: INDEX; Schema: clinlims; Owner: clinlims; Tablespace: 
--

CREATE INDEX wkshtanalysis_wkshtitem_fk_i ON worksheet_analysis USING btree (worksheet_item_id);


--
-- Name: wkshtanalyte_result_fk_i; Type: INDEX; Schema: clinlims; Owner: clinlims; Tablespace: 
--

CREATE INDEX wkshtanalyte_result_fk_i ON worksheet_analyte USING btree (result_id);


--
-- Name: wkshtitem_wksht_fk_i; Type: INDEX; Schema: clinlims; Owner: clinlims; Tablespace: 
--

CREATE INDEX wkshtitem_wksht_fk_i ON worksheet_item USING btree (worksheet_id);


--
-- Name: wkshtqc_qcanalyte_fk_i; Type: INDEX; Schema: clinlims; Owner: clinlims; Tablespace: 
--

CREATE INDEX wkshtqc_qcanalyte_fk_i ON worksheet_qc USING btree (qc_analyte_id);


--
-- Name: wkshtqc_wkshtanalysis_fk_i; Type: INDEX; Schema: clinlims; Owner: clinlims; Tablespace: 
--

CREATE INDEX wkshtqc_wkshtanalysis_fk_i ON worksheet_qc USING btree (worksheet_analysis_id);


--
-- Name: workst_sys_user_fk_i; Type: INDEX; Schema: clinlims; Owner: clinlims; Tablespace: 
--

CREATE INDEX workst_sys_user_fk_i ON worksheets USING btree (sys_user_id);


--
-- Name: workst_test_fk_i; Type: INDEX; Schema: clinlims; Owner: clinlims; Tablespace: 
--

CREATE INDEX workst_test_fk_i ON worksheets USING btree (test_id);


--
-- Name: wrkst_anlt_wrkst_anls_fk_i; Type: INDEX; Schema: clinlims; Owner: clinlims; Tablespace: 
--

CREATE INDEX wrkst_anlt_wrkst_anls_fk_i ON worksheet_analyte USING btree (wrkst_anls_id);


--
-- Name: ad_afield_fk; Type: FK CONSTRAINT; Schema: clinlims; Owner: clinlims
--

ALTER TABLE ONLY aux_data
    ADD CONSTRAINT ad_afield_fk FOREIGN KEY (aux_field_id) REFERENCES aux_field(id) MATCH FULL;


--
-- Name: af_analyte_fk; Type: FK CONSTRAINT; Schema: clinlims; Owner: clinlims
--

ALTER TABLE ONLY aux_field
    ADD CONSTRAINT af_analyte_fk FOREIGN KEY (analyte_id) REFERENCES analyte(id) MATCH FULL;


--
-- Name: af_script_fk; Type: FK CONSTRAINT; Schema: clinlims; Owner: clinlims
--

ALTER TABLE ONLY aux_field
    ADD CONSTRAINT af_script_fk FOREIGN KEY (scriptlet_id) REFERENCES scriptlet(id) MATCH FULL;


--
-- Name: afv_afield_fk; Type: FK CONSTRAINT; Schema: clinlims; Owner: clinlims
--

ALTER TABLE ONLY aux_field_values
    ADD CONSTRAINT afv_afield_fk FOREIGN KEY (aux_field_id) REFERENCES aux_field(id) MATCH FULL;


--
-- Name: analysis_panel_FK; Type: FK CONSTRAINT; Schema: clinlims; Owner: clinlims
--

ALTER TABLE ONLY analysis
    ADD CONSTRAINT "analysis_panel_FK" FOREIGN KEY (panel_id) REFERENCES panel(id) ON DELETE SET NULL;


--
-- Name: analysis_parent_analysis_fk; Type: FK CONSTRAINT; Schema: clinlims; Owner: clinlims
--

ALTER TABLE ONLY analysis
    ADD CONSTRAINT analysis_parent_analysis_fk FOREIGN KEY (parent_analysis_id) REFERENCES analysis(id) MATCH FULL;


--
-- Name: analysis_parent_result_fk; Type: FK CONSTRAINT; Schema: clinlims; Owner: clinlims
--

ALTER TABLE ONLY analysis
    ADD CONSTRAINT analysis_parent_result_fk FOREIGN KEY (parent_result_id) REFERENCES result(id) ON DELETE SET NULL;


--
-- Name: analysis_sampitem_fk; Type: FK CONSTRAINT; Schema: clinlims; Owner: clinlims
--

ALTER TABLE ONLY analysis
    ADD CONSTRAINT analysis_sampitem_fk FOREIGN KEY (sampitem_id) REFERENCES sample_item(id) MATCH FULL;


--
-- Name: analysis_status_fk; Type: FK CONSTRAINT; Schema: clinlims; Owner: clinlims
--

ALTER TABLE ONLY analysis
    ADD CONSTRAINT analysis_status_fk FOREIGN KEY (status_id) REFERENCES status_of_sample(id);


--
-- Name: analysis_test_fk; Type: FK CONSTRAINT; Schema: clinlims; Owner: clinlims
--

ALTER TABLE ONLY analysis
    ADD CONSTRAINT analysis_test_fk FOREIGN KEY (test_id) REFERENCES test(id) MATCH FULL;


--
-- Name: analysis_test_sect_fk; Type: FK CONSTRAINT; Schema: clinlims; Owner: clinlims
--

ALTER TABLE ONLY analysis
    ADD CONSTRAINT analysis_test_sect_fk FOREIGN KEY (test_sect_id) REFERENCES test_section(id) MATCH FULL;


--
-- Name: analyte_analyte_fk; Type: FK CONSTRAINT; Schema: clinlims; Owner: clinlims
--

ALTER TABLE ONLY analyte
    ADD CONSTRAINT analyte_analyte_fk FOREIGN KEY (analyte_id) REFERENCES analyte(id) MATCH FULL;


--
-- Name: analyzer_fk; Type: FK CONSTRAINT; Schema: clinlims; Owner: clinlims
--

ALTER TABLE ONLY analyzer_results
    ADD CONSTRAINT analyzer_fk FOREIGN KEY (analyzer_id) REFERENCES analyzer(id);


--
-- Name: analyzer_results_test_fk; Type: FK CONSTRAINT; Schema: clinlims; Owner: clinlims
--

ALTER TABLE ONLY analyzer_results
    ADD CONSTRAINT analyzer_results_test_fk FOREIGN KEY (test_id) REFERENCES test(id);


--
-- Name: analyzer_test_map_analyzer_fk; Type: FK CONSTRAINT; Schema: clinlims; Owner: clinlims
--

ALTER TABLE ONLY analyzer_test_map
    ADD CONSTRAINT analyzer_test_map_analyzer_fk FOREIGN KEY (analyzer_id) REFERENCES analyzer(id);


--
-- Name: analyzer_test_map_test_fk; Type: FK CONSTRAINT; Schema: clinlims; Owner: clinlims
--

ALTER TABLE ONLY analyzer_test_map
    ADD CONSTRAINT analyzer_test_map_test_fk FOREIGN KEY (test_id) REFERENCES test(id);


--
-- Name: ani_samp_comm_anim_fk; Type: FK CONSTRAINT; Schema: clinlims; Owner: clinlims
--

ALTER TABLE ONLY sample_animal
    ADD CONSTRAINT ani_samp_comm_anim_fk FOREIGN KEY (comm_anim_id) REFERENCES animal_common_name(id) MATCH FULL;


--
-- Name: ani_samp_samp_fk; Type: FK CONSTRAINT; Schema: clinlims; Owner: clinlims
--

ALTER TABLE ONLY sample_animal
    ADD CONSTRAINT ani_samp_samp_fk FOREIGN KEY (samp_id) REFERENCES sample(id) MATCH FULL;


--
-- Name: ani_samp_sci_name_fk; Type: FK CONSTRAINT; Schema: clinlims; Owner: clinlims
--

ALTER TABLE ONLY sample_animal
    ADD CONSTRAINT ani_samp_sci_name_fk FOREIGN KEY (sci_name_id) REFERENCES animal_scientific_name(id) MATCH FULL;


--
-- Name: anqaev_anal_fk; Type: FK CONSTRAINT; Schema: clinlims; Owner: clinlims
--

ALTER TABLE ONLY analysis_qaevent
    ADD CONSTRAINT anqaev_anal_fk FOREIGN KEY (analysis_id) REFERENCES analysis(id) MATCH FULL;


--
-- Name: anqaev_qa_event_fk; Type: FK CONSTRAINT; Schema: clinlims; Owner: clinlims
--

ALTER TABLE ONLY analysis_qaevent
    ADD CONSTRAINT anqaev_qa_event_fk FOREIGN KEY (qa_event_id) REFERENCES qa_event(id) MATCH FULL;


--
-- Name: anst_anal_fk; Type: FK CONSTRAINT; Schema: clinlims; Owner: clinlims
--

ALTER TABLE ONLY analysis_storages
    ADD CONSTRAINT anst_anal_fk FOREIGN KEY (analysis_id) REFERENCES analysis(id) MATCH FULL;


--
-- Name: anstore_storage_fk; Type: FK CONSTRAINT; Schema: clinlims; Owner: clinlims
--

ALTER TABLE ONLY analysis_storages
    ADD CONSTRAINT anstore_storage_fk FOREIGN KEY (storage_id) REFERENCES storage_location(id) MATCH FULL;


--
-- Name: anus_anal_fk; Type: FK CONSTRAINT; Schema: clinlims; Owner: clinlims
--

ALTER TABLE ONLY analysis_users
    ADD CONSTRAINT anus_anal_fk FOREIGN KEY (analysis_id) REFERENCES analysis(id) MATCH FULL;


--
-- Name: anus_sysuser_fk; Type: FK CONSTRAINT; Schema: clinlims; Owner: clinlims
--

ALTER TABLE ONLY analysis_users
    ADD CONSTRAINT anus_sysuser_fk FOREIGN KEY (system_user_id) REFERENCES system_user(id) MATCH FULL;


--
-- Name: attachmtitem_attachmt_fk; Type: FK CONSTRAINT; Schema: clinlims; Owner: clinlims
--

ALTER TABLE ONLY attachment_item
    ADD CONSTRAINT attachmtitem_attachmt_fk FOREIGN KEY (attachment_id) REFERENCES attachment(id) MATCH FULL;


--
-- Name: cd_elmt_xref_cd_elmt_type_fk; Type: FK CONSTRAINT; Schema: clinlims; Owner: clinlims
--

ALTER TABLE ONLY code_element_xref
    ADD CONSTRAINT cd_elmt_xref_cd_elmt_type_fk FOREIGN KEY (code_element_type_id) REFERENCES code_element_type(id) MATCH FULL;


--
-- Name: cd_elmt_xref_message_org_fk; Type: FK CONSTRAINT; Schema: clinlims; Owner: clinlims
--

ALTER TABLE ONLY code_element_xref
    ADD CONSTRAINT cd_elmt_xref_message_org_fk FOREIGN KEY (message_org_id) REFERENCES message_org(id) MATCH FULL;


--
-- Name: cd_elmt_xref_rcvr_cd_elmt_fk; Type: FK CONSTRAINT; Schema: clinlims; Owner: clinlims
--

ALTER TABLE ONLY code_element_xref
    ADD CONSTRAINT cd_elmt_xref_rcvr_cd_elmt_fk FOREIGN KEY (receiver_code_element_id) REFERENCES receiver_code_element(id) MATCH FULL;


--
-- Name: demographics_history_type_fk; Type: FK CONSTRAINT; Schema: clinlims; Owner: clinlims
--

ALTER TABLE ONLY observation_history
    ADD CONSTRAINT demographics_history_type_fk FOREIGN KEY (observation_history_type_id) REFERENCES observation_history_type(id);


--
-- Name: dictionary_dict_cat_fk; Type: FK CONSTRAINT; Schema: clinlims; Owner: clinlims
--

ALTER TABLE ONLY dictionary
    ADD CONSTRAINT dictionary_dict_cat_fk FOREIGN KEY (dictionary_category_id) REFERENCES dictionary_category(id) MATCH FULL;


--
-- Name: electronic_order_patient_fk; Type: FK CONSTRAINT; Schema: clinlims; Owner: clinlims
--

ALTER TABLE ONLY electronic_order
    ADD CONSTRAINT electronic_order_patient_fk FOREIGN KEY (patient_id) REFERENCES patient(id);


--
-- Name: env_samp_samp_fk; Type: FK CONSTRAINT; Schema: clinlims; Owner: clinlims
--

ALTER TABLE ONLY sample_environmental
    ADD CONSTRAINT env_samp_samp_fk FOREIGN KEY (samp_id) REFERENCES sample(id) MATCH FULL;


--
-- Name: fk_doc_parent_id; Type: FK CONSTRAINT; Schema: clinlims; Owner: clinlims
--

ALTER TABLE ONLY document_track
    ADD CONSTRAINT fk_doc_parent_id FOREIGN KEY (parent_id) REFERENCES document_track(id);


--
-- Name: fk_doc_type; Type: FK CONSTRAINT; Schema: clinlims; Owner: clinlims
--

ALTER TABLE ONLY document_track
    ADD CONSTRAINT fk_doc_type FOREIGN KEY (document_type_id) REFERENCES document_type(id);


--
-- Name: fk_sibling_reflex; Type: FK CONSTRAINT; Schema: clinlims; Owner: clinlims
--

ALTER TABLE ONLY test_reflex
    ADD CONSTRAINT fk_sibling_reflex FOREIGN KEY (sibling_reflex) REFERENCES test_reflex(id) ON DELETE CASCADE;


--
-- Name: fk_table_id; Type: FK CONSTRAINT; Schema: clinlims; Owner: clinlims
--

ALTER TABLE ONLY document_track
    ADD CONSTRAINT fk_table_id FOREIGN KEY (table_id) REFERENCES reference_tables(id);


--
-- Name: fk_test_dictioanry_test; Type: FK CONSTRAINT; Schema: clinlims; Owner: clinlims
--

ALTER TABLE ONLY test_dictionary
    ADD CONSTRAINT fk_test_dictioanry_test FOREIGN KEY (test_id) REFERENCES test(id) ON DELETE CASCADE;


--
-- Name: fk_test_dictionary_dictionary; Type: FK CONSTRAINT; Schema: clinlims; Owner: clinlims
--

ALTER TABLE ONLY test_dictionary
    ADD CONSTRAINT fk_test_dictionary_dictionary FOREIGN KEY (dictionary_category_id) REFERENCES dictionary_category(id) ON DELETE CASCADE;


--
-- Name: fk_test_dictionary_qualifiable; Type: FK CONSTRAINT; Schema: clinlims; Owner: clinlims
--

ALTER TABLE ONLY test_dictionary
    ADD CONSTRAINT fk_test_dictionary_qualifiable FOREIGN KEY (qualifiable_entry_id) REFERENCES dictionary(id) ON DELETE CASCADE;


--
-- Name: history_sysuer_fk; Type: FK CONSTRAINT; Schema: clinlims; Owner: clinlims
--

ALTER TABLE ONLY history
    ADD CONSTRAINT history_sysuer_fk FOREIGN KEY (sys_user_id) REFERENCES system_user(id) MATCH FULL;


--
-- Name: ia_analyte_fk; Type: FK CONSTRAINT; Schema: clinlims; Owner: clinlims
--

ALTER TABLE ONLY instrument_analyte
    ADD CONSTRAINT ia_analyte_fk FOREIGN KEY (analyte_id) REFERENCES analyte(id) MATCH FULL;


--
-- Name: ia_instru_fk; Type: FK CONSTRAINT; Schema: clinlims; Owner: clinlims
--

ALTER TABLE ONLY instrument_analyte
    ADD CONSTRAINT ia_instru_fk FOREIGN KEY (instru_id) REFERENCES instrument(id) MATCH FULL;


--
-- Name: ia_method_fk; Type: FK CONSTRAINT; Schema: clinlims; Owner: clinlims
--

ALTER TABLE ONLY instrument_analyte
    ADD CONSTRAINT ia_method_fk FOREIGN KEY (method_id) REFERENCES method(id) MATCH FULL;


--
-- Name: identity_type_fk; Type: FK CONSTRAINT; Schema: clinlims; Owner: clinlims
--

ALTER TABLE ONLY patient_identity
    ADD CONSTRAINT identity_type_fk FOREIGN KEY (identity_type_id) REFERENCES patient_identity_type(id);


--
-- Name: il_instru_fk; Type: FK CONSTRAINT; Schema: clinlims; Owner: clinlims
--

ALTER TABLE ONLY instrument_log
    ADD CONSTRAINT il_instru_fk FOREIGN KEY (instru_id) REFERENCES instrument(id) MATCH FULL;


--
-- Name: il_inv_item_fk; Type: FK CONSTRAINT; Schema: clinlims; Owner: clinlims
--

ALTER TABLE ONLY inventory_location
    ADD CONSTRAINT il_inv_item_fk FOREIGN KEY (inv_item_id) REFERENCES inventory_item(id) MATCH FULL;


--
-- Name: inv_recpt_invitem_fk; Type: FK CONSTRAINT; Schema: clinlims; Owner: clinlims
--

ALTER TABLE ONLY inventory_receipt
    ADD CONSTRAINT inv_recpt_invitem_fk FOREIGN KEY (invitem_id) REFERENCES inventory_item(id) MATCH FULL;


--
-- Name: invcomp_invitem_fk; Type: FK CONSTRAINT; Schema: clinlims; Owner: clinlims
--

ALTER TABLE ONLY inventory_component
    ADD CONSTRAINT invcomp_invitem_fk FOREIGN KEY (invitem_id) REFERENCES inventory_item(id) MATCH FULL;


--
-- Name: invcomp_matcomp_fk_iii; Type: FK CONSTRAINT; Schema: clinlims; Owner: clinlims
--

ALTER TABLE ONLY inventory_component
    ADD CONSTRAINT invcomp_matcomp_fk_iii FOREIGN KEY (material_component_id) REFERENCES inventory_item(id) MATCH FULL;


--
-- Name: inventory__location_fk; Type: FK CONSTRAINT; Schema: clinlims; Owner: clinlims
--

ALTER TABLE ONLY result_inventory
    ADD CONSTRAINT inventory__location_fk FOREIGN KEY (inventory_location_id) REFERENCES inventory_location(id);


--
-- Name: invitem_uom_fk; Type: FK CONSTRAINT; Schema: clinlims; Owner: clinlims
--

ALTER TABLE ONLY inventory_item
    ADD CONSTRAINT invitem_uom_fk FOREIGN KEY (uom_id) REFERENCES unit_of_measure(id) MATCH FULL;


--
-- Name: invloc_storage_fk; Type: FK CONSTRAINT; Schema: clinlims; Owner: clinlims
--

ALTER TABLE ONLY inventory_location
    ADD CONSTRAINT invloc_storage_fk FOREIGN KEY (storage_id) REFERENCES storage_location(id) MATCH FULL;


--
-- Name: invrec_org_fk_iii; Type: FK CONSTRAINT; Schema: clinlims; Owner: clinlims
--

ALTER TABLE ONLY inventory_receipt
    ADD CONSTRAINT invrec_org_fk_iii FOREIGN KEY (org_id) REFERENCES organization(id) MATCH FULL;


--
-- Name: lab_order_item_table_fk; Type: FK CONSTRAINT; Schema: clinlims; Owner: clinlims
--

ALTER TABLE ONLY lab_order_item
    ADD CONSTRAINT lab_order_item_table_fk FOREIGN KEY (table_ref) REFERENCES reference_tables(id);


--
-- Name: lab_order_item_type_fk; Type: FK CONSTRAINT; Schema: clinlims; Owner: clinlims
--

ALTER TABLE ONLY lab_order_item
    ADD CONSTRAINT lab_order_item_type_fk FOREIGN KEY (lab_order_type_id) REFERENCES lab_order_type(id);


--
-- Name: label_script_fk; Type: FK CONSTRAINT; Schema: clinlims; Owner: clinlims
--

ALTER TABLE ONLY label
    ADD CONSTRAINT label_script_fk FOREIGN KEY (scriptlet_id) REFERENCES scriptlet(id) MATCH FULL;


--
-- Name: ma_analyte_fk; Type: FK CONSTRAINT; Schema: clinlims; Owner: clinlims
--

ALTER TABLE ONLY method_analyte
    ADD CONSTRAINT ma_analyte_fk FOREIGN KEY (analyte_id) REFERENCES analyte(id) MATCH FULL;


--
-- Name: ma_method_fk; Type: FK CONSTRAINT; Schema: clinlims; Owner: clinlims
--

ALTER TABLE ONLY method_analyte
    ADD CONSTRAINT ma_method_fk FOREIGN KEY (method_id) REFERENCES method(id) MATCH FULL;


--
-- Name: menu_parent_fk; Type: FK CONSTRAINT; Schema: clinlims; Owner: clinlims
--

ALTER TABLE ONLY menu
    ADD CONSTRAINT menu_parent_fk FOREIGN KEY (parent_id) REFERENCES menu(id);


--
-- Name: methres_method_fk_ii; Type: FK CONSTRAINT; Schema: clinlims; Owner: clinlims
--

ALTER TABLE ONLY method_result
    ADD CONSTRAINT methres_method_fk_ii FOREIGN KEY (method_id) REFERENCES method(id) MATCH FULL;


--
-- Name: methres_scrip_fk; Type: FK CONSTRAINT; Schema: clinlims; Owner: clinlims
--

ALTER TABLE ONLY method_result
    ADD CONSTRAINT methres_scrip_fk FOREIGN KEY (scrip_id) REFERENCES scriptlet(id) MATCH FULL;


--
-- Name: mls_lab_tp_org_mlt_fk; Type: FK CONSTRAINT; Schema: clinlims; Owner: clinlims
--

ALTER TABLE ONLY mls_lab_type
    ADD CONSTRAINT mls_lab_tp_org_mlt_fk FOREIGN KEY (org_mlt_org_mlt_id) REFERENCES org_mls_lab_type(org_mlt_id) MATCH FULL;


--
-- Name: note_sys_user_fk; Type: FK CONSTRAINT; Schema: clinlims; Owner: clinlims
--

ALTER TABLE ONLY note
    ADD CONSTRAINT note_sys_user_fk FOREIGN KEY (sys_user_id) REFERENCES system_user(id) MATCH FULL;


--
-- Name: ord_org_fk; Type: FK CONSTRAINT; Schema: clinlims; Owner: clinlims
--

ALTER TABLE ONLY orders
    ADD CONSTRAINT ord_org_fk FOREIGN KEY (org_id) REFERENCES organization(id) MATCH FULL;


--
-- Name: ord_sys_user_fk; Type: FK CONSTRAINT; Schema: clinlims; Owner: clinlims
--

ALTER TABLE ONLY orders
    ADD CONSTRAINT ord_sys_user_fk FOREIGN KEY (sys_user_id) REFERENCES system_user(id) MATCH FULL;


--
-- Name: orditem_inv_loc_fk_ii; Type: FK CONSTRAINT; Schema: clinlims; Owner: clinlims
--

ALTER TABLE ONLY order_item
    ADD CONSTRAINT orditem_inv_loc_fk_ii FOREIGN KEY (inv_loc_id) REFERENCES inventory_location(id) MATCH FULL;


--
-- Name: orditem_ord_fk; Type: FK CONSTRAINT; Schema: clinlims; Owner: clinlims
--

ALTER TABLE ONLY order_item
    ADD CONSTRAINT orditem_ord_fk FOREIGN KEY (ord_id) REFERENCES orders(id) MATCH FULL;


--
-- Name: org_contact_org_fk; Type: FK CONSTRAINT; Schema: clinlims; Owner: clinlims
--

ALTER TABLE ONLY organization_contact
    ADD CONSTRAINT org_contact_org_fk FOREIGN KEY (organization_id) REFERENCES organization(id);


--
-- Name: org_contact_person_fk; Type: FK CONSTRAINT; Schema: clinlims; Owner: clinlims
--

ALTER TABLE ONLY organization_contact
    ADD CONSTRAINT org_contact_person_fk FOREIGN KEY (person_id) REFERENCES person(id);


--
-- Name: org_hl7_encoding_id_fk; Type: FK CONSTRAINT; Schema: clinlims; Owner: clinlims
--

ALTER TABLE ONLY org_hl7_encoding_type
    ADD CONSTRAINT org_hl7_encoding_id_fk FOREIGN KEY (encoding_type_id) REFERENCES test_code_type(id);


--
-- Name: org_hl7_org_id_fk; Type: FK CONSTRAINT; Schema: clinlims; Owner: clinlims
--

ALTER TABLE ONLY org_hl7_encoding_type
    ADD CONSTRAINT org_hl7_org_id_fk FOREIGN KEY (organization_id) REFERENCES organization(id);


--
-- Name: org_org_fk; Type: FK CONSTRAINT; Schema: clinlims; Owner: clinlims
--

ALTER TABLE ONLY organization
    ADD CONSTRAINT org_org_fk FOREIGN KEY (org_id) REFERENCES organization(id) MATCH FULL;


--
-- Name: org_org_mlt_fk; Type: FK CONSTRAINT; Schema: clinlims; Owner: clinlims
--

ALTER TABLE ONLY organization
    ADD CONSTRAINT org_org_mlt_fk FOREIGN KEY (org_mlt_org_mlt_id) REFERENCES org_mls_lab_type(org_mlt_id) MATCH FULL;


--
-- Name: organization_address_address_fk; Type: FK CONSTRAINT; Schema: clinlims; Owner: clinlims
--

ALTER TABLE ONLY organization_address
    ADD CONSTRAINT organization_address_address_fk FOREIGN KEY (address_part_id) REFERENCES address_part(id);


--
-- Name: organization_address_organization_fk; Type: FK CONSTRAINT; Schema: clinlims; Owner: clinlims
--

ALTER TABLE ONLY organization_address
    ADD CONSTRAINT organization_address_organization_fk FOREIGN KEY (organization_id) REFERENCES organization(id);


--
-- Name: organization_fk; Type: FK CONSTRAINT; Schema: clinlims; Owner: clinlims
--

ALTER TABLE ONLY project_organization
    ADD CONSTRAINT organization_fk FOREIGN KEY (org_id) REFERENCES organization(id);


--
-- Name: organization_fk; Type: FK CONSTRAINT; Schema: clinlims; Owner: clinlims
--

ALTER TABLE ONLY organization_organization_type
    ADD CONSTRAINT organization_fk FOREIGN KEY (org_id) REFERENCES organization(id) ON DELETE CASCADE;


--
-- Name: organization_type_fk; Type: FK CONSTRAINT; Schema: clinlims; Owner: clinlims
--

ALTER TABLE ONLY organization_organization_type
    ADD CONSTRAINT organization_type_fk FOREIGN KEY (org_type_id) REFERENCES organization_type(id);


--
-- Name: pan_it_panel_fk; Type: FK CONSTRAINT; Schema: clinlims; Owner: clinlims
--

ALTER TABLE ONLY panel_item
    ADD CONSTRAINT pan_it_panel_fk FOREIGN KEY (panel_id) REFERENCES panel(id) MATCH FULL;


--
-- Name: parent_test_sec_test_sect_fk; Type: FK CONSTRAINT; Schema: clinlims; Owner: clinlims
--

ALTER TABLE ONLY test_section
    ADD CONSTRAINT parent_test_sec_test_sect_fk FOREIGN KEY (parent_test_section) REFERENCES test_section(id) MATCH FULL;


--
-- Name: pat_id_fk; Type: FK CONSTRAINT; Schema: clinlims; Owner: clinlims
--

ALTER TABLE ONLY patient_occupation
    ADD CONSTRAINT pat_id_fk FOREIGN KEY (patient_id) REFERENCES patient(id);


--
-- Name: pat_person_fk; Type: FK CONSTRAINT; Schema: clinlims; Owner: clinlims
--

ALTER TABLE ONLY patient
    ADD CONSTRAINT pat_person_fk FOREIGN KEY (person_id) REFERENCES person(id) MATCH FULL;


--
-- Name: patient_fk; Type: FK CONSTRAINT; Schema: clinlims; Owner: clinlims
--

ALTER TABLE ONLY patient_identity
    ADD CONSTRAINT patient_fk FOREIGN KEY (patient_id) REFERENCES patient(id);


--
-- Name: patient_fk; Type: FK CONSTRAINT; Schema: clinlims; Owner: clinlims
--

ALTER TABLE ONLY patient_patient_type
    ADD CONSTRAINT patient_fk FOREIGN KEY (patient_id) REFERENCES patient(id);


--
-- Name: patient_fk; Type: FK CONSTRAINT; Schema: clinlims; Owner: clinlims
--

ALTER TABLE ONLY observation_history
    ADD CONSTRAINT patient_fk FOREIGN KEY (patient_id) REFERENCES patient(id);


--
-- Name: patient_type_fk; Type: FK CONSTRAINT; Schema: clinlims; Owner: clinlims
--

ALTER TABLE ONLY patient_patient_type
    ADD CONSTRAINT patient_type_fk FOREIGN KEY (patient_type_id) REFERENCES patient_type(id);


--
-- Name: person_address_address_fk; Type: FK CONSTRAINT; Schema: clinlims; Owner: clinlims
--

ALTER TABLE ONLY person_address
    ADD CONSTRAINT person_address_address_fk FOREIGN KEY (address_part_id) REFERENCES address_part(id);


--
-- Name: person_address_person_fk; Type: FK CONSTRAINT; Schema: clinlims; Owner: clinlims
--

ALTER TABLE ONLY person_address
    ADD CONSTRAINT person_address_person_fk FOREIGN KEY (person_id) REFERENCES person(id);


--
-- Name: pr_pat_fk; Type: FK CONSTRAINT; Schema: clinlims; Owner: clinlims
--

ALTER TABLE ONLY patient_relations
    ADD CONSTRAINT pr_pat_fk FOREIGN KEY (pat_id) REFERENCES patient(id) MATCH FULL;


--
-- Name: pr_pat_source_fk; Type: FK CONSTRAINT; Schema: clinlims; Owner: clinlims
--

ALTER TABLE ONLY patient_relations
    ADD CONSTRAINT pr_pat_source_fk FOREIGN KEY (pat_id_source) REFERENCES patient(id) MATCH FULL;


--
-- Name: project_fk; Type: FK CONSTRAINT; Schema: clinlims; Owner: clinlims
--

ALTER TABLE ONLY project_organization
    ADD CONSTRAINT project_fk FOREIGN KEY (project_id) REFERENCES project(id);


--
-- Name: project_script_fk_ii; Type: FK CONSTRAINT; Schema: clinlims; Owner: clinlims
--

ALTER TABLE ONLY project
    ADD CONSTRAINT project_script_fk_ii FOREIGN KEY (scriptlet_id) REFERENCES scriptlet(id) MATCH FULL;


--
-- Name: project_sysuer_fk; Type: FK CONSTRAINT; Schema: clinlims; Owner: clinlims
--

ALTER TABLE ONLY project
    ADD CONSTRAINT project_sysuer_fk FOREIGN KEY (sys_user_id) REFERENCES system_user(id) MATCH FULL;


--
-- Name: projectparam_proj_fk; Type: FK CONSTRAINT; Schema: clinlims; Owner: clinlims
--

ALTER TABLE ONLY project_parameter
    ADD CONSTRAINT projectparam_proj_fk FOREIGN KEY (project_id) REFERENCES project(id) MATCH FULL;


--
-- Name: prov_person_fk; Type: FK CONSTRAINT; Schema: clinlims; Owner: clinlims
--

ALTER TABLE ONLY provider
    ADD CONSTRAINT prov_person_fk FOREIGN KEY (person_id) REFERENCES person(id) MATCH FULL;


--
-- Name: qa_observation_type_k; Type: FK CONSTRAINT; Schema: clinlims; Owner: clinlims
--

ALTER TABLE ONLY qa_observation
    ADD CONSTRAINT qa_observation_type_k FOREIGN KEY (qa_observation_type_id) REFERENCES qa_observation_type(id);


--
-- Name: qaev_test_fk; Type: FK CONSTRAINT; Schema: clinlims; Owner: clinlims
--

ALTER TABLE ONLY qa_event
    ADD CONSTRAINT qaev_test_fk FOREIGN KEY (test_id) REFERENCES test(id) MATCH FULL;


--
-- Name: qc_sys_user_fk; Type: FK CONSTRAINT; Schema: clinlims; Owner: clinlims
--

ALTER TABLE ONLY qc
    ADD CONSTRAINT qc_sys_user_fk FOREIGN KEY (sys_user_id) REFERENCES system_user(id) MATCH FULL;


--
-- Name: qc_uom_fk; Type: FK CONSTRAINT; Schema: clinlims; Owner: clinlims
--

ALTER TABLE ONLY qc
    ADD CONSTRAINT qc_uom_fk FOREIGN KEY (uom_id) REFERENCES unit_of_measure(id) MATCH FULL;


--
-- Name: qcanlyt_analyte_fk; Type: FK CONSTRAINT; Schema: clinlims; Owner: clinlims
--

ALTER TABLE ONLY qc_analytes
    ADD CONSTRAINT qcanlyt_analyte_fk FOREIGN KEY (analyte_id) REFERENCES analyte(id) MATCH FULL;


--
-- Name: qrtz_blob_triggers_trigger_name_fkey; Type: FK CONSTRAINT; Schema: clinlims; Owner: clinlims
--

ALTER TABLE ONLY qrtz_blob_triggers
    ADD CONSTRAINT qrtz_blob_triggers_trigger_name_fkey FOREIGN KEY (trigger_name, trigger_group) REFERENCES qrtz_triggers(trigger_name, trigger_group);


--
-- Name: qrtz_cron_triggers_trigger_name_fkey; Type: FK CONSTRAINT; Schema: clinlims; Owner: clinlims
--

ALTER TABLE ONLY qrtz_cron_triggers
    ADD CONSTRAINT qrtz_cron_triggers_trigger_name_fkey FOREIGN KEY (trigger_name, trigger_group) REFERENCES qrtz_triggers(trigger_name, trigger_group);


--
-- Name: qrtz_job_listeners_job_name_fkey; Type: FK CONSTRAINT; Schema: clinlims; Owner: clinlims
--

ALTER TABLE ONLY qrtz_job_listeners
    ADD CONSTRAINT qrtz_job_listeners_job_name_fkey FOREIGN KEY (job_name, job_group) REFERENCES qrtz_job_details(job_name, job_group);


--
-- Name: qrtz_simple_triggers_trigger_name_fkey; Type: FK CONSTRAINT; Schema: clinlims; Owner: clinlims
--

ALTER TABLE ONLY qrtz_simple_triggers
    ADD CONSTRAINT qrtz_simple_triggers_trigger_name_fkey FOREIGN KEY (trigger_name, trigger_group) REFERENCES qrtz_triggers(trigger_name, trigger_group);


--
-- Name: qrtz_trigger_listeners_trigger_name_fkey; Type: FK CONSTRAINT; Schema: clinlims; Owner: clinlims
--

ALTER TABLE ONLY qrtz_trigger_listeners
    ADD CONSTRAINT qrtz_trigger_listeners_trigger_name_fkey FOREIGN KEY (trigger_name, trigger_group) REFERENCES qrtz_triggers(trigger_name, trigger_group);


--
-- Name: qrtz_triggers_job_name_fkey; Type: FK CONSTRAINT; Schema: clinlims; Owner: clinlims
--

ALTER TABLE ONLY qrtz_triggers
    ADD CONSTRAINT qrtz_triggers_job_name_fkey FOREIGN KEY (job_name, job_group) REFERENCES qrtz_job_details(job_name, job_group);


--
-- Name: receiver_code_code_element_fk; Type: FK CONSTRAINT; Schema: clinlims; Owner: clinlims
--

ALTER TABLE ONLY receiver_code_element
    ADD CONSTRAINT receiver_code_code_element_fk FOREIGN KEY (code_element_type_id) REFERENCES code_element_type(id) MATCH FULL;


--
-- Name: receiver_code_message_org_fk; Type: FK CONSTRAINT; Schema: clinlims; Owner: clinlims
--

ALTER TABLE ONLY receiver_code_element
    ADD CONSTRAINT receiver_code_message_org_fk FOREIGN KEY (message_org_id) REFERENCES message_org(id) MATCH FULL;


--
-- Name: referral_analysis_fk; Type: FK CONSTRAINT; Schema: clinlims; Owner: clinlims
--

ALTER TABLE ONLY referral
    ADD CONSTRAINT referral_analysis_fk FOREIGN KEY (analysis_id) REFERENCES analysis(id);


--
-- Name: referral_organization_fk; Type: FK CONSTRAINT; Schema: clinlims; Owner: clinlims
--

ALTER TABLE ONLY referral
    ADD CONSTRAINT referral_organization_fk FOREIGN KEY (organization_id) REFERENCES organization(id) ON DELETE CASCADE;


--
-- Name: referral_reason_fk; Type: FK CONSTRAINT; Schema: clinlims; Owner: clinlims
--

ALTER TABLE ONLY referral
    ADD CONSTRAINT referral_reason_fk FOREIGN KEY (referral_reason_id) REFERENCES referral_reason(id);


--
-- Name: referral_result_referral_fk; Type: FK CONSTRAINT; Schema: clinlims; Owner: clinlims
--

ALTER TABLE ONLY referral_result
    ADD CONSTRAINT referral_result_referral_fk FOREIGN KEY (referral_id) REFERENCES referral(id) ON DELETE CASCADE;


--
-- Name: referral_result_result; Type: FK CONSTRAINT; Schema: clinlims; Owner: clinlims
--

ALTER TABLE ONLY referral_result
    ADD CONSTRAINT referral_result_result FOREIGN KEY (result_id) REFERENCES result(id);


--
-- Name: referral_result_test_fk; Type: FK CONSTRAINT; Schema: clinlims; Owner: clinlims
--

ALTER TABLE ONLY referral_result
    ADD CONSTRAINT referral_result_test_fk FOREIGN KEY (test_id) REFERENCES test(id);


--
-- Name: referral_type_fk; Type: FK CONSTRAINT; Schema: clinlims; Owner: clinlims
--

ALTER TABLE ONLY referral
    ADD CONSTRAINT referral_type_fk FOREIGN KEY (referral_type_id) REFERENCES referral_type(id);


--
-- Name: report_queue_type_fk; Type: FK CONSTRAINT; Schema: clinlims; Owner: clinlims
--

ALTER TABLE ONLY report_external_export
    ADD CONSTRAINT report_queue_type_fk FOREIGN KEY (type) REFERENCES report_queue_type(id);


--
-- Name: requester_type_fk; Type: FK CONSTRAINT; Schema: clinlims; Owner: clinlims
--

ALTER TABLE ONLY sample_requester
    ADD CONSTRAINT requester_type_fk FOREIGN KEY (requester_type_id) REFERENCES requester_type(id);


--
-- Name: result_analysis_fk; Type: FK CONSTRAINT; Schema: clinlims; Owner: clinlims
--

ALTER TABLE ONLY result
    ADD CONSTRAINT result_analysis_fk FOREIGN KEY (analysis_id) REFERENCES analysis(id) MATCH FULL;


--
-- Name: result_analyte_fk_ii; Type: FK CONSTRAINT; Schema: clinlims; Owner: clinlims
--

ALTER TABLE ONLY result
    ADD CONSTRAINT result_analyte_fk_ii FOREIGN KEY (analyte_id) REFERENCES analyte(id) MATCH FULL;


--
-- Name: result_fk; Type: FK CONSTRAINT; Schema: clinlims; Owner: clinlims
--

ALTER TABLE ONLY result_inventory
    ADD CONSTRAINT result_fk FOREIGN KEY (result_id) REFERENCES result(id);


--
-- Name: result_id_fk; Type: FK CONSTRAINT; Schema: clinlims; Owner: clinlims
--

ALTER TABLE ONLY result_signature
    ADD CONSTRAINT result_id_fk FOREIGN KEY (result_id) REFERENCES result(id);


--
-- Name: result_parent_id_fk; Type: FK CONSTRAINT; Schema: clinlims; Owner: clinlims
--

ALTER TABLE ONLY result
    ADD CONSTRAINT result_parent_id_fk FOREIGN KEY (parent_id) REFERENCES result(id) ON DELETE CASCADE;


--
-- Name: result_testresult_fk; Type: FK CONSTRAINT; Schema: clinlims; Owner: clinlims
--

ALTER TABLE ONLY result
    ADD CONSTRAINT result_testresult_fk FOREIGN KEY (test_result_id) REFERENCES test_result(id) MATCH FULL;


--
-- Name: role_fk; Type: FK CONSTRAINT; Schema: clinlims; Owner: clinlims
--

ALTER TABLE ONLY system_user_role
    ADD CONSTRAINT role_fk FOREIGN KEY (role_id) REFERENCES system_role(id) ON DELETE CASCADE;


--
-- Name: role_parent_role_fk; Type: FK CONSTRAINT; Schema: clinlims; Owner: clinlims
--

ALTER TABLE ONLY system_role
    ADD CONSTRAINT role_parent_role_fk FOREIGN KEY (grouping_parent) REFERENCES system_role(id);


--
-- Name: samp_org_org_fk; Type: FK CONSTRAINT; Schema: clinlims; Owner: clinlims
--

ALTER TABLE ONLY sample_organization
    ADD CONSTRAINT samp_org_org_fk FOREIGN KEY (org_id) REFERENCES organization(id) MATCH FULL;


--
-- Name: samp_org_samp_fk; Type: FK CONSTRAINT; Schema: clinlims; Owner: clinlims
--

ALTER TABLE ONLY sample_organization
    ADD CONSTRAINT samp_org_samp_fk FOREIGN KEY (samp_id) REFERENCES sample(id) MATCH FULL;


--
-- Name: samphuman_patient_fk; Type: FK CONSTRAINT; Schema: clinlims; Owner: clinlims
--

ALTER TABLE ONLY sample_human
    ADD CONSTRAINT samphuman_patient_fk FOREIGN KEY (patient_id) REFERENCES patient(id) MATCH FULL;


--
-- Name: samphuman_provider_fk; Type: FK CONSTRAINT; Schema: clinlims; Owner: clinlims
--

ALTER TABLE ONLY sample_human
    ADD CONSTRAINT samphuman_provider_fk FOREIGN KEY (provider_id) REFERENCES provider(id) MATCH FULL;


--
-- Name: samphuman_sample_fk; Type: FK CONSTRAINT; Schema: clinlims; Owner: clinlims
--

ALTER TABLE ONLY sample_human
    ADD CONSTRAINT samphuman_sample_fk FOREIGN KEY (samp_id) REFERENCES sample(id) MATCH FULL;


--
-- Name: sampitem_sampitem_fk; Type: FK CONSTRAINT; Schema: clinlims; Owner: clinlims
--

ALTER TABLE ONLY sample_item
    ADD CONSTRAINT sampitem_sampitem_fk FOREIGN KEY (sampitem_id) REFERENCES sample_item(id) MATCH FULL;


--
-- Name: sampitem_sample_fk; Type: FK CONSTRAINT; Schema: clinlims; Owner: clinlims
--

ALTER TABLE ONLY sample_item
    ADD CONSTRAINT sampitem_sample_fk FOREIGN KEY (samp_id) REFERENCES sample(id) MATCH FULL;


--
-- Name: sampitem_sourceosamp_fk; Type: FK CONSTRAINT; Schema: clinlims; Owner: clinlims
--

ALTER TABLE ONLY sample_item
    ADD CONSTRAINT sampitem_sourceosamp_fk FOREIGN KEY (source_id) REFERENCES source_of_sample(id) MATCH FULL;


--
-- Name: sampitem_typeosamp_fk; Type: FK CONSTRAINT; Schema: clinlims; Owner: clinlims
--

ALTER TABLE ONLY sample_item
    ADD CONSTRAINT sampitem_typeosamp_fk FOREIGN KEY (typeosamp_id) REFERENCES type_of_sample(id) MATCH FULL;


--
-- Name: sampitem_uom_fk; Type: FK CONSTRAINT; Schema: clinlims; Owner: clinlims
--

ALTER TABLE ONLY sample_item
    ADD CONSTRAINT sampitem_uom_fk FOREIGN KEY (uom_id) REFERENCES unit_of_measure(id) MATCH FULL;


--
-- Name: sample_electronic_order_fk; Type: FK CONSTRAINT; Schema: clinlims; Owner: clinlims
--

ALTER TABLE ONLY sample
    ADD CONSTRAINT sample_electronic_order_fk FOREIGN KEY (clinical_order_id) REFERENCES electronic_order(id);


--
-- Name: sample_fk; Type: FK CONSTRAINT; Schema: clinlims; Owner: clinlims
--

ALTER TABLE ONLY observation_history
    ADD CONSTRAINT sample_fk FOREIGN KEY (sample_id) REFERENCES sample(id);


--
-- Name: sample_package_fk; Type: FK CONSTRAINT; Schema: clinlims; Owner: clinlims
--

ALTER TABLE ONLY sample
    ADD CONSTRAINT sample_package_fk FOREIGN KEY (package_id) REFERENCES package_1(id) MATCH FULL;


--
-- Name: sample_qaevent_sampleitem_fk; Type: FK CONSTRAINT; Schema: clinlims; Owner: clinlims
--

ALTER TABLE ONLY sample_qaevent
    ADD CONSTRAINT sample_qaevent_sampleitem_fk FOREIGN KEY (sampleitem_id) REFERENCES sample_item(id);


--
-- Name: sample_status_fk; Type: FK CONSTRAINT; Schema: clinlims; Owner: clinlims
--

ALTER TABLE ONLY sample
    ADD CONSTRAINT sample_status_fk FOREIGN KEY (status_id) REFERENCES status_of_sample(id);


--
-- Name: sample_sysuser_fk; Type: FK CONSTRAINT; Schema: clinlims; Owner: clinlims
--

ALTER TABLE ONLY sample
    ADD CONSTRAINT sample_sysuser_fk FOREIGN KEY (sys_user_id) REFERENCES system_user(id) MATCH FULL;


--
-- Name: sampletype_panel_panel_id_fkey; Type: FK CONSTRAINT; Schema: clinlims; Owner: clinlims
--

ALTER TABLE ONLY sampletype_panel
    ADD CONSTRAINT sampletype_panel_panel_id_fkey FOREIGN KEY (panel_id) REFERENCES panel(id);


--
-- Name: sampletype_panel_sample_type_id_fkey; Type: FK CONSTRAINT; Schema: clinlims; Owner: clinlims
--

ALTER TABLE ONLY sampletype_panel
    ADD CONSTRAINT sampletype_panel_sample_type_id_fkey FOREIGN KEY (sample_type_id) REFERENCES type_of_sample(id);


--
-- Name: sampletype_test_sample_type_id_fkey; Type: FK CONSTRAINT; Schema: clinlims; Owner: clinlims
--

ALTER TABLE ONLY sampletype_test
    ADD CONSTRAINT sampletype_test_sample_type_id_fkey FOREIGN KEY (sample_type_id) REFERENCES type_of_sample(id);


--
-- Name: sampletype_test_test_id_fkey; Type: FK CONSTRAINT; Schema: clinlims; Owner: clinlims
--

ALTER TABLE ONLY sampletype_test
    ADD CONSTRAINT sampletype_test_test_id_fkey FOREIGN KEY (test_id) REFERENCES test(id);


--
-- Name: sampnewborn_sample_fk; Type: FK CONSTRAINT; Schema: clinlims; Owner: clinlims
--

ALTER TABLE ONLY sample_newborn
    ADD CONSTRAINT sampnewborn_sample_fk FOREIGN KEY (id) REFERENCES sample_human(id);


--
-- Name: sampproj_project_fk; Type: FK CONSTRAINT; Schema: clinlims; Owner: clinlims
--

ALTER TABLE ONLY sample_projects
    ADD CONSTRAINT sampproj_project_fk FOREIGN KEY (proj_id) REFERENCES project(id) MATCH FULL;


--
-- Name: sampproj_sample_fk; Type: FK CONSTRAINT; Schema: clinlims; Owner: clinlims
--

ALTER TABLE ONLY sample_projects
    ADD CONSTRAINT sampproj_sample_fk FOREIGN KEY (samp_id) REFERENCES sample(id) MATCH FULL;


--
-- Name: sci_name_comm_anim_fk; Type: FK CONSTRAINT; Schema: clinlims; Owner: clinlims
--

ALTER TABLE ONLY animal_scientific_name
    ADD CONSTRAINT sci_name_comm_anim_fk FOREIGN KEY (comm_anim_id) REFERENCES animal_common_name(id) MATCH FULL;


--
-- Name: status_fk; Type: FK CONSTRAINT; Schema: clinlims; Owner: clinlims
--

ALTER TABLE ONLY analyzer_results
    ADD CONSTRAINT status_fk FOREIGN KEY (status_id) REFERENCES analyzer_result_status(id);


--
-- Name: status_id; Type: FK CONSTRAINT; Schema: clinlims; Owner: clinlims
--

ALTER TABLE ONLY electronic_order
    ADD CONSTRAINT status_id FOREIGN KEY (status_id) REFERENCES status_of_sample(id);


--
-- Name: storloc_parent_storloc_fk; Type: FK CONSTRAINT; Schema: clinlims; Owner: clinlims
--

ALTER TABLE ONLY storage_location
    ADD CONSTRAINT storloc_parent_storloc_fk FOREIGN KEY (parent_storageloc_id) REFERENCES storage_location(id) MATCH FULL;


--
-- Name: storloc_storunit_fk; Type: FK CONSTRAINT; Schema: clinlims; Owner: clinlims
--

ALTER TABLE ONLY storage_location
    ADD CONSTRAINT storloc_storunit_fk FOREIGN KEY (storage_unit_id) REFERENCES storage_unit(id) MATCH FULL;


--
-- Name: sysrolemodule_sysmodule_fk; Type: FK CONSTRAINT; Schema: clinlims; Owner: clinlims
--

ALTER TABLE ONLY system_role_module
    ADD CONSTRAINT sysrolemodule_sysmodule_fk FOREIGN KEY (system_module_id) REFERENCES system_module(id) MATCH FULL ON DELETE CASCADE;


--
-- Name: sysrolemodule_sysrole_fk; Type: FK CONSTRAINT; Schema: clinlims; Owner: clinlims
--

ALTER TABLE ONLY system_role_module
    ADD CONSTRAINT sysrolemodule_sysrole_fk FOREIGN KEY (system_role_id) REFERENCES system_role(id) MATCH FULL ON DELETE CASCADE;


--
-- Name: system_user_fk; Type: FK CONSTRAINT; Schema: clinlims; Owner: clinlims
--

ALTER TABLE ONLY system_user_role
    ADD CONSTRAINT system_user_fk FOREIGN KEY (system_user_id) REFERENCES system_user(id) ON DELETE CASCADE;


--
-- Name: system_user_id_fk; Type: FK CONSTRAINT; Schema: clinlims; Owner: clinlims
--

ALTER TABLE ONLY result_signature
    ADD CONSTRAINT system_user_id_fk FOREIGN KEY (system_user_id) REFERENCES system_user(id);


--
-- Name: sysusermodule_sysmodule_fk; Type: FK CONSTRAINT; Schema: clinlims; Owner: clinlims
--

ALTER TABLE ONLY system_user_module
    ADD CONSTRAINT sysusermodule_sysmodule_fk FOREIGN KEY (system_module_id) REFERENCES system_module(id) MATCH FULL;


--
-- Name: sysusermodule_sysuser_fk; Type: FK CONSTRAINT; Schema: clinlims; Owner: clinlims
--

ALTER TABLE ONLY system_user_module
    ADD CONSTRAINT sysusermodule_sysuser_fk FOREIGN KEY (system_user_id) REFERENCES system_user(id) MATCH FULL;


--
-- Name: sysusersect_sysuser_fk; Type: FK CONSTRAINT; Schema: clinlims; Owner: clinlims
--

ALTER TABLE ONLY system_user_section
    ADD CONSTRAINT sysusersect_sysuser_fk FOREIGN KEY (system_user_id) REFERENCES system_user(id) MATCH FULL;


--
-- Name: sysusersect_testsect_fk; Type: FK CONSTRAINT; Schema: clinlims; Owner: clinlims
--

ALTER TABLE ONLY system_user_section
    ADD CONSTRAINT sysusersect_testsect_fk FOREIGN KEY (test_section_id) REFERENCES test_section(id) MATCH FULL;


--
-- Name: test_fk; Type: FK CONSTRAINT; Schema: clinlims; Owner: clinlims
--

ALTER TABLE ONLY result_limits
    ADD CONSTRAINT test_fk FOREIGN KEY (test_id) REFERENCES test(id);


--
-- Name: test_hl7_encoding_id_fk; Type: FK CONSTRAINT; Schema: clinlims; Owner: clinlims
--

ALTER TABLE ONLY test_code
    ADD CONSTRAINT test_hl7_encoding_id_fk FOREIGN KEY (code_type_id) REFERENCES test_code_type(id);


--
-- Name: test_hl7_test_id_fk; Type: FK CONSTRAINT; Schema: clinlims; Owner: clinlims
--

ALTER TABLE ONLY test_code
    ADD CONSTRAINT test_hl7_test_id_fk FOREIGN KEY (test_id) REFERENCES test(id);


--
-- Name: test_label_fk; Type: FK CONSTRAINT; Schema: clinlims; Owner: clinlims
--

ALTER TABLE ONLY test
    ADD CONSTRAINT test_label_fk FOREIGN KEY (label_id) REFERENCES label(id) MATCH FULL;


--
-- Name: test_method_fk; Type: FK CONSTRAINT; Schema: clinlims; Owner: clinlims
--

ALTER TABLE ONLY test
    ADD CONSTRAINT test_method_fk FOREIGN KEY (method_id) REFERENCES method(id) MATCH FULL;


--
-- Name: test_reflex_scriptlet_fk; Type: FK CONSTRAINT; Schema: clinlims; Owner: clinlims
--

ALTER TABLE ONLY test_reflex
    ADD CONSTRAINT test_reflex_scriptlet_fk FOREIGN KEY (scriptlet_id) REFERENCES scriptlet(id);


--
-- Name: test_result_type_fk; Type: FK CONSTRAINT; Schema: clinlims; Owner: clinlims
--

ALTER TABLE ONLY result_limits
    ADD CONSTRAINT test_result_type_fk FOREIGN KEY (test_result_type_id) REFERENCES type_of_test_result(id);


--
-- Name: test_scriptlet_fk; Type: FK CONSTRAINT; Schema: clinlims; Owner: clinlims
--

ALTER TABLE ONLY test
    ADD CONSTRAINT test_scriptlet_fk FOREIGN KEY (scriptlet_id) REFERENCES scriptlet(id) MATCH FULL;


--
-- Name: test_sect_org_fk; Type: FK CONSTRAINT; Schema: clinlims; Owner: clinlims
--

ALTER TABLE ONLY test_section
    ADD CONSTRAINT test_sect_org_fk FOREIGN KEY (org_id) REFERENCES organization(id) MATCH FULL;


--
-- Name: test_testformat_fk; Type: FK CONSTRAINT; Schema: clinlims; Owner: clinlims
--

ALTER TABLE ONLY test
    ADD CONSTRAINT test_testformat_fk FOREIGN KEY (test_format_id) REFERENCES test_formats(id) MATCH FULL;


--
-- Name: test_testsect_fk; Type: FK CONSTRAINT; Schema: clinlims; Owner: clinlims
--

ALTER TABLE ONLY test
    ADD CONSTRAINT test_testsect_fk FOREIGN KEY (test_section_id) REFERENCES test_section(id) MATCH FULL;


--
-- Name: test_testtrailer_fk; Type: FK CONSTRAINT; Schema: clinlims; Owner: clinlims
--

ALTER TABLE ONLY test
    ADD CONSTRAINT test_testtrailer_fk FOREIGN KEY (test_trailer_id) REFERENCES test_trailer(id) MATCH FULL;


--
-- Name: test_uom_fk; Type: FK CONSTRAINT; Schema: clinlims; Owner: clinlims
--

ALTER TABLE ONLY test
    ADD CONSTRAINT test_uom_fk FOREIGN KEY (uom_id) REFERENCES unit_of_measure(id) MATCH FULL;


--
-- Name: testalyt_analyte_fk; Type: FK CONSTRAINT; Schema: clinlims; Owner: clinlims
--

ALTER TABLE ONLY test_analyte
    ADD CONSTRAINT testalyt_analyte_fk FOREIGN KEY (analyte_id) REFERENCES analyte(id) MATCH FULL;


--
-- Name: testalyt_test_fk; Type: FK CONSTRAINT; Schema: clinlims; Owner: clinlims
--

ALTER TABLE ONLY test_analyte
    ADD CONSTRAINT testalyt_test_fk FOREIGN KEY (test_id) REFERENCES test(id) MATCH FULL;


--
-- Name: testreflex_addtest_fk; Type: FK CONSTRAINT; Schema: clinlims; Owner: clinlims
--

ALTER TABLE ONLY test_reflex
    ADD CONSTRAINT testreflex_addtest_fk FOREIGN KEY (add_test_id) REFERENCES test(id) MATCH FULL;


--
-- Name: testreflex_test_fk; Type: FK CONSTRAINT; Schema: clinlims; Owner: clinlims
--

ALTER TABLE ONLY test_reflex
    ADD CONSTRAINT testreflex_test_fk FOREIGN KEY (test_id) REFERENCES test(id) MATCH FULL;


--
-- Name: testreflex_testanalyt_fk; Type: FK CONSTRAINT; Schema: clinlims; Owner: clinlims
--

ALTER TABLE ONLY test_reflex
    ADD CONSTRAINT testreflex_testanalyt_fk FOREIGN KEY (test_analyte_id) REFERENCES test_analyte(id) MATCH FULL;


--
-- Name: testreflex_tstrslt_fk; Type: FK CONSTRAINT; Schema: clinlims; Owner: clinlims
--

ALTER TABLE ONLY test_reflex
    ADD CONSTRAINT testreflex_tstrslt_fk FOREIGN KEY (tst_rslt_id) REFERENCES test_result(id) MATCH FULL;


--
-- Name: testresult_scriptlet_fk; Type: FK CONSTRAINT; Schema: clinlims; Owner: clinlims
--

ALTER TABLE ONLY test_result
    ADD CONSTRAINT testresult_scriptlet_fk FOREIGN KEY (scriptlet_id) REFERENCES scriptlet(id) MATCH FULL;


--
-- Name: testresult_test_fk; Type: FK CONSTRAINT; Schema: clinlims; Owner: clinlims
--

ALTER TABLE ONLY test_result
    ADD CONSTRAINT testresult_test_fk FOREIGN KEY (test_id) REFERENCES test(id) MATCH FULL;


--
-- Name: tw_test_fk; Type: FK CONSTRAINT; Schema: clinlims; Owner: clinlims
--

ALTER TABLE ONLY test_worksheets
    ADD CONSTRAINT tw_test_fk FOREIGN KEY (test_id) REFERENCES test(id) MATCH FULL;


--
-- Name: twi_qc_fk; Type: FK CONSTRAINT; Schema: clinlims; Owner: clinlims
--

ALTER TABLE ONLY test_worksheet_item
    ADD CONSTRAINT twi_qc_fk FOREIGN KEY (qc_id) REFERENCES qc(id) MATCH FULL;


--
-- Name: twi_tw_fk; Type: FK CONSTRAINT; Schema: clinlims; Owner: clinlims
--

ALTER TABLE ONLY test_worksheet_item
    ADD CONSTRAINT twi_tw_fk FOREIGN KEY (tw_id) REFERENCES test_worksheets(id) MATCH FULL;


--
-- Name: wkshtanalysis_wkshtitem_fk; Type: FK CONSTRAINT; Schema: clinlims; Owner: clinlims
--

ALTER TABLE ONLY worksheet_analysis
    ADD CONSTRAINT wkshtanalysis_wkshtitem_fk FOREIGN KEY (worksheet_item_id) REFERENCES worksheet_item(id) MATCH FULL;


--
-- Name: wkshtanalyte_result_fk; Type: FK CONSTRAINT; Schema: clinlims; Owner: clinlims
--

ALTER TABLE ONLY worksheet_analyte
    ADD CONSTRAINT wkshtanalyte_result_fk FOREIGN KEY (result_id) REFERENCES result(id) MATCH FULL;


--
-- Name: wkshtitem_wksht_fk; Type: FK CONSTRAINT; Schema: clinlims; Owner: clinlims
--

ALTER TABLE ONLY worksheet_item
    ADD CONSTRAINT wkshtitem_wksht_fk FOREIGN KEY (worksheet_id) REFERENCES worksheets(id) MATCH FULL;


--
-- Name: wkshtqc_qcanalyte_fk; Type: FK CONSTRAINT; Schema: clinlims; Owner: clinlims
--

ALTER TABLE ONLY worksheet_qc
    ADD CONSTRAINT wkshtqc_qcanalyte_fk FOREIGN KEY (qc_analyte_id) REFERENCES qc_analytes(id) MATCH FULL;


--
-- Name: wkshtqc_wkshtanalysis_fk; Type: FK CONSTRAINT; Schema: clinlims; Owner: clinlims
--

ALTER TABLE ONLY worksheet_qc
    ADD CONSTRAINT wkshtqc_wkshtanalysis_fk FOREIGN KEY (worksheet_analysis_id) REFERENCES worksheet_analysis(id) MATCH FULL;


--
-- Name: workst_sys_user_fk; Type: FK CONSTRAINT; Schema: clinlims; Owner: clinlims
--

ALTER TABLE ONLY worksheets
    ADD CONSTRAINT workst_sys_user_fk FOREIGN KEY (sys_user_id) REFERENCES system_user(id) MATCH FULL;


--
-- Name: workst_test_fk; Type: FK CONSTRAINT; Schema: clinlims; Owner: clinlims
--

ALTER TABLE ONLY worksheets
    ADD CONSTRAINT workst_test_fk FOREIGN KEY (test_id) REFERENCES test(id) MATCH FULL;


--
-- Name: wrkst_anlt_wrkst_anls_fk; Type: FK CONSTRAINT; Schema: clinlims; Owner: clinlims
--

ALTER TABLE ONLY worksheet_analyte
    ADD CONSTRAINT wrkst_anlt_wrkst_anls_fk FOREIGN KEY (wrkst_anls_id) REFERENCES worksheet_analysis(id) MATCH FULL;


--
-- Name: public; Type: ACL; Schema: -; Owner: postgres
--

REVOKE ALL ON SCHEMA public FROM PUBLIC;
REVOKE ALL ON SCHEMA public FROM postgres;
GRANT ALL ON SCHEMA public TO postgres;
GRANT ALL ON SCHEMA public TO PUBLIC;


--
-- PostgreSQL database dump complete
--

